time;NETWORK__BUS____9-BUS___10-1_AC_P1;NETWORK__BUS____5_TN_Upu_value;NETWORK__BUS____6_TN_Upu_value;TfoTest_transformer_P1Pu;TfoTest_transformer_tap;TfoTest_transformer_thetaTfo;PhaseShifter_phaseShifter_state;PhaseShifter_phaseShifter_valueMax;PhaseShifter_phaseShifter_valueMin;PhaseShifter_phaseShifter_PMonitored;
0.000000;0.052228;1.019553;1.070148;0.440857;6.000000;0.000000;4.000000;0.445000;0.435000;0.440857;
0.000001;0.052227;1.019553;1.070149;0.440857;6.000000;0.000000;4.000000;0.445000;0.435000;0.440857;
0.000002;0.052227;1.019553;1.070149;0.440857;6.000000;0.000000;4.000000;0.445000;0.435000;0.440857;
0.000004;0.052227;1.019553;1.070149;0.440857;6.000000;0.000000;4.000000;0.445000;0.435000;0.440857;
0.000008;0.052227;1.019553;1.070149;0.440857;6.000000;0.000000;4.000000;0.445000;0.435000;0.440857;
0.000016;0.052227;1.019553;1.070149;0.440857;6.000000;0.000000;4.000000;0.445000;0.435000;0.440857;
0.000032;0.052227;1.019553;1.070149;0.440857;6.000000;0.000000;4.000000;0.445000;0.435000;0.440857;
0.000064;0.052227;1.019553;1.070149;0.440857;6.000000;0.000000;4.000000;0.445000;0.435000;0.440857;
0.000128;0.052227;1.019553;1.070149;0.440857;6.000000;0.000000;4.000000;0.445000;0.435000;0.440857;
0.000256;0.052227;1.019553;1.070149;0.440857;6.000000;0.000000;4.000000;0.445000;0.435000;0.440857;
0.000512;0.052227;1.019553;1.070149;0.440857;6.000000;0.000000;4.000000;0.445000;0.435000;0.440857;
0.001024;0.052227;1.019553;1.070149;0.440857;6.000000;0.000000;4.000000;0.445000;0.435000;0.440857;
0.002048;0.052228;1.019553;1.070148;0.440857;6.000000;0.000000;4.000000;0.445000;0.435000;0.440857;
0.004096;0.052228;1.019552;1.070147;0.440857;6.000000;0.000000;4.000000;0.445000;0.435000;0.440857;
0.008192;0.052229;1.019552;1.070146;0.440858;6.000000;0.000000;4.000000;0.445000;0.435000;0.440858;
0.016384;0.052230;1.019552;1.070145;0.440859;6.000000;0.000000;4.000000;0.445000;0.435000;0.440859;
0.027047;0.052231;1.019552;1.070144;0.440860;6.000000;0.000000;4.000000;0.445000;0.435000;0.440860;
0.027047;0.052231;1.019552;1.070144;0.440860;6.000000;0.000000;4.000000;0.445000;0.435000;0.440860;
0.027048;0.052231;1.019552;1.070144;0.440860;6.000000;0.000000;4.000000;0.445000;0.435000;0.440860;
0.027049;0.052231;1.019552;1.070144;0.440860;6.000000;0.000000;4.000000;0.445000;0.435000;0.440860;
0.027051;0.052231;1.019552;1.070144;0.440860;6.000000;0.000000;4.000000;0.445000;0.435000;0.440860;
0.027055;0.052231;1.019552;1.070144;0.440860;6.000000;0.000000;4.000000;0.445000;0.435000;0.440860;
0.027063;0.052231;1.019552;1.070144;0.440860;6.000000;0.000000;4.000000;0.445000;0.435000;0.440860;
0.027079;0.052231;1.019552;1.070144;0.440860;6.000000;0.000000;4.000000;0.445000;0.435000;0.440860;
0.027111;0.052231;1.019552;1.070144;0.440860;6.000000;0.000000;4.000000;0.445000;0.435000;0.440860;
0.027175;0.052231;1.019552;1.070144;0.440860;6.000000;0.000000;4.000000;0.445000;0.435000;0.440860;
0.027303;0.052231;1.019552;1.070144;0.440860;6.000000;0.000000;4.000000;0.445000;0.435000;0.440860;
0.027559;0.052231;1.019552;1.070144;0.440860;6.000000;0.000000;4.000000;0.445000;0.435000;0.440860;
0.028071;0.052231;1.019552;1.070144;0.440861;6.000000;0.000000;4.000000;0.445000;0.435000;0.440861;
0.029095;0.052231;1.019552;1.070144;0.440861;6.000000;0.000000;4.000000;0.445000;0.435000;0.440861;
0.030691;0.052231;1.019552;1.070144;0.440861;6.000000;0.000000;4.000000;0.445000;0.435000;0.440861;
0.030691;0.052231;1.019552;1.070144;0.440861;6.000000;0.000000;4.000000;0.445000;0.435000;0.440861;
0.030691;0.052231;1.019552;1.070144;0.440861;6.000000;0.000000;4.000000;0.445000;0.435000;0.440861;
0.031143;0.052231;1.019552;1.070144;0.440861;6.000000;0.000000;4.000000;0.445000;0.435000;0.440861;
0.035239;0.052232;1.019552;1.070144;0.440862;6.000000;0.000000;4.000000;0.445000;0.435000;0.440862;
0.043431;0.052232;1.019553;1.070145;0.440863;6.000000;0.000000;4.000000;0.445000;0.435000;0.440863;
0.052838;0.052232;1.019553;1.070146;0.440865;6.000000;0.000000;4.000000;0.445000;0.435000;0.440865;
0.052838;0.052232;1.019553;1.070146;0.440865;6.000000;0.000000;4.000000;0.445000;0.435000;0.440865;
0.052839;0.052232;1.019553;1.070146;0.440865;6.000000;0.000000;4.000000;0.445000;0.435000;0.440865;
0.052840;0.052232;1.019553;1.070146;0.440865;6.000000;0.000000;4.000000;0.445000;0.435000;0.440865;
0.052842;0.052232;1.019553;1.070146;0.440865;6.000000;0.000000;4.000000;0.445000;0.435000;0.440865;
0.052846;0.052232;1.019553;1.070146;0.440865;6.000000;0.000000;4.000000;0.445000;0.435000;0.440865;
0.052854;0.052232;1.019553;1.070146;0.440865;6.000000;0.000000;4.000000;0.445000;0.435000;0.440865;
0.052870;0.052232;1.019553;1.070146;0.440865;6.000000;0.000000;4.000000;0.445000;0.435000;0.440865;
0.052902;0.052232;1.019553;1.070146;0.440865;6.000000;0.000000;4.000000;0.445000;0.435000;0.440865;
0.052966;0.052232;1.019553;1.070146;0.440865;6.000000;0.000000;4.000000;0.445000;0.435000;0.440865;
0.053094;0.052232;1.019553;1.070146;0.440865;6.000000;0.000000;4.000000;0.445000;0.435000;0.440865;
0.053350;0.052232;1.019553;1.070146;0.440865;6.000000;0.000000;4.000000;0.445000;0.435000;0.440865;
0.053862;0.052232;1.019553;1.070147;0.440865;6.000000;0.000000;4.000000;0.445000;0.435000;0.440865;
0.054886;0.052232;1.019553;1.070147;0.440865;6.000000;0.000000;4.000000;0.445000;0.435000;0.440865;
0.056934;0.052232;1.019553;1.070147;0.440866;6.000000;0.000000;4.000000;0.445000;0.435000;0.440866;
0.061030;0.052232;1.019554;1.070148;0.440867;6.000000;0.000000;4.000000;0.445000;0.435000;0.440867;
0.069222;0.052233;1.019554;1.070150;0.440869;6.000000;0.000000;4.000000;0.445000;0.435000;0.440869;
0.085606;0.052233;1.019556;1.070153;0.440873;6.000000;0.000000;4.000000;0.445000;0.435000;0.440873;
0.118374;0.052234;1.019558;1.070161;0.440882;6.000000;0.000000;4.000000;0.445000;0.435000;0.440882;
0.183910;0.052237;1.019562;1.070174;0.440903;6.000000;0.000000;4.000000;0.445000;0.435000;0.440903;
0.294684;0.052243;1.019568;1.070193;0.440933;6.000000;0.000000;4.000000;0.445000;0.435000;0.440933;
0.294684;0.052243;1.019568;1.070193;0.440933;6.000000;0.000000;4.000000;0.445000;0.435000;0.440933;
0.294685;0.052243;1.019568;1.070193;0.440933;6.000000;0.000000;4.000000;0.445000;0.435000;0.440933;
0.294686;0.052243;1.019568;1.070193;0.440933;6.000000;0.000000;4.000000;0.445000;0.435000;0.440933;
0.294688;0.052243;1.019568;1.070193;0.440933;6.000000;0.000000;4.000000;0.445000;0.435000;0.440933;
0.294692;0.052243;1.019568;1.070193;0.440933;6.000000;0.000000;4.000000;0.445000;0.435000;0.440933;
0.294700;0.052243;1.019568;1.070193;0.440933;6.000000;0.000000;4.000000;0.445000;0.435000;0.440933;
0.294716;0.052243;1.019568;1.070193;0.440933;6.000000;0.000000;4.000000;0.445000;0.435000;0.440933;
0.294748;0.052243;1.019568;1.070193;0.440933;6.000000;0.000000;4.000000;0.445000;0.435000;0.440933;
0.294812;0.052243;1.019568;1.070193;0.440933;6.000000;0.000000;4.000000;0.445000;0.435000;0.440933;
0.294940;0.052243;1.019568;1.070193;0.440933;6.000000;0.000000;4.000000;0.445000;0.435000;0.440933;
0.295196;0.052243;1.019568;1.070193;0.440933;6.000000;0.000000;4.000000;0.445000;0.435000;0.440933;
0.295708;0.052243;1.019568;1.070193;0.440933;6.000000;0.000000;4.000000;0.445000;0.435000;0.440933;
0.296732;0.052243;1.019568;1.070193;0.440934;6.000000;0.000000;4.000000;0.445000;0.435000;0.440934;
0.298780;0.052243;1.019569;1.070193;0.440934;6.000000;0.000000;4.000000;0.445000;0.435000;0.440934;
0.302876;0.052243;1.019569;1.070194;0.440935;6.000000;0.000000;4.000000;0.445000;0.435000;0.440935;
0.311068;0.052244;1.019569;1.070195;0.440937;6.000000;0.000000;4.000000;0.445000;0.435000;0.440937;
0.327452;0.052245;1.019570;1.070197;0.440941;6.000000;0.000000;4.000000;0.445000;0.435000;0.440941;
0.348405;0.052246;1.019571;1.070200;0.440946;6.000000;0.000000;4.000000;0.445000;0.435000;0.440946;
0.348405;0.052246;1.019571;1.070200;0.440946;6.000000;0.000000;4.000000;0.445000;0.435000;0.440946;
0.348405;0.052246;1.019571;1.070200;0.440946;6.000000;0.000000;4.000000;0.445000;0.435000;0.440946;
0.360220;0.052246;1.019571;1.070201;0.440948;6.000000;0.000000;4.000000;0.445000;0.435000;0.440948;
0.425756;0.052247;1.019573;1.070207;0.440956;6.000000;0.000000;4.000000;0.445000;0.435000;0.440956;
0.556828;0.052244;1.019578;1.070218;0.440957;6.000000;0.000000;4.000000;0.445000;0.435000;0.440957;
0.793986;0.052236;1.019583;1.070229;0.440948;6.000000;0.000000;4.000000;0.445000;0.435000;0.440948;
0.793986;0.052236;1.019583;1.070229;0.440948;6.000000;0.000000;4.000000;0.445000;0.435000;0.440948;
0.793987;0.052236;1.019583;1.070229;0.440948;6.000000;0.000000;4.000000;0.445000;0.435000;0.440948;
0.793988;0.052236;1.019583;1.070229;0.440948;6.000000;0.000000;4.000000;0.445000;0.435000;0.440948;
0.793990;0.052236;1.019583;1.070229;0.440948;6.000000;0.000000;4.000000;0.445000;0.435000;0.440948;
0.793994;0.052236;1.019583;1.070229;0.440948;6.000000;0.000000;4.000000;0.445000;0.435000;0.440948;
0.794002;0.052236;1.019583;1.070229;0.440948;6.000000;0.000000;4.000000;0.445000;0.435000;0.440948;
0.794018;0.052236;1.019583;1.070229;0.440948;6.000000;0.000000;4.000000;0.445000;0.435000;0.440948;
0.794050;0.052236;1.019583;1.070229;0.440948;6.000000;0.000000;4.000000;0.445000;0.435000;0.440948;
0.794114;0.052236;1.019583;1.070229;0.440948;6.000000;0.000000;4.000000;0.445000;0.435000;0.440948;
0.794242;0.052236;1.019583;1.070229;0.440948;6.000000;0.000000;4.000000;0.445000;0.435000;0.440948;
0.794498;0.052236;1.019583;1.070229;0.440948;6.000000;0.000000;4.000000;0.445000;0.435000;0.440948;
0.795010;0.052236;1.019583;1.070229;0.440947;6.000000;0.000000;4.000000;0.445000;0.435000;0.440947;
0.796034;0.052236;1.019583;1.070229;0.440947;6.000000;0.000000;4.000000;0.445000;0.435000;0.440947;
0.798082;0.052236;1.019583;1.070229;0.440947;6.000000;0.000000;4.000000;0.445000;0.435000;0.440947;
0.802178;0.052236;1.019583;1.070229;0.440947;6.000000;0.000000;4.000000;0.445000;0.435000;0.440947;
0.810370;0.052235;1.019583;1.070229;0.440946;6.000000;0.000000;4.000000;0.445000;0.435000;0.440946;
0.826754;0.052235;1.019584;1.070229;0.440944;6.000000;0.000000;4.000000;0.445000;0.435000;0.440944;
0.828675;0.052234;1.019584;1.070229;0.440944;6.000000;0.000000;4.000000;0.445000;0.435000;0.440944;
0.828675;0.052234;1.019584;1.070229;0.440944;6.000000;0.000000;4.000000;0.445000;0.435000;0.440944;
0.828675;0.052234;1.019584;1.070229;0.440944;6.000000;0.000000;4.000000;0.445000;0.435000;0.440944;
0.834701;0.052234;1.019584;1.070230;0.440943;6.000000;0.000000;4.000000;0.445000;0.435000;0.440943;
0.834701;0.052234;1.019584;1.070230;0.440943;6.000000;0.000000;4.000000;0.445000;0.435000;0.440943;
0.834701;0.052234;1.019584;1.070230;0.440943;6.000000;0.000000;4.000000;0.445000;0.435000;0.440943;
0.859522;0.052233;1.019584;1.070230;0.440941;6.000000;0.000000;4.000000;0.445000;0.435000;0.440941;
0.882339;0.052233;1.019584;1.070230;0.440940;6.000000;0.000000;4.000000;0.445000;0.435000;0.440940;
0.882339;0.052233;1.019584;1.070230;0.440940;6.000000;0.000000;4.000000;0.445000;0.435000;0.440940;
0.882340;0.052233;1.019584;1.070230;0.440940;6.000000;0.000000;4.000000;0.445000;0.435000;0.440940;
0.882341;0.052233;1.019584;1.070230;0.440940;6.000000;0.000000;4.000000;0.445000;0.435000;0.440940;
0.882343;0.052233;1.019584;1.070230;0.440940;6.000000;0.000000;4.000000;0.445000;0.435000;0.440940;
0.882347;0.052233;1.019584;1.070230;0.440940;6.000000;0.000000;4.000000;0.445000;0.435000;0.440940;
0.882355;0.052233;1.019584;1.070230;0.440940;6.000000;0.000000;4.000000;0.445000;0.435000;0.440940;
0.882371;0.052233;1.019584;1.070230;0.440940;6.000000;0.000000;4.000000;0.445000;0.435000;0.440940;
0.882403;0.052233;1.019584;1.070230;0.440940;6.000000;0.000000;4.000000;0.445000;0.435000;0.440940;
0.882467;0.052233;1.019584;1.070230;0.440940;6.000000;0.000000;4.000000;0.445000;0.435000;0.440940;
0.882595;0.052233;1.019584;1.070230;0.440940;6.000000;0.000000;4.000000;0.445000;0.435000;0.440940;
0.882851;0.052233;1.019584;1.070230;0.440940;6.000000;0.000000;4.000000;0.445000;0.435000;0.440940;
0.883363;0.052233;1.019584;1.070230;0.440940;6.000000;0.000000;4.000000;0.445000;0.435000;0.440940;
0.884387;0.052233;1.019584;1.070230;0.440940;6.000000;0.000000;4.000000;0.445000;0.435000;0.440940;
0.886435;0.052233;1.019584;1.070230;0.440940;6.000000;0.000000;4.000000;0.445000;0.435000;0.440940;
0.890531;0.052232;1.019584;1.070230;0.440940;6.000000;0.000000;4.000000;0.445000;0.435000;0.440940;
0.898723;0.052232;1.019585;1.070231;0.440939;6.000000;0.000000;4.000000;0.445000;0.435000;0.440939;
0.915107;0.052232;1.019585;1.070231;0.440939;6.000000;0.000000;4.000000;0.445000;0.435000;0.440939;
0.947875;0.052232;1.019585;1.070231;0.440939;6.000000;0.000000;4.000000;0.445000;0.435000;0.440939;
1.013411;0.052233;1.019585;1.070231;0.440942;6.000000;0.000000;4.000000;0.445000;0.435000;0.440942;
1.144483;0.052237;1.019584;1.070231;0.440953;6.000000;0.000000;4.000000;0.445000;0.435000;0.440953;
1.406627;0.052238;1.019582;1.070232;0.440966;6.000000;0.000000;4.000000;0.445000;0.435000;0.440966;
1.773486;0.052235;1.019582;1.070232;0.440962;6.000000;0.000000;4.000000;0.445000;0.435000;0.440962;
1.773486;0.052235;1.019582;1.070232;0.440962;6.000000;0.000000;4.000000;0.445000;0.435000;0.440962;
1.773487;0.052235;1.019582;1.070232;0.440962;6.000000;0.000000;4.000000;0.445000;0.435000;0.440962;
1.773488;0.052235;1.019582;1.070232;0.440962;6.000000;0.000000;4.000000;0.445000;0.435000;0.440962;
1.773490;0.052235;1.019582;1.070232;0.440962;6.000000;0.000000;4.000000;0.445000;0.435000;0.440962;
1.773494;0.052235;1.019582;1.070232;0.440962;6.000000;0.000000;4.000000;0.445000;0.435000;0.440962;
1.773502;0.052235;1.019582;1.070232;0.440962;6.000000;0.000000;4.000000;0.445000;0.435000;0.440962;
1.773518;0.052235;1.019582;1.070232;0.440962;6.000000;0.000000;4.000000;0.445000;0.435000;0.440962;
1.773550;0.052235;1.019582;1.070232;0.440962;6.000000;0.000000;4.000000;0.445000;0.435000;0.440962;
1.773614;0.052235;1.019582;1.070232;0.440962;6.000000;0.000000;4.000000;0.445000;0.435000;0.440962;
1.773742;0.052235;1.019582;1.070232;0.440962;6.000000;0.000000;4.000000;0.445000;0.435000;0.440962;
1.773998;0.052235;1.019582;1.070232;0.440962;6.000000;0.000000;4.000000;0.445000;0.435000;0.440962;
1.774510;0.052235;1.019582;1.070232;0.440962;6.000000;0.000000;4.000000;0.445000;0.435000;0.440962;
1.775534;0.052235;1.019582;1.070232;0.440962;6.000000;0.000000;4.000000;0.445000;0.435000;0.440962;
1.777582;0.052235;1.019582;1.070232;0.440962;6.000000;0.000000;4.000000;0.445000;0.435000;0.440962;
1.781678;0.052234;1.019582;1.070232;0.440962;6.000000;0.000000;4.000000;0.445000;0.435000;0.440962;
1.789870;0.052234;1.019582;1.070232;0.440962;6.000000;0.000000;4.000000;0.445000;0.435000;0.440962;
1.806254;0.052234;1.019582;1.070232;0.440962;6.000000;0.000000;4.000000;0.445000;0.435000;0.440962;
1.839022;0.052234;1.019582;1.070232;0.440962;6.000000;0.000000;4.000000;0.445000;0.435000;0.440962;
1.904558;0.052233;1.019582;1.070232;0.440961;6.000000;0.000000;4.000000;0.445000;0.435000;0.440961;
1.905712;0.052233;1.019582;1.070232;0.440961;6.000000;0.000000;4.000000;0.445000;0.435000;0.440961;
1.905712;0.052233;1.019582;1.070232;0.440961;6.000000;0.000000;4.000000;0.445000;0.435000;0.440961;
1.905712;0.052233;1.019582;1.070232;0.440961;6.000000;0.000000;4.000000;0.445000;0.435000;0.440961;
2.035630;0.052231;1.019582;1.070233;0.440958;6.000000;0.000000;4.000000;0.445000;0.435000;0.440958;
2.183867;0.052231;1.019583;1.070233;0.440957;6.000000;0.000000;4.000000;0.445000;0.435000;0.440957;
2.183867;0.052231;1.019583;1.070233;0.440957;6.000000;0.000000;4.000000;0.445000;0.435000;0.440957;
2.183867;0.052231;1.019583;1.070233;0.440957;6.000000;0.000000;4.000000;0.445000;0.435000;0.440957;
2.297774;0.052231;1.019583;1.070233;0.440957;6.000000;0.000000;4.000000;0.445000;0.435000;0.440957;
2.338445;0.052231;1.019583;1.070233;0.440957;6.000000;0.000000;4.000000;0.445000;0.435000;0.440957;
2.338445;0.052231;1.019583;1.070233;0.440957;6.000000;0.000000;4.000000;0.445000;0.435000;0.440957;
2.338445;0.052231;1.019583;1.070233;0.440957;6.000000;0.000000;4.000000;0.445000;0.435000;0.440957;
2.758086;0.052234;1.019584;1.070233;0.440958;6.000000;0.000000;4.000000;0.445000;0.435000;0.440958;
2.758086;0.052234;1.019584;1.070233;0.440958;6.000000;0.000000;4.000000;0.445000;0.435000;0.440958;
2.758086;0.052234;1.019584;1.070233;0.440958;6.000000;0.000000;4.000000;0.445000;0.435000;0.440958;
2.822062;0.052234;1.019584;1.070233;0.440958;6.000000;0.000000;4.000000;0.445000;0.435000;0.440958;
3.870638;0.052234;1.019583;1.070233;0.440959;6.000000;0.000000;4.000000;0.445000;0.435000;0.440959;
5.354659;0.052234;1.019583;1.070233;0.440959;6.000000;0.000000;4.000000;0.445000;0.435000;0.440959;
5.354659;0.052234;1.019583;1.070233;0.440959;6.000000;0.000000;4.000000;0.445000;0.435000;0.440959;
5.354659;0.052234;1.019583;1.070233;0.440959;6.000000;0.000000;4.000000;0.445000;0.435000;0.440959;
5.967790;0.052233;1.019583;1.070233;0.440959;6.000000;0.000000;4.000000;0.445000;0.435000;0.440959;
10.162094;0.052234;1.019583;1.070233;0.440959;6.000000;0.000000;4.000000;0.445000;0.435000;0.440959;
18.550702;0.052234;1.019583;1.070233;0.440959;6.000000;0.000000;4.000000;0.445000;0.435000;0.440959;
19.999996;0.000000;1.019583;1.070233;0.440959;6.000000;0.000000;4.000000;0.445000;0.435000;0.440959;
19.999996;0.000000;1.019765;1.066732;0.455178;6.000000;0.000000;3.000000;0.445000;0.435000;0.455177;
19.999997;0.000000;1.019764;1.066728;0.455178;6.000000;0.000000;3.000000;0.445000;0.435000;0.455178;
19.999998;0.000000;1.019764;1.066728;0.455178;6.000000;0.000000;3.000000;0.445000;0.435000;0.455178;
20.000000;0.000000;1.019764;1.066728;0.455178;6.000000;0.000000;3.000000;0.445000;0.435000;0.455178;
20.000004;0.000000;1.019764;1.066728;0.455179;6.000000;0.000000;3.000000;0.445000;0.435000;0.455179;
20.000012;0.000000;1.019764;1.066728;0.455180;6.000000;0.000000;3.000000;0.445000;0.435000;0.455180;
20.000028;0.000000;1.019764;1.066727;0.455182;6.000000;0.000000;3.000000;0.445000;0.435000;0.455182;
20.000036;0.000000;1.019764;1.066727;0.455183;6.000000;0.000000;3.000000;0.445000;0.435000;0.455183;
20.000036;0.000000;1.019764;1.066727;0.455183;6.000000;0.000000;3.000000;0.445000;0.435000;0.455183;
20.000036;0.000000;1.019764;1.066727;0.455183;6.000000;0.000000;3.000000;0.445000;0.435000;0.455183;
20.000060;0.000000;1.019764;1.066727;0.455187;6.000000;0.000000;3.000000;0.445000;0.435000;0.455187;
20.000124;0.000000;1.019763;1.066726;0.455196;6.000000;0.000000;3.000000;0.445000;0.435000;0.455196;
20.000160;0.000000;1.019763;1.066725;0.455201;6.000000;0.000000;3.000000;0.445000;0.435000;0.455201;
20.000160;0.000000;1.019763;1.066725;0.455201;6.000000;0.000000;3.000000;0.445000;0.435000;0.455201;
20.000161;0.000000;1.019763;1.066725;0.455201;6.000000;0.000000;3.000000;0.445000;0.435000;0.455201;
20.000162;0.000000;1.019763;1.066725;0.455201;6.000000;0.000000;3.000000;0.445000;0.435000;0.455201;
20.000164;0.000000;1.019763;1.066725;0.455201;6.000000;0.000000;3.000000;0.445000;0.435000;0.455201;
20.000168;0.000000;1.019763;1.066725;0.455202;6.000000;0.000000;3.000000;0.445000;0.435000;0.455202;
20.000176;0.000000;1.019763;1.066725;0.455203;6.000000;0.000000;3.000000;0.445000;0.435000;0.455203;
20.000192;0.000000;1.019763;1.066724;0.455205;6.000000;0.000000;3.000000;0.445000;0.435000;0.455205;
20.000224;0.000000;1.019763;1.066724;0.455210;6.000000;0.000000;3.000000;0.445000;0.435000;0.455210;
20.000288;0.000000;1.019762;1.066723;0.455219;6.000000;0.000000;3.000000;0.445000;0.435000;0.455219;
20.000416;0.000000;1.019761;1.066720;0.455236;6.000000;0.000000;3.000000;0.445000;0.435000;0.455236;
20.000672;0.000000;1.019760;1.066716;0.455272;6.000000;0.000000;3.000000;0.445000;0.435000;0.455272;
20.001184;0.000000;1.019757;1.066707;0.455341;6.000000;0.000000;3.000000;0.445000;0.435000;0.455341;
20.002208;0.000000;1.019750;1.066690;0.455477;6.000000;0.000000;3.000000;0.445000;0.435000;0.455477;
20.004256;0.000000;1.019738;1.066657;0.455733;6.000000;0.000000;3.000000;0.445000;0.435000;0.455733;
20.008352;0.000000;1.019717;1.066602;0.456198;6.000000;0.000000;3.000000;0.445000;0.435000;0.456198;
20.008817;0.000000;1.019715;1.066596;0.456247;6.000000;0.000000;3.000000;0.445000;0.435000;0.456247;
20.008817;0.000000;1.019715;1.066596;0.456247;6.000000;0.000000;3.000000;0.445000;0.435000;0.456247;
20.008817;0.000000;1.019715;1.066596;0.456247;6.000000;0.000000;3.000000;0.445000;0.435000;0.456247;
20.012867;0.000000;1.019698;1.066552;0.456653;6.000000;0.000000;3.000000;0.445000;0.435000;0.456653;
20.012867;0.000000;1.019698;1.066552;0.456653;6.000000;0.000000;3.000000;0.445000;0.435000;0.456653;
20.012868;0.000000;1.019698;1.066552;0.456653;6.000000;0.000000;3.000000;0.445000;0.435000;0.456653;
20.012869;0.000000;1.019698;1.066552;0.456653;6.000000;0.000000;3.000000;0.445000;0.435000;0.456653;
20.012871;0.000000;1.019698;1.066552;0.456653;6.000000;0.000000;3.000000;0.445000;0.435000;0.456653;
20.012875;0.000000;1.019698;1.066552;0.456653;6.000000;0.000000;3.000000;0.445000;0.435000;0.456653;
20.012883;0.000000;1.019698;1.066552;0.456654;6.000000;0.000000;3.000000;0.445000;0.435000;0.456654;
20.012899;0.000000;1.019698;1.066552;0.456656;6.000000;0.000000;3.000000;0.445000;0.435000;0.456656;
20.012931;0.000000;1.019698;1.066551;0.456658;6.000000;0.000000;3.000000;0.445000;0.435000;0.456658;
20.012995;0.000000;1.019698;1.066551;0.456664;6.000000;0.000000;3.000000;0.445000;0.435000;0.456664;
20.013123;0.000000;1.019697;1.066550;0.456676;6.000000;0.000000;3.000000;0.445000;0.435000;0.456676;
20.013379;0.000000;1.019696;1.066547;0.456699;6.000000;0.000000;3.000000;0.445000;0.435000;0.456699;
20.013891;0.000000;1.019694;1.066543;0.456745;6.000000;0.000000;3.000000;0.445000;0.435000;0.456745;
20.014915;0.000000;1.019691;1.066534;0.456834;6.000000;0.000000;3.000000;0.445000;0.435000;0.456834;
20.016963;0.000000;1.019684;1.066518;0.457007;6.000000;0.000000;3.000000;0.445000;0.435000;0.457007;
20.021059;0.000000;1.019673;1.066492;0.457328;6.000000;0.000000;3.000000;0.445000;0.435000;0.457328;
20.029251;0.000000;1.019656;1.066457;0.457906;6.000000;0.000000;3.000000;0.445000;0.435000;0.457906;
20.045635;0.000000;1.019636;1.066439;0.458932;6.000000;0.000000;3.000000;0.445000;0.435000;0.458932;
20.078403;0.000000;1.019622;1.066506;0.460943;6.000000;0.000000;3.000000;0.445000;0.435000;0.460943;
20.111171;0.000000;1.019621;1.066639;0.463127;6.000000;0.000000;3.000000;0.445000;0.435000;0.463127;
20.143939;0.000000;1.019619;1.066782;0.465552;6.000000;0.000000;3.000000;0.445000;0.435000;0.465552;
20.209475;0.000000;1.019610;1.067042;0.470382;6.000000;0.000000;3.000000;0.445000;0.435000;0.470382;
20.284516;0.000000;1.019634;1.067321;0.473649;6.000000;0.000000;3.000000;0.445000;0.435000;0.473649;
20.359557;0.000000;1.019696;1.067602;0.474416;6.000000;0.000000;3.000000;0.445000;0.435000;0.474416;
20.420363;0.000000;1.019761;1.067815;0.473528;6.000000;0.000000;3.000000;0.445000;0.435000;0.473528;
20.420363;0.000000;1.019761;1.067815;0.473528;6.000000;0.000000;3.000000;0.445000;0.435000;0.473528;
20.420363;0.000000;1.019761;1.067815;0.473528;6.000000;0.000000;3.000000;0.445000;0.435000;0.473528;
20.420469;0.000000;1.019762;1.067815;0.473527;6.000000;0.000000;3.000000;0.445000;0.435000;0.473527;
20.420469;0.000000;1.019762;1.067815;0.473527;6.000000;0.000000;3.000000;0.445000;0.435000;0.473527;
20.420470;0.000000;1.019762;1.067815;0.473524;6.000000;0.000000;3.000000;0.445000;0.435000;0.473524;
20.420471;0.000000;1.019762;1.067815;0.473524;6.000000;0.000000;3.000000;0.445000;0.435000;0.473524;
20.420473;0.000000;1.019762;1.067815;0.473524;6.000000;0.000000;3.000000;0.445000;0.435000;0.473524;
20.420477;0.000000;1.019762;1.067815;0.473524;6.000000;0.000000;3.000000;0.445000;0.435000;0.473524;
20.420485;0.000000;1.019762;1.067815;0.473524;6.000000;0.000000;3.000000;0.445000;0.435000;0.473524;
20.420501;0.000000;1.019762;1.067815;0.473524;6.000000;0.000000;3.000000;0.445000;0.435000;0.473524;
20.420533;0.000000;1.019762;1.067815;0.473524;6.000000;0.000000;3.000000;0.445000;0.435000;0.473524;
20.420597;0.000000;1.019762;1.067815;0.473523;6.000000;0.000000;3.000000;0.445000;0.435000;0.473523;
20.420725;0.000000;1.019762;1.067816;0.473522;6.000000;0.000000;3.000000;0.445000;0.435000;0.473522;
20.420981;0.000000;1.019762;1.067816;0.473519;6.000000;0.000000;3.000000;0.445000;0.435000;0.473519;
20.421493;0.000000;1.019763;1.067818;0.473514;6.000000;0.000000;3.000000;0.445000;0.435000;0.473514;
20.422517;0.000000;1.019764;1.067822;0.473503;6.000000;0.000000;3.000000;0.445000;0.435000;0.473503;
20.424565;0.000000;1.019766;1.067829;0.473481;6.000000;0.000000;3.000000;0.445000;0.435000;0.473481;
20.428661;0.000000;1.019770;1.067844;0.473431;6.000000;0.000000;3.000000;0.445000;0.435000;0.473431;
20.436853;0.000000;1.019779;1.067872;0.473315;6.000000;0.000000;3.000000;0.445000;0.435000;0.473315;
20.453237;0.000000;1.019797;1.067929;0.473018;6.000000;0.000000;3.000000;0.445000;0.435000;0.473018;
20.468323;0.000000;1.019815;1.067980;0.472679;6.000000;0.000000;3.000000;0.445000;0.435000;0.472679;
20.468323;0.000000;1.019815;1.067980;0.472679;6.000000;0.000000;3.000000;0.445000;0.435000;0.472679;
20.468324;0.000000;1.019815;1.067980;0.472679;6.000000;0.000000;3.000000;0.445000;0.435000;0.472679;
20.468325;0.000000;1.019815;1.067980;0.472679;6.000000;0.000000;3.000000;0.445000;0.435000;0.472679;
20.468327;0.000000;1.019815;1.067980;0.472679;6.000000;0.000000;3.000000;0.445000;0.435000;0.472679;
20.468331;0.000000;1.019815;1.067980;0.472679;6.000000;0.000000;3.000000;0.445000;0.435000;0.472679;
20.468339;0.000000;1.019815;1.067980;0.472678;6.000000;0.000000;3.000000;0.445000;0.435000;0.472678;
20.468355;0.000000;1.019815;1.067981;0.472678;6.000000;0.000000;3.000000;0.445000;0.435000;0.472678;
20.468387;0.000000;1.019815;1.067981;0.472677;6.000000;0.000000;3.000000;0.445000;0.435000;0.472677;
20.468451;0.000000;1.019815;1.067981;0.472676;6.000000;0.000000;3.000000;0.445000;0.435000;0.472676;
20.468554;0.000000;1.019815;1.067981;0.472673;6.000000;0.000000;3.000000;0.445000;0.435000;0.472673;
20.468554;0.000000;1.019815;1.067981;0.472673;6.000000;0.000000;3.000000;0.445000;0.435000;0.472673;
20.468554;0.000000;1.019815;1.067981;0.472673;6.000000;0.000000;3.000000;0.445000;0.435000;0.472673;
20.468579;0.000000;1.019815;1.067981;0.472672;6.000000;0.000000;3.000000;0.445000;0.435000;0.472672;
20.468835;0.000000;1.019815;1.067982;0.472666;6.000000;0.000000;3.000000;0.445000;0.435000;0.472666;
20.469347;0.000000;1.019816;1.067984;0.472653;6.000000;0.000000;3.000000;0.445000;0.435000;0.472653;
20.470371;0.000000;1.019817;1.067987;0.472627;6.000000;0.000000;3.000000;0.445000;0.435000;0.472627;
20.472419;0.000000;1.019820;1.067994;0.472574;6.000000;0.000000;3.000000;0.445000;0.435000;0.472574;
20.476515;0.000000;1.019825;1.068008;0.472464;6.000000;0.000000;3.000000;0.445000;0.435000;0.472464;
20.484707;0.000000;1.019835;1.068035;0.472232;6.000000;0.000000;3.000000;0.445000;0.435000;0.472232;
20.501091;0.000000;1.019854;1.068088;0.471723;6.000000;0.000000;3.000000;0.445000;0.435000;0.471723;
20.533859;0.000000;1.019894;1.068188;0.470578;6.000000;0.000000;3.000000;0.445000;0.435000;0.470578;
20.599395;0.000000;1.019962;1.068355;0.468190;6.000000;0.000000;3.000000;0.445000;0.435000;0.468190;
20.664931;0.000000;1.020006;1.068469;0.466163;6.000000;0.000000;3.000000;0.445000;0.435000;0.466163;
20.713655;0.000000;1.020020;1.068524;0.465286;6.000000;0.000000;3.000000;0.445000;0.435000;0.465286;
20.713655;0.000000;1.020020;1.068524;0.465286;6.000000;0.000000;3.000000;0.445000;0.435000;0.465286;
20.713656;0.000000;1.020020;1.068524;0.465286;6.000000;0.000000;3.000000;0.445000;0.435000;0.465286;
20.713657;0.000000;1.020020;1.068524;0.465286;6.000000;0.000000;3.000000;0.445000;0.435000;0.465286;
20.713659;0.000000;1.020020;1.068524;0.465286;6.000000;0.000000;3.000000;0.445000;0.435000;0.465286;
20.713663;0.000000;1.020020;1.068524;0.465286;6.000000;0.000000;3.000000;0.445000;0.435000;0.465286;
20.713671;0.000000;1.020020;1.068524;0.465286;6.000000;0.000000;3.000000;0.445000;0.435000;0.465286;
20.713687;0.000000;1.020020;1.068524;0.465285;6.000000;0.000000;3.000000;0.445000;0.435000;0.465285;
20.713719;0.000000;1.020020;1.068524;0.465285;6.000000;0.000000;3.000000;0.445000;0.435000;0.465285;
20.713783;0.000000;1.020020;1.068524;0.465283;6.000000;0.000000;3.000000;0.445000;0.435000;0.465283;
20.713911;0.000000;1.020020;1.068524;0.465281;6.000000;0.000000;3.000000;0.445000;0.435000;0.465281;
20.714167;0.000000;1.020020;1.068524;0.465277;6.000000;0.000000;3.000000;0.445000;0.435000;0.465277;
20.714679;0.000000;1.020020;1.068525;0.465267;6.000000;0.000000;3.000000;0.445000;0.435000;0.465267;
20.715703;0.000000;1.020020;1.068525;0.465249;6.000000;0.000000;3.000000;0.445000;0.435000;0.465249;
20.717751;0.000000;1.020021;1.068527;0.465214;6.000000;0.000000;3.000000;0.445000;0.435000;0.465214;
20.721847;0.000000;1.020021;1.068530;0.465148;6.000000;0.000000;3.000000;0.445000;0.435000;0.465148;
20.730039;0.000000;1.020021;1.068535;0.465032;6.000000;0.000000;3.000000;0.445000;0.435000;0.465032;
20.730314;0.000000;1.020021;1.068535;0.465029;6.000000;0.000000;3.000000;0.445000;0.435000;0.465029;
20.730314;0.000000;1.020021;1.068535;0.465029;6.000000;0.000000;3.000000;0.445000;0.435000;0.465029;
20.730314;0.000000;1.020021;1.068535;0.465029;6.000000;0.000000;3.000000;0.445000;0.435000;0.465029;
20.746423;0.000000;1.020020;1.068542;0.464867;6.000000;0.000000;3.000000;0.445000;0.435000;0.464867;
20.750398;0.000000;1.020020;1.068544;0.464841;6.000000;0.000000;3.000000;0.445000;0.435000;0.464841;
20.750398;0.000000;1.020020;1.068544;0.464841;6.000000;0.000000;3.000000;0.445000;0.435000;0.464841;
20.750399;0.000000;1.020020;1.068544;0.464841;6.000000;0.000000;3.000000;0.445000;0.435000;0.464841;
20.750400;0.000000;1.020020;1.068544;0.464841;6.000000;0.000000;3.000000;0.445000;0.435000;0.464841;
20.750402;0.000000;1.020020;1.068544;0.464841;6.000000;0.000000;3.000000;0.445000;0.435000;0.464841;
20.750406;0.000000;1.020020;1.068544;0.464841;6.000000;0.000000;3.000000;0.445000;0.435000;0.464841;
20.750414;0.000000;1.020020;1.068544;0.464840;6.000000;0.000000;3.000000;0.445000;0.435000;0.464840;
20.750430;0.000000;1.020020;1.068544;0.464840;6.000000;0.000000;3.000000;0.445000;0.435000;0.464840;
20.750462;0.000000;1.020020;1.068544;0.464840;6.000000;0.000000;3.000000;0.445000;0.435000;0.464840;
20.750504;0.000000;1.020020;1.068544;0.464840;6.000000;0.000000;3.000000;0.445000;0.435000;0.464840;
20.750504;0.000000;1.020020;1.068544;0.464840;6.000000;0.000000;3.000000;0.445000;0.435000;0.464840;
20.750504;0.000000;1.020020;1.068544;0.464840;6.000000;0.000000;3.000000;0.445000;0.435000;0.464840;
20.750526;0.000000;1.020020;1.068544;0.464840;6.000000;0.000000;3.000000;0.445000;0.435000;0.464840;
20.750654;0.000000;1.020020;1.068544;0.464839;6.000000;0.000000;3.000000;0.445000;0.435000;0.464839;
20.750910;0.000000;1.020020;1.068544;0.464838;6.000000;0.000000;3.000000;0.445000;0.435000;0.464838;
20.751422;0.000000;1.020019;1.068544;0.464835;6.000000;0.000000;3.000000;0.445000;0.435000;0.464835;
20.752446;0.000000;1.020019;1.068544;0.464829;6.000000;0.000000;3.000000;0.445000;0.435000;0.464829;
20.754494;0.000000;1.020019;1.068545;0.464819;6.000000;0.000000;3.000000;0.445000;0.435000;0.464819;
20.758590;0.000000;1.020018;1.068546;0.464802;6.000000;0.000000;3.000000;0.445000;0.435000;0.464802;
20.766782;0.000000;1.020016;1.068547;0.464787;6.000000;0.000000;3.000000;0.445000;0.435000;0.464787;
20.783166;0.000000;1.020009;1.068547;0.464825;6.000000;0.000000;3.000000;0.445000;0.435000;0.464825;
20.815934;0.000000;1.019990;1.068540;0.465159;6.000000;0.000000;3.000000;0.445000;0.435000;0.465159;
20.881470;0.000000;1.019937;1.068508;0.466628;6.000000;0.000000;3.000000;0.445000;0.435000;0.466628;
20.978424;0.000000;1.019858;1.068464;0.469330;6.000000;0.000000;3.000000;0.445000;0.435000;0.469330;
20.978424;0.000000;1.019858;1.068464;0.469330;6.000000;0.000000;3.000000;0.445000;0.435000;0.469330;
20.978424;0.000000;1.019858;1.068464;0.469330;6.000000;0.000000;3.000000;0.445000;0.435000;0.469330;
20.978939;0.000000;1.019858;1.068464;0.469346;6.000000;0.000000;3.000000;0.445000;0.435000;0.469346;
20.978939;0.000000;1.019858;1.068464;0.469346;6.000000;0.000000;3.000000;0.445000;0.435000;0.469346;
20.978940;0.000000;1.019858;1.068464;0.469346;6.000000;0.000000;3.000000;0.445000;0.435000;0.469346;
20.978941;0.000000;1.019858;1.068464;0.469346;6.000000;0.000000;3.000000;0.445000;0.435000;0.469346;
20.978943;0.000000;1.019858;1.068464;0.469346;6.000000;0.000000;3.000000;0.445000;0.435000;0.469346;
20.978947;0.000000;1.019858;1.068464;0.469346;6.000000;0.000000;3.000000;0.445000;0.435000;0.469346;
20.978955;0.000000;1.019858;1.068464;0.469346;6.000000;0.000000;3.000000;0.445000;0.435000;0.469346;
20.978971;0.000000;1.019858;1.068464;0.469347;6.000000;0.000000;3.000000;0.445000;0.435000;0.469347;
20.979003;0.000000;1.019858;1.068464;0.469348;6.000000;0.000000;3.000000;0.445000;0.435000;0.469348;
20.979067;0.000000;1.019858;1.068464;0.469351;6.000000;0.000000;3.000000;0.445000;0.435000;0.469351;
20.979195;0.000000;1.019858;1.068464;0.469356;6.000000;0.000000;3.000000;0.445000;0.435000;0.469356;
20.979451;0.000000;1.019858;1.068464;0.469365;6.000000;0.000000;3.000000;0.445000;0.435000;0.469365;
20.979963;0.000000;1.019857;1.068464;0.469385;6.000000;0.000000;3.000000;0.445000;0.435000;0.469385;
20.980987;0.000000;1.019856;1.068463;0.469424;6.000000;0.000000;3.000000;0.445000;0.435000;0.469424;
20.983035;0.000000;1.019854;1.068462;0.469503;6.000000;0.000000;3.000000;0.445000;0.435000;0.469503;
20.987131;0.000000;1.019850;1.068459;0.469659;6.000000;0.000000;3.000000;0.445000;0.435000;0.469659;
20.995323;0.000000;1.019842;1.068454;0.469970;6.000000;0.000000;3.000000;0.445000;0.435000;0.469970;
21.011707;0.000000;1.019827;1.068445;0.470579;6.000000;0.000000;3.000000;0.445000;0.435000;0.470579;
21.044475;0.000000;1.019801;1.068434;0.471694;6.000000;0.000000;3.000000;0.445000;0.435000;0.471694;
21.110011;0.000000;1.019773;1.068436;0.473272;6.000000;0.000000;3.000000;0.445000;0.435000;0.473272;
21.175547;0.000000;1.019776;1.068471;0.473807;6.000000;0.000000;3.000000;0.445000;0.435000;0.473807;
21.227306;0.000000;1.019793;1.068509;0.473618;6.000000;0.000000;3.000000;0.445000;0.435000;0.473618;
21.227306;0.000000;1.019793;1.068509;0.473618;6.000000;0.000000;3.000000;0.445000;0.435000;0.473618;
21.227306;0.000000;1.019793;1.068509;0.473618;6.000000;0.000000;3.000000;0.445000;0.435000;0.473618;
21.227478;0.000000;1.019793;1.068509;0.473617;6.000000;0.000000;3.000000;0.445000;0.435000;0.473617;
21.227478;0.000000;1.019793;1.068509;0.473617;6.000000;0.000000;3.000000;0.445000;0.435000;0.473617;
21.227479;0.000000;1.019793;1.068509;0.473617;6.000000;0.000000;3.000000;0.445000;0.435000;0.473617;
21.227480;0.000000;1.019793;1.068509;0.473617;6.000000;0.000000;3.000000;0.445000;0.435000;0.473617;
21.227482;0.000000;1.019793;1.068509;0.473617;6.000000;0.000000;3.000000;0.445000;0.435000;0.473617;
21.227486;0.000000;1.019793;1.068509;0.473617;6.000000;0.000000;3.000000;0.445000;0.435000;0.473617;
21.227494;0.000000;1.019793;1.068509;0.473617;6.000000;0.000000;3.000000;0.445000;0.435000;0.473617;
21.227510;0.000000;1.019794;1.068509;0.473617;6.000000;0.000000;3.000000;0.445000;0.435000;0.473617;
21.227542;0.000000;1.019794;1.068509;0.473616;6.000000;0.000000;3.000000;0.445000;0.435000;0.473616;
21.227606;0.000000;1.019794;1.068509;0.473615;6.000000;0.000000;3.000000;0.445000;0.435000;0.473615;
21.227734;0.000000;1.019794;1.068509;0.473614;6.000000;0.000000;3.000000;0.445000;0.435000;0.473614;
21.227990;0.000000;1.019794;1.068510;0.473611;6.000000;0.000000;3.000000;0.445000;0.435000;0.473611;
21.228502;0.000000;1.019794;1.068510;0.473605;6.000000;0.000000;3.000000;0.445000;0.435000;0.473605;
21.229526;0.000000;1.019795;1.068511;0.473593;6.000000;0.000000;3.000000;0.445000;0.435000;0.473593;
21.231574;0.000000;1.019796;1.068513;0.473567;6.000000;0.000000;3.000000;0.445000;0.435000;0.473567;
21.235670;0.000000;1.019799;1.068518;0.473513;6.000000;0.000000;3.000000;0.445000;0.435000;0.473513;
21.243862;0.000000;1.019804;1.068527;0.473390;6.000000;0.000000;3.000000;0.445000;0.435000;0.473390;
21.260246;0.000000;1.019817;1.068546;0.473095;6.000000;0.000000;3.000000;0.445000;0.435000;0.473095;
21.293014;0.000000;1.019845;1.068585;0.472333;6.000000;0.000000;3.000000;0.445000;0.435000;0.472333;
21.358550;0.000000;1.019908;1.068660;0.470421;6.000000;0.000000;3.000000;0.445000;0.435000;0.470421;
21.424086;0.000000;1.019967;1.068718;0.468395;6.000000;0.000000;3.000000;0.445000;0.435000;0.468395;
21.478093;0.000000;1.019999;1.068745;0.467171;6.000000;0.000000;3.000000;0.445000;0.435000;0.467171;
21.478093;0.000000;1.019999;1.068745;0.467171;6.000000;0.000000;3.000000;0.445000;0.435000;0.467171;
21.478094;0.000000;1.019999;1.068745;0.467171;6.000000;0.000000;3.000000;0.445000;0.435000;0.467171;
21.478095;0.000000;1.019999;1.068745;0.467171;6.000000;0.000000;3.000000;0.445000;0.435000;0.467171;
21.478097;0.000000;1.019999;1.068745;0.467171;6.000000;0.000000;3.000000;0.445000;0.435000;0.467171;
21.478101;0.000000;1.019999;1.068745;0.467171;6.000000;0.000000;3.000000;0.445000;0.435000;0.467171;
21.478109;0.000000;1.019999;1.068745;0.467171;6.000000;0.000000;3.000000;0.445000;0.435000;0.467171;
21.478125;0.000000;1.019999;1.068745;0.467170;6.000000;0.000000;3.000000;0.445000;0.435000;0.467170;
21.478157;0.000000;1.019999;1.068745;0.467169;6.000000;0.000000;3.000000;0.445000;0.435000;0.467169;
21.478221;0.000000;1.019999;1.068745;0.467168;6.000000;0.000000;3.000000;0.445000;0.435000;0.467168;
21.478349;0.000000;1.019999;1.068745;0.467164;6.000000;0.000000;3.000000;0.445000;0.435000;0.467164;
21.478605;0.000000;1.020000;1.068745;0.467158;6.000000;0.000000;3.000000;0.445000;0.435000;0.467158;
21.478946;0.000000;1.020000;1.068746;0.467149;6.000000;0.000000;3.000000;0.445000;0.435000;0.467149;
21.478946;0.000000;1.020000;1.068746;0.467149;6.000000;0.000000;3.000000;0.445000;0.435000;0.467149;
21.478946;0.000000;1.020000;1.068746;0.467149;6.000000;0.000000;3.000000;0.445000;0.435000;0.467149;
21.479117;0.000000;1.020000;1.068746;0.467145;6.000000;0.000000;3.000000;0.445000;0.435000;0.467145;
21.480141;0.000000;1.020001;1.068746;0.467118;6.000000;0.000000;3.000000;0.445000;0.435000;0.467118;
21.482189;0.000000;1.020002;1.068747;0.467067;6.000000;0.000000;3.000000;0.445000;0.435000;0.467067;
21.486285;0.000000;1.020004;1.068748;0.466965;6.000000;0.000000;3.000000;0.445000;0.435000;0.466965;
21.494477;0.000000;1.020009;1.068751;0.466774;6.000000;0.000000;3.000000;0.445000;0.435000;0.466774;
21.510861;0.000000;1.020016;1.068754;0.466435;6.000000;0.000000;3.000000;0.445000;0.435000;0.466435;
21.543629;0.000000;1.020025;1.068754;0.465955;6.000000;0.000000;3.000000;0.445000;0.435000;0.465955;
21.553112;0.000000;1.020026;1.068752;0.465867;6.000000;0.000000;3.000000;0.445000;0.435000;0.465867;
21.553112;0.000000;1.020026;1.068752;0.465867;6.000000;0.000000;3.000000;0.445000;0.435000;0.465867;
21.553113;0.000000;1.020026;1.068752;0.465867;6.000000;0.000000;3.000000;0.445000;0.435000;0.465867;
21.553114;0.000000;1.020026;1.068752;0.465867;6.000000;0.000000;3.000000;0.445000;0.435000;0.465867;
21.553116;0.000000;1.020026;1.068752;0.465867;6.000000;0.000000;3.000000;0.445000;0.435000;0.465867;
21.553120;0.000000;1.020026;1.068752;0.465867;6.000000;0.000000;3.000000;0.445000;0.435000;0.465867;
21.553128;0.000000;1.020026;1.068752;0.465867;6.000000;0.000000;3.000000;0.445000;0.435000;0.465867;
21.553144;0.000000;1.020026;1.068752;0.465867;6.000000;0.000000;3.000000;0.445000;0.435000;0.465867;
21.553176;0.000000;1.020026;1.068752;0.465867;6.000000;0.000000;3.000000;0.445000;0.435000;0.465867;
21.553240;0.000000;1.020026;1.068752;0.465866;6.000000;0.000000;3.000000;0.445000;0.435000;0.465866;
21.553245;0.000000;1.020026;1.068752;0.465866;6.000000;0.000000;3.000000;0.445000;0.435000;0.465866;
21.553245;0.000000;1.020026;1.068752;0.465866;6.000000;0.000000;3.000000;0.445000;0.435000;0.465866;
21.553245;0.000000;1.020026;1.068752;0.465866;6.000000;0.000000;3.000000;0.445000;0.435000;0.465866;
21.553368;0.000000;1.020026;1.068752;0.465865;6.000000;0.000000;3.000000;0.445000;0.435000;0.465865;
21.553624;0.000000;1.020026;1.068752;0.465863;6.000000;0.000000;3.000000;0.445000;0.435000;0.465863;
21.554136;0.000000;1.020026;1.068752;0.465859;6.000000;0.000000;3.000000;0.445000;0.435000;0.465859;
21.555160;0.000000;1.020026;1.068751;0.465851;6.000000;0.000000;3.000000;0.445000;0.435000;0.465851;
21.557208;0.000000;1.020026;1.068751;0.465836;6.000000;0.000000;3.000000;0.445000;0.435000;0.465836;
21.561304;0.000000;1.020026;1.068750;0.465809;6.000000;0.000000;3.000000;0.445000;0.435000;0.465809;
21.569496;0.000000;1.020026;1.068747;0.465768;6.000000;0.000000;3.000000;0.445000;0.435000;0.465768;
21.585880;0.000000;1.020024;1.068739;0.465742;6.000000;0.000000;3.000000;0.445000;0.435000;0.465742;
21.618648;0.000000;1.020014;1.068720;0.465902;6.000000;0.000000;3.000000;0.445000;0.435000;0.465902;
21.684184;0.000000;1.019976;1.068668;0.466897;6.000000;0.000000;3.000000;0.445000;0.435000;0.466897;
21.815256;0.000000;1.019881;1.068576;0.469812;6.000000;0.000000;3.000000;0.445000;0.435000;0.469812;
21.946328;0.000000;1.019838;1.068567;0.471337;6.000000;0.000000;3.000000;0.445000;0.435000;0.471337;
22.077400;0.000000;1.019848;1.068603;0.471079;6.000000;0.000000;3.000000;0.445000;0.435000;0.471079;
22.208472;0.000000;1.019879;1.068643;0.470121;6.000000;0.000000;3.000000;0.445000;0.435000;0.470121;
22.470616;0.000000;1.019903;1.068656;0.469451;6.000000;0.000000;3.000000;0.445000;0.435000;0.469451;
22.732760;0.000000;1.019902;1.068650;0.469500;6.000000;0.000000;3.000000;0.445000;0.435000;0.469500;
23.257048;0.000000;1.019895;1.068645;0.469647;6.000000;0.000000;3.000000;0.445000;0.435000;0.469647;
24.305624;0.000000;1.019894;1.068645;0.469661;6.000000;0.000000;3.000000;0.445000;0.435000;0.469661;
26.402776;0.000000;1.019894;1.068646;0.469657;6.000000;0.000000;3.000000;0.445000;0.435000;0.469657;
29.999994;0.000000;1.019894;1.068646;0.469656;6.000000;0.000000;3.000000;0.445000;0.435000;0.469656;
29.999994;0.000000;1.020314;1.068833;0.449445;5.000000;-0.008727;2.000000;0.445000;0.435000;0.449445;
29.999995;0.000000;1.020314;1.068833;0.449445;5.000000;-0.008727;2.000000;0.445000;0.435000;0.449445;
29.999996;0.000000;1.020314;1.068833;0.449445;5.000000;-0.008727;2.000000;0.445000;0.435000;0.449445;
29.999998;0.000000;1.020314;1.068833;0.449446;5.000000;-0.008727;2.000000;0.445000;0.435000;0.449446;
30.000002;0.000000;1.020314;1.068833;0.449446;5.000000;-0.008727;2.000000;0.445000;0.435000;0.449446;
30.000010;0.000000;1.020314;1.068833;0.449447;5.000000;-0.008727;2.000000;0.445000;0.435000;0.449447;
30.000026;0.000000;1.020314;1.068833;0.449450;5.000000;-0.008727;2.000000;0.445000;0.435000;0.449450;
30.000058;0.000000;1.020314;1.068832;0.449454;5.000000;-0.008727;2.000000;0.445000;0.435000;0.449454;
30.000122;0.000000;1.020314;1.068832;0.449463;5.000000;-0.008727;2.000000;0.445000;0.435000;0.449463;
30.000250;0.000000;1.020313;1.068832;0.449481;5.000000;-0.008727;2.000000;0.445000;0.435000;0.449481;
30.000506;0.000000;1.020313;1.068831;0.449517;5.000000;-0.008727;2.000000;0.445000;0.435000;0.449517;
30.001018;0.000000;1.020311;1.068829;0.449587;5.000000;-0.008727;2.000000;0.445000;0.435000;0.449587;
30.002042;0.000000;1.020307;1.068825;0.449724;5.000000;-0.008727;2.000000;0.445000;0.435000;0.449724;
30.004090;0.000000;1.020301;1.068818;0.449984;5.000000;-0.008727;2.000000;0.445000;0.435000;0.449984;
30.008186;0.000000;1.020288;1.068805;0.450452;5.000000;-0.008727;2.000000;0.445000;0.435000;0.450452;
30.016378;0.000000;1.020268;1.068780;0.451236;5.000000;-0.008727;2.000000;0.445000;0.435000;0.451236;
30.032762;0.000000;1.020234;1.068737;0.452449;5.000000;-0.008727;2.000000;0.445000;0.435000;0.452449;
30.049146;0.000000;1.020206;1.068698;0.453406;5.000000;-0.008727;2.000000;0.445000;0.435000;0.453406;
30.081914;0.000000;1.020149;1.068622;0.455308;5.000000;-0.008727;2.000000;0.445000;0.435000;0.455308;
30.114682;0.000000;1.020086;1.068548;0.457464;5.000000;-0.008727;2.000000;0.445000;0.435000;0.457464;
30.147450;0.000000;1.020019;1.068478;0.459801;5.000000;-0.008727;2.000000;0.445000;0.435000;0.459801;
30.212986;0.000000;1.019909;1.068392;0.463790;5.000000;-0.008727;2.000000;0.445000;0.435000;0.463790;
30.295901;0.000000;1.019839;1.068377;0.466415;5.000000;-0.008727;2.000000;0.445000;0.435000;0.466415;
30.378815;0.000000;1.019827;1.068412;0.466919;5.000000;-0.008727;2.000000;0.445000;0.435000;0.466919;
30.461730;0.000000;1.019852;1.068473;0.466099;5.000000;-0.008727;2.000000;0.445000;0.435000;0.466099;
30.507332;0.000000;1.019874;1.068506;0.465334;5.000000;-0.008727;2.000000;0.445000;0.435000;0.465334;
30.507332;0.000000;1.019874;1.068506;0.465334;5.000000;-0.008727;2.000000;0.445000;0.435000;0.465334;
30.507332;0.000000;1.019874;1.068506;0.465334;5.000000;-0.008727;2.000000;0.445000;0.435000;0.465334;
30.507632;0.000000;1.019875;1.068506;0.465329;5.000000;-0.008727;2.000000;0.445000;0.435000;0.465329;
30.507632;0.000000;1.019874;1.068505;0.465328;5.000000;-0.008727;2.000000;0.445000;0.435000;0.465328;
30.507633;0.000000;1.019874;1.068505;0.465328;5.000000;-0.008727;2.000000;0.445000;0.435000;0.465328;
30.507634;0.000000;1.019874;1.068505;0.465328;5.000000;-0.008727;2.000000;0.445000;0.435000;0.465328;
30.507636;0.000000;1.019874;1.068505;0.465328;5.000000;-0.008727;2.000000;0.445000;0.435000;0.465328;
30.507640;0.000000;1.019874;1.068505;0.465328;5.000000;-0.008727;2.000000;0.445000;0.435000;0.465328;
30.507648;0.000000;1.019874;1.068505;0.465328;5.000000;-0.008727;2.000000;0.445000;0.435000;0.465328;
30.507664;0.000000;1.019874;1.068505;0.465328;5.000000;-0.008727;2.000000;0.445000;0.435000;0.465328;
30.507696;0.000000;1.019874;1.068505;0.465328;5.000000;-0.008727;2.000000;0.445000;0.435000;0.465328;
30.507760;0.000000;1.019874;1.068505;0.465327;5.000000;-0.008727;2.000000;0.445000;0.435000;0.465327;
30.507888;0.000000;1.019874;1.068506;0.465325;5.000000;-0.008727;2.000000;0.445000;0.435000;0.465325;
30.508144;0.000000;1.019875;1.068506;0.465321;5.000000;-0.008727;2.000000;0.445000;0.435000;0.465321;
30.508656;0.000000;1.019875;1.068506;0.465314;5.000000;-0.008727;2.000000;0.445000;0.435000;0.465314;
30.509680;0.000000;1.019875;1.068507;0.465300;5.000000;-0.008727;2.000000;0.445000;0.435000;0.465300;
30.511728;0.000000;1.019876;1.068509;0.465271;5.000000;-0.008727;2.000000;0.445000;0.435000;0.465271;
30.515824;0.000000;1.019878;1.068512;0.465210;5.000000;-0.008727;2.000000;0.445000;0.435000;0.465210;
30.524016;0.000000;1.019882;1.068519;0.465078;5.000000;-0.008727;2.000000;0.445000;0.435000;0.465078;
30.540400;0.000000;1.019890;1.068533;0.464784;5.000000;-0.008727;2.000000;0.445000;0.435000;0.464784;
30.573168;0.000000;1.019910;1.068561;0.464093;5.000000;-0.008727;2.000000;0.445000;0.435000;0.464093;
30.638704;0.000000;1.019954;1.068612;0.462555;5.000000;-0.008727;2.000000;0.445000;0.435000;0.462555;
30.766467;0.000000;1.020017;1.068660;0.460362;5.000000;-0.008727;2.000000;0.445000;0.435000;0.460362;
30.766467;0.000000;1.020017;1.068660;0.460362;5.000000;-0.008727;2.000000;0.445000;0.435000;0.460362;
30.766467;0.000000;1.020017;1.068660;0.460362;5.000000;-0.008727;2.000000;0.445000;0.435000;0.460362;
30.767619;0.000000;1.020017;1.068660;0.460347;5.000000;-0.008727;2.000000;0.445000;0.435000;0.460347;
30.767619;0.000000;1.020017;1.068660;0.460347;5.000000;-0.008727;2.000000;0.445000;0.435000;0.460347;
30.767620;0.000000;1.020017;1.068660;0.460347;5.000000;-0.008727;2.000000;0.445000;0.435000;0.460347;
30.767621;0.000000;1.020017;1.068660;0.460347;5.000000;-0.008727;2.000000;0.445000;0.435000;0.460347;
30.767623;0.000000;1.020017;1.068660;0.460347;5.000000;-0.008727;2.000000;0.445000;0.435000;0.460347;
30.767627;0.000000;1.020017;1.068660;0.460347;5.000000;-0.008727;2.000000;0.445000;0.435000;0.460347;
30.767635;0.000000;1.020017;1.068660;0.460347;5.000000;-0.008727;2.000000;0.445000;0.435000;0.460347;
30.767651;0.000000;1.020017;1.068660;0.460347;5.000000;-0.008727;2.000000;0.445000;0.435000;0.460347;
30.767683;0.000000;1.020017;1.068660;0.460346;5.000000;-0.008727;2.000000;0.445000;0.435000;0.460346;
30.767747;0.000000;1.020017;1.068660;0.460345;5.000000;-0.008727;2.000000;0.445000;0.435000;0.460345;
30.767875;0.000000;1.020017;1.068660;0.460343;5.000000;-0.008727;2.000000;0.445000;0.435000;0.460343;
30.768131;0.000000;1.020017;1.068660;0.460339;5.000000;-0.008727;2.000000;0.445000;0.435000;0.460339;
30.768643;0.000000;1.020017;1.068660;0.460332;5.000000;-0.008727;2.000000;0.445000;0.435000;0.460332;
30.769667;0.000000;1.020018;1.068660;0.460317;5.000000;-0.008727;2.000000;0.445000;0.435000;0.460317;
30.771715;0.000000;1.020019;1.068660;0.460287;5.000000;-0.008727;2.000000;0.445000;0.435000;0.460287;
30.775811;0.000000;1.020020;1.068661;0.460230;5.000000;-0.008727;2.000000;0.445000;0.435000;0.460230;
30.784003;0.000000;1.020023;1.068661;0.460125;5.000000;-0.008727;2.000000;0.445000;0.435000;0.460125;
30.785554;0.000000;1.020024;1.068661;0.460107;5.000000;-0.008727;2.000000;0.445000;0.435000;0.460107;
30.785554;0.000000;1.020024;1.068661;0.460107;5.000000;-0.008727;2.000000;0.445000;0.435000;0.460107;
30.785555;0.000000;1.020024;1.068661;0.460107;5.000000;-0.008727;2.000000;0.445000;0.435000;0.460107;
30.785556;0.000000;1.020024;1.068661;0.460107;5.000000;-0.008727;2.000000;0.445000;0.435000;0.460107;
30.785558;0.000000;1.020024;1.068661;0.460107;5.000000;-0.008727;2.000000;0.445000;0.435000;0.460107;
30.785562;0.000000;1.020024;1.068661;0.460106;5.000000;-0.008727;2.000000;0.445000;0.435000;0.460106;
30.785570;0.000000;1.020024;1.068661;0.460106;5.000000;-0.008727;2.000000;0.445000;0.435000;0.460106;
30.785586;0.000000;1.020024;1.068661;0.460106;5.000000;-0.008727;2.000000;0.445000;0.435000;0.460106;
30.785618;0.000000;1.020024;1.068661;0.460106;5.000000;-0.008727;2.000000;0.445000;0.435000;0.460106;
30.785682;0.000000;1.020024;1.068661;0.460105;5.000000;-0.008727;2.000000;0.445000;0.435000;0.460105;
30.785752;0.000000;1.020024;1.068661;0.460104;5.000000;-0.008727;2.000000;0.445000;0.435000;0.460104;
30.785752;0.000000;1.020024;1.068661;0.460104;5.000000;-0.008727;2.000000;0.445000;0.435000;0.460104;
30.785752;0.000000;1.020024;1.068661;0.460104;5.000000;-0.008727;2.000000;0.445000;0.435000;0.460104;
30.785810;0.000000;1.020024;1.068661;0.460104;5.000000;-0.008727;2.000000;0.445000;0.435000;0.460104;
30.786066;0.000000;1.020024;1.068661;0.460101;5.000000;-0.008727;2.000000;0.445000;0.435000;0.460101;
30.786578;0.000000;1.020024;1.068661;0.460095;5.000000;-0.008727;2.000000;0.445000;0.435000;0.460095;
30.787602;0.000000;1.020025;1.068661;0.460083;5.000000;-0.008727;2.000000;0.445000;0.435000;0.460083;
30.789650;0.000000;1.020025;1.068661;0.460060;5.000000;-0.008727;2.000000;0.445000;0.435000;0.460060;
30.793746;0.000000;1.020027;1.068661;0.460016;5.000000;-0.008727;2.000000;0.445000;0.435000;0.460016;
30.801938;0.000000;1.020029;1.068661;0.459939;5.000000;-0.008727;2.000000;0.445000;0.435000;0.459939;
30.818322;0.000000;1.020033;1.068659;0.459823;5.000000;-0.008727;2.000000;0.445000;0.435000;0.459823;
30.851090;0.000000;1.020036;1.068650;0.459747;5.000000;-0.008727;2.000000;0.445000;0.435000;0.459747;
30.916626;0.000000;1.020028;1.068621;0.460141;5.000000;-0.008727;2.000000;0.445000;0.435000;0.460141;
31.047698;0.000000;1.019986;1.068557;0.461940;5.000000;-0.008727;2.000000;0.445000;0.435000;0.461940;
31.052699;0.000000;1.019984;1.068555;0.462007;5.000000;-0.008727;2.000000;0.445000;0.435000;0.462007;
31.052699;0.000000;1.019984;1.068554;0.462007;5.000000;-0.008727;2.000000;0.445000;0.435000;0.462007;
31.052700;0.000000;1.019984;1.068555;0.462007;5.000000;-0.008727;2.000000;0.445000;0.435000;0.462007;
31.052701;0.000000;1.019984;1.068555;0.462007;5.000000;-0.008727;2.000000;0.445000;0.435000;0.462007;
31.052703;0.000000;1.019984;1.068555;0.462007;5.000000;-0.008727;2.000000;0.445000;0.435000;0.462007;
31.052707;0.000000;1.019984;1.068555;0.462008;5.000000;-0.008727;2.000000;0.445000;0.435000;0.462008;
31.052715;0.000000;1.019984;1.068555;0.462008;5.000000;-0.008727;2.000000;0.445000;0.435000;0.462008;
31.052731;0.000000;1.019984;1.068555;0.462008;5.000000;-0.008727;2.000000;0.445000;0.435000;0.462008;
31.052763;0.000000;1.019984;1.068555;0.462009;5.000000;-0.008727;2.000000;0.445000;0.435000;0.462009;
31.052827;0.000000;1.019984;1.068555;0.462010;5.000000;-0.008727;2.000000;0.445000;0.435000;0.462010;
31.052955;0.000000;1.019984;1.068555;0.462013;5.000000;-0.008727;2.000000;0.445000;0.435000;0.462013;
31.053211;0.000000;1.019984;1.068554;0.462018;5.000000;-0.008727;2.000000;0.445000;0.435000;0.462018;
31.053643;0.000000;1.019984;1.068554;0.462027;5.000000;-0.008727;2.000000;0.445000;0.435000;0.462027;
31.053643;0.000000;1.019984;1.068554;0.462027;5.000000;-0.008727;2.000000;0.445000;0.435000;0.462027;
31.053643;0.000000;1.019984;1.068554;0.462027;5.000000;-0.008727;2.000000;0.445000;0.435000;0.462027;
31.053723;0.000000;1.019984;1.068554;0.462028;5.000000;-0.008727;2.000000;0.445000;0.435000;0.462028;
31.054747;0.000000;1.019983;1.068553;0.462049;5.000000;-0.008727;2.000000;0.445000;0.435000;0.462049;
31.056795;0.000000;1.019982;1.068552;0.462091;5.000000;-0.008727;2.000000;0.445000;0.435000;0.462091;
31.060891;0.000000;1.019980;1.068550;0.462174;5.000000;-0.008727;2.000000;0.445000;0.435000;0.462174;
31.069083;0.000000;1.019976;1.068546;0.462340;5.000000;-0.008727;2.000000;0.445000;0.435000;0.462340;
31.085467;0.000000;1.019968;1.068538;0.462665;5.000000;-0.008727;2.000000;0.445000;0.435000;0.462665;
31.118235;0.000000;1.019953;1.068524;0.463265;5.000000;-0.008727;2.000000;0.445000;0.435000;0.463265;
31.183771;0.000000;1.019930;1.068512;0.464132;5.000000;-0.008727;2.000000;0.445000;0.435000;0.464132;
31.314843;0.000000;1.019920;1.068532;0.464368;5.000000;-0.008727;2.000000;0.445000;0.435000;0.464368;
31.419210;0.000000;1.019935;1.068568;0.463550;5.000000;-0.008727;2.000000;0.445000;0.435000;0.463550;
31.419210;0.000000;1.019935;1.068568;0.463550;5.000000;-0.008727;2.000000;0.445000;0.435000;0.463550;
31.419210;0.000000;1.019935;1.068568;0.463550;5.000000;-0.008727;2.000000;0.445000;0.435000;0.463550;
31.419858;0.000000;1.019935;1.068568;0.463542;5.000000;-0.008727;2.000000;0.445000;0.435000;0.463542;
31.419858;0.000000;1.019935;1.068568;0.463542;5.000000;-0.008727;2.000000;0.445000;0.435000;0.463542;
31.419859;0.000000;1.019935;1.068568;0.463542;5.000000;-0.008727;2.000000;0.445000;0.435000;0.463542;
31.419860;0.000000;1.019935;1.068568;0.463542;5.000000;-0.008727;2.000000;0.445000;0.435000;0.463542;
31.419862;0.000000;1.019935;1.068568;0.463542;5.000000;-0.008727;2.000000;0.445000;0.435000;0.463542;
31.419866;0.000000;1.019935;1.068568;0.463542;5.000000;-0.008727;2.000000;0.445000;0.435000;0.463542;
31.419874;0.000000;1.019935;1.068568;0.463542;5.000000;-0.008727;2.000000;0.445000;0.435000;0.463542;
31.419890;0.000000;1.019935;1.068568;0.463542;5.000000;-0.008727;2.000000;0.445000;0.435000;0.463542;
31.419922;0.000000;1.019935;1.068568;0.463541;5.000000;-0.008727;2.000000;0.445000;0.435000;0.463541;
31.419986;0.000000;1.019935;1.068568;0.463540;5.000000;-0.008727;2.000000;0.445000;0.435000;0.463540;
31.420114;0.000000;1.019935;1.068568;0.463539;5.000000;-0.008727;2.000000;0.445000;0.435000;0.463539;
31.420370;0.000000;1.019935;1.068568;0.463535;5.000000;-0.008727;2.000000;0.445000;0.435000;0.463535;
31.420882;0.000000;1.019935;1.068569;0.463529;5.000000;-0.008727;2.000000;0.445000;0.435000;0.463529;
31.421906;0.000000;1.019935;1.068569;0.463515;5.000000;-0.008727;2.000000;0.445000;0.435000;0.463515;
31.423954;0.000000;1.019936;1.068570;0.463488;5.000000;-0.008727;2.000000;0.445000;0.435000;0.463488;
31.428050;0.000000;1.019937;1.068572;0.463432;5.000000;-0.008727;2.000000;0.445000;0.435000;0.463432;
31.436242;0.000000;1.019939;1.068576;0.463319;5.000000;-0.008727;2.000000;0.445000;0.435000;0.463319;
31.452626;0.000000;1.019944;1.068584;0.463083;5.000000;-0.008727;2.000000;0.445000;0.435000;0.463083;
31.485394;0.000000;1.019954;1.068598;0.462599;5.000000;-0.008727;2.000000;0.445000;0.435000;0.462599;
31.550930;0.000000;1.019973;1.068618;0.461726;5.000000;-0.008727;2.000000;0.445000;0.435000;0.461726;
31.555083;0.000000;1.019973;1.068617;0.461718;5.000000;-0.008727;2.000000;0.445000;0.435000;0.461718;
31.555083;0.000000;1.019973;1.068617;0.461718;5.000000;-0.008727;2.000000;0.445000;0.435000;0.461718;
31.555084;0.000000;1.019973;1.068617;0.461718;5.000000;-0.008727;2.000000;0.445000;0.435000;0.461718;
31.555085;0.000000;1.019973;1.068617;0.461718;5.000000;-0.008727;2.000000;0.445000;0.435000;0.461718;
31.555087;0.000000;1.019973;1.068617;0.461718;5.000000;-0.008727;2.000000;0.445000;0.435000;0.461718;
31.555091;0.000000;1.019973;1.068617;0.461718;5.000000;-0.008727;2.000000;0.445000;0.435000;0.461718;
31.555099;0.000000;1.019973;1.068617;0.461717;5.000000;-0.008727;2.000000;0.445000;0.435000;0.461717;
31.555115;0.000000;1.019973;1.068617;0.461717;5.000000;-0.008727;2.000000;0.445000;0.435000;0.461717;
31.555147;0.000000;1.019973;1.068617;0.461717;5.000000;-0.008727;2.000000;0.445000;0.435000;0.461717;
31.555211;0.000000;1.019973;1.068617;0.461716;5.000000;-0.008727;2.000000;0.445000;0.435000;0.461716;
31.555339;0.000000;1.019973;1.068617;0.461714;5.000000;-0.008727;2.000000;0.445000;0.435000;0.461714;
31.555595;0.000000;1.019973;1.068617;0.461711;5.000000;-0.008727;2.000000;0.445000;0.435000;0.461711;
31.555622;0.000000;1.019973;1.068617;0.461711;5.000000;-0.008727;2.000000;0.445000;0.435000;0.461711;
31.555622;0.000000;1.019973;1.068617;0.461711;5.000000;-0.008727;2.000000;0.445000;0.435000;0.461711;
31.555622;0.000000;1.019973;1.068617;0.461711;5.000000;-0.008727;2.000000;0.445000;0.435000;0.461711;
31.556107;0.000000;1.019973;1.068618;0.461705;5.000000;-0.008727;2.000000;0.445000;0.435000;0.461705;
31.557131;0.000000;1.019973;1.068618;0.461692;5.000000;-0.008727;2.000000;0.445000;0.435000;0.461692;
31.559179;0.000000;1.019974;1.068618;0.461667;5.000000;-0.008727;2.000000;0.445000;0.435000;0.461667;
31.563275;0.000000;1.019975;1.068619;0.461619;5.000000;-0.008727;2.000000;0.445000;0.435000;0.461619;
31.571467;0.000000;1.019977;1.068621;0.461525;5.000000;-0.008727;2.000000;0.445000;0.435000;0.461525;
31.587851;0.000000;1.019980;1.068623;0.461355;5.000000;-0.008727;2.000000;0.445000;0.435000;0.461355;
31.620619;0.000000;1.019986;1.068624;0.461096;5.000000;-0.008727;2.000000;0.445000;0.435000;0.461096;
31.686155;0.000000;1.019989;1.068617;0.460921;5.000000;-0.008727;2.000000;0.445000;0.435000;0.460921;
31.778309;0.000000;1.019983;1.068597;0.461225;5.000000;-0.008727;2.000000;0.445000;0.435000;0.461225;
31.778309;0.000000;1.019983;1.068597;0.461225;5.000000;-0.008727;2.000000;0.445000;0.435000;0.461225;
31.778309;0.000000;1.019983;1.068597;0.461225;5.000000;-0.008727;2.000000;0.445000;0.435000;0.461225;
31.780073;0.000000;1.019983;1.068597;0.461237;5.000000;-0.008727;2.000000;0.445000;0.435000;0.461237;
31.780073;0.000000;1.019983;1.068597;0.461237;5.000000;-0.008727;2.000000;0.445000;0.435000;0.461237;
31.780074;0.000000;1.019983;1.068597;0.461237;5.000000;-0.008727;2.000000;0.445000;0.435000;0.461237;
31.780075;0.000000;1.019983;1.068597;0.461237;5.000000;-0.008727;2.000000;0.445000;0.435000;0.461237;
31.780077;0.000000;1.019983;1.068597;0.461237;5.000000;-0.008727;2.000000;0.445000;0.435000;0.461237;
31.780081;0.000000;1.019983;1.068597;0.461237;5.000000;-0.008727;2.000000;0.445000;0.435000;0.461237;
31.780089;0.000000;1.019983;1.068597;0.461237;5.000000;-0.008727;2.000000;0.445000;0.435000;0.461237;
31.780105;0.000000;1.019983;1.068597;0.461237;5.000000;-0.008727;2.000000;0.445000;0.435000;0.461237;
31.780137;0.000000;1.019983;1.068597;0.461237;5.000000;-0.008727;2.000000;0.445000;0.435000;0.461237;
31.780201;0.000000;1.019983;1.068596;0.461238;5.000000;-0.008727;2.000000;0.445000;0.435000;0.461238;
31.780329;0.000000;1.019983;1.068596;0.461239;5.000000;-0.008727;2.000000;0.445000;0.435000;0.461239;
31.780585;0.000000;1.019983;1.068596;0.461241;5.000000;-0.008727;2.000000;0.445000;0.435000;0.461241;
31.781097;0.000000;1.019983;1.068596;0.461245;5.000000;-0.008727;2.000000;0.445000;0.435000;0.461245;
31.782121;0.000000;1.019982;1.068596;0.461254;5.000000;-0.008727;2.000000;0.445000;0.435000;0.461254;
31.784169;0.000000;1.019982;1.068595;0.461271;5.000000;-0.008727;2.000000;0.445000;0.435000;0.461271;
31.788265;0.000000;1.019981;1.068594;0.461307;5.000000;-0.008727;2.000000;0.445000;0.435000;0.461307;
31.796457;0.000000;1.019980;1.068591;0.461381;5.000000;-0.008727;2.000000;0.445000;0.435000;0.461381;
31.812841;0.000000;1.019977;1.068585;0.461544;5.000000;-0.008727;2.000000;0.445000;0.435000;0.461544;
31.845609;0.000000;1.019969;1.068573;0.461905;5.000000;-0.008727;2.000000;0.445000;0.435000;0.461905;
31.911145;0.000000;1.019956;1.068553;0.462644;5.000000;-0.008727;2.000000;0.445000;0.435000;0.462644;
31.953249;0.000000;1.019954;1.068553;0.462806;5.000000;-0.008727;2.000000;0.445000;0.435000;0.462806;
31.953249;0.000000;1.019954;1.068553;0.462806;5.000000;-0.008727;2.000000;0.445000;0.435000;0.462806;
31.953250;0.000000;1.019954;1.068553;0.462806;5.000000;-0.008727;2.000000;0.445000;0.435000;0.462806;
31.953251;0.000000;1.019954;1.068553;0.462806;5.000000;-0.008727;2.000000;0.445000;0.435000;0.462806;
31.953253;0.000000;1.019954;1.068553;0.462806;5.000000;-0.008727;2.000000;0.445000;0.435000;0.462806;
31.953257;0.000000;1.019954;1.068553;0.462806;5.000000;-0.008727;2.000000;0.445000;0.435000;0.462806;
31.953265;0.000000;1.019954;1.068553;0.462806;5.000000;-0.008727;2.000000;0.445000;0.435000;0.462806;
31.953281;0.000000;1.019954;1.068553;0.462806;5.000000;-0.008727;2.000000;0.445000;0.435000;0.462806;
31.953313;0.000000;1.019954;1.068553;0.462807;5.000000;-0.008727;2.000000;0.445000;0.435000;0.462807;
31.953377;0.000000;1.019954;1.068553;0.462807;5.000000;-0.008727;2.000000;0.445000;0.435000;0.462807;
31.953505;0.000000;1.019954;1.068553;0.462808;5.000000;-0.008727;2.000000;0.445000;0.435000;0.462808;
31.953761;0.000000;1.019954;1.068553;0.462811;5.000000;-0.008727;2.000000;0.445000;0.435000;0.462811;
31.954273;0.000000;1.019954;1.068553;0.462816;5.000000;-0.008727;2.000000;0.445000;0.435000;0.462816;
31.955297;0.000000;1.019954;1.068553;0.462825;5.000000;-0.008727;2.000000;0.445000;0.435000;0.462825;
31.955638;0.000000;1.019953;1.068553;0.462828;5.000000;-0.008727;2.000000;0.445000;0.435000;0.462828;
31.955638;0.000000;1.019953;1.068553;0.462828;5.000000;-0.008727;2.000000;0.445000;0.435000;0.462828;
31.955638;0.000000;1.019953;1.068553;0.462828;5.000000;-0.008727;2.000000;0.445000;0.435000;0.462828;
31.957345;0.000000;1.019953;1.068553;0.462843;5.000000;-0.008727;2.000000;0.445000;0.435000;0.462843;
31.961441;0.000000;1.019953;1.068552;0.462880;5.000000;-0.008727;2.000000;0.445000;0.435000;0.462880;
31.969633;0.000000;1.019951;1.068551;0.462951;5.000000;-0.008727;2.000000;0.445000;0.435000;0.462951;
31.986017;0.000000;1.019949;1.068549;0.463083;5.000000;-0.008727;2.000000;0.445000;0.435000;0.463083;
32.018785;0.000000;1.019946;1.068547;0.463294;5.000000;-0.008727;2.000000;0.445000;0.435000;0.463294;
32.084321;0.000000;1.019945;1.068551;0.463483;5.000000;-0.008727;2.000000;0.445000;0.435000;0.463483;
32.215393;0.000000;1.019956;1.068573;0.463129;5.000000;-0.008727;2.000000;0.445000;0.435000;0.463129;
32.477537;0.000000;1.019976;1.068601;0.462050;5.000000;-0.008727;2.000000;0.445000;0.435000;0.462050;
32.739681;0.000000;1.019968;1.068586;0.462137;5.000000;-0.008727;2.000000;0.445000;0.435000;0.462137;
33.001825;0.000000;1.019960;1.068576;0.462505;5.000000;-0.008727;2.000000;0.445000;0.435000;0.462505;
33.526113;0.000000;1.019963;1.068579;0.462444;5.000000;-0.008727;2.000000;0.445000;0.435000;0.462444;
34.050401;0.000000;1.019963;1.068579;0.462421;5.000000;-0.008727;2.000000;0.445000;0.435000;0.462421;
34.999993;0.000000;1.019963;1.068579;0.462422;5.000000;-0.008727;2.000000;0.445000;0.435000;0.462422;
34.999993;0.000000;1.020379;1.068759;0.442206;4.000000;-0.017453;4.000000;0.445000;0.435000;0.442206;
34.999994;0.000000;1.020379;1.068759;0.442206;4.000000;-0.017453;4.000000;0.445000;0.435000;0.442206;
34.999995;0.000000;1.020379;1.068759;0.442206;4.000000;-0.017453;4.000000;0.445000;0.435000;0.442206;
34.999997;0.000000;1.020379;1.068759;0.442206;4.000000;-0.017453;4.000000;0.445000;0.435000;0.442206;
35.000001;0.000000;1.020379;1.068759;0.442207;4.000000;-0.017453;4.000000;0.445000;0.435000;0.442207;
35.000009;0.000000;1.020379;1.068759;0.442208;4.000000;-0.017453;4.000000;0.445000;0.435000;0.442208;
35.000025;0.000000;1.020379;1.068759;0.442210;4.000000;-0.017453;4.000000;0.445000;0.435000;0.442210;
35.000057;0.000000;1.020379;1.068759;0.442215;4.000000;-0.017453;4.000000;0.445000;0.435000;0.442215;
35.000121;0.000000;1.020379;1.068758;0.442224;4.000000;-0.017453;4.000000;0.445000;0.435000;0.442224;
35.000249;0.000000;1.020378;1.068758;0.442242;4.000000;-0.017453;4.000000;0.445000;0.435000;0.442242;
35.000505;0.000000;1.020377;1.068757;0.442277;4.000000;-0.017453;4.000000;0.445000;0.435000;0.442277;
35.001017;0.000000;1.020375;1.068755;0.442348;4.000000;-0.017453;4.000000;0.445000;0.435000;0.442348;
35.002041;0.000000;1.020372;1.068751;0.442485;4.000000;-0.017453;4.000000;0.445000;0.435000;0.442485;
35.004089;0.000000;1.020365;1.068744;0.442744;4.000000;-0.017453;4.000000;0.445000;0.435000;0.442744;
35.008185;0.000000;1.020353;1.068731;0.443213;4.000000;-0.017453;4.000000;0.445000;0.435000;0.443213;
35.016377;0.000000;1.020332;1.068706;0.443997;4.000000;-0.017453;4.000000;0.445000;0.435000;0.443997;
35.029389;0.000000;1.020305;1.068671;0.445000;4.000000;-0.017453;4.000000;0.445000;0.435000;0.445000;
35.029389;0.000000;1.020305;1.068671;0.445000;4.000000;-0.017453;3.000000;0.445000;0.435000;0.445000;
35.032761;0.000000;1.020299;1.068663;0.445212;4.000000;-0.017453;3.000000;0.445000;0.435000;0.445212;
35.049145;0.000000;1.020271;1.068624;0.446169;4.000000;-0.017453;3.000000;0.445000;0.435000;0.446169;
35.081913;0.000000;1.020214;1.068548;0.448074;4.000000;-0.017453;3.000000;0.445000;0.435000;0.448074;
35.114681;0.000000;1.020151;1.068474;0.450235;4.000000;-0.017453;3.000000;0.445000;0.435000;0.450235;
35.147449;0.000000;1.020084;1.068404;0.452576;4.000000;-0.017453;3.000000;0.445000;0.435000;0.452576;
35.212985;0.000000;1.019974;1.068319;0.456572;4.000000;-0.017453;3.000000;0.445000;0.435000;0.456572;
35.296053;0.000000;1.019904;1.068305;0.459203;4.000000;-0.017453;3.000000;0.445000;0.435000;0.459203;
35.379121;0.000000;1.019893;1.068341;0.459704;4.000000;-0.017453;3.000000;0.445000;0.435000;0.459704;
35.462190;0.000000;1.019918;1.068402;0.458877;4.000000;-0.017453;3.000000;0.445000;0.435000;0.458878;
35.513856;0.000000;1.019943;1.068440;0.458009;4.000000;-0.017453;3.000000;0.445000;0.435000;0.458010;
35.513856;0.000000;1.019943;1.068440;0.458009;4.000000;-0.017453;3.000000;0.445000;0.435000;0.458010;
35.513856;0.000000;1.019943;1.068440;0.458009;4.000000;-0.017453;3.000000;0.445000;0.435000;0.458010;
35.514157;0.000000;1.019943;1.068440;0.458004;4.000000;-0.017453;3.000000;0.445000;0.435000;0.458004;
35.514157;0.000000;1.019943;1.068439;0.458004;4.000000;-0.017453;3.000000;0.445000;0.435000;0.458003;
35.514158;0.000000;1.019943;1.068439;0.458004;4.000000;-0.017453;3.000000;0.445000;0.435000;0.458004;
35.514159;0.000000;1.019943;1.068439;0.458004;4.000000;-0.017453;3.000000;0.445000;0.435000;0.458004;
35.514161;0.000000;1.019943;1.068439;0.458004;4.000000;-0.017453;3.000000;0.445000;0.435000;0.458004;
35.514165;0.000000;1.019943;1.068439;0.458004;4.000000;-0.017453;3.000000;0.445000;0.435000;0.458004;
35.514173;0.000000;1.019943;1.068439;0.458003;4.000000;-0.017453;3.000000;0.445000;0.435000;0.458003;
35.514189;0.000000;1.019943;1.068439;0.458003;4.000000;-0.017453;3.000000;0.445000;0.435000;0.458003;
35.514221;0.000000;1.019943;1.068439;0.458003;4.000000;-0.017453;3.000000;0.445000;0.435000;0.458003;
35.514285;0.000000;1.019943;1.068439;0.458002;4.000000;-0.017453;3.000000;0.445000;0.435000;0.458002;
35.514413;0.000000;1.019943;1.068440;0.458000;4.000000;-0.017453;3.000000;0.445000;0.435000;0.458000;
35.514669;0.000000;1.019943;1.068440;0.457996;4.000000;-0.017453;3.000000;0.445000;0.435000;0.457996;
35.515181;0.000000;1.019944;1.068440;0.457989;4.000000;-0.017453;3.000000;0.445000;0.435000;0.457989;
35.516205;0.000000;1.019944;1.068441;0.457974;4.000000;-0.017453;3.000000;0.445000;0.435000;0.457974;
35.518253;0.000000;1.019945;1.068443;0.457943;4.000000;-0.017453;3.000000;0.445000;0.435000;0.457943;
35.522349;0.000000;1.019947;1.068446;0.457879;4.000000;-0.017453;3.000000;0.445000;0.435000;0.457879;
35.530541;0.000000;1.019951;1.068453;0.457743;4.000000;-0.017453;3.000000;0.445000;0.435000;0.457743;
35.546925;0.000000;1.019960;1.068467;0.457440;4.000000;-0.017453;3.000000;0.445000;0.435000;0.457440;
35.579693;0.000000;1.019980;1.068495;0.456740;4.000000;-0.017453;3.000000;0.445000;0.435000;0.456740;
35.645229;0.000000;1.020023;1.068544;0.455214;4.000000;-0.017453;3.000000;0.445000;0.435000;0.455214;
35.752220;0.000000;1.020056;1.068557;0.454111;4.000000;-0.017453;3.000000;0.445000;0.435000;0.454111;
35.752220;0.000000;1.020056;1.068557;0.454111;4.000000;-0.017453;3.000000;0.445000;0.435000;0.454111;
35.752221;0.000000;1.020056;1.068557;0.454111;4.000000;-0.017453;3.000000;0.445000;0.435000;0.454111;
35.752222;0.000000;1.020056;1.068557;0.454111;4.000000;-0.017453;3.000000;0.445000;0.435000;0.454111;
35.752224;0.000000;1.020056;1.068557;0.454111;4.000000;-0.017453;3.000000;0.445000;0.435000;0.454111;
35.752228;0.000000;1.020056;1.068557;0.454111;4.000000;-0.017453;3.000000;0.445000;0.435000;0.454111;
35.752236;0.000000;1.020056;1.068557;0.454110;4.000000;-0.017453;3.000000;0.445000;0.435000;0.454110;
35.752252;0.000000;1.020056;1.068557;0.454110;4.000000;-0.017453;3.000000;0.445000;0.435000;0.454110;
35.752284;0.000000;1.020056;1.068557;0.454110;4.000000;-0.017453;3.000000;0.445000;0.435000;0.454110;
35.752348;0.000000;1.020056;1.068557;0.454109;4.000000;-0.017453;3.000000;0.445000;0.435000;0.454109;
35.752476;0.000000;1.020056;1.068557;0.454107;4.000000;-0.017453;3.000000;0.445000;0.435000;0.454107;
35.752607;0.000000;1.020056;1.068557;0.454106;4.000000;-0.017453;3.000000;0.445000;0.435000;0.454106;
35.752607;0.000000;1.020056;1.068557;0.454106;4.000000;-0.017453;3.000000;0.445000;0.435000;0.454106;
35.752607;0.000000;1.020056;1.068557;0.454106;4.000000;-0.017453;3.000000;0.445000;0.435000;0.454106;
35.752732;0.000000;1.020056;1.068557;0.454104;4.000000;-0.017453;3.000000;0.445000;0.435000;0.454104;
35.753244;0.000000;1.020056;1.068557;0.454097;4.000000;-0.017453;3.000000;0.445000;0.435000;0.454097;
35.754268;0.000000;1.020057;1.068558;0.454084;4.000000;-0.017453;3.000000;0.445000;0.435000;0.454084;
35.756316;0.000000;1.020057;1.068558;0.454058;4.000000;-0.017453;3.000000;0.445000;0.435000;0.454058;
35.760412;0.000000;1.020059;1.068559;0.454007;4.000000;-0.017453;3.000000;0.445000;0.435000;0.454007;
35.768604;0.000000;1.020062;1.068560;0.453911;4.000000;-0.017453;3.000000;0.445000;0.435000;0.453911;
35.784988;0.000000;1.020067;1.068562;0.453741;4.000000;-0.017453;3.000000;0.445000;0.435000;0.453741;
35.817756;0.000000;1.020075;1.068563;0.453499;4.000000;-0.017453;3.000000;0.445000;0.435000;0.453499;
35.869774;0.000000;1.020079;1.068556;0.453389;4.000000;-0.017453;3.000000;0.445000;0.435000;0.453389;
35.869774;0.000000;1.020079;1.068556;0.453389;4.000000;-0.017453;3.000000;0.445000;0.435000;0.453389;
35.869774;0.000000;1.020079;1.068556;0.453389;4.000000;-0.017453;3.000000;0.445000;0.435000;0.453389;
35.874789;0.000000;1.020079;1.068554;0.453396;4.000000;-0.017453;3.000000;0.445000;0.435000;0.453396;
35.874789;0.000000;1.020079;1.068554;0.453396;4.000000;-0.017453;3.000000;0.445000;0.435000;0.453396;
35.874790;0.000000;1.020079;1.068554;0.453396;4.000000;-0.017453;3.000000;0.445000;0.435000;0.453396;
35.874791;0.000000;1.020079;1.068554;0.453396;4.000000;-0.017453;3.000000;0.445000;0.435000;0.453396;
35.874793;0.000000;1.020079;1.068554;0.453396;4.000000;-0.017453;3.000000;0.445000;0.435000;0.453396;
35.874797;0.000000;1.020079;1.068554;0.453396;4.000000;-0.017453;3.000000;0.445000;0.435000;0.453396;
35.874805;0.000000;1.020079;1.068554;0.453396;4.000000;-0.017453;3.000000;0.445000;0.435000;0.453396;
35.874821;0.000000;1.020079;1.068554;0.453396;4.000000;-0.017453;3.000000;0.445000;0.435000;0.453396;
35.874853;0.000000;1.020079;1.068554;0.453396;4.000000;-0.017453;3.000000;0.445000;0.435000;0.453396;
35.874917;0.000000;1.020079;1.068554;0.453396;4.000000;-0.017453;3.000000;0.445000;0.435000;0.453396;
35.875045;0.000000;1.020079;1.068554;0.453396;4.000000;-0.017453;3.000000;0.445000;0.435000;0.453396;
35.875301;0.000000;1.020079;1.068554;0.453396;4.000000;-0.017453;3.000000;0.445000;0.435000;0.453396;
35.875813;0.000000;1.020079;1.068554;0.453397;4.000000;-0.017453;3.000000;0.445000;0.435000;0.453397;
35.876837;0.000000;1.020079;1.068554;0.453399;4.000000;-0.017453;3.000000;0.445000;0.435000;0.453399;
35.878885;0.000000;1.020079;1.068553;0.453404;4.000000;-0.017453;3.000000;0.445000;0.435000;0.453404;
35.882981;0.000000;1.020079;1.068552;0.453414;4.000000;-0.017453;3.000000;0.445000;0.435000;0.453414;
35.891173;0.000000;1.020079;1.068550;0.453440;4.000000;-0.017453;3.000000;0.445000;0.435000;0.453440;
35.907557;0.000000;1.020077;1.068544;0.453518;4.000000;-0.017453;3.000000;0.445000;0.435000;0.453518;
35.938204;0.000000;1.020073;1.068533;0.453739;4.000000;-0.017453;3.000000;0.445000;0.435000;0.453739;
35.938204;0.000000;1.020073;1.068533;0.453739;4.000000;-0.017453;3.000000;0.445000;0.435000;0.453739;
35.938205;0.000000;1.020073;1.068533;0.453739;4.000000;-0.017453;3.000000;0.445000;0.435000;0.453739;
35.938206;0.000000;1.020073;1.068533;0.453739;4.000000;-0.017453;3.000000;0.445000;0.435000;0.453739;
35.938208;0.000000;1.020073;1.068533;0.453739;4.000000;-0.017453;3.000000;0.445000;0.435000;0.453739;
35.938212;0.000000;1.020073;1.068533;0.453739;4.000000;-0.017453;3.000000;0.445000;0.435000;0.453739;
35.938220;0.000000;1.020073;1.068533;0.453739;4.000000;-0.017453;3.000000;0.445000;0.435000;0.453739;
35.938236;0.000000;1.020073;1.068533;0.453739;4.000000;-0.017453;3.000000;0.445000;0.435000;0.453739;
35.938268;0.000000;1.020073;1.068533;0.453739;4.000000;-0.017453;3.000000;0.445000;0.435000;0.453739;
35.938332;0.000000;1.020073;1.068533;0.453740;4.000000;-0.017453;3.000000;0.445000;0.435000;0.453740;
35.938460;0.000000;1.020073;1.068533;0.453741;4.000000;-0.017453;3.000000;0.445000;0.435000;0.453741;
35.938716;0.000000;1.020073;1.068533;0.453743;4.000000;-0.017453;3.000000;0.445000;0.435000;0.453743;
35.939228;0.000000;1.020072;1.068533;0.453748;4.000000;-0.017453;3.000000;0.445000;0.435000;0.453748;
35.940252;0.000000;1.020072;1.068532;0.453757;4.000000;-0.017453;3.000000;0.445000;0.435000;0.453757;
35.942300;0.000000;1.020072;1.068531;0.453776;4.000000;-0.017453;3.000000;0.445000;0.435000;0.453776;
35.942660;0.000000;1.020072;1.068531;0.453779;4.000000;-0.017453;3.000000;0.445000;0.435000;0.453779;
35.942660;0.000000;1.020072;1.068531;0.453779;4.000000;-0.017453;3.000000;0.445000;0.435000;0.453779;
35.942660;0.000000;1.020072;1.068531;0.453779;4.000000;-0.017453;3.000000;0.445000;0.435000;0.453779;
35.946396;0.000000;1.020071;1.068530;0.453815;4.000000;-0.017453;3.000000;0.445000;0.435000;0.453815;
35.954588;0.000000;1.020069;1.068526;0.453897;4.000000;-0.017453;3.000000;0.445000;0.435000;0.453897;
35.970972;0.000000;1.020065;1.068519;0.454076;4.000000;-0.017453;3.000000;0.445000;0.435000;0.454076;
36.003740;0.000000;1.020056;1.068505;0.454476;4.000000;-0.017453;3.000000;0.445000;0.435000;0.454476;
36.069276;0.000000;1.020035;1.068482;0.455310;4.000000;-0.017453;3.000000;0.445000;0.435000;0.455310;
36.200348;0.000000;1.020017;1.068478;0.455956;4.000000;-0.017453;3.000000;0.445000;0.435000;0.455956;
36.331420;0.000000;1.020016;1.068492;0.455820;4.000000;-0.017453;3.000000;0.445000;0.435000;0.455820;
36.593564;0.000000;1.020025;1.068509;0.455296;4.000000;-0.017453;3.000000;0.445000;0.435000;0.455296;
37.117852;0.000000;1.020029;1.068510;0.455169;4.000000;-0.017453;3.000000;0.445000;0.435000;0.455169;
37.642140;0.000000;1.020029;1.068509;0.455197;4.000000;-0.017453;3.000000;0.445000;0.435000;0.455197;
38.690716;0.000000;1.020029;1.068509;0.455205;4.000000;-0.017453;3.000000;0.445000;0.435000;0.455205;
40.787868;0.000000;1.020029;1.068509;0.455205;4.000000;-0.017453;3.000000;0.445000;0.435000;0.455205;
44.982172;0.000000;1.020029;1.068509;0.455204;4.000000;-0.017453;3.000000;0.445000;0.435000;0.455204;
45.029387;0.000000;1.020029;1.068509;0.455204;4.000000;-0.017453;3.000000;0.445000;0.435000;0.455204;
45.029387;0.000000;1.020441;1.068682;0.434982;3.000000;-0.026180;5.000000;0.445000;0.435000;0.434982;
45.029388;0.000000;1.020441;1.068682;0.434982;3.000000;-0.026180;5.000000;0.445000;0.435000;0.434982;
45.029389;0.000000;1.020441;1.068682;0.434982;3.000000;-0.026180;5.000000;0.445000;0.435000;0.434982;
45.029391;0.000000;1.020441;1.068682;0.434983;3.000000;-0.026180;5.000000;0.445000;0.435000;0.434983;
45.029395;0.000000;1.020441;1.068682;0.434983;3.000000;-0.026180;5.000000;0.445000;0.435000;0.434983;
45.029403;0.000000;1.020441;1.068682;0.434984;3.000000;-0.026180;5.000000;0.445000;0.435000;0.434984;
45.029419;0.000000;1.020441;1.068682;0.434987;3.000000;-0.026180;5.000000;0.445000;0.435000;0.434987;
45.029451;0.000000;1.020441;1.068682;0.434991;3.000000;-0.026180;5.000000;0.445000;0.435000;0.434991;
45.029513;0.000000;1.020440;1.068681;0.435000;3.000000;-0.026180;5.000000;0.445000;0.435000;0.435000;
45.029513;0.000000;1.020440;1.068681;0.435000;3.000000;-0.026180;4.000000;0.445000;0.435000;0.435000;
45.029515;0.000000;1.020440;1.068681;0.435000;3.000000;-0.026180;4.000000;0.445000;0.435000;0.435000;
45.029643;0.000000;1.020440;1.068681;0.435018;3.000000;-0.026180;4.000000;0.445000;0.435000;0.435018;
45.029899;0.000000;1.020439;1.068680;0.435054;3.000000;-0.026180;4.000000;0.445000;0.435000;0.435054;
45.030411;0.000000;1.020437;1.068678;0.435124;3.000000;-0.026180;4.000000;0.445000;0.435000;0.435124;
45.031435;0.000000;1.020434;1.068674;0.435261;3.000000;-0.026180;4.000000;0.445000;0.435000;0.435261;
45.033483;0.000000;1.020427;1.068667;0.435521;3.000000;-0.026180;4.000000;0.445000;0.435000;0.435521;
45.037579;0.000000;1.020415;1.068654;0.435990;3.000000;-0.026180;4.000000;0.445000;0.435000;0.435990;
45.045771;0.000000;1.020394;1.068629;0.436774;3.000000;-0.026180;4.000000;0.445000;0.435000;0.436774;
45.062155;0.000000;1.020361;1.068585;0.437990;3.000000;-0.026180;4.000000;0.445000;0.435000;0.437990;
45.078539;0.000000;1.020332;1.068547;0.438948;3.000000;-0.026180;4.000000;0.445000;0.435000;0.438948;
45.111307;0.000000;1.020276;1.068471;0.440856;3.000000;-0.026180;4.000000;0.445000;0.435000;0.440856;
45.144075;0.000000;1.020213;1.068398;0.443021;3.000000;-0.026180;4.000000;0.445000;0.435000;0.443021;
45.171725;0.000000;1.020156;1.068339;0.445000;3.000000;-0.026180;4.000000;0.445000;0.435000;0.445000;
45.171725;0.000000;1.020156;1.068339;0.445000;3.000000;-0.026180;3.000000;0.445000;0.435000;0.445000;
45.176843;0.000000;1.020146;1.068328;0.445367;3.000000;-0.026180;3.000000;0.445000;0.435000;0.445367;
45.242379;0.000000;1.020036;1.068244;0.449370;3.000000;-0.026180;3.000000;0.445000;0.435000;0.449370;
45.325602;0.000000;1.019966;1.068230;0.452006;3.000000;-0.026180;3.000000;0.445000;0.435000;0.452006;
45.408826;0.000000;1.019956;1.068266;0.452503;3.000000;-0.026180;3.000000;0.445000;0.435000;0.452504;
45.492049;0.000000;1.019981;1.068329;0.451670;3.000000;-0.026180;3.000000;0.445000;0.435000;0.451670;
45.550456;0.000000;1.020010;1.068372;0.450686;3.000000;-0.026180;3.000000;0.445000;0.435000;0.450687;
45.550456;0.000000;1.020010;1.068372;0.450686;3.000000;-0.026180;3.000000;0.445000;0.435000;0.450687;
45.550456;0.000000;1.020010;1.068372;0.450686;3.000000;-0.026180;3.000000;0.445000;0.435000;0.450687;
45.550759;0.000000;1.020010;1.068372;0.450681;3.000000;-0.026180;3.000000;0.445000;0.435000;0.450682;
45.550759;0.000000;1.020010;1.068371;0.450681;3.000000;-0.026180;3.000000;0.445000;0.435000;0.450681;
45.550760;0.000000;1.020010;1.068371;0.450681;3.000000;-0.026180;3.000000;0.445000;0.435000;0.450681;
45.550761;0.000000;1.020010;1.068371;0.450681;3.000000;-0.026180;3.000000;0.445000;0.435000;0.450681;
45.550763;0.000000;1.020010;1.068371;0.450681;3.000000;-0.026180;3.000000;0.445000;0.435000;0.450681;
45.550767;0.000000;1.020010;1.068371;0.450681;3.000000;-0.026180;3.000000;0.445000;0.435000;0.450681;
45.550775;0.000000;1.020010;1.068371;0.450681;3.000000;-0.026180;3.000000;0.445000;0.435000;0.450681;
45.550791;0.000000;1.020010;1.068371;0.450680;3.000000;-0.026180;3.000000;0.445000;0.435000;0.450680;
45.550823;0.000000;1.020010;1.068371;0.450680;3.000000;-0.026180;3.000000;0.445000;0.435000;0.450680;
45.550887;0.000000;1.020010;1.068371;0.450679;3.000000;-0.026180;3.000000;0.445000;0.435000;0.450679;
45.551015;0.000000;1.020010;1.068371;0.450677;3.000000;-0.026180;3.000000;0.445000;0.435000;0.450677;
45.551271;0.000000;1.020010;1.068371;0.450673;3.000000;-0.026180;3.000000;0.445000;0.435000;0.450673;
45.551783;0.000000;1.020010;1.068372;0.450665;3.000000;-0.026180;3.000000;0.445000;0.435000;0.450665;
45.552807;0.000000;1.020010;1.068373;0.450649;3.000000;-0.026180;3.000000;0.445000;0.435000;0.450649;
45.554855;0.000000;1.020011;1.068374;0.450617;3.000000;-0.026180;3.000000;0.445000;0.435000;0.450617;
45.558951;0.000000;1.020013;1.068378;0.450550;3.000000;-0.026180;3.000000;0.445000;0.435000;0.450550;
45.567143;0.000000;1.020017;1.068384;0.450408;3.000000;-0.026180;3.000000;0.445000;0.435000;0.450408;
45.583527;0.000000;1.020026;1.068398;0.450096;3.000000;-0.026180;3.000000;0.445000;0.435000;0.450096;
45.616295;0.000000;1.020047;1.068426;0.449387;3.000000;-0.026180;3.000000;0.445000;0.435000;0.449387;
45.681831;0.000000;1.020090;1.068474;0.447875;3.000000;-0.026180;3.000000;0.445000;0.435000;0.447875;
45.774675;0.000000;1.020116;1.068483;0.446992;3.000000;-0.026180;3.000000;0.445000;0.435000;0.446992;
45.774675;0.000000;1.020116;1.068483;0.446992;3.000000;-0.026180;3.000000;0.445000;0.435000;0.446992;
45.774676;0.000000;1.020116;1.068483;0.446992;3.000000;-0.026180;3.000000;0.445000;0.435000;0.446992;
45.774677;0.000000;1.020116;1.068483;0.446992;3.000000;-0.026180;3.000000;0.445000;0.435000;0.446992;
45.774679;0.000000;1.020116;1.068483;0.446992;3.000000;-0.026180;3.000000;0.445000;0.435000;0.446992;
45.774683;0.000000;1.020116;1.068483;0.446992;3.000000;-0.026180;3.000000;0.445000;0.435000;0.446992;
45.774691;0.000000;1.020116;1.068483;0.446992;3.000000;-0.026180;3.000000;0.445000;0.435000;0.446992;
45.774707;0.000000;1.020116;1.068483;0.446991;3.000000;-0.026180;3.000000;0.445000;0.435000;0.446991;
45.774739;0.000000;1.020116;1.068483;0.446991;3.000000;-0.026180;3.000000;0.445000;0.435000;0.446991;
45.774803;0.000000;1.020116;1.068483;0.446990;3.000000;-0.026180;3.000000;0.445000;0.435000;0.446990;
45.774931;0.000000;1.020116;1.068483;0.446988;3.000000;-0.026180;3.000000;0.445000;0.435000;0.446988;
45.775086;0.000000;1.020117;1.068483;0.446986;3.000000;-0.026180;3.000000;0.445000;0.435000;0.446986;
45.775086;0.000000;1.020117;1.068483;0.446986;3.000000;-0.026180;3.000000;0.445000;0.435000;0.446986;
45.775086;0.000000;1.020117;1.068483;0.446986;3.000000;-0.026180;3.000000;0.445000;0.435000;0.446986;
45.775187;0.000000;1.020117;1.068483;0.446985;3.000000;-0.026180;3.000000;0.445000;0.435000;0.446985;
45.775699;0.000000;1.020117;1.068483;0.446978;3.000000;-0.026180;3.000000;0.445000;0.435000;0.446978;
45.776723;0.000000;1.020117;1.068484;0.446964;3.000000;-0.026180;3.000000;0.445000;0.435000;0.446964;
45.778771;0.000000;1.020118;1.068484;0.446936;3.000000;-0.026180;3.000000;0.445000;0.435000;0.446936;
45.782867;0.000000;1.020120;1.068485;0.446881;3.000000;-0.026180;3.000000;0.445000;0.435000;0.446881;
45.791059;0.000000;1.020123;1.068487;0.446777;3.000000;-0.026180;3.000000;0.445000;0.435000;0.446777;
45.807443;0.000000;1.020128;1.068489;0.446591;3.000000;-0.026180;3.000000;0.445000;0.435000;0.446591;
45.840211;0.000000;1.020137;1.068491;0.446316;3.000000;-0.026180;3.000000;0.445000;0.435000;0.446316;
45.905747;0.000000;1.020143;1.068482;0.446170;3.000000;-0.026180;3.000000;0.445000;0.435000;0.446170;
46.036819;0.000000;1.020126;1.068443;0.446968;3.000000;-0.026180;3.000000;0.445000;0.435000;0.446968;
46.167891;0.000000;1.020093;1.068406;0.448301;3.000000;-0.026180;3.000000;0.445000;0.435000;0.448301;
46.298963;0.000000;1.020070;1.068396;0.449118;3.000000;-0.026180;3.000000;0.445000;0.435000;0.449117;
46.430035;0.000000;1.020069;1.068415;0.449000;3.000000;-0.026180;3.000000;0.445000;0.435000;0.449000;
46.692179;0.000000;1.020088;1.068449;0.447949;3.000000;-0.026180;3.000000;0.445000;0.435000;0.447949;
46.954323;0.000000;1.020095;1.068445;0.447756;3.000000;-0.026180;3.000000;0.445000;0.435000;0.447756;
47.216467;0.000000;1.020092;1.068435;0.448032;3.000000;-0.026180;3.000000;0.445000;0.435000;0.448032;
47.740755;0.000000;1.020092;1.068436;0.448017;3.000000;-0.026180;3.000000;0.445000;0.435000;0.448017;
48.265043;0.000000;1.020092;1.068437;0.448002;3.000000;-0.026180;3.000000;0.445000;0.435000;0.448002;
49.313619;0.000000;1.020092;1.068437;0.448001;3.000000;-0.026180;3.000000;0.445000;0.435000;0.448001;
51.410771;0.000000;1.020092;1.068437;0.448001;3.000000;-0.026180;3.000000;0.445000;0.435000;0.448001;
55.171723;0.000000;1.020092;1.068437;0.448001;3.000000;-0.026180;3.000000;0.445000;0.435000;0.448001;
55.171723;0.000000;1.020500;1.068603;0.427773;2.000000;-0.034907;5.000000;0.445000;0.435000;0.427772;
55.171724;0.000000;1.020500;1.068602;0.427773;2.000000;-0.034907;5.000000;0.445000;0.435000;0.427773;
55.171725;0.000000;1.020500;1.068602;0.427773;2.000000;-0.034907;5.000000;0.445000;0.435000;0.427773;
55.171727;0.000000;1.020500;1.068602;0.427773;2.000000;-0.034907;5.000000;0.445000;0.435000;0.427773;
55.171731;0.000000;1.020500;1.068602;0.427774;2.000000;-0.034907;5.000000;0.445000;0.435000;0.427774;
55.171739;0.000000;1.020500;1.068602;0.427775;2.000000;-0.034907;5.000000;0.445000;0.435000;0.427775;
55.171755;0.000000;1.020500;1.068602;0.427777;2.000000;-0.034907;5.000000;0.445000;0.435000;0.427777;
55.171787;0.000000;1.020500;1.068602;0.427782;2.000000;-0.034907;5.000000;0.445000;0.435000;0.427782;
55.171851;0.000000;1.020500;1.068602;0.427791;2.000000;-0.034907;5.000000;0.445000;0.435000;0.427791;
55.171979;0.000000;1.020499;1.068601;0.427809;2.000000;-0.034907;5.000000;0.445000;0.435000;0.427809;
55.172235;0.000000;1.020498;1.068600;0.427845;2.000000;-0.034907;5.000000;0.445000;0.435000;0.427845;
55.172747;0.000000;1.020496;1.068598;0.427915;2.000000;-0.034907;5.000000;0.445000;0.435000;0.427915;
55.173771;0.000000;1.020493;1.068595;0.428052;2.000000;-0.034907;5.000000;0.445000;0.435000;0.428052;
55.175819;0.000000;1.020486;1.068587;0.428312;2.000000;-0.034907;5.000000;0.445000;0.435000;0.428312;
55.179915;0.000000;1.020474;1.068574;0.428781;2.000000;-0.034907;5.000000;0.445000;0.435000;0.428781;
55.188107;0.000000;1.020453;1.068549;0.429566;2.000000;-0.034907;5.000000;0.445000;0.435000;0.429566;
55.204491;0.000000;1.020420;1.068505;0.430783;2.000000;-0.034907;5.000000;0.445000;0.435000;0.430783;
55.220875;0.000000;1.020391;1.068467;0.431742;2.000000;-0.034907;5.000000;0.445000;0.435000;0.431742;
55.253643;0.000000;1.020335;1.068391;0.433653;2.000000;-0.034907;5.000000;0.445000;0.435000;0.433653;
55.273989;0.000000;1.020296;1.068346;0.435000;2.000000;-0.034907;5.000000;0.445000;0.435000;0.435000;
55.273989;0.000000;1.020296;1.068346;0.435000;2.000000;-0.034907;4.000000;0.445000;0.435000;0.435000;
55.286411;0.000000;1.020272;1.068318;0.435822;2.000000;-0.034907;4.000000;0.445000;0.435000;0.435822;
55.319179;0.000000;1.020205;1.068249;0.438172;2.000000;-0.034907;4.000000;0.445000;0.435000;0.438172;
55.384715;0.000000;1.020096;1.068165;0.442182;2.000000;-0.034907;4.000000;0.445000;0.435000;0.442182;
55.468091;0.000000;1.020026;1.068152;0.444825;2.000000;-0.034907;4.000000;0.445000;0.435000;0.444825;
55.497682;0.000000;1.020022;1.068165;0.445000;2.000000;-0.034907;4.000000;0.445000;0.435000;0.445000;
55.497682;0.000000;1.020022;1.068165;0.445000;2.000000;-0.034907;3.000000;0.445000;0.435000;0.445000;
55.551466;0.000000;1.020016;1.068189;0.445318;2.000000;-0.034907;3.000000;0.445000;0.435000;0.445319;
55.583091;0.000000;1.020025;1.068213;0.445000;2.000000;-0.034907;3.000000;0.445000;0.435000;0.445000;
55.583091;0.000000;1.020025;1.068213;0.445000;2.000000;-0.034907;4.000000;0.445000;0.435000;0.445000;
55.634842;0.000000;1.020041;1.068252;0.444478;2.000000;-0.034907;4.000000;0.445000;0.435000;0.444479;
55.699985;0.000000;1.020073;1.068300;0.443379;2.000000;-0.034907;4.000000;0.445000;0.435000;0.443379;
55.699985;0.000000;1.020073;1.068300;0.443379;2.000000;-0.034907;4.000000;0.445000;0.435000;0.443379;
55.699985;0.000000;1.020073;1.068300;0.443379;2.000000;-0.034907;4.000000;0.445000;0.435000;0.443379;
55.700290;0.000000;1.020073;1.068301;0.443374;2.000000;-0.034907;4.000000;0.445000;0.435000;0.443374;
55.700290;0.000000;1.020073;1.068300;0.443373;2.000000;-0.034907;4.000000;0.445000;0.435000;0.443373;
55.700291;0.000000;1.020073;1.068300;0.443373;2.000000;-0.034907;4.000000;0.445000;0.435000;0.443373;
55.700292;0.000000;1.020073;1.068300;0.443373;2.000000;-0.034907;4.000000;0.445000;0.435000;0.443373;
55.700294;0.000000;1.020073;1.068300;0.443373;2.000000;-0.034907;4.000000;0.445000;0.435000;0.443374;
55.700298;0.000000;1.020073;1.068300;0.443373;2.000000;-0.034907;4.000000;0.445000;0.435000;0.443373;
55.700306;0.000000;1.020073;1.068300;0.443373;2.000000;-0.034907;4.000000;0.445000;0.435000;0.443373;
55.700322;0.000000;1.020073;1.068300;0.443373;2.000000;-0.034907;4.000000;0.445000;0.435000;0.443373;
55.700354;0.000000;1.020073;1.068300;0.443372;2.000000;-0.034907;4.000000;0.445000;0.435000;0.443372;
55.700418;0.000000;1.020073;1.068300;0.443371;2.000000;-0.034907;4.000000;0.445000;0.435000;0.443371;
55.700546;0.000000;1.020073;1.068300;0.443369;2.000000;-0.034907;4.000000;0.445000;0.435000;0.443369;
55.700802;0.000000;1.020073;1.068300;0.443365;2.000000;-0.034907;4.000000;0.445000;0.435000;0.443365;
55.701314;0.000000;1.020074;1.068301;0.443357;2.000000;-0.034907;4.000000;0.445000;0.435000;0.443357;
55.702338;0.000000;1.020074;1.068301;0.443340;2.000000;-0.034907;4.000000;0.445000;0.435000;0.443340;
55.704386;0.000000;1.020075;1.068303;0.443306;2.000000;-0.034907;4.000000;0.445000;0.435000;0.443306;
55.708482;0.000000;1.020077;1.068306;0.443236;2.000000;-0.034907;4.000000;0.445000;0.435000;0.443236;
55.716674;0.000000;1.020081;1.068313;0.443089;2.000000;-0.034907;4.000000;0.445000;0.435000;0.443089;
55.733058;0.000000;1.020091;1.068327;0.442768;2.000000;-0.034907;4.000000;0.445000;0.435000;0.442768;
55.765826;0.000000;1.020111;1.068355;0.442049;2.000000;-0.034907;4.000000;0.445000;0.435000;0.442049;
55.831362;0.000000;1.020153;1.068401;0.440552;2.000000;-0.034907;4.000000;0.445000;0.435000;0.440552;
55.910625;0.000000;1.020175;1.068407;0.439861;2.000000;-0.034907;4.000000;0.445000;0.435000;0.439861;
55.910625;0.000000;1.020175;1.068407;0.439861;2.000000;-0.034907;4.000000;0.445000;0.435000;0.439861;
55.910626;0.000000;1.020175;1.068407;0.439861;2.000000;-0.034907;4.000000;0.445000;0.435000;0.439861;
55.910627;0.000000;1.020175;1.068407;0.439861;2.000000;-0.034907;4.000000;0.445000;0.435000;0.439861;
55.910629;0.000000;1.020175;1.068407;0.439861;2.000000;-0.034907;4.000000;0.445000;0.435000;0.439861;
55.910633;0.000000;1.020175;1.068407;0.439861;2.000000;-0.034907;4.000000;0.445000;0.435000;0.439861;
55.910641;0.000000;1.020175;1.068407;0.439861;2.000000;-0.034907;4.000000;0.445000;0.435000;0.439861;
55.910657;0.000000;1.020175;1.068407;0.439861;2.000000;-0.034907;4.000000;0.445000;0.435000;0.439861;
55.910689;0.000000;1.020175;1.068407;0.439860;2.000000;-0.034907;4.000000;0.445000;0.435000;0.439860;
55.910753;0.000000;1.020175;1.068407;0.439859;2.000000;-0.034907;4.000000;0.445000;0.435000;0.439859;
55.910881;0.000000;1.020175;1.068407;0.439858;2.000000;-0.034907;4.000000;0.445000;0.435000;0.439858;
55.911053;0.000000;1.020175;1.068407;0.439855;2.000000;-0.034907;4.000000;0.445000;0.435000;0.439855;
55.911053;0.000000;1.020175;1.068407;0.439855;2.000000;-0.034907;4.000000;0.445000;0.435000;0.439855;
55.911053;0.000000;1.020175;1.068407;0.439855;2.000000;-0.034907;4.000000;0.445000;0.435000;0.439855;
55.911137;0.000000;1.020175;1.068407;0.439854;2.000000;-0.034907;4.000000;0.445000;0.435000;0.439854;
55.911649;0.000000;1.020175;1.068407;0.439846;2.000000;-0.034907;4.000000;0.445000;0.435000;0.439846;
55.912673;0.000000;1.020176;1.068407;0.439831;2.000000;-0.034907;4.000000;0.445000;0.435000;0.439831;
55.914721;0.000000;1.020176;1.068408;0.439801;2.000000;-0.034907;4.000000;0.445000;0.435000;0.439801;
55.918817;0.000000;1.020178;1.068409;0.439743;2.000000;-0.034907;4.000000;0.445000;0.435000;0.439743;
55.927009;0.000000;1.020181;1.068411;0.439632;2.000000;-0.034907;4.000000;0.445000;0.435000;0.439632;
55.943393;0.000000;1.020187;1.068414;0.439431;2.000000;-0.034907;4.000000;0.445000;0.435000;0.439431;
55.976161;0.000000;1.020197;1.068417;0.439126;2.000000;-0.034907;4.000000;0.445000;0.435000;0.439126;
56.041697;0.000000;1.020204;1.068409;0.438928;2.000000;-0.034907;4.000000;0.445000;0.435000;0.438928;
56.172769;0.000000;1.020189;1.068370;0.439684;2.000000;-0.034907;4.000000;0.445000;0.435000;0.439684;
56.303841;0.000000;1.020155;1.068331;0.441049;2.000000;-0.034907;4.000000;0.445000;0.435000;0.441049;
56.434913;0.000000;1.020131;1.068320;0.441931;2.000000;-0.034907;4.000000;0.445000;0.435000;0.441931;
56.697057;0.000000;1.020142;1.068352;0.441244;2.000000;-0.034907;4.000000;0.445000;0.435000;0.441244;
56.932987;0.000000;1.020151;1.068364;0.440813;2.000000;-0.034907;4.000000;0.445000;0.435000;0.440813;
57.404846;0.000000;1.020153;1.068363;0.440769;2.000000;-0.034907;4.000000;0.445000;0.435000;0.440769;
57.876705;0.000000;1.020153;1.068361;0.440806;2.000000;-0.034907;4.000000;0.445000;0.435000;0.440806;
58.820424;0.000000;1.020153;1.068361;0.440813;2.000000;-0.034907;4.000000;0.445000;0.435000;0.440813;
60.707860;0.000000;1.020153;1.068361;0.440813;2.000000;-0.034907;4.000000;0.445000;0.435000;0.440813;
64.482734;0.000000;1.020153;1.068361;0.440812;2.000000;-0.034907;4.000000;0.445000;0.435000;0.440812;
72.032481;0.000000;1.020153;1.068361;0.440812;2.000000;-0.034907;4.000000;0.445000;0.435000;0.440812;
82.032481;0.000000;1.020153;1.068361;0.440812;2.000000;-0.034907;4.000000;0.445000;0.435000;0.440812;
92.032481;0.000000;1.020153;1.068361;0.440812;2.000000;-0.034907;4.000000;0.445000;0.435000;0.440812;
100.000000;0.000000;1.020153;1.068361;0.440812;2.000000;-0.034907;4.000000;0.445000;0.435000;0.440812;
