time;WT4A_WT4A_injector_PInjPu;WT4A_WT4A_injector_QInjPu;WT4A_WT4A_injector_terminal_V_re;WT4A_WT4A_injector_terminal_i_re;WT4A_WT4A_injector_terminal_V_im;WT4A_WT4A_injector_terminal_i_im;WT4A_WT4A_pll_omegaPLLPu;WT4A_WT4A_wecc_wtgt_PePu;
0.000000;0.700000;0.279500;1.030000;-0.700000;0.105001;0.199999;1.000000;0.700000;
0.000000;0.700000;0.279500;1.030000;-0.700000;0.105001;0.199999;1.000000;0.700000;
0.000001;0.700000;0.279500;1.030000;-0.700000;0.105001;0.199999;1.000000;0.700000;
0.000002;0.700000;0.279500;1.030000;-0.700000;0.105001;0.199999;1.000000;0.700000;
0.000004;0.700000;0.279500;1.030000;-0.700000;0.105001;0.199999;1.000000;0.700000;
0.000008;0.700000;0.279500;1.030000;-0.700000;0.105001;0.199999;1.000000;0.700000;
0.000016;0.700000;0.279500;1.030000;-0.700000;0.105001;0.199999;1.000000;0.700000;
0.000032;0.700000;0.279500;1.030000;-0.700000;0.105001;0.199999;1.000000;0.700000;
0.000064;0.700000;0.279500;1.030000;-0.700000;0.105001;0.199999;1.000000;0.700000;
0.000128;0.700000;0.279500;1.030000;-0.700000;0.105001;0.199999;1.000000;0.700000;
0.000256;0.700000;0.279500;1.030000;-0.700000;0.105001;0.199999;1.000000;0.700000;
0.000512;0.700000;0.279500;1.030000;-0.700000;0.105001;0.199999;1.000000;0.700000;
0.001024;0.700000;0.279500;1.030000;-0.700000;0.105001;0.199999;1.000000;0.700000;
0.002048;0.700000;0.279500;1.030000;-0.700000;0.105001;0.199999;1.000000;0.700000;
0.004096;0.700000;0.279500;1.030000;-0.700000;0.105001;0.199999;1.000000;0.700000;
0.008192;0.700000;0.279500;1.030000;-0.700000;0.105001;0.199999;1.000000;0.700000;
0.016384;0.700000;0.279500;1.030000;-0.700000;0.105001;0.199999;1.000000;0.700000;
0.032768;0.700000;0.279500;1.030000;-0.700000;0.105001;0.199999;1.000000;0.700000;
0.065536;0.700000;0.279500;1.030000;-0.700000;0.105001;0.199999;1.000000;0.700000;
0.131072;0.700000;0.279500;1.030000;-0.700000;0.105001;0.199999;1.000000;0.700000;
0.262144;0.700000;0.279500;1.030000;-0.700000;0.105001;0.199999;1.000000;0.700000;
0.524288;0.700000;0.279500;1.030000;-0.700000;0.105001;0.199999;1.000000;0.700000;
1.000000;0.700000;0.279500;1.030000;-0.700000;0.105001;0.199999;1.000000;0.700000;
1.000000;0.420000;0.199500;0.630000;-0.700000;0.105001;0.199999;1.121701;0.420000;
1.000001;0.420005;0.199486;0.629997;-0.700008;0.105003;0.199975;1.121633;0.420005;
1.000002;0.420010;0.199473;0.629993;-0.700016;0.105004;0.199952;1.121566;0.420010;
1.000004;0.420019;0.199445;0.629986;-0.700032;0.105006;0.199905;1.121431;0.420019;
1.000008;0.420038;0.199390;0.629972;-0.700064;0.105011;0.199811;1.121161;0.420038;
1.000016;0.420076;0.199280;0.629944;-0.700127;0.105021;0.199624;1.120624;0.420076;
1.000032;0.420152;0.199062;0.629888;-0.700253;0.105039;0.199254;1.119556;0.420152;
1.000064;0.420302;0.198633;0.629779;-0.700503;0.105077;0.198525;1.117449;0.420302;
1.000128;0.420596;0.197807;0.629568;-0.700993;0.105150;0.197114;1.113348;0.420596;
1.000256;0.421162;0.196267;0.629172;-0.701937;0.105292;0.194476;1.105573;0.421162;
1.000384;0.421702;0.194874;0.628811;-0.702837;0.105427;0.192071;1.098342;0.421702;
1.000640;0.422721;0.192482;0.628183;-0.704535;0.105682;0.187884;1.085327;0.422721;
1.000870;0.423582;0.190749;0.627717;-0.705970;0.105897;0.184778;1.075131;0.423582;
1.001101;0.424405;0.189367;0.627334;-0.707342;0.106103;0.182225;1.066189;0.424405;
1.001331;0.425203;0.188302;0.627025;-0.708671;0.106302;0.180166;1.058354;0.425203;
1.001341;0.425238;0.188262;0.627013;-0.708729;0.106311;0.180086;1.058032;0.425238;
1.001341;0.425238;0.188262;0.627013;-0.708729;0.106311;0.180086;1.058032;0.425238;
1.001342;0.425241;0.188258;0.627012;-0.708735;0.106312;0.180078;1.058000;0.425241;
1.001343;0.425244;0.188254;0.627011;-0.708740;0.106313;0.180070;1.057969;0.425244;
1.001345;0.425251;0.188246;0.627009;-0.708752;0.106314;0.180054;1.057906;0.425251;
1.001349;0.425265;0.188231;0.627004;-0.708774;0.106318;0.180024;1.057781;0.425265;
1.001357;0.425292;0.188201;0.626995;-0.708820;0.106324;0.179963;1.057532;0.425292;
1.001373;0.425346;0.188142;0.626977;-0.708911;0.106338;0.179843;1.057037;0.425346;
1.001405;0.425455;0.188029;0.626942;-0.709092;0.106365;0.179612;1.056060;0.425455;
1.001469;0.425674;0.187827;0.626878;-0.709456;0.106420;0.179185;1.054159;0.425674;
1.001597;0.426112;0.187511;0.626770;-0.710186;0.106529;0.178464;1.050556;0.426112;
1.001853;0.427000;0.187209;0.626628;-0.711666;0.106751;0.177517;1.044079;0.427000;
1.002109;0.427909;0.187319;0.626579;-0.713182;0.106979;0.177191;1.038485;0.427909;
1.002365;0.428847;0.187810;0.626615;-0.714744;0.107213;0.177430;1.033663;0.428847;
1.002621;0.429817;0.188650;0.626728;-0.716362;0.107456;0.178184;1.029511;0.429817;
1.002877;0.430826;0.189811;0.626911;-0.718043;0.107708;0.179407;1.025940;0.430826;
1.003133;0.431875;0.191267;0.627159;-0.719791;0.107970;0.181056;1.022873;0.431875;
1.003389;0.432966;0.192996;0.627465;-0.721611;0.108243;0.183096;1.020241;0.432966;
1.003645;0.434102;0.194976;0.627824;-0.723504;0.108527;0.185493;1.017986;0.434102;
1.003901;0.435283;0.197191;0.628233;-0.725472;0.108822;0.188216;1.016057;0.435283;
1.004413;0.437783;0.202237;0.629177;-0.729638;0.109447;0.194508;1.012962;0.437783;
1.004925;0.440463;0.208037;0.630273;-0.734106;0.110117;0.201816;1.010719;0.440463;
1.005437;0.443322;0.214500;0.631499;-0.738870;0.110832;0.209991;1.009123;0.443322;
1.005949;0.446341;0.221467;0.632820;-0.743902;0.111587;0.218794;1.008012;0.446341;
1.006461;0.449509;0.228836;0.634211;-0.749181;0.112379;0.228069;1.007258;0.449509;
1.006973;0.452814;0.236532;0.635656;-0.754690;0.113205;0.237703;1.006766;0.452814;
1.007485;0.456246;0.244496;0.637142;-0.760411;0.114063;0.247607;1.006465;0.456246;
1.007997;0.459796;0.252675;0.638656;-0.766326;0.114950;0.257706;1.006302;0.459796;
1.008509;0.463451;0.261027;0.640191;-0.772419;0.115864;0.267937;1.006236;0.463451;
1.009533;0.471029;0.278048;0.643279;-0.785048;0.117759;0.288524;1.006262;0.471029;
1.010557;0.478908;0.295335;0.646361;-0.798180;0.119729;0.309069;1.006420;0.478908;
1.011284;0.484642;0.307646;0.648522;-0.807737;0.121162;0.323473;1.006562;0.484642;
1.011284;0.484642;0.307646;0.648522;-0.807737;0.121162;0.323473;1.006562;0.484642;
1.011285;0.484650;0.307663;0.648525;-0.807750;0.121164;0.323493;1.006562;0.484650;
1.011286;0.484658;0.307680;0.648528;-0.807763;0.121166;0.323512;1.006562;0.484658;
1.011288;0.484674;0.307714;0.648533;-0.807790;0.121170;0.323552;1.006562;0.484674;
1.011292;0.484706;0.307782;0.648545;-0.807843;0.121178;0.323631;1.006563;0.484706;
1.011300;0.484770;0.307918;0.648569;-0.807949;0.121194;0.323789;1.006565;0.484770;
1.011316;0.484897;0.308190;0.648616;-0.808162;0.121226;0.324105;1.006569;0.484897;
1.011348;0.485151;0.308734;0.648711;-0.808585;0.121289;0.324737;1.006575;0.485151;
1.011412;0.485657;0.309820;0.648901;-0.809429;0.121416;0.326001;1.006585;0.485657;
1.011540;0.486661;0.311989;0.649279;-0.811102;0.121667;0.328525;1.006598;0.486661;
1.011796;0.488634;0.316314;0.650035;-0.814390;0.122160;0.333563;1.006598;0.488634;
1.012308;0.492449;0.324906;0.651539;-0.820749;0.123114;0.343587;1.006514;0.492449;
1.013332;0.499604;0.341832;0.654506;-0.832674;0.124903;0.363371;1.006145;0.499604;
1.014356;0.506191;0.358370;0.657409;-0.843652;0.126550;0.382723;1.005634;0.506191;
1.015380;0.512297;0.374455;0.660230;-0.853828;0.128076;0.401527;1.005100;0.512297;
1.016404;0.518005;0.390025;0.662951;-0.863342;0.129503;0.419668;1.004616;0.518005;
1.017428;0.523394;0.405019;0.665557;-0.872323;0.130850;0.437040;1.004215;0.523394;
1.018446;0.528420;0.419397;0.668047;-0.880699;0.132107;0.453638;1.003855;0.528420;
1.018446;0.528421;0.419397;0.668046;-0.880701;0.132107;0.453637;1.003855;0.528421;
1.018447;0.528425;0.419410;0.668049;-0.880709;0.132108;0.453652;1.003855;0.528425;
1.018447;0.528425;0.419410;0.668049;-0.880709;0.132108;0.453652;1.003855;0.528425;
1.018448;0.528430;0.419424;0.668051;-0.880717;0.132109;0.453668;1.003855;0.528430;
1.018449;0.528435;0.419438;0.668053;-0.880725;0.132111;0.453684;1.003854;0.528435;
1.018451;0.528444;0.419466;0.668058;-0.880741;0.132113;0.453716;1.003854;0.528444;
1.018455;0.528463;0.419521;0.668068;-0.880772;0.132118;0.453780;1.003852;0.528463;
1.018463;0.528501;0.419632;0.668087;-0.880836;0.132127;0.453907;1.003850;0.528501;
1.018479;0.528578;0.419854;0.668125;-0.880963;0.132146;0.454163;1.003844;0.528578;
1.018511;0.528729;0.420298;0.668202;-0.881216;0.132184;0.454675;1.003833;0.528729;
1.018575;0.529031;0.421184;0.668356;-0.881719;0.132260;0.455698;1.003810;0.529031;
1.018703;0.529628;0.422955;0.668662;-0.882714;0.132409;0.457743;1.003762;0.529628;
1.018959;0.530796;0.426486;0.669275;-0.884659;0.132701;0.461830;1.003658;0.530796;
1.019471;0.533028;0.433508;0.670499;-0.888380;0.133259;0.469984;1.003429;0.533028;
1.020495;0.537113;0.447366;0.672927;-0.895189;0.134280;0.486174;1.002930;0.537113;
1.021519;0.540733;0.460952;0.675325;-0.901222;0.135185;0.502159;1.002420;0.540733;
1.023567;0.546869;0.487135;0.679973;-0.911448;0.136719;0.533143;1.001532;0.546869;
1.025410;0.551334;0.509437;0.683950;-0.918891;0.137836;0.559662;1.000922;0.551334;
1.027253;0.555091;0.530379;0.687685;-0.925152;0.138775;0.584558;1.000512;0.555091;
1.029096;0.558358;0.549858;0.691145;-0.930596;0.139591;0.607622;1.000283;0.558358;
1.030940;0.561316;0.567806;0.694309;-0.935526;0.140331;0.628716;1.000197;0.561316;
1.032783;0.564105;0.584199;0.697168;-0.940176;0.141028;0.647775;1.000219;0.564105;
1.034626;0.566828;0.599048;0.699721;-0.944713;0.141709;0.664798;1.000313;0.566828;
1.036469;0.569551;0.612392;0.701977;-0.949252;0.142390;0.679835;1.000451;0.569551;
1.038312;0.572316;0.624296;0.703948;-0.953860;0.143081;0.692974;1.000612;0.572316;
1.040156;0.575142;0.634840;0.705651;-0.958570;0.143788;0.704328;1.000779;0.575142;
1.041999;0.578034;0.644115;0.707106;-0.963390;0.144511;0.714030;1.000941;0.578034;
1.045685;0.583960;0.659390;0.709385;-0.973266;0.145992;0.729225;1.001215;0.583960;
1.049003;0.589377;0.669797;0.710804;-0.982295;0.147346;0.738683;1.001395;0.589377;
1.052321;0.594751;0.677639;0.711751;-0.991251;0.148690;0.744994;1.001506;0.594751;
1.055638;0.599978;0.683401;0.712326;-0.999964;0.149997;0.748828;1.001553;0.599978;
1.058956;0.604967;0.687526;0.712620;-1.008278;0.151244;0.750792;1.001544;0.604967;
1.062274;0.609643;0.690396;0.712712;-1.016071;0.152413;0.751402;1.001491;0.609643;
1.065592;0.613956;0.692327;0.712663;-1.023260;0.153491;0.751078;1.001406;0.613956;
1.068909;0.617877;0.693575;0.712524;-1.029795;0.154471;0.750152;1.001299;0.617877;
1.072227;0.621396;0.694341;0.712333;-1.035661;0.155351;0.748877;1.001179;0.621396;
1.075545;0.624519;0.694777;0.712117;-1.040864;0.156132;0.747440;1.001054;0.624519;
1.078863;0.627260;0.694997;0.711897;-1.045433;0.156817;0.745972;1.000930;0.627260;
1.085498;0.631738;0.695150;0.711497;-1.052897;0.157937;0.743305;1.000702;0.631738;
1.092134;0.635047;0.695105;0.711171;-1.058411;0.158764;0.741127;1.000508;0.635047;
1.098769;0.637423;0.695034;0.710928;-1.062372;0.159358;0.739508;1.000354;0.637423;
1.105405;0.639088;0.695007;0.710761;-1.065147;0.159774;0.738398;1.000239;0.639088;
1.112040;0.640231;0.695035;0.710655;-1.067051;0.160060;0.737690;1.000155;0.640231;
1.118676;0.641003;0.695104;0.710592;-1.068338;0.160253;0.737272;1.000098;0.641003;
1.125311;0.641519;0.695192;0.710558;-1.069198;0.160382;0.737043;1.000060;0.641519;
1.131947;0.641863;0.695283;0.710541;-1.069771;0.160468;0.736930;1.000035;0.641863;
1.138582;0.642092;0.695365;0.710534;-1.070154;0.160525;0.736880;1.000019;0.642092;
1.151853;0.642376;0.695489;0.710528;-1.070627;0.160596;0.736846;1.000001;0.642376;
1.165125;0.642504;0.695566;0.710530;-1.070840;0.160628;0.736857;0.999994;0.642504;
1.178396;0.642556;0.695610;0.710533;-1.070927;0.160641;0.736876;0.999992;0.642556;
1.191667;0.642573;0.695635;0.710536;-1.070956;0.160646;0.736895;0.999992;0.642573;
1.204938;0.642575;0.695650;0.710539;-1.070958;0.160646;0.736913;0.999992;0.642575;
1.218209;0.642570;0.695663;0.710541;-1.070950;0.160645;0.736932;0.999992;0.642570;
1.231480;0.642562;0.695675;0.710544;-1.070937;0.160643;0.736951;0.999993;0.642562;
1.244751;0.642554;0.695686;0.710547;-1.070924;0.160641;0.736970;0.999993;0.642554;
1.258022;0.642547;0.695697;0.710550;-1.070911;0.160639;0.736988;0.999994;0.642547;
1.271293;0.642540;0.695706;0.710552;-1.070899;0.160637;0.737005;0.999995;0.642540;
1.284564;0.642533;0.695715;0.710554;-1.070889;0.160636;0.737020;0.999995;0.642533;
1.297835;0.642527;0.695724;0.710557;-1.070879;0.160634;0.737033;0.999995;0.642527;
1.311106;0.642522;0.695731;0.710558;-1.070870;0.160633;0.737046;0.999996;0.642522;
1.324377;0.642518;0.695738;0.710560;-1.070863;0.160632;0.737057;0.999996;0.642518;
1.337648;0.642513;0.695744;0.710562;-1.070855;0.160631;0.737068;0.999997;0.642513;
1.350919;0.642509;0.695750;0.710563;-1.070849;0.160630;0.737077;0.999997;0.642509;
1.364190;0.642506;0.695755;0.710564;-1.070843;0.160629;0.737086;0.999997;0.642506;
1.390732;0.642500;0.695764;0.710567;-1.070833;0.160627;0.737101;0.999998;0.642500;
1.417274;0.642494;0.695772;0.710569;-1.070824;0.160626;0.737114;0.999998;0.642494;
1.440759;0.642490;0.695777;0.710570;-1.070817;0.160625;0.737123;0.999998;0.642490;
1.461051;0.642487;0.695782;0.710571;-1.070812;0.160624;0.737130;0.999999;0.642487;
1.479219;0.642485;0.695785;0.710572;-1.070809;0.160623;0.737136;0.999999;0.642485;
1.495569;0.642483;0.695788;0.710573;-1.070805;0.160623;0.737140;0.999999;0.642483;
1.510285;0.642482;0.695790;0.710573;-1.070803;0.160623;0.737144;0.999999;0.642482;
1.525001;0.642480;0.695792;0.710574;-1.070801;0.160622;0.737147;0.999999;0.642480;
1.539716;0.642479;0.695793;0.710574;-1.070799;0.160622;0.737150;0.999999;0.642479;
1.554432;0.642478;0.695795;0.710574;-1.070797;0.160622;0.737153;0.999999;0.642478;
1.569148;0.642477;0.695796;0.710575;-1.070795;0.160622;0.737155;0.999999;0.642477;
1.583863;0.642476;0.695798;0.710575;-1.070794;0.160621;0.737157;0.999999;0.642476;
1.598579;0.642475;0.695799;0.710575;-1.070792;0.160621;0.737159;0.999999;0.642475;
1.613294;0.642475;0.695800;0.710576;-1.070791;0.160621;0.737161;0.999999;0.642475;
1.628010;0.642474;0.695801;0.710576;-1.070790;0.160621;0.737163;1.000000;0.642474;
1.642726;0.642473;0.695802;0.710576;-1.070789;0.160621;0.737164;1.000000;0.642473;
1.657441;0.642473;0.695803;0.710576;-1.070788;0.160620;0.737165;1.000000;0.642473;
1.686873;0.642472;0.695804;0.710577;-1.070787;0.160620;0.737168;1.000000;0.642472;
1.716304;0.642471;0.695805;0.710577;-1.070785;0.160620;0.737170;1.000000;0.642471;
1.742792;0.642471;0.695806;0.710577;-1.070784;0.160620;0.737171;1.000000;0.642471;
1.766105;0.642470;0.695807;0.710577;-1.070784;0.160620;0.737172;1.000000;0.642470;
1.787007;0.642470;0.695807;0.710577;-1.070783;0.160620;0.737173;1.000000;0.642470;
1.805819;0.642470;0.695808;0.710578;-1.070783;0.160620;0.737173;1.000000;0.642470;
1.822750;0.642469;0.695808;0.710578;-1.070782;0.160620;0.737174;1.000000;0.642469;
1.839681;0.642469;0.695808;0.710578;-1.070782;0.160620;0.737174;1.000000;0.642469;
1.856612;0.642469;0.695808;0.710578;-1.070782;0.160619;0.737175;1.000000;0.642469;
1.873543;0.642469;0.695809;0.710578;-1.070781;0.160619;0.737175;1.000000;0.642469;
1.890473;0.642469;0.695809;0.710578;-1.070781;0.160619;0.737175;1.000000;0.642469;
1.907404;0.642469;0.695809;0.710578;-1.070781;0.160619;0.737176;1.000000;0.642469;
1.924335;0.642469;0.695809;0.710578;-1.070781;0.160619;0.737176;1.000000;0.642469;
1.941266;0.642468;0.695809;0.710578;-1.070781;0.160619;0.737176;1.000000;0.642468;
1.958197;0.642468;0.695809;0.710578;-1.070781;0.160619;0.737176;1.000000;0.642468;
1.980943;0.642468;0.695809;0.710578;-1.070780;0.160619;0.737177;1.000000;0.642468;
2.000000;0.642468;0.695810;0.710578;-1.070780;0.160619;0.737177;1.000000;0.642468;
2.000000;1.070780;0.990680;1.110578;-1.070780;0.160619;0.737177;0.735425;1.070780;
2.000001;1.070719;0.990769;1.110591;-1.070719;0.160610;0.737266;0.735666;1.070719;
2.000002;1.070658;0.990858;1.110605;-1.070658;0.160601;0.737354;0.735907;1.070658;
2.000004;1.070536;0.991035;1.110631;-1.070536;0.160583;0.737532;0.736388;1.070536;
2.000008;1.070292;0.991389;1.110684;-1.070292;0.160546;0.737886;0.737349;1.070292;
2.000016;1.069807;0.992092;1.110790;-1.069807;0.160473;0.738589;0.739260;1.069807;
2.000032;1.068847;0.993481;1.110998;-1.068847;0.160329;0.739977;0.743043;1.068847;
2.000064;1.066967;0.996189;1.111404;-1.066967;0.160047;0.742685;0.750450;1.066967;
2.000128;1.063362;1.001340;1.112177;-1.063362;0.159507;0.747837;0.764659;1.063362;
2.000256;1.056741;1.010660;1.113575;-1.056741;0.158513;0.757158;0.790823;1.056741;
2.000384;1.050871;1.018773;1.114793;-1.050871;0.157633;0.765273;0.814189;1.050871;
2.000469;1.047332;1.023596;1.115516;-1.047332;0.157102;0.770099;0.828415;1.047332;
2.000469;1.047332;1.023596;1.115516;-1.047332;0.157102;0.770099;0.828415;1.047332;
2.000470;1.047290;1.023646;1.115524;-1.047290;0.157096;0.770150;0.828575;1.047290;
2.000471;1.047251;1.023699;1.115532;-1.047251;0.157090;0.770203;0.828734;1.047251;
2.000473;1.047173;1.023805;1.115548;-1.047173;0.157078;0.770310;0.829050;1.047173;
2.000477;1.047016;1.024017;1.115580;-1.047016;0.157055;0.770521;0.829682;1.047016;
2.000485;1.046704;1.024437;1.115643;-1.046704;0.157008;0.770942;0.830940;1.046704;
2.000501;1.046087;1.025265;1.115767;-1.046087;0.156915;0.771772;0.833427;1.046087;
2.000533;1.044877;1.026877;1.116010;-1.044877;0.156734;0.773389;0.838293;1.044877;
2.000597;1.042549;1.029925;1.116470;-1.042549;0.156384;0.776454;0.847613;1.042549;
2.000725;1.038233;1.035371;1.117296;-1.038233;0.155737;0.781959;0.864724;1.038233;
2.000853;1.034343;1.040011;1.118006;-1.034343;0.155154;0.786694;0.879943;1.034343;
2.000981;1.030837;1.043923;1.118612;-1.030837;0.154628;0.790736;0.893462;1.030837;
2.001109;1.027674;1.047179;1.119125;-1.027674;0.154153;0.794156;0.905464;1.027674;
2.001237;1.024815;1.049844;1.119554;-1.024815;0.153724;0.797018;0.916115;1.024815;
2.001365;1.022227;1.051977;1.119909;-1.022227;0.153336;0.799380;0.925563;1.022227;
2.001493;1.019876;1.053629;1.120196;-1.019876;0.152984;0.801293;0.933943;1.019876;
2.001621;1.017735;1.054846;1.120422;-1.017735;0.152662;0.802801;0.941371;1.017735;
2.001749;1.015777;1.055668;1.120593;-1.015777;0.152369;0.803945;0.947956;1.015777;
2.001877;1.013979;1.056132;1.120716;-1.013979;0.152099;0.804760;0.953790;1.013979;
2.002005;1.012321;1.056270;1.120793;-1.012321;0.151850;0.805277;0.958958;1.012321;
2.002261;1.009329;1.055707;1.120835;-1.009329;0.151401;0.805554;0.967665;1.009329;
2.002492;1.006951;1.054336;1.120756;-1.006951;0.151045;0.805029;0.973872;1.006951;
2.002722;1.004795;1.052264;1.120584;-1.004795;0.150721;0.803884;0.978838;1.004795;
2.002952;1.002801;1.049586;1.120333;-1.002801;0.150422;0.802210;0.982803;1.002801;
2.003183;1.000922;1.046380;1.120014;-1.000922;0.150140;0.800081;0.985963;1.000922;
2.003413;0.999118;1.042713;1.119636;-0.999118;0.149870;0.797559;0.988476;0.999118;
2.003644;0.997361;1.038639;1.119206;-0.997361;0.149606;0.794695;0.990470;0.997361;
2.003874;0.995624;1.034205;1.118732;-0.995624;0.149346;0.791533;0.992052;0.995624;
2.004104;0.993891;1.029448;1.118217;-0.993891;0.149086;0.788106;0.993300;0.993891;
2.004565;0.990378;1.019118;1.117090;-0.990378;0.148559;0.780590;0.995102;0.990378;
2.005026;0.986762;1.007826;1.115847;-0.986762;0.148016;0.772301;0.996192;0.986762;
2.005487;0.983006;0.995724;1.114506;-0.983006;0.147453;0.763366;0.996817;0.983006;
2.005948;0.979094;0.982936;1.113085;-0.979094;0.146866;0.753887;0.997147;0.979094;
2.006408;0.975022;0.969566;1.111593;-0.975022;0.146255;0.743945;0.997297;0.975022;
2.006869;0.970796;0.955699;1.110042;-0.970796;0.145621;0.733603;0.997339;0.970796;
2.007791;0.961949;0.926827;1.106799;-0.961949;0.144294;0.711984;0.997298;0.961949;
2.008712;0.952656;0.896731;1.103400;-0.952656;0.142900;0.689321;0.997170;0.952656;
2.009634;0.943035;0.865788;1.099883;-0.943035;0.141457;0.665879;0.997032;0.943035;
2.010556;0.933197;0.834325;1.096285;-0.933197;0.139982;0.641890;0.996918;0.933197;
2.010682;0.931836;0.829983;1.095786;-0.931836;0.139777;0.638568;0.996905;0.931836;
2.010682;0.931836;0.829983;1.095786;-0.931836;0.139777;0.638568;0.996905;0.931836;
2.010683;0.931825;0.829949;1.095783;-0.931825;0.139776;0.638541;0.996905;0.931825;
2.010684;0.931814;0.829915;1.095779;-0.931814;0.139774;0.638515;0.996905;0.931814;
2.010686;0.931792;0.829846;1.095771;-0.931792;0.139771;0.638462;0.996905;0.931792;
2.010690;0.931749;0.829708;1.095755;-0.931749;0.139764;0.638357;0.996904;0.931749;
2.010698;0.931663;0.829433;1.095723;-0.931663;0.139751;0.638146;0.996903;0.931663;
2.010714;0.931490;0.828882;1.095660;-0.931490;0.139725;0.637724;0.996902;0.931490;
2.010746;0.931144;0.827781;1.095534;-0.931144;0.139674;0.636882;0.996898;0.931144;
2.010810;0.930453;0.825585;1.095281;-0.930453;0.139570;0.635199;0.996892;0.930453;
2.010938;0.929070;0.821206;1.094778;-0.929070;0.139362;0.631844;0.996880;0.929070;
2.011194;0.926309;0.812511;1.093778;-0.926309;0.138948;0.625175;0.996858;0.926309;
2.011706;0.920806;0.795370;1.091802;-0.920806;0.138123;0.612003;0.996823;0.920806;
2.011833;0.919455;0.791195;1.091320;-0.919455;0.137920;0.608789;0.996816;0.919455;
2.011833;0.919455;0.791195;1.091320;-0.919455;0.137920;0.608789;0.996816;0.919455;
2.011833;0.919455;0.791195;1.091320;-0.919455;0.137920;0.608789;0.996816;0.919455;
2.011833;0.919455;0.791195;1.091320;-0.919455;0.137920;0.608789;0.996816;0.919455;
2.011834;0.919444;0.791162;1.091316;-0.919444;0.137919;0.608764;0.996816;0.919444;
2.011835;0.919433;0.791129;1.091312;-0.919433;0.137917;0.608738;0.996816;0.919433;
2.011837;0.919412;0.791063;1.091304;-0.919412;0.137914;0.608688;0.996816;0.919412;
2.011841;0.919369;0.790931;1.091289;-0.919369;0.137907;0.608586;0.996816;0.919369;
2.011849;0.919283;0.790667;1.091259;-0.919283;0.137894;0.608383;0.996815;0.919283;
2.011865;0.919112;0.790140;1.091198;-0.919112;0.137869;0.607977;0.996815;0.919112;
2.011897;0.918770;0.789086;1.091076;-0.918770;0.137817;0.607165;0.996813;0.918770;
2.011961;0.918085;0.786982;1.090833;-0.918085;0.137715;0.605544;0.996810;0.918085;
2.012089;0.916717;0.782789;1.090348;-0.916717;0.137509;0.602314;0.996804;0.916717;
2.012345;0.913990;0.774466;1.089385;-0.913990;0.137100;0.595894;0.996795;0.913990;
2.012857;0.908569;0.758070;1.087484;-0.908569;0.136287;0.583221;0.996782;0.908569;
2.013881;0.897892;0.726276;1.083783;-0.897892;0.134686;0.558547;0.996780;0.897892;
2.014905;0.887464;0.695804;1.080216;-0.887464;0.133121;0.534766;0.996803;0.887464;
2.015929;0.877319;0.666638;1.076783;-0.877319;0.131600;0.511879;0.996846;0.877319;
2.016953;0.867487;0.638759;1.073483;-0.867487;0.130125;0.489880;0.996906;0.867487;
2.017977;0.857988;0.612144;1.070315;-0.857988;0.128700;0.468760;0.996979;0.857988;
2.020025;0.840058;0.562562;1.064364;-0.840058;0.126010;0.429088;0.997151;0.840058;
2.022073;0.823568;0.517626;1.058913;-0.823568;0.123537;0.392747;0.997347;0.823568;
2.024121;0.808518;0.477045;1.053940;-0.808518;0.121279;0.359592;0.997555;0.808518;
2.026169;0.794874;0.440509;1.049419;-0.794874;0.119233;0.329453;0.997767;0.794874;
2.028217;0.782625;0.408122;1.045378;-0.782625;0.117395;0.302518;0.997977;0.782625;
2.029659;0.774876;0.388476;1.042920;-0.774876;0.116233;0.286129;0.998121;0.774876;
2.031102;0.767843;0.371529;1.040800;-0.767843;0.115178;0.271993;0.998260;0.767843;
2.032545;0.761472;0.357017;1.038987;-0.761472;0.114222;0.259907;0.998392;0.761472;
2.033987;0.755710;0.344633;1.037444;-0.755710;0.113358;0.249620;0.998519;0.755710;
2.035430;0.750502;0.334086;1.036134;-0.750502;0.112577;0.240893;0.998638;0.750502;
2.036873;0.745796;0.325117;1.035026;-0.745796;0.111871;0.233506;0.998749;0.745796;
2.038316;0.741545;0.317501;1.034091;-0.741545;0.111233;0.227268;0.998853;0.741545;
2.039758;0.737705;0.311041;1.033303;-0.737705;0.110657;0.222015;0.998950;0.737705;
2.041201;0.734238;0.305570;1.032641;-0.734238;0.110137;0.217601;0.999040;0.734238;
2.042644;0.731107;0.300944;1.032086;-0.731107;0.109668;0.213902;0.999123;0.731107;
2.044086;0.728278;0.297038;1.031622;-0.728278;0.109243;0.210813;0.999200;0.728278;
2.045529;0.725723;0.293747;1.031236;-0.725723;0.108860;0.208240;0.999270;0.725723;
2.046972;0.723414;0.290978;1.030916;-0.723414;0.108514;0.206105;0.999334;0.723414;
2.048415;0.721328;0.288653;1.030652;-0.721328;0.108201;0.204341;0.999394;0.721328;
2.049857;0.719441;0.286705;1.030434;-0.719441;0.107918;0.202890;0.999448;0.719441;
2.051300;0.717734;0.285077;1.030256;-0.717734;0.107662;0.201702;0.999497;0.717734;
2.054185;0.714771;0.282541;1.029987;-0.714771;0.107217;0.199910;0.999584;0.714771;
2.056782;0.712562;0.280944;1.029828;-0.712562;0.106886;0.198850;0.999649;0.712562;
2.059379;0.710711;0.279821;1.029725;-0.710711;0.106608;0.198163;0.999704;0.710711;
2.061976;0.709158;0.279042;1.029661;-0.709158;0.106375;0.197740;0.999751;0.709158;
2.064573;0.707851;0.278512;1.029626;-0.707851;0.106179;0.197502;0.999790;0.707851;
2.067170;0.706751;0.278159;1.029609;-0.706751;0.106014;0.197389;0.999823;0.706751;
2.069767;0.705821;0.277928;1.029604;-0.705821;0.105875;0.197357;0.999851;0.705821;
2.074960;0.704344;0.277670;1.029612;-0.704344;0.105653;0.197408;0.999896;0.704344;
2.080154;0.703282;0.277589;1.029632;-0.703282;0.105494;0.197544;0.999928;0.703282;
2.085348;0.702526;0.277590;1.029655;-0.702526;0.105380;0.197695;0.999952;0.702526;
2.090542;0.701993;0.277619;1.029675;-0.701993;0.105300;0.197828;0.999969;0.701993;
2.095736;0.701624;0.277651;1.029690;-0.701624;0.105245;0.197932;0.999981;0.701624;
2.106123;0.701195;0.277694;1.029709;-0.701195;0.105181;0.198057;0.999999;0.701195;
2.116511;0.701075;0.277714;1.029715;-0.701075;0.105163;0.198100;1.000009;0.701075;
2.126898;0.701151;0.277719;1.029714;-0.701151;0.105174;0.198090;1.000015;0.701151;
2.137286;0.701348;0.277718;1.029708;-0.701348;0.105204;0.198050;1.000019;0.701348;
2.147673;0.701624;0.277717;1.029700;-0.701624;0.105245;0.197994;1.000021;0.701624;
2.158061;0.701948;0.277716;1.029690;-0.701948;0.105294;0.197929;1.000022;0.701948;
2.168448;0.702304;0.277717;1.029679;-0.702304;0.105347;0.197859;1.000023;0.702304;
2.178836;0.702677;0.277719;1.029668;-0.702677;0.105403;0.197787;1.000023;0.702677;
2.189223;0.703060;0.277722;1.029657;-0.703060;0.105460;0.197713;1.000023;0.703060;
2.199611;0.703444;0.277726;1.029646;-0.703444;0.105518;0.197640;1.000022;0.703444;
2.209999;0.703824;0.277730;1.029636;-0.703824;0.105575;0.197569;1.000022;0.703824;
2.220386;0.704193;0.277735;1.029625;-0.704193;0.105630;0.197499;1.000021;0.704193;
2.230774;0.704547;0.277739;1.029615;-0.704547;0.105683;0.197433;1.000020;0.704547;
2.241161;0.704881;0.277745;1.029606;-0.704881;0.105734;0.197372;1.000018;0.704881;
2.251549;0.705191;0.277750;1.029598;-0.705191;0.105780;0.197315;1.000017;0.705191;
2.261936;0.705473;0.277755;1.029590;-0.705473;0.105822;0.197264;1.000015;0.705473;
2.272324;0.705723;0.277761;1.029583;-0.705723;0.105860;0.197219;1.000014;0.705723;
2.293099;0.706117;0.277772;1.029573;-0.706117;0.105919;0.197151;1.000010;0.706117;
2.313874;0.706359;0.277784;1.029567;-0.706359;0.105955;0.197113;1.000006;0.706359;
2.334649;0.706441;0.277795;1.029567;-0.706441;0.105968;0.197107;1.000002;0.706441;
2.355424;0.706362;0.277806;1.029570;-0.706362;0.105956;0.197134;0.999998;0.706362;
2.376199;0.706129;0.277817;1.029579;-0.706129;0.105921;0.197190;0.999995;0.706129;
2.396974;0.705758;0.277827;1.029592;-0.705758;0.105865;0.197275;0.999991;0.705758;
2.415672;0.705321;0.277836;1.029606;-0.705321;0.105800;0.197370;0.999989;0.705321;
2.432500;0.704860;0.277844;1.029621;-0.704860;0.105730;0.197470;0.999987;0.704860;
2.449328;0.704353;0.277852;1.029637;-0.704353;0.105654;0.197579;0.999986;0.704353;
2.464473;0.703870;0.277859;1.029653;-0.703870;0.105582;0.197681;0.999985;0.703870;
2.479618;0.703376;0.277866;1.029668;-0.703376;0.105508;0.197786;0.999985;0.703376;
2.494763;0.702886;0.277873;1.029684;-0.702886;0.105434;0.197890;0.999985;0.702886;
2.509908;0.702412;0.277879;1.029699;-0.702412;0.105363;0.197991;0.999986;0.702412;
2.525053;0.701968;0.277886;1.029713;-0.701968;0.105297;0.198086;0.999987;0.701968;
2.540198;0.701563;0.277893;1.029726;-0.701563;0.105236;0.198173;0.999988;0.701563;
2.555343;0.701210;0.277901;1.029738;-0.701210;0.105183;0.198250;0.999990;0.701210;
2.570488;0.700916;0.277908;1.029748;-0.700916;0.105139;0.198315;0.999992;0.700916;
2.585633;0.700689;0.277916;1.029756;-0.700689;0.105105;0.198368;0.999994;0.700689;
2.600778;0.700534;0.277924;1.029761;-0.700534;0.105082;0.198406;0.999996;0.700534;
2.615923;0.700454;0.277933;1.029765;-0.700454;0.105070;0.198430;0.999999;0.700454;
2.631068;0.700450;0.277942;1.029766;-0.700450;0.105069;0.198439;1.000001;0.700450;
2.646213;0.700521;0.277951;1.029765;-0.700521;0.105080;0.198434;1.000003;0.700521;
2.661358;0.700664;0.277960;1.029763;-0.700664;0.105101;0.198415;1.000006;0.700664;
2.676503;0.700875;0.277970;1.029758;-0.700875;0.105133;0.198382;1.000008;0.700875;
2.691648;0.701146;0.277981;1.029751;-0.701146;0.105173;0.198338;1.000009;0.701146;
2.706793;0.701470;0.277991;1.029743;-0.701470;0.105222;0.198284;1.000011;0.701470;
2.721938;0.701836;0.278002;1.029734;-0.701836;0.105277;0.198221;1.000012;0.701836;
2.737083;0.702235;0.278013;1.029723;-0.702235;0.105337;0.198152;1.000013;0.702235;
2.752229;0.702655;0.278025;1.029712;-0.702655;0.105400;0.198080;1.000013;0.702655;
2.767374;0.703084;0.278036;1.029701;-0.703084;0.105464;0.198005;1.000014;0.703084;
2.782519;0.703510;0.278048;1.029690;-0.703510;0.105528;0.197931;1.000013;0.703510;
2.797664;0.703922;0.278059;1.029679;-0.703922;0.105590;0.197860;1.000013;0.703922;
2.812809;0.704310;0.278071;1.029669;-0.704310;0.105648;0.197793;1.000012;0.704310;
2.827954;0.704661;0.278082;1.029660;-0.704661;0.105701;0.197734;1.000010;0.704661;
2.843099;0.704969;0.278093;1.029653;-0.704969;0.105747;0.197683;1.000009;0.704969;
2.858244;0.705224;0.278104;1.029647;-0.705224;0.105785;0.197643;1.000007;0.705224;
2.873389;0.705420;0.278115;1.029642;-0.705420;0.105815;0.197614;1.000005;0.705420;
2.888534;0.705554;0.278125;1.029640;-0.705554;0.105835;0.197597;1.000003;0.705554;
2.918824;0.705624;0.278145;1.029641;-0.705624;0.105845;0.197602;0.999999;0.705624;
2.945757;0.705471;0.278162;1.029648;-0.705471;0.105822;0.197648;0.999996;0.705471;
2.969996;0.705173;0.278176;1.029658;-0.705173;0.105777;0.197721;0.999993;0.705173;
2.991812;0.704795;0.278188;1.029672;-0.704795;0.105721;0.197807;0.999991;0.704795;
3.011446;0.704383;0.278198;1.029685;-0.704383;0.105659;0.197899;0.999989;0.704383;
3.029116;0.703969;0.278207;1.029699;-0.703969;0.105597;0.197990;0.999989;0.703969;
3.046787;0.703533;0.278216;1.029713;-0.703533;0.105531;0.198085;0.999988;0.703533;
3.062690;0.703133;0.278223;1.029726;-0.703133;0.105471;0.198172;0.999988;0.703133;
3.078594;0.702739;0.278231;1.029739;-0.702739;0.105412;0.198257;0.999988;0.702739;
3.094497;0.702363;0.278238;1.029751;-0.702363;0.105356;0.198339;0.999989;0.702363;
3.110401;0.702016;0.278245;1.029763;-0.702016;0.105304;0.198415;0.999990;0.702016;
3.126304;0.701707;0.278253;1.029773;-0.701707;0.105257;0.198484;0.999991;0.701707;
3.142208;0.701445;0.278260;1.029782;-0.701445;0.105218;0.198543;0.999993;0.701445;
3.158111;0.701237;0.278268;1.029789;-0.701237;0.105187;0.198591;0.999995;0.701237;
3.174014;0.701088;0.278276;1.029795;-0.701088;0.105165;0.198628;0.999996;0.701088;
3.189918;0.701003;0.278284;1.029798;-0.701003;0.105152;0.198653;0.999998;0.701003;
3.209701;0.700986;0.278295;1.029800;-0.700986;0.105149;0.198666;1.000001;0.700986;
3.229484;0.701067;0.278306;1.029799;-0.701067;0.105161;0.198661;1.000003;0.701067;
3.249268;0.701239;0.278317;1.029796;-0.701239;0.105187;0.198637;1.000005;0.701239;
3.269051;0.701494;0.278329;1.029790;-0.701494;0.105226;0.198598;1.000007;0.701494;
3.286856;0.701783;0.278340;1.029783;-0.701783;0.105269;0.198550;1.000008;0.701783;
3.304661;0.702117;0.278351;1.029775;-0.702117;0.105319;0.198495;1.000009;0.702117;
3.320685;0.702446;0.278361;1.029766;-0.702446;0.105368;0.198439;1.000010;0.702446;
3.336709;0.702790;0.278371;1.029757;-0.702790;0.105420;0.198380;1.000010;0.702790;
3.352734;0.703138;0.278382;1.029749;-0.703138;0.105472;0.198321;1.000010;0.703138;
3.368758;0.703480;0.278392;1.029740;-0.703480;0.105523;0.198262;1.000010;0.703480;
3.384782;0.703806;0.278403;1.029731;-0.703806;0.105572;0.198207;1.000009;0.703806;
3.400807;0.704105;0.278413;1.029724;-0.704105;0.105617;0.198157;1.000008;0.704105;
3.416831;0.704370;0.278423;1.029718;-0.704370;0.105657;0.198114;1.000007;0.704370;
3.432856;0.704592;0.278433;1.029712;-0.704592;0.105690;0.198079;1.000006;0.704592;
3.448880;0.704765;0.278443;1.029708;-0.704765;0.105716;0.198054;1.000004;0.704765;
3.464904;0.704885;0.278452;1.029706;-0.704885;0.105734;0.198039;1.000003;0.704885;
3.496953;0.704956;0.278471;1.029707;-0.704956;0.105745;0.198042;0.999999;0.704956;
3.525797;0.704833;0.278486;1.029713;-0.704833;0.105726;0.198081;0.999997;0.704833;
3.551757;0.704582;0.278499;1.029722;-0.704582;0.105689;0.198143;0.999994;0.704582;
3.575120;0.704260;0.278510;1.029733;-0.704260;0.105640;0.198218;0.999993;0.704260;
3.596147;0.703911;0.278519;1.029745;-0.703911;0.105588;0.198296;0.999992;0.703911;
3.615072;0.703564;0.278527;1.029756;-0.703564;0.105536;0.198373;0.999991;0.703564;
3.633996;0.703202;0.278535;1.029768;-0.703202;0.105482;0.198453;0.999991;0.703202;
3.651028;0.702874;0.278542;1.029779;-0.702874;0.105433;0.198524;0.999991;0.702874;
3.668060;0.702557;0.278549;1.029790;-0.702557;0.105385;0.198594;0.999991;0.702557;
3.685093;0.702261;0.278556;1.029799;-0.702261;0.105341;0.198659;0.999992;0.702261;
3.702125;0.701996;0.278563;1.029808;-0.701996;0.105301;0.198719;0.999993;0.701996;
3.719157;0.701771;0.278570;1.029816;-0.701771;0.105267;0.198770;0.999994;0.701771;
3.736189;0.701592;0.278577;1.029822;-0.701592;0.105240;0.198812;0.999996;0.701592;
3.753221;0.701464;0.278584;1.029827;-0.701464;0.105221;0.198845;0.999997;0.701464;
3.770253;0.701391;0.278592;1.029830;-0.701391;0.105210;0.198866;0.999999;0.701391;
3.792205;0.701381;0.278602;1.029832;-0.701381;0.105209;0.198877;1.000001;0.701381;
3.814158;0.701462;0.278612;1.029831;-0.701462;0.105221;0.198871;1.000003;0.701462;
3.836110;0.701628;0.278623;1.029828;-0.701628;0.105246;0.198848;1.000004;0.701628;
3.858062;0.701868;0.278634;1.029822;-0.701868;0.105282;0.198811;1.000006;0.701868;
3.877820;0.702135;0.278644;1.029816;-0.702135;0.105322;0.198768;1.000007;0.702135;
3.897577;0.702436;0.278654;1.029808;-0.702436;0.105367;0.198718;1.000008;0.702436;
3.915358;0.702725;0.278664;1.029801;-0.702725;0.105410;0.198669;1.000008;0.702725;
3.933140;0.703020;0.278673;1.029793;-0.703020;0.105455;0.198619;1.000008;0.703020;
3.950921;0.703310;0.278683;1.029786;-0.703310;0.105498;0.198570;1.000008;0.703310;
3.968703;0.703584;0.278692;1.029779;-0.703584;0.105539;0.198525;1.000007;0.703584;
3.986484;0.703831;0.278702;1.029773;-0.703831;0.105576;0.198485;1.000006;0.703831;
4.004266;0.704043;0.278711;1.029768;-0.704043;0.105608;0.198451;1.000005;0.704043;
4.022047;0.704212;0.278720;1.029764;-0.704212;0.105633;0.198426;1.000004;0.704212;
4.039829;0.704333;0.278729;1.029762;-0.704333;0.105651;0.198410;1.000003;0.704333;
4.057610;0.704403;0.278737;1.029761;-0.704403;0.105662;0.198404;1.000001;0.704403;
4.093173;0.704383;0.278754;1.029764;-0.704383;0.105659;0.198424;0.999998;0.704383;
4.121540;0.704223;0.278766;1.029770;-0.704223;0.105635;0.198467;0.999996;0.704223;
4.149907;0.703954;0.278777;1.029780;-0.703954;0.105595;0.198531;0.999995;0.703954;
4.173632;0.703662;0.278786;1.029790;-0.703662;0.105551;0.198598;0.999994;0.703662;
4.194984;0.703365;0.278794;1.029800;-0.703365;0.105506;0.198664;0.999993;0.703365;
4.214201;0.703082;0.278801;1.029809;-0.703082;0.105464;0.198727;0.999993;0.703082;
4.233418;0.702799;0.278807;1.029819;-0.702799;0.105421;0.198790;0.999993;0.702799;
4.252635;0.702527;0.278814;1.029828;-0.702527;0.105380;0.198850;0.999993;0.702527;
4.271852;0.702277;0.278820;1.029836;-0.702277;0.105343;0.198906;0.999994;0.702277;
4.291069;0.702060;0.278827;1.029844;-0.702060;0.105310;0.198955;0.999995;0.702060;
4.310286;0.701884;0.278834;1.029850;-0.701884;0.105284;0.198996;0.999996;0.701884;
4.329503;0.701756;0.278840;1.029855;-0.701756;0.105265;0.199028;0.999997;0.701756;
4.348720;0.701681;0.278847;1.029858;-0.701681;0.105254;0.199050;0.999999;0.701681;
4.373723;0.701664;0.278857;1.029860;-0.701664;0.105251;0.199062;1.000000;0.701664;
4.398726;0.701737;0.278866;1.029859;-0.701737;0.105262;0.199057;1.000002;0.701737;
4.423730;0.701893;0.278876;1.029856;-0.701893;0.105285;0.199035;1.000004;0.701893;
4.446233;0.702093;0.278886;1.029851;-0.702093;0.105315;0.199004;1.000005;0.702093;
4.466486;0.702311;0.278894;1.029846;-0.702311;0.105348;0.198969;1.000005;0.702311;
4.486738;0.702553;0.278903;1.029840;-0.702553;0.105384;0.198929;1.000006;0.702553;
4.506991;0.702806;0.278912;1.029833;-0.702806;0.105422;0.198887;1.000006;0.702806;
4.527244;0.703059;0.278921;1.029827;-0.703059;0.105460;0.198845;1.000006;0.703059;
4.547496;0.703299;0.278929;1.029821;-0.703299;0.105496;0.198805;1.000005;0.703299;
4.567749;0.703517;0.278938;1.029816;-0.703517;0.105529;0.198770;1.000005;0.703517;
4.588002;0.703700;0.278947;1.029812;-0.703700;0.105557;0.198742;1.000004;0.703700;
4.608255;0.703842;0.278955;1.029809;-0.703842;0.105578;0.198721;1.000003;0.703842;
4.628507;0.703935;0.278963;1.029807;-0.703935;0.105592;0.198710;1.000002;0.703935;
4.648760;0.703977;0.278971;1.029807;-0.703977;0.105598;0.198709;1.000000;0.703977;
4.674552;0.703954;0.278980;1.029809;-0.703954;0.105594;0.198723;0.999999;0.703954;
4.700344;0.703848;0.278989;1.029813;-0.703848;0.105579;0.198753;0.999997;0.703848;
4.726137;0.703670;0.278998;1.029820;-0.703670;0.105552;0.198796;0.999996;0.703670;
4.749349;0.703461;0.279005;1.029827;-0.703461;0.105521;0.198844;0.999995;0.703461;
4.772562;0.703219;0.279012;1.029835;-0.703219;0.105484;0.198899;0.999995;0.703219;
4.793454;0.702986;0.279018;1.029843;-0.702986;0.105449;0.198951;0.999995;0.702986;
4.814346;0.702750;0.279024;1.029851;-0.702750;0.105414;0.199004;0.999995;0.702750;
4.835237;0.702523;0.279030;1.029859;-0.702523;0.105380;0.199054;0.999995;0.702523;
4.856129;0.702317;0.279036;1.029866;-0.702317;0.105349;0.199101;0.999996;0.702317;
4.877021;0.702140;0.279041;1.029872;-0.702140;0.105323;0.199141;0.999996;0.702140;
4.897912;0.702003;0.279047;1.029877;-0.702003;0.105302;0.199174;0.999997;0.702003;
4.918804;0.701909;0.279053;1.029880;-0.701909;0.105288;0.199199;0.999998;0.701909;
4.939695;0.701864;0.279059;1.029882;-0.701864;0.105281;0.199213;0.999999;0.701864;
4.965117;0.701875;0.279067;1.029883;-0.701875;0.105283;0.199219;1.000001;0.701875;
4.990539;0.701956;0.279075;1.029882;-0.701956;0.105295;0.199210;1.000002;0.701956;
5.015960;0.702099;0.279083;1.029879;-0.702099;0.105316;0.199190;1.000003;0.702099;
5.038840;0.702269;0.279091;1.029875;-0.702269;0.105342;0.199163;1.000004;0.702269;
5.061719;0.702468;0.279099;1.029870;-0.702468;0.105372;0.199131;1.000004;0.702468;
5.084598;0.702684;0.279107;1.029865;-0.702684;0.105404;0.199095;1.000005;0.702684;
5.096663;0.702800;0.279111;1.029862;-0.702800;0.105421;0.199076;1.000005;0.702800;
5.108727;0.702913;0.279115;1.029859;-0.702913;0.105438;0.199057;1.000004;0.702913;
5.120791;0.703021;0.279119;1.029856;-0.703021;0.105455;0.199040;1.000004;0.703021;
5.144920;0.703220;0.279127;1.029852;-0.703220;0.105484;0.199008;1.000004;0.703220;
5.169048;0.703385;0.279135;1.029848;-0.703385;0.105509;0.198982;1.000003;0.703385;
5.193177;0.703507;0.279143;1.029845;-0.703507;0.105527;0.198966;1.000002;0.703507;
5.217306;0.703577;0.279151;1.029844;-0.703577;0.105538;0.198959;1.000001;0.703577;
5.241434;0.703593;0.279158;1.029845;-0.703593;0.105540;0.198962;1.000000;0.703593;
5.267840;0.703548;0.279165;1.029847;-0.703548;0.105534;0.198978;0.999999;0.703548;
5.294245;0.703443;0.279173;1.029851;-0.703443;0.105518;0.199006;0.999998;0.703443;
5.320651;0.703288;0.279179;1.029857;-0.703288;0.105495;0.199043;0.999997;0.703288;
5.347056;0.703095;0.279186;1.029864;-0.703095;0.105466;0.199088;0.999996;0.703095;
5.370821;0.702902;0.279191;1.029870;-0.702902;0.105437;0.199131;0.999996;0.702902;
5.394586;0.702703;0.279197;1.029877;-0.702703;0.105407;0.199176;0.999996;0.702703;
5.418351;0.702512;0.279202;1.029883;-0.702512;0.105378;0.199219;0.999996;0.702512;
5.442116;0.702340;0.279207;1.029889;-0.702340;0.105352;0.199258;0.999997;0.702340;
5.465881;0.702198;0.279212;1.029894;-0.702198;0.105331;0.199291;0.999997;0.702198;
5.489646;0.702093;0.279218;1.029898;-0.702093;0.105315;0.199317;0.999998;0.702093;
5.513411;0.702033;0.279223;1.029901;-0.702033;0.105306;0.199334;0.999999;0.702033;
5.537176;0.702019;0.279229;1.029902;-0.702019;0.105304;0.199342;1.000000;0.702019;
5.560941;0.702051;0.279234;1.029902;-0.702051;0.105309;0.199342;1.000001;0.702051;
5.584706;0.702125;0.279240;1.029900;-0.702125;0.105320;0.199332;1.000002;0.702125;
5.608471;0.702237;0.279246;1.029898;-0.702237;0.105337;0.199316;1.000003;0.702237;
5.632236;0.702376;0.279253;1.029895;-0.702376;0.105358;0.199294;1.000003;0.702376;
5.656001;0.702534;0.279259;1.029891;-0.702534;0.105382;0.199269;1.000003;0.702534;
5.679766;0.702699;0.279265;1.029887;-0.702699;0.105406;0.199242;1.000003;0.702699;
5.703531;0.702862;0.279271;1.029883;-0.702862;0.105431;0.199215;1.000003;0.702862;
5.727296;0.703010;0.279278;1.029879;-0.703010;0.105453;0.199192;1.000003;0.703010;
5.751061;0.703136;0.279284;1.029876;-0.703136;0.105472;0.199172;1.000002;0.703136;
5.774826;0.703231;0.279290;1.029874;-0.703231;0.105486;0.199159;1.000002;0.703231;
5.798591;0.703289;0.279295;1.029873;-0.703289;0.105495;0.199153;1.000001;0.703289;
5.822356;0.703307;0.279301;1.029874;-0.703307;0.105497;0.199154;1.000000;0.703307;
5.851817;0.703273;0.279307;1.029875;-0.703273;0.105492;0.199167;0.999999;0.703273;
5.881278;0.703183;0.279314;1.029879;-0.703183;0.105479;0.199191;0.999998;0.703183;
5.910739;0.703046;0.279319;1.029884;-0.703046;0.105458;0.199224;0.999997;0.703046;
5.937254;0.702894;0.279324;1.029889;-0.702894;0.105436;0.199259;0.999997;0.702894;
5.963769;0.702728;0.279329;1.029895;-0.702728;0.105411;0.199296;0.999997;0.702728;
5.978091;0.702635;0.279331;1.029898;-0.702635;0.105397;0.199317;0.999997;0.702635;
5.992412;0.702547;0.279334;1.029901;-0.702547;0.105384;0.199337;0.999997;0.702547;
5.999999;0.702503;0.279335;1.029902;-0.702503;0.105377;0.199346;0.999997;0.702503;
5.999999;0.702503;0.279335;1.029902;-0.702503;0.105377;0.199346;0.999997;0.702503;
6.000000;0.702504;0.279335;1.029902;-0.702503;0.105376;0.199346;0.999995;0.702504;
6.000001;0.702503;0.279337;1.029902;-0.702503;0.105379;0.199346;1.000005;0.702503;
6.000003;0.702502;0.279341;1.029902;-0.702503;0.105386;0.199346;1.000024;0.702502;
6.000007;0.702499;0.279350;1.029902;-0.702503;0.105398;0.199346;1.000061;0.702499;
6.000015;0.702494;0.279367;1.029902;-0.702503;0.105423;0.199346;1.000135;0.702494;
6.000031;0.702484;0.279402;1.029902;-0.702504;0.105474;0.199345;1.000282;0.702484;
6.000063;0.702465;0.279469;1.029902;-0.702504;0.105574;0.199342;1.000569;0.702465;
6.000127;0.702428;0.279598;1.029900;-0.702507;0.105776;0.199330;1.001119;0.702428;
6.000255;0.702359;0.279833;1.029892;-0.702519;0.106180;0.199282;1.002128;0.702359;
6.000511;0.702243;0.280223;1.029865;-0.702563;0.106991;0.199109;1.003831;0.702243;
6.000767;0.702150;0.280524;1.029824;-0.702631;0.107805;0.198846;1.005177;0.702150;
6.001023;0.702077;0.280753;1.029772;-0.702718;0.108622;0.198512;1.006235;0.702077;
6.001279;0.702018;0.280926;1.029711;-0.702820;0.109442;0.198122;1.007064;0.702018;
6.001791;0.701931;0.281158;1.029569;-0.703052;0.111085;0.197227;1.008266;0.701931;
6.002303;0.701875;0.281276;1.029407;-0.703313;0.112733;0.196219;1.009005;0.701875;
6.002815;0.701839;0.281323;1.029232;-0.703592;0.114383;0.195139;1.009448;0.701839;
6.003327;0.701815;0.281327;1.029048;-0.703881;0.116035;0.194016;1.009709;0.701815;
6.003839;0.701799;0.281306;1.028858;-0.704176;0.117687;0.192867;1.009861;0.701799;
6.004351;0.701786;0.281271;1.028663;-0.704472;0.119340;0.191704;1.009949;0.701786;
6.005375;0.701767;0.281188;1.028262;-0.705065;0.122646;0.189363;1.010043;0.701767;
6.006399;0.701755;0.281098;1.027850;-0.705657;0.125951;0.187011;1.010054;0.701755;
6.008447;0.701732;0.280941;1.026997;-0.706819;0.132558;0.182325;1.010060;0.701732;
6.010495;0.701712;0.280807;1.026105;-0.707953;0.139159;0.177652;1.010062;0.701712;
6.014591;0.701680;0.280609;1.024202;-0.710140;0.152345;0.168349;1.010062;0.701680;
6.018687;0.701653;0.280463;1.022138;-0.712213;0.165506;0.159066;1.010059;0.701654;
6.022783;0.701633;0.280354;1.019909;-0.714174;0.178641;0.149791;1.010057;0.701634;
6.030975;0.701607;0.280187;1.014952;-0.717751;0.204821;0.131215;1.010058;0.701607;
6.039167;0.701593;0.280088;1.009332;-0.720865;0.230865;0.112615;1.010050;0.701595;
6.047359;0.701589;0.280025;1.003048;-0.723511;0.256762;0.093969;1.010051;0.701589;
6.063743;0.701596;0.279935;0.988496;-0.727377;0.308026;0.056534;1.010046;0.701596;
6.080127;0.701618;0.279868;0.971329;-0.729327;0.358476;0.018965;1.010042;0.701624;
6.096511;0.701648;0.279806;0.951589;-0.729346;0.407977;-0.018654;1.010038;0.701666;
6.112895;0.701684;0.279747;0.929327;-0.727433;0.456397;-0.056225;1.010034;0.701714;
6.129279;0.701731;0.279692;0.904604;-0.723596;0.503608;-0.093650;1.010031;0.701771;
6.145663;0.701789;0.279643;0.877484;-0.717846;0.549486;-0.130833;1.010028;0.701838;
6.162047;0.701857;0.279597;0.848039;-0.710196;0.593909;-0.167674;1.010026;0.701916;
6.178431;0.701934;0.279557;0.816347;-0.700665;0.636759;-0.204078;1.010024;0.702002;
6.194815;0.702020;0.279520;0.782492;-0.689278;0.677922;-0.239947;1.010022;0.702097;
6.211199;0.702111;0.279487;0.746562;-0.676062;0.717289;-0.275188;1.010020;0.702198;
6.227583;0.702207;0.279457;0.708655;-0.661049;0.754755;-0.309705;1.010019;0.702303;
6.243967;0.702305;0.279430;0.668870;-0.644279;0.790221;-0.343405;1.010017;0.702410;
6.260351;0.702403;0.279405;0.627313;-0.625794;0.823593;-0.376199;1.010016;0.702517;
6.276735;0.702498;0.279383;0.584094;-0.605641;0.854782;-0.407995;1.010014;0.702621;
6.293119;0.702588;0.279364;0.539329;-0.583873;0.883704;-0.438708;1.010013;0.702719;
6.309503;0.702670;0.279346;0.493136;-0.560548;0.910285;-0.468254;1.010012;0.702809;
6.325887;0.702743;0.279329;0.445637;-0.535726;0.934453;-0.496551;1.010011;0.702890;
6.342271;0.702803;0.279314;0.396961;-0.509475;0.956144;-0.523522;1.010010;0.702958;
6.375039;0.702908;0.279365;0.296591;-0.453045;0.991884;-0.573190;1.010001;0.702908;
6.407807;0.702953;0.279342;0.193085;-0.391728;1.017109;-0.616764;1.010005;0.703068;
6.440575;0.702862;0.279246;0.087554;-0.326186;1.031553;-0.653678;1.010002;0.703185;
6.473343;0.702701;0.279159;-0.018890;-0.257223;1.035079;-0.683580;1.010002;0.703202;
6.499999;0.702556;0.279086;-0.105330;-0.199139;1.029868;-0.702547;1.010002;0.703163;
6.499999;0.702567;0.279080;-0.105386;-0.199093;1.029864;-0.702567;1.009959;0.702567;
6.500000;0.702568;0.279078;-0.105387;-0.199091;1.029864;-0.702568;1.009949;0.702568;
6.500001;0.702568;0.279076;-0.105387;-0.199089;1.029864;-0.702568;1.009940;0.702568;
6.500003;0.702569;0.279071;-0.105387;-0.199084;1.029863;-0.702569;1.009921;0.702569;
6.500007;0.702572;0.279062;-0.105387;-0.199076;1.029862;-0.702572;1.009884;0.702572;
6.500015;0.702577;0.279045;-0.105388;-0.199058;1.029859;-0.702577;1.009810;0.702577;
6.500031;0.702586;0.279011;-0.105389;-0.199024;1.029854;-0.702586;1.009664;0.702586;
6.500063;0.702605;0.278944;-0.105392;-0.198957;1.029844;-0.702605;1.009378;0.702605;
6.500127;0.702642;0.278817;-0.105398;-0.198830;1.029825;-0.702642;1.008831;0.702642;
6.500255;0.702708;0.278585;-0.105408;-0.198598;1.029790;-0.702708;1.007828;0.702708;
6.500511;0.702820;0.278198;-0.105424;-0.198211;1.029732;-0.702820;1.006133;0.702820;
6.501023;0.702983;0.277659;-0.105449;-0.197669;1.029651;-0.702983;1.003675;0.702983;
6.501535;0.703085;0.277351;-0.105464;-0.197358;1.029604;-0.703085;1.002150;0.703085;
6.502559;0.703199;0.277075;-0.105481;-0.197075;1.029562;-0.703199;1.000476;0.703199;
6.503583;0.703241;0.277072;-0.105488;-0.197063;1.029560;-0.703241;0.999923;0.703241;
6.504607;0.703255;0.277170;-0.105490;-0.197153;1.029573;-0.703255;0.999814;0.703255;
6.505631;0.703261;0.277292;-0.105491;-0.197267;1.029591;-0.703261;0.999839;0.703261;
6.507679;0.703271;0.277500;-0.105492;-0.197462;1.029620;-0.703271;0.999902;0.703271;
6.511775;0.703292;0.277796;-0.105495;-0.197737;1.029661;-0.703292;0.999930;0.703292;
6.515871;0.703306;0.278016;-0.105497;-0.197942;1.029692;-0.703306;0.999937;0.703306;
6.519967;0.703314;0.278182;-0.105498;-0.198097;1.029715;-0.703314;0.999940;0.703314;
6.528159;0.703311;0.278427;-0.105498;-0.198328;1.029750;-0.703311;0.999943;0.703311;
6.536351;0.703286;0.278570;-0.105494;-0.198469;1.029771;-0.703286;0.999945;0.703286;
6.552735;0.703194;0.278734;-0.105481;-0.198641;1.029797;-0.703194;0.999949;0.703194;
6.569119;0.703072;0.278812;-0.105462;-0.198740;1.029811;-0.703072;0.999954;0.703072;
6.585503;0.702944;0.278870;-0.105443;-0.198820;1.029823;-0.702944;0.999958;0.702944;
6.601887;0.702822;0.278925;-0.105425;-0.198897;1.029835;-0.702822;0.999962;0.702822;
6.618271;0.702712;0.278980;-0.105408;-0.198969;1.029846;-0.702712;0.999966;0.702712;
6.634655;0.702618;0.279031;-0.105394;-0.199036;1.029856;-0.702618;0.999970;0.702618;
6.651039;0.702538;0.279077;-0.105382;-0.199096;1.029865;-0.702538;0.999973;0.702538;
6.667423;0.702475;0.279119;-0.105373;-0.199148;1.029873;-0.702475;0.999976;0.702475;
6.683807;0.702428;0.279157;-0.105366;-0.199193;1.029879;-0.702428;0.999979;0.702428;
6.700191;0.702397;0.279190;-0.105361;-0.199231;1.029885;-0.702397;0.999982;0.702397;
6.716575;0.702381;0.279221;-0.105359;-0.199263;1.029890;-0.702381;0.999984;0.702381;
6.732959;0.702380;0.279249;-0.105358;-0.199289;1.029894;-0.702380;0.999986;0.702380;
6.749343;0.702392;0.279274;-0.105360;-0.199311;1.029897;-0.702392;0.999988;0.702392;
6.765727;0.702416;0.279296;-0.105364;-0.199327;1.029900;-0.702416;0.999990;0.702416;
6.782111;0.702450;0.279317;-0.105369;-0.199340;1.029901;-0.702450;0.999991;0.702450;
6.798495;0.702491;0.279336;-0.105375;-0.199349;1.029903;-0.702491;0.999992;0.702491;
6.814879;0.702539;0.279353;-0.105382;-0.199356;1.029904;-0.702539;0.999993;0.702539;
6.831263;0.702591;0.279368;-0.105390;-0.199360;1.029904;-0.702591;0.999994;0.702591;
6.847647;0.702644;0.279382;-0.105398;-0.199363;1.029905;-0.702644;0.999995;0.702644;
6.864031;0.702696;0.279395;-0.105406;-0.199365;1.029905;-0.702696;0.999996;0.702696;
6.880415;0.702746;0.279407;-0.105413;-0.199366;1.029905;-0.702746;0.999996;0.702746;
6.896799;0.702790;0.279418;-0.105420;-0.199367;1.029906;-0.702790;0.999997;0.702790;
6.929567;0.702857;0.279437;-0.105430;-0.199372;1.029906;-0.702857;0.999997;0.702857;
6.962335;0.702889;0.279453;-0.105435;-0.199381;1.029908;-0.702889;0.999997;0.702889;
6.995103;0.702881;0.279466;-0.105434;-0.199395;1.029910;-0.702881;0.999997;0.702881;
7.027871;0.702835;0.279477;-0.105427;-0.199414;1.029913;-0.702835;0.999997;0.702835;
7.060639;0.702755;0.279486;-0.105415;-0.199439;1.029916;-0.702755;0.999997;0.702755;
7.093407;0.702650;0.279494;-0.105399;-0.199468;1.029921;-0.702650;0.999997;0.702650;
7.126175;0.702533;0.279501;-0.105381;-0.199497;1.029925;-0.702533;0.999997;0.702533;
7.158943;0.702416;0.279507;-0.105364;-0.199526;1.029929;-0.702416;0.999998;0.702416;
7.191711;0.702311;0.279512;-0.105348;-0.199552;1.029933;-0.702311;0.999998;0.702311;
7.224479;0.702231;0.279517;-0.105336;-0.199573;1.029936;-0.702231;0.999999;0.702231;
7.257247;0.702182;0.279522;-0.105329;-0.199586;1.029938;-0.702182;0.999999;0.702182;
7.290015;0.702169;0.279526;-0.105327;-0.199593;1.029939;-0.702169;1.000000;0.702169;
7.324932;0.702194;0.279530;-0.105331;-0.199592;1.029939;-0.702194;1.000000;0.702194;
7.359848;0.702253;0.279535;-0.105339;-0.199584;1.029938;-0.702253;1.000001;0.702253;
7.394765;0.702336;0.279539;-0.105352;-0.199572;1.029936;-0.702336;1.000001;0.702336;
7.429682;0.702432;0.279543;-0.105366;-0.199557;1.029934;-0.702432;1.000001;0.702432;
7.448948;0.702485;0.279545;-0.105374;-0.199548;1.029933;-0.702485;1.000001;0.702485;
7.468214;0.702533;0.279547;-0.105381;-0.199541;1.029931;-0.702533;1.000001;0.702533;
7.487480;0.702574;0.279549;-0.105387;-0.199534;1.029931;-0.702574;1.000001;0.702574;
7.526012;0.702635;0.279553;-0.105397;-0.199526;1.029929;-0.702635;1.000001;0.702635;
7.564543;0.702661;0.279556;-0.105401;-0.199524;1.029929;-0.702661;1.000000;0.702661;
7.603075;0.702648;0.279560;-0.105399;-0.199530;1.029930;-0.702648;1.000000;0.702648;
7.641607;0.702599;0.279563;-0.105391;-0.199542;1.029932;-0.702599;0.999999;0.702599;
7.680139;0.702523;0.279565;-0.105380;-0.199560;1.029934;-0.702523;0.999999;0.702523;
7.718671;0.702431;0.279568;-0.105366;-0.199580;1.029937;-0.702431;0.999999;0.702431;
7.741675;0.702374;0.279569;-0.105358;-0.199593;1.029939;-0.702374;0.999999;0.702374;
7.764679;0.702323;0.279570;-0.105350;-0.199604;1.029941;-0.702323;0.999999;0.702323;
7.787683;0.702280;0.279572;-0.105344;-0.199614;1.029943;-0.702280;0.999999;0.702280;
7.833691;0.702218;0.279574;-0.105334;-0.199629;1.029945;-0.702218;1.000000;0.702218;
7.879699;0.702195;0.279577;-0.105331;-0.199636;1.029946;-0.702195;1.000000;0.702195;
7.925707;0.702213;0.279580;-0.105333;-0.199635;1.029946;-0.702213;1.000000;0.702213;
7.971715;0.702264;0.279583;-0.105341;-0.199628;1.029945;-0.702264;1.000001;0.702264;
8.017723;0.702334;0.279586;-0.105352;-0.199616;1.029943;-0.702334;1.000001;0.702334;
8.044461;0.702377;0.279587;-0.105358;-0.199609;1.029942;-0.702377;1.000001;0.702377;
8.071200;0.702414;0.279589;-0.105364;-0.199604;1.029941;-0.702414;1.000001;0.702414;
8.095265;0.702440;0.279590;-0.105367;-0.199600;1.029940;-0.702440;1.000001;0.702440;
8.119329;0.702457;0.279591;-0.105370;-0.199598;1.029940;-0.702457;1.000000;0.702457;
8.140987;0.702466;0.279593;-0.105371;-0.199597;1.029940;-0.702466;1.000000;0.702466;
8.162645;0.702468;0.279594;-0.105372;-0.199598;1.029940;-0.702468;1.000000;0.702468;
8.184304;0.702462;0.279595;-0.105371;-0.199600;1.029940;-0.702462;1.000000;0.702462;
8.227620;0.702437;0.279597;-0.105367;-0.199606;1.029941;-0.702437;1.000000;0.702437;
8.266605;0.702398;0.279598;-0.105361;-0.199616;1.029943;-0.702398;0.999999;0.702398;
8.336777;0.702318;0.279601;-0.105349;-0.199634;1.029946;-0.702318;0.999999;0.702318;
8.388211;0.702273;0.279602;-0.105342;-0.199645;1.029947;-0.702273;1.000000;0.702273;
8.426597;0.702249;0.279604;-0.105339;-0.199650;1.029948;-0.702249;1.000000;0.702249;
8.461144;0.702238;0.279605;-0.105337;-0.199654;1.029948;-0.702238;1.000000;0.702238;
8.495692;0.702235;0.279606;-0.105337;-0.199655;1.029949;-0.702235;1.000000;0.702235;
8.530239;0.702239;0.279607;-0.105337;-0.199656;1.029949;-0.702239;1.000000;0.702239;
8.564786;0.702247;0.279608;-0.105338;-0.199655;1.029949;-0.702247;1.000000;0.702247;
8.599334;0.702259;0.279609;-0.105340;-0.199654;1.029948;-0.702259;1.000000;0.702259;
8.668428;0.702284;0.279611;-0.105344;-0.199651;1.029948;-0.702284;1.000000;0.702284;
8.707979;0.702295;0.279612;-0.105346;-0.199650;1.029948;-0.702295;1.000000;0.702295;
8.747530;0.702297;0.279613;-0.105346;-0.199650;1.029948;-0.702297;1.000000;0.702297;
8.787081;0.702293;0.279614;-0.105345;-0.199652;1.029948;-0.702293;1.000000;0.702293;
8.826633;0.702285;0.279615;-0.105344;-0.199654;1.029949;-0.702285;1.000000;0.702285;
8.866184;0.702272;0.279616;-0.105342;-0.199657;1.029949;-0.702272;1.000000;0.702272;
8.945286;0.702240;0.279617;-0.105337;-0.199665;1.029950;-0.702240;1.000000;0.702240;
9.024388;0.702212;0.279618;-0.105333;-0.199672;1.029951;-0.702212;1.000000;0.702212;
9.093237;0.702199;0.279619;-0.105331;-0.199675;1.029952;-0.702199;1.000000;0.702199;
9.155201;0.702194;0.279620;-0.105331;-0.199677;1.029952;-0.702194;1.000000;0.702194;
9.217166;0.702193;0.279620;-0.105330;-0.199678;1.029952;-0.702193;1.000000;0.702193;
9.341094;0.702186;0.279621;-0.105329;-0.199680;1.029952;-0.702186;1.000000;0.702186;
9.452630;0.702175;0.279622;-0.105328;-0.199682;1.029953;-0.702175;1.000000;0.702175;
9.564165;0.702159;0.279622;-0.105325;-0.199685;1.029953;-0.702159;1.000000;0.702159;
9.675701;0.702144;0.279622;-0.105323;-0.199688;1.029954;-0.702144;1.000000;0.702144;
9.898772;0.702115;0.279621;-0.105319;-0.199693;1.029954;-0.702115;1.000000;0.702115;
10.121844;0.702088;0.279619;-0.105315;-0.199697;1.029955;-0.702088;1.000000;0.702088;
10.567986;0.702035;0.279613;-0.105307;-0.199701;1.029956;-0.702035;1.000000;0.702035;
11.460272;0.701935;0.279596;-0.105292;-0.199706;1.029956;-0.701935;1.000000;0.701935;
12.263329;0.701848;0.279580;-0.105279;-0.199708;1.029957;-0.701848;1.000000;0.701848;
13.066385;0.701766;0.279565;-0.105266;-0.199710;1.029957;-0.701766;1.000000;0.701766;
13.869442;0.701687;0.279551;-0.105254;-0.199713;1.029957;-0.701687;1.000000;0.701687;
15.475556;0.701537;0.279527;-0.105232;-0.199720;1.029958;-0.701537;1.000000;0.701537;
17.081669;0.701400;0.279510;-0.105211;-0.199731;1.029960;-0.701400;1.000000;0.701400;
18.687783;0.701274;0.279500;-0.105193;-0.199746;1.029962;-0.701274;1.000000;0.701274;
20.000000;0.701180;0.279496;-0.105178;-0.199761;1.029965;-0.701180;1.000000;0.701180;
