time;WT4A_WT4A_injector_PInjPu;WT4A_WT4A_injector_QInjPu;WT4A_WT4A_injector_terminal_V_re;WT4A_WT4A_injector_terminal_i_re;WT4A_WT4A_injector_terminal_V_im;WT4A_WT4A_injector_terminal_i_im;WT4A_WT4A_pll_omegaPLLPu;WT4A_WT4A_wecc_wtgt_PePu;
0.000000;0.700006;0.279506;1.030009;-0.700000;0.105006;0.199999;1.000001;0.700000;
0.000001;0.700006;0.279506;1.030009;-0.700000;0.105006;0.199999;1.000001;0.700000;
0.000002;0.700006;0.279506;1.030009;-0.700000;0.105006;0.199999;1.000001;0.700000;
0.000004;0.700006;0.279506;1.030009;-0.700000;0.105006;0.199999;1.000001;0.700000;
0.000008;0.700006;0.279506;1.030009;-0.700000;0.105006;0.199999;1.000001;0.700000;
0.000016;0.700006;0.279506;1.030009;-0.700000;0.105006;0.199999;1.000001;0.700000;
0.000032;0.700006;0.279506;1.030009;-0.700000;0.105006;0.199999;1.000001;0.700000;
0.000064;0.700006;0.279506;1.030009;-0.700000;0.105006;0.199999;1.000001;0.700000;
0.000128;0.700006;0.279506;1.030009;-0.700000;0.105006;0.199999;1.000001;0.700000;
0.000256;0.700006;0.279506;1.030009;-0.700000;0.105006;0.199999;1.000001;0.700000;
0.000512;0.700006;0.279506;1.030009;-0.700000;0.105006;0.199999;1.000001;0.700000;
0.001024;0.700006;0.279506;1.030009;-0.700000;0.105006;0.199999;1.000001;0.700000;
0.002048;0.700006;0.279505;1.030009;-0.700000;0.105006;0.199999;1.000000;0.700000;
0.004096;0.700006;0.279505;1.030009;-0.700000;0.105006;0.199999;1.000000;0.700000;
0.008192;0.700006;0.279505;1.030009;-0.700000;0.105006;0.199999;1.000000;0.700000;
0.016384;0.700006;0.279505;1.030009;-0.700000;0.105006;0.199999;1.000000;0.700000;
0.032768;0.700005;0.279505;1.030009;-0.700000;0.105006;0.199999;1.000000;0.700000;
0.065536;0.700005;0.279505;1.030009;-0.700000;0.105006;0.199999;1.000000;0.700000;
0.131072;0.700005;0.279505;1.030009;-0.700000;0.105006;0.199999;1.000000;0.700000;
0.262144;0.700005;0.279505;1.030009;-0.700000;0.105006;0.199999;1.000000;0.700000;
0.524288;0.700005;0.279505;1.030009;-0.700000;0.105006;0.199999;1.000000;0.700000;
1.000000;0.700005;0.279505;1.030009;-0.700000;0.105006;0.199999;1.000000;0.700000;
1.000000;0.420005;0.199506;0.630009;-0.700000;0.105006;0.199999;1.121701;0.420000;
1.000001;0.420010;0.199492;0.630006;-0.700008;0.105008;0.199975;1.121633;0.420005;
1.000002;0.420015;0.199478;0.630002;-0.700016;0.105009;0.199952;1.121566;0.420010;
1.000004;0.420024;0.199450;0.629995;-0.700032;0.105011;0.199905;1.121431;0.420019;
1.000008;0.420044;0.199395;0.629981;-0.700064;0.105016;0.199811;1.121161;0.420038;
1.000016;0.420082;0.199285;0.629953;-0.700127;0.105026;0.199624;1.120624;0.420076;
1.000032;0.420157;0.199067;0.629897;-0.700253;0.105044;0.199254;1.119556;0.420152;
1.000064;0.420307;0.198639;0.629788;-0.700503;0.105082;0.198525;1.117449;0.420302;
1.000128;0.420601;0.197812;0.629577;-0.700993;0.105155;0.197114;1.113348;0.420596;
1.000256;0.421167;0.196273;0.629181;-0.701937;0.105297;0.194476;1.105573;0.421162;
1.000384;0.421707;0.194879;0.628820;-0.702837;0.105432;0.192071;1.098342;0.421702;
1.000640;0.422726;0.192488;0.628192;-0.704535;0.105687;0.187884;1.085327;0.422721;
1.000870;0.423587;0.190754;0.627726;-0.705970;0.105902;0.184778;1.075131;0.423582;
1.001101;0.424410;0.189372;0.627343;-0.707342;0.106108;0.182225;1.066189;0.424405;
1.001331;0.425208;0.188307;0.627034;-0.708671;0.106307;0.180166;1.058354;0.425203;
1.001341;0.425243;0.188267;0.627022;-0.708729;0.106316;0.180086;1.058031;0.425238;
1.001342;0.425246;0.188263;0.627021;-0.708735;0.106317;0.180078;1.058000;0.425241;
1.001343;0.425250;0.188259;0.627020;-0.708740;0.106318;0.180070;1.057969;0.425244;
1.001345;0.425256;0.188251;0.627017;-0.708752;0.106320;0.180054;1.057906;0.425251;
1.001349;0.425270;0.188236;0.627013;-0.708774;0.106323;0.180024;1.057781;0.425265;
1.001357;0.425297;0.188206;0.627004;-0.708820;0.106330;0.179963;1.057532;0.425292;
1.001373;0.425352;0.188147;0.626986;-0.708911;0.106343;0.179843;1.057037;0.425346;
1.001405;0.425461;0.188035;0.626951;-0.709092;0.106371;0.179612;1.056060;0.425455;
1.001469;0.425679;0.187833;0.626887;-0.709456;0.106425;0.179185;1.054159;0.425674;
1.001597;0.426117;0.187517;0.626779;-0.710186;0.106535;0.178464;1.050556;0.426112;
1.001853;0.427005;0.187214;0.626637;-0.711666;0.106757;0.177517;1.044079;0.427000;
1.002109;0.427914;0.187325;0.626588;-0.713182;0.106984;0.177191;1.038485;0.427909;
1.002365;0.428852;0.187816;0.626624;-0.714744;0.107218;0.177430;1.033663;0.428847;
1.002621;0.429823;0.188656;0.626737;-0.716362;0.107461;0.178184;1.029511;0.429817;
1.002877;0.430831;0.189816;0.626920;-0.718043;0.107713;0.179407;1.025940;0.430826;
1.003133;0.431880;0.191272;0.627168;-0.719791;0.107976;0.181056;1.022873;0.431875;
1.003389;0.432972;0.193001;0.627474;-0.721611;0.108248;0.183096;1.020241;0.432966;
1.003645;0.434108;0.194982;0.627833;-0.723504;0.108532;0.185493;1.017986;0.434102;
1.004157;0.436516;0.199607;0.628690;-0.727518;0.109135;0.191206;1.014359;0.436511;
1.004618;0.438840;0.204468;0.629605;-0.731390;0.109715;0.197303;1.011954;0.438834;
1.004834;0.439978;0.206945;0.630074;-0.733287;0.110000;0.200427;1.011041;0.439972;
1.004835;0.439984;0.206957;0.630076;-0.733297;0.110001;0.200442;1.011038;0.439978;
1.004836;0.439989;0.206969;0.630078;-0.733306;0.110003;0.200457;1.011034;0.439983;
1.004838;0.440000;0.206993;0.630083;-0.733323;0.110005;0.200487;1.011026;0.439994;
1.004842;0.440021;0.207040;0.630092;-0.733359;0.110011;0.200547;1.011011;0.440015;
1.004850;0.440064;0.207135;0.630110;-0.733430;0.110021;0.200667;1.010981;0.440058;
1.004866;0.440150;0.207325;0.630146;-0.733574;0.110043;0.200907;1.010922;0.440144;
1.004898;0.440322;0.207708;0.630218;-0.733861;0.110086;0.201391;1.010806;0.440316;
1.004962;0.440669;0.208482;0.630365;-0.734438;0.110173;0.202369;1.010579;0.440663;
1.005090;0.441370;0.210058;0.630664;-0.735607;0.110348;0.204364;1.010154;0.441364;
1.005346;0.442807;0.213326;0.631285;-0.738001;0.110707;0.208501;1.009403;0.442801;
1.005858;0.445799;0.220219;0.632592;-0.742988;0.111455;0.217215;1.008227;0.445793;
1.006370;0.448941;0.227523;0.633973;-0.748225;0.112241;0.226416;1.007413;0.448935;
1.006882;0.452223;0.235165;0.635409;-0.753695;0.113061;0.235992;1.006873;0.452217;
1.007394;0.455634;0.243083;0.636888;-0.759379;0.113914;0.245851;1.006535;0.455628;
1.007906;0.459163;0.251226;0.638398;-0.765262;0.114796;0.255918;1.006343;0.459157;
1.008418;0.462801;0.259549;0.639930;-0.771324;0.115705;0.266127;1.006257;0.462795;
1.009442;0.470348;0.276531;0.643016;-0.783902;0.117592;0.286696;1.006258;0.470341;
1.010466;0.478203;0.293801;0.646100;-0.796993;0.119555;0.307253;1.006405;0.478196;
1.011285;0.484658;0.307675;0.648537;-0.807751;0.121169;0.323498;1.006563;0.484650;
1.011286;0.484666;0.307692;0.648540;-0.807764;0.121171;0.323518;1.006563;0.484658;
1.011287;0.484674;0.307709;0.648543;-0.807777;0.121173;0.323537;1.006563;0.484666;
1.011289;0.484690;0.307743;0.648549;-0.807804;0.121177;0.323577;1.006564;0.484682;
1.011293;0.484722;0.307811;0.648560;-0.807857;0.121185;0.323656;1.006565;0.484714;
1.011301;0.484786;0.307947;0.648584;-0.807963;0.121201;0.323814;1.006566;0.484778;
1.011317;0.484913;0.308219;0.648632;-0.808176;0.121233;0.324130;1.006570;0.484905;
1.011349;0.485167;0.308762;0.648726;-0.808599;0.121296;0.324762;1.006576;0.485160;
1.011413;0.485674;0.309848;0.648916;-0.809443;0.121423;0.326026;1.006586;0.485666;
1.011541;0.486677;0.312017;0.649295;-0.811116;0.121674;0.328550;1.006599;0.486670;
1.011797;0.488650;0.316342;0.650050;-0.814405;0.122167;0.333587;1.006599;0.488643;
1.012309;0.492466;0.324933;0.651554;-0.820763;0.123121;0.343610;1.006514;0.492458;
1.013333;0.499621;0.341859;0.654522;-0.832688;0.124910;0.363393;1.006145;0.499613;
1.014357;0.506208;0.358396;0.657424;-0.843666;0.126556;0.382743;1.005634;0.506199;
1.015381;0.512314;0.374480;0.660245;-0.853841;0.128082;0.401545;1.005100;0.512305;
1.016405;0.518022;0.390049;0.662966;-0.863355;0.129509;0.419684;1.004616;0.518013;
1.017429;0.523412;0.405042;0.665572;-0.872337;0.130857;0.437054;1.004215;0.523402;
1.018447;0.528437;0.419420;0.668062;-0.880712;0.132113;0.453650;1.003855;0.528427;
1.018447;0.528438;0.419420;0.668062;-0.880714;0.132113;0.453649;1.003855;0.528428;
1.018448;0.528443;0.419432;0.668064;-0.880721;0.132114;0.453664;1.003855;0.528433;
1.018449;0.528447;0.419446;0.668066;-0.880729;0.132115;0.453680;1.003855;0.528438;
1.018450;0.528452;0.419460;0.668069;-0.880737;0.132117;0.453696;1.003854;0.528442;
1.018452;0.528462;0.419488;0.668073;-0.880753;0.132119;0.453728;1.003854;0.528452;
1.018456;0.528481;0.419543;0.668083;-0.880785;0.132124;0.453792;1.003852;0.528471;
1.018464;0.528519;0.419654;0.668102;-0.880848;0.132133;0.453920;1.003850;0.528509;
1.018480;0.528595;0.419876;0.668141;-0.880975;0.132152;0.454176;1.003844;0.528585;
1.018512;0.528747;0.420320;0.668217;-0.881228;0.132190;0.454687;1.003833;0.528737;
1.018576;0.529049;0.421206;0.668371;-0.881731;0.132266;0.455710;1.003810;0.529039;
1.018704;0.529646;0.422977;0.668678;-0.882726;0.132415;0.457756;1.003762;0.529636;
1.018960;0.530813;0.426509;0.669291;-0.884672;0.132707;0.461842;1.003658;0.530803;
1.019472;0.533045;0.433530;0.670514;-0.888392;0.133265;0.469995;1.003429;0.533035;
1.020496;0.537130;0.447388;0.672943;-0.895200;0.134286;0.486185;1.002929;0.537120;
1.021520;0.540750;0.460974;0.675340;-0.901233;0.135191;0.502169;1.002419;0.540740;
1.023568;0.546886;0.487156;0.679988;-0.911458;0.136724;0.533153;1.001531;0.546875;
1.025411;0.551352;0.509457;0.683966;-0.918900;0.137841;0.559670;1.000922;0.551340;
1.027254;0.555109;0.530400;0.687701;-0.925161;0.138779;0.584565;1.000512;0.555097;
1.029097;0.558375;0.549877;0.691161;-0.930604;0.139596;0.607628;1.000282;0.558363;
1.030940;0.561333;0.567825;0.694325;-0.935534;0.140335;0.628721;1.000197;0.561320;
1.032784;0.564123;0.584218;0.697184;-0.940183;0.141032;0.647779;1.000219;0.564110;
1.034627;0.566846;0.599066;0.699738;-0.944720;0.141713;0.664802;1.000313;0.566832;
1.036470;0.569569;0.612410;0.701993;-0.949259;0.142393;0.679838;1.000451;0.569555;
1.038313;0.572334;0.624314;0.703964;-0.953866;0.143085;0.692976;1.000612;0.572320;
1.040156;0.575160;0.634857;0.705668;-0.958577;0.143791;0.704330;1.000779;0.575146;
1.042000;0.578052;0.644132;0.707123;-0.963396;0.144514;0.714031;1.000941;0.578038;
1.045686;0.583978;0.659407;0.709402;-0.973271;0.145995;0.729225;1.001215;0.583963;
1.049004;0.589395;0.669813;0.710821;-0.982300;0.147349;0.738683;1.001395;0.589380;
1.052321;0.594769;0.677655;0.711768;-0.991255;0.148693;0.744994;1.001506;0.594753;
1.055639;0.599997;0.683417;0.712343;-0.999968;0.150000;0.748827;1.001553;0.599981;
1.058957;0.604985;0.687542;0.712638;-1.008282;0.151247;0.750791;1.001544;0.604969;
1.062275;0.609661;0.690412;0.712729;-1.016074;0.152416;0.751401;1.001491;0.609645;
1.065593;0.613973;0.692343;0.712681;-1.023262;0.153494;0.751077;1.001406;0.613957;
1.068910;0.617895;0.693592;0.712542;-1.029798;0.154475;0.750151;1.001299;0.617879;
1.072228;0.621414;0.694357;0.712351;-1.035663;0.155354;0.748876;1.001179;0.621398;
1.075546;0.624536;0.694793;0.712135;-1.040866;0.156135;0.747439;1.001054;0.624520;
1.078864;0.627277;0.695014;0.711915;-1.045435;0.156820;0.745971;1.000930;0.627261;
1.085499;0.631755;0.695167;0.711515;-1.052898;0.157940;0.743304;1.000702;0.631739;
1.092135;0.635064;0.695122;0.711188;-1.058412;0.158767;0.741126;1.000508;0.635047;
1.098770;0.637440;0.695051;0.710946;-1.062373;0.159361;0.739508;1.000354;0.637424;
1.105406;0.639105;0.695024;0.710779;-1.065147;0.159778;0.738397;1.000239;0.639088;
1.112041;0.640248;0.695052;0.710673;-1.067051;0.160063;0.737690;1.000155;0.640231;
1.118677;0.641020;0.695120;0.710610;-1.068338;0.160256;0.737271;1.000098;0.641003;
1.125312;0.641536;0.695209;0.710576;-1.069198;0.160385;0.737043;1.000060;0.641519;
1.131948;0.641880;0.695299;0.710559;-1.069772;0.160471;0.736929;1.000035;0.641863;
1.138583;0.642109;0.695382;0.710552;-1.070154;0.160529;0.736880;1.000019;0.642092;
1.151854;0.642393;0.695505;0.710546;-1.070627;0.160600;0.736846;1.000001;0.642376;
1.165125;0.642521;0.695583;0.710548;-1.070841;0.160632;0.736856;0.999994;0.642504;
1.178396;0.642573;0.695627;0.710551;-1.070927;0.160645;0.736876;0.999992;0.642556;
1.191667;0.642590;0.695651;0.710554;-1.070956;0.160649;0.736895;0.999992;0.642574;
1.204938;0.642592;0.695667;0.710557;-1.070959;0.160649;0.736913;0.999992;0.642575;
1.218209;0.642587;0.695680;0.710559;-1.070950;0.160648;0.736932;0.999992;0.642570;
1.231481;0.642579;0.695692;0.710562;-1.070938;0.160646;0.736951;0.999993;0.642563;
1.244752;0.642571;0.695703;0.710565;-1.070924;0.160644;0.736970;0.999993;0.642554;
1.258023;0.642564;0.695713;0.710568;-1.070911;0.160642;0.736988;0.999994;0.642547;
1.271294;0.642557;0.695723;0.710570;-1.070899;0.160640;0.737004;0.999995;0.642540;
1.284565;0.642550;0.695732;0.710573;-1.070889;0.160639;0.737019;0.999995;0.642533;
1.297836;0.642544;0.695740;0.710575;-1.070879;0.160637;0.737033;0.999995;0.642528;
1.311107;0.642539;0.695748;0.710576;-1.070871;0.160636;0.737046;0.999996;0.642522;
1.324378;0.642535;0.695755;0.710578;-1.070863;0.160635;0.737057;0.999996;0.642518;
1.337649;0.642530;0.695761;0.710580;-1.070856;0.160634;0.737067;0.999997;0.642513;
1.350920;0.642526;0.695766;0.710581;-1.070849;0.160633;0.737077;0.999997;0.642509;
1.364191;0.642523;0.695772;0.710582;-1.070843;0.160632;0.737085;0.999997;0.642506;
1.390733;0.642516;0.695781;0.710585;-1.070833;0.160630;0.737101;0.999998;0.642500;
1.417275;0.642511;0.695788;0.710587;-1.070824;0.160629;0.737113;0.999998;0.642494;
1.441163;0.642507;0.695794;0.710588;-1.070817;0.160628;0.737123;0.999998;0.642490;
1.462662;0.642504;0.695799;0.710589;-1.070812;0.160627;0.737131;0.999999;0.642487;
1.481421;0.642502;0.695802;0.710590;-1.070808;0.160627;0.737136;0.999999;0.642485;
1.498303;0.642500;0.695805;0.710591;-1.070805;0.160626;0.737141;0.999999;0.642483;
1.513498;0.642498;0.695807;0.710591;-1.070803;0.160626;0.737144;0.999999;0.642482;
1.528692;0.642497;0.695809;0.710592;-1.070800;0.160626;0.737148;0.999999;0.642480;
1.543887;0.642496;0.695811;0.710592;-1.070798;0.160625;0.737151;0.999999;0.642479;
1.559081;0.642495;0.695812;0.710593;-1.070797;0.160625;0.737153;0.999999;0.642478;
1.574275;0.642494;0.695814;0.710593;-1.070795;0.160625;0.737156;0.999999;0.642477;
1.589470;0.642493;0.695815;0.710593;-1.070793;0.160625;0.737158;0.999999;0.642476;
1.604664;0.642492;0.695816;0.710594;-1.070792;0.160624;0.737160;0.999999;0.642475;
1.619859;0.642491;0.695817;0.710594;-1.070791;0.160624;0.737161;0.999999;0.642474;
1.635053;0.642491;0.695818;0.710594;-1.070790;0.160624;0.737163;1.000000;0.642474;
1.650247;0.642490;0.695819;0.710594;-1.070789;0.160624;0.737164;1.000000;0.642473;
1.665442;0.642490;0.695820;0.710594;-1.070788;0.160624;0.737166;1.000000;0.642473;
1.695831;0.642489;0.695821;0.710595;-1.070786;0.160623;0.737168;1.000000;0.642472;
1.723181;0.642488;0.695822;0.710595;-1.070785;0.160623;0.737170;1.000000;0.642471;
1.747796;0.642487;0.695823;0.710595;-1.070784;0.160623;0.737171;1.000000;0.642471;
1.769949;0.642487;0.695824;0.710595;-1.070784;0.160623;0.737172;1.000000;0.642470;
1.789844;0.642487;0.695824;0.710595;-1.070783;0.160623;0.737173;1.000000;0.642470;
1.807750;0.642487;0.695824;0.710596;-1.070783;0.160623;0.737173;1.000000;0.642470;
1.823866;0.642486;0.695825;0.710596;-1.070782;0.160623;0.737174;1.000000;0.642469;
1.839981;0.642486;0.695825;0.710596;-1.070782;0.160623;0.737174;1.000000;0.642469;
1.856096;0.642486;0.695825;0.710596;-1.070782;0.160623;0.737174;1.000000;0.642469;
1.872211;0.642486;0.695825;0.710596;-1.070782;0.160623;0.737175;1.000000;0.642469;
1.888327;0.642486;0.695825;0.710596;-1.070781;0.160623;0.737175;1.000000;0.642469;
1.904442;0.642486;0.695826;0.710596;-1.070781;0.160623;0.737175;1.000000;0.642469;
1.920557;0.642486;0.695826;0.710596;-1.070781;0.160623;0.737176;1.000000;0.642469;
1.936672;0.642485;0.695826;0.710596;-1.070781;0.160623;0.737176;1.000000;0.642469;
1.952788;0.642485;0.695826;0.710596;-1.070781;0.160623;0.737176;1.000000;0.642468;
1.968903;0.642485;0.695826;0.710596;-1.070781;0.160623;0.737176;1.000000;0.642468;
1.989201;0.642485;0.695826;0.710596;-1.070781;0.160623;0.737176;1.000000;0.642468;
2.000000;0.642485;0.695826;0.710596;-1.070780;0.160623;0.737177;1.000000;0.642468;
2.000000;1.070797;0.990697;1.110596;-1.070780;0.160623;0.737177;0.735425;1.070780;
2.000001;1.070736;0.990786;1.110609;-1.070719;0.160613;0.737265;0.735666;1.070719;
2.000002;1.070675;0.990875;1.110623;-1.070658;0.160604;0.737354;0.735907;1.070658;
2.000004;1.070553;0.991052;1.110649;-1.070536;0.160586;0.737532;0.736388;1.070536;
2.000008;1.070309;0.991406;1.110702;-1.070292;0.160549;0.737885;0.737349;1.070292;
2.000016;1.069824;0.992109;1.110808;-1.069807;0.160477;0.738588;0.739260;1.069807;
2.000032;1.068864;0.993497;1.111016;-1.068847;0.160333;0.739977;0.743043;1.068847;
2.000064;1.066984;0.996206;1.111422;-1.066967;0.160050;0.742685;0.750450;1.066967;
2.000128;1.063379;1.001357;1.112195;-1.063362;0.159510;0.747837;0.764659;1.063362;
2.000256;1.056758;1.010677;1.113593;-1.056741;0.158516;0.757158;0.790823;1.056741;
2.000384;1.050888;1.018789;1.114811;-1.050871;0.157636;0.765273;0.814189;1.050871;
2.000469;1.047349;1.023612;1.115535;-1.047332;0.157105;0.770099;0.828415;1.047332;
2.000470;1.047307;1.023663;1.115542;-1.047290;0.157098;0.770150;0.828575;1.047290;
2.000471;1.047268;1.023716;1.115550;-1.047251;0.157093;0.770203;0.828733;1.047251;
2.000473;1.047190;1.023822;1.115566;-1.047173;0.157081;0.770309;0.829050;1.047173;
2.000477;1.047033;1.024033;1.115598;-1.047016;0.157057;0.770521;0.829682;1.047016;
2.000485;1.046721;1.024453;1.115661;-1.046705;0.157011;0.770942;0.830939;1.046705;
2.000501;1.046104;1.025282;1.115786;-1.046088;0.156918;0.771772;0.833426;1.046088;
2.000533;1.044894;1.026894;1.116028;-1.044877;0.156736;0.773389;0.838293;1.044877;
2.000597;1.042566;1.029942;1.116488;-1.042549;0.156387;0.776453;0.847613;1.042549;
2.000725;1.038250;1.035388;1.117314;-1.038233;0.155740;0.781959;0.864724;1.038233;
2.000853;1.034360;1.040027;1.118024;-1.034343;0.155156;0.786694;0.879942;1.034343;
2.000981;1.030854;1.043939;1.118630;-1.030837;0.154630;0.790736;0.893462;1.030837;
2.001109;1.027691;1.047195;1.119143;-1.027674;0.154156;0.794156;0.905464;1.027674;
2.001237;1.024832;1.049861;1.119573;-1.024815;0.153727;0.797018;0.916115;1.024815;
2.001365;1.022244;1.051994;1.119927;-1.022227;0.153338;0.799380;0.925563;1.022227;
2.001493;1.019893;1.053646;1.120214;-1.019876;0.152986;0.801293;0.933943;1.019876;
2.001621;1.017752;1.054863;1.120440;-1.017735;0.152665;0.802801;0.941371;1.017735;
2.001749;1.015794;1.055685;1.120612;-1.015777;0.152371;0.803945;0.947956;1.015777;
2.001877;1.013996;1.056149;1.120734;-1.013980;0.152101;0.804760;0.953790;1.013980;
2.002005;1.012338;1.056286;1.120811;-1.012321;0.151852;0.805277;0.958958;1.012321;
2.002261;1.009346;1.055723;1.120853;-1.009329;0.151403;0.805554;0.967665;1.009329;
2.002462;1.007256;1.054574;1.120790;-1.007239;0.151090;0.805137;0.973163;1.007239;
2.002463;1.007246;1.054567;1.120790;-1.007229;0.151088;0.805134;0.973187;1.007229;
2.002464;1.007236;1.054559;1.120789;-1.007219;0.151087;0.805130;0.973211;1.007219;
2.002466;1.007216;1.054545;1.120788;-1.007200;0.151084;0.805123;0.973259;1.007200;
2.002470;1.007177;1.054515;1.120786;-1.007161;0.151078;0.805109;0.973356;1.007161;
2.002478;1.007099;1.054455;1.120782;-1.007083;0.151066;0.805080;0.973548;1.007083;
2.002494;1.006944;1.054333;1.120773;-1.006927;0.151043;0.805019;0.973928;1.006927;
2.002526;1.006636;1.054079;1.120753;-1.006620;0.150997;0.804889;0.974671;1.006620;
2.002590;1.006033;1.053532;1.120709;-1.006016;0.150907;0.804595;0.976091;1.006016;
2.002718;1.004865;1.052293;1.120602;-1.004849;0.150731;0.803881;0.978688;1.004849;
2.002974;1.002656;1.049292;1.120319;-1.002640;0.150400;0.801999;0.983052;1.002640;
2.003230;1.000578;1.045657;1.119955;-1.000561;0.150088;0.799571;0.986465;1.000561;
2.003486;0.998584;1.041467;1.119521;-0.998568;0.149789;0.796673;0.989117;0.998568;
2.003742;0.996638;1.036792;1.119025;-0.996622;0.149497;0.793369;0.991167;0.996622;
2.003998;0.994711;1.031691;1.118476;-0.994695;0.149208;0.789712;0.992745;0.994695;
2.004254;0.992780;1.026211;1.117881;-0.992764;0.148919;0.785745;0.993953;0.992764;
2.004510;0.990828;1.020395;1.117245;-0.990812;0.148626;0.781506;0.994872;0.990812;
2.005022;0.986816;1.007917;1.115872;-0.986800;0.148024;0.772353;0.996142;0.986800;
2.005534;0.982631;0.994445;1.114380;-0.982615;0.147397;0.762407;0.996842;0.982615;
2.006046;0.978253;0.980139;1.112789;-0.978238;0.146740;0.751798;0.997188;0.978238;
2.006558;0.973681;0.965134;1.111113;-0.973666;0.146054;0.740632;0.997325;0.973666;
2.007070;0.968924;0.949544;1.109368;-0.968909;0.145341;0.728994;0.997346;0.968909;
2.007582;0.963998;0.933463;1.107561;-0.963983;0.144602;0.716953;0.997305;0.963983;
2.008606;0.953750;0.900235;1.103811;-0.953737;0.143065;0.691956;0.997176;0.953737;
2.009630;0.943086;0.865925;1.099913;-0.943073;0.141466;0.665973;0.997029;0.943073;
2.010654;0.932154;0.830972;1.095914;-0.932141;0.139826;0.639315;0.996908;0.932141;
2.010682;0.931856;0.830022;1.095805;-0.931843;0.139781;0.638588;0.996905;0.931843;
2.010683;0.931845;0.829988;1.095801;-0.931832;0.139780;0.638562;0.996905;0.931832;
2.010684;0.931834;0.829953;1.095797;-0.931821;0.139778;0.638535;0.996905;0.931821;
2.010686;0.931812;0.829884;1.095789;-0.931800;0.139775;0.638482;0.996905;0.931800;
2.010690;0.931769;0.829747;1.095774;-0.931756;0.139768;0.638377;0.996904;0.931756;
2.010698;0.931683;0.829471;1.095742;-0.931670;0.139755;0.638166;0.996904;0.931670;
2.010714;0.931510;0.828920;1.095679;-0.931497;0.139729;0.637744;0.996902;0.931497;
2.010746;0.931164;0.827820;1.095552;-0.931151;0.139678;0.636902;0.996899;0.931151;
2.010810;0.930472;0.825623;1.095300;-0.930460;0.139574;0.635219;0.996892;0.930460;
2.010938;0.929090;0.821244;1.094796;-0.929078;0.139367;0.631864;0.996880;0.929078;
2.011194;0.926329;0.812549;1.093796;-0.926316;0.138952;0.625194;0.996858;0.926316;
2.011706;0.920825;0.795407;1.091820;-0.920813;0.138127;0.612022;0.996823;0.920813;
2.011833;0.919466;0.791207;1.091335;-0.919454;0.137923;0.608789;0.996816;0.919454;
2.011834;0.919455;0.791174;1.091331;-0.919443;0.137921;0.608764;0.996816;0.919443;
2.011835;0.919444;0.791141;1.091327;-0.919432;0.137920;0.608738;0.996816;0.919432;
2.011837;0.919423;0.791075;1.091320;-0.919411;0.137917;0.608688;0.996816;0.919411;
2.011841;0.919380;0.790943;1.091304;-0.919368;0.137910;0.608586;0.996816;0.919368;
2.011849;0.919294;0.790679;1.091274;-0.919282;0.137897;0.608383;0.996815;0.919282;
2.011865;0.919123;0.790152;1.091213;-0.919111;0.137872;0.607977;0.996815;0.919111;
2.011897;0.918780;0.789098;1.091091;-0.918768;0.137820;0.607165;0.996813;0.918768;
2.011961;0.918096;0.786993;1.090848;-0.918084;0.137718;0.605545;0.996810;0.918084;
2.012089;0.916728;0.782801;1.090363;-0.916716;0.137512;0.602314;0.996804;0.916716;
2.012345;0.913999;0.774478;1.089400;-0.913987;0.137103;0.595894;0.996794;0.913987;
2.012857;0.908573;0.758081;1.087499;-0.908562;0.136289;0.583222;0.996780;0.908562;
2.013881;0.897879;0.726285;1.083798;-0.897868;0.134685;0.558550;0.996774;0.897868;
2.014905;0.887425;0.695811;1.080232;-0.887414;0.133118;0.534775;0.996793;0.887414;
2.015929;0.877247;0.666644;1.076799;-0.877237;0.131591;0.511894;0.996833;0.877237;
2.016953;0.867375;0.638764;1.073500;-0.867365;0.130110;0.489903;0.996890;0.867365;
2.017977;0.857831;0.612148;1.070333;-0.857821;0.128679;0.468793;0.996960;0.857821;
2.019001;0.848631;0.586767;1.067297;-0.848622;0.127299;0.448552;0.997041;0.848622;
2.021049;0.831312;0.539550;1.061602;-0.831304;0.124701;0.410592;0.997224;0.831304;
2.023097;0.815434;0.496834;1.056397;-0.815426;0.122320;0.375892;0.997425;0.815426;
2.025145;0.800980;0.458318;1.051656;-0.800972;0.120152;0.344295;0.997635;0.800972;
2.027193;0.787905;0.423690;1.047355;-0.787898;0.118191;0.315621;0.997846;0.787898;
2.029241;0.776301;0.394113;1.043662;-0.776294;0.116451;0.291007;0.998053;0.776294;
2.030964;0.767635;0.373288;1.041060;-0.767629;0.115151;0.273659;0.998220;0.767629;
2.032688;0.759925;0.355904;1.038890;-0.759919;0.113994;0.259197;0.998379;0.759919;
2.034411;0.753075;0.341495;1.037098;-0.753069;0.112967;0.247251;0.998529;0.753069;
2.036134;0.746996;0.329601;1.035626;-0.746990;0.112055;0.237438;0.998669;0.746990;
2.037858;0.741606;0.319808;1.034422;-0.741600;0.111247;0.229411;0.998798;0.741600;
2.039581;0.736827;0.311765;1.033441;-0.736821;0.110530;0.222871;0.998917;0.736821;
2.041304;0.732592;0.305171;1.032644;-0.732586;0.109895;0.217562;0.999025;0.732586;
2.043028;0.728838;0.299780;1.032000;-0.728832;0.109332;0.213271;0.999124;0.728832;
2.044751;0.725511;0.295381;1.031482;-0.725505;0.108832;0.209817;0.999214;0.725505;
2.046474;0.722560;0.291802;1.031068;-0.722554;0.108390;0.207052;0.999296;0.722554;
2.048198;0.719942;0.288898;1.030737;-0.719936;0.107997;0.204851;0.999369;0.719936;
2.049921;0.717618;0.286549;1.030476;-0.717612;0.107648;0.203109;0.999435;0.717612;
2.051645;0.715554;0.284655;1.030271;-0.715548;0.107339;0.201742;0.999494;0.715548;
2.053368;0.713719;0.283133;1.030111;-0.713714;0.107064;0.200677;0.999547;0.713714;
2.055091;0.712087;0.281915;1.029988;-0.712082;0.106819;0.199858;0.999595;0.712082;
2.056815;0.710634;0.280944;1.029895;-0.710629;0.106601;0.199234;0.999638;0.710629;
2.060261;0.708164;0.279523;1.029768;-0.708158;0.106230;0.198390;0.999710;0.708158;
2.061833;0.707202;0.279055;1.029730;-0.707197;0.106086;0.198140;0.999739;0.707197;
2.061834;0.707202;0.279054;1.029730;-0.707196;0.106086;0.198140;0.999739;0.707196;
2.061835;0.707201;0.279054;1.029730;-0.707196;0.106086;0.198140;0.999739;0.707196;
2.061837;0.707200;0.279054;1.029730;-0.707194;0.106086;0.198140;0.999739;0.707194;
2.061841;0.707198;0.279053;1.029730;-0.707192;0.106085;0.198139;0.999739;0.707192;
2.061849;0.707193;0.279051;1.029730;-0.707188;0.106085;0.198138;0.999739;0.707188;
2.061865;0.707184;0.279047;1.029730;-0.707179;0.106083;0.198137;0.999739;0.707179;
2.061897;0.707166;0.279040;1.029729;-0.707161;0.106081;0.198133;0.999740;0.707161;
2.061961;0.707130;0.279025;1.029728;-0.707125;0.106075;0.198126;0.999741;0.707125;
2.062089;0.707059;0.278995;1.029726;-0.707053;0.106065;0.198113;0.999743;0.707053;
2.062345;0.706917;0.278938;1.029723;-0.706912;0.106043;0.198087;0.999747;0.706912;
2.062857;0.706642;0.278830;1.029715;-0.706636;0.106002;0.198040;0.999755;0.706636;
2.063881;0.706117;0.278636;1.029704;-0.706112;0.105923;0.197962;0.999771;0.706112;
2.065929;0.705162;0.278322;1.029688;-0.705157;0.105780;0.197857;0.999799;0.705157;
2.070025;0.703572;0.277910;1.029677;-0.703566;0.105541;0.197785;0.999847;0.703566;
2.074121;0.702339;0.277705;1.029685;-0.702334;0.105357;0.197837;0.999883;0.702334;
2.078217;0.701386;0.277620;1.029701;-0.701381;0.105214;0.197946;0.999912;0.701381;
2.082313;0.700651;0.277599;1.029720;-0.700645;0.105103;0.198072;0.999934;0.700645;
2.086409;0.700084;0.277609;1.029738;-0.700078;0.105018;0.198194;0.999951;0.700078;
2.094601;0.699290;0.277642;1.029767;-0.699284;0.104899;0.198382;0.999976;0.699284;
2.102793;0.698847;0.277677;1.029785;-0.698842;0.104833;0.198503;0.999992;0.698842;
2.110985;0.698640;0.277699;1.029794;-0.698635;0.104802;0.198565;1.000003;0.698635;
2.119177;0.698592;0.277709;1.029797;-0.698587;0.104794;0.198584;1.000010;0.698587;
2.127369;0.698651;0.277712;1.029796;-0.698646;0.104803;0.198575;1.000014;0.698646;
2.135561;0.698785;0.277711;1.029792;-0.698780;0.104823;0.198548;1.000017;0.698780;
2.143753;0.698972;0.277710;1.029786;-0.698966;0.104851;0.198510;1.000019;0.698966;
2.151945;0.699196;0.277709;1.029779;-0.699191;0.104885;0.198465;1.000021;0.699191;
2.160137;0.699447;0.277709;1.029772;-0.699441;0.104923;0.198415;1.000022;0.699441;
2.168329;0.699717;0.277710;1.029764;-0.699711;0.104963;0.198363;1.000022;0.699711;
2.176521;0.699999;0.277712;1.029756;-0.699994;0.105006;0.198308;1.000022;0.699994;
2.184713;0.700290;0.277714;1.029747;-0.700285;0.105049;0.198253;1.000022;0.700285;
2.192905;0.700585;0.277717;1.029739;-0.700579;0.105093;0.198197;1.000022;0.700579;
2.201097;0.700880;0.277720;1.029731;-0.700874;0.105138;0.198141;1.000022;0.700874;
2.209289;0.701172;0.277723;1.029722;-0.701167;0.105182;0.198086;1.000021;0.701167;
2.217481;0.701459;0.277727;1.029714;-0.701454;0.105225;0.198032;1.000021;0.701454;
2.225673;0.701739;0.277730;1.029706;-0.701733;0.105266;0.197980;1.000020;0.701733;
2.233865;0.702007;0.277734;1.029699;-0.702002;0.105307;0.197930;1.000019;0.702002;
2.250249;0.702501;0.277742;1.029685;-0.702496;0.105381;0.197840;1.000017;0.702496;
2.264995;0.702890;0.277750;1.029675;-0.702885;0.105439;0.197770;1.000015;0.702885;
2.279740;0.703215;0.277758;1.029666;-0.703210;0.105488;0.197712;1.000012;0.703210;
2.294486;0.703468;0.277766;1.029660;-0.703463;0.105526;0.197669;1.000010;0.703463;
2.309232;0.703645;0.277774;1.029656;-0.703639;0.105552;0.197642;1.000007;0.703639;
2.323977;0.703739;0.277782;1.029654;-0.703734;0.105567;0.197630;1.000004;0.703734;
2.342905;0.703740;0.277792;1.029655;-0.703735;0.105567;0.197640;1.000000;0.703735;
2.361832;0.703607;0.277802;1.029661;-0.703601;0.105547;0.197676;0.999997;0.703601;
2.380759;0.703347;0.277811;1.029670;-0.703341;0.105508;0.197737;0.999994;0.703341;
2.399687;0.702971;0.277821;1.029682;-0.702966;0.105451;0.197820;0.999991;0.702966;
2.416721;0.702549;0.277829;1.029696;-0.702543;0.105388;0.197912;0.999988;0.702543;
2.432053;0.702113;0.277836;1.029710;-0.702107;0.105323;0.198005;0.999987;0.702107;
2.447384;0.701637;0.277843;1.029725;-0.701632;0.105251;0.198106;0.999986;0.701632;
2.461182;0.701186;0.277849;1.029740;-0.701180;0.105184;0.198202;0.999985;0.701180;
2.474980;0.700722;0.277855;1.029754;-0.700717;0.105114;0.198300;0.999985;0.700717;
2.488778;0.700257;0.277861;1.029769;-0.700252;0.105044;0.198398;0.999985;0.700252;
2.502576;0.699801;0.277867;1.029783;-0.699796;0.104976;0.198494;0.999985;0.699796;
2.516374;0.699365;0.277873;1.029797;-0.699359;0.104910;0.198586;0.999986;0.699359;
2.530172;0.698956;0.277880;1.029810;-0.698951;0.104849;0.198673;0.999987;0.698951;
2.543970;0.698585;0.277886;1.029822;-0.698580;0.104793;0.198752;0.999988;0.698580;
2.557768;0.698259;0.277893;1.029833;-0.698254;0.104744;0.198823;0.999990;0.698254;
2.571567;0.697984;0.277899;1.029842;-0.697979;0.104703;0.198884;0.999992;0.697979;
2.585365;0.697766;0.277906;1.029849;-0.697760;0.104670;0.198933;0.999994;0.697760;
2.599163;0.697608;0.277914;1.029855;-0.697603;0.104647;0.198971;0.999996;0.697603;
2.626759;0.697484;0.277929;1.029861;-0.697479;0.104628;0.199011;1.000000;0.697479;
2.651595;0.697586;0.277944;1.029860;-0.697580;0.104643;0.199005;1.000004;0.697580;
2.673948;0.697840;0.277958;1.029855;-0.697835;0.104682;0.198968;1.000007;0.697835;
2.694066;0.698187;0.277972;1.029846;-0.698181;0.104734;0.198912;1.000009;0.698181;
2.711725;0.698568;0.277984;1.029837;-0.698563;0.104791;0.198848;1.000011;0.698563;
2.727618;0.698960;0.277996;1.029827;-0.698955;0.104850;0.198782;1.000012;0.698955;
2.741922;0.699343;0.278006;1.029817;-0.699337;0.104907;0.198716;1.000013;0.699337;
2.756226;0.699742;0.278017;1.029806;-0.699737;0.104967;0.198647;1.000013;0.699737;
2.770530;0.700149;0.278028;1.029796;-0.700144;0.105028;0.198576;1.000014;0.700144;
2.784834;0.700553;0.278039;1.029785;-0.700547;0.105089;0.198507;1.000013;0.700547;
2.799138;0.700943;0.278049;1.029775;-0.700938;0.105147;0.198439;1.000013;0.700938;
2.813442;0.701312;0.278060;1.029766;-0.701306;0.105202;0.198376;1.000012;0.701306;
2.827746;0.701649;0.278071;1.029757;-0.701643;0.105253;0.198320;1.000011;0.701643;
2.842050;0.701947;0.278082;1.029750;-0.701942;0.105298;0.198270;1.000009;0.701942;
2.856354;0.702199;0.278092;1.029744;-0.702194;0.105336;0.198230;1.000008;0.702194;
2.870658;0.702400;0.278102;1.029739;-0.702394;0.105366;0.198200;1.000006;0.702394;
2.884962;0.702544;0.278112;1.029736;-0.702539;0.105387;0.198180;1.000004;0.702539;
2.913570;0.702656;0.278131;1.029736;-0.702651;0.105404;0.198176;1.000000;0.702651;
2.939317;0.702556;0.278147;1.029741;-0.702551;0.105389;0.198211;0.999997;0.702551;
2.962489;0.702314;0.278161;1.029750;-0.702308;0.105353;0.198272;0.999994;0.702308;
2.983344;0.701984;0.278173;1.029762;-0.701979;0.105303;0.198349;0.999991;0.701979;
3.002114;0.701612;0.278183;1.029774;-0.701607;0.105248;0.198432;0.999990;0.701607;
3.019006;0.701231;0.278191;1.029787;-0.701226;0.105190;0.198516;0.999989;0.701226;
3.034210;0.700861;0.278199;1.029799;-0.700855;0.105135;0.198596;0.999988;0.700855;
3.049413;0.700476;0.278206;1.029811;-0.700471;0.105077;0.198680;0.999988;0.700471;
3.063096;0.700126;0.278212;1.029823;-0.700120;0.105025;0.198755;0.999988;0.700120;
3.076779;0.699779;0.278219;1.029834;-0.699774;0.104973;0.198830;0.999988;0.699774;
3.090462;0.699445;0.278225;1.029845;-0.699440;0.104922;0.198902;0.999989;0.699440;
3.104146;0.699130;0.278231;1.029855;-0.699124;0.104875;0.198970;0.999989;0.699124;
3.117829;0.698840;0.278238;1.029864;-0.698835;0.104832;0.199034;0.999990;0.698835;
3.131512;0.698582;0.278244;1.029873;-0.698577;0.104793;0.199091;0.999992;0.698577;
3.145195;0.698362;0.278251;1.029880;-0.698357;0.104760;0.199140;0.999993;0.698357;
3.158878;0.698183;0.278257;1.029887;-0.698178;0.104733;0.199182;0.999994;0.698178;
3.172561;0.698049;0.278264;1.029892;-0.698044;0.104713;0.199215;0.999996;0.698044;
3.199927;0.697924;0.278278;1.029897;-0.697919;0.104694;0.199253;0.999999;0.697919;
3.227293;0.697988;0.278293;1.029898;-0.697983;0.104704;0.199254;1.000003;0.697983;
3.251923;0.698198;0.278307;1.029893;-0.698193;0.104735;0.199226;1.000005;0.698193;
3.274076;0.698497;0.278320;1.029886;-0.698492;0.104780;0.199180;1.000007;0.698492;
3.293626;0.698832;0.278332;1.029878;-0.698826;0.104830;0.199125;1.000009;0.698826;
3.311221;0.699177;0.278343;1.029869;-0.699172;0.104882;0.199067;1.000010;0.699172;
3.327057;0.699512;0.278354;1.029861;-0.699506;0.104932;0.199010;1.000010;0.699506;
3.342892;0.699858;0.278364;1.029852;-0.699853;0.104984;0.198951;1.000010;0.699853;
3.358728;0.700207;0.278374;1.029843;-0.700201;0.105037;0.198892;1.000010;0.700201;
3.374563;0.700546;0.278384;1.029835;-0.700541;0.105088;0.198834;1.000010;0.700541;
3.390399;0.700866;0.278395;1.029826;-0.700861;0.105136;0.198780;1.000009;0.700861;
3.406234;0.701159;0.278405;1.029819;-0.701154;0.105180;0.198732;1.000008;0.701154;
3.422070;0.701415;0.278415;1.029813;-0.701410;0.105218;0.198690;1.000007;0.701410;
3.437906;0.701629;0.278425;1.029808;-0.701623;0.105250;0.198657;1.000006;0.701623;
3.453741;0.701793;0.278434;1.029804;-0.701787;0.105275;0.198634;1.000004;0.701787;
3.469577;0.701904;0.278444;1.029803;-0.701898;0.105291;0.198621;1.000003;0.701898;
3.501248;0.701958;0.278462;1.029803;-0.701952;0.105299;0.198627;0.999999;0.701952;
3.528749;0.701828;0.278476;1.029809;-0.701823;0.105280;0.198666;0.999996;0.701823;
3.553500;0.701584;0.278488;1.029818;-0.701578;0.105243;0.198726;0.999994;0.701578;
3.575381;0.701281;0.278499;1.029829;-0.701275;0.105198;0.198796;0.999993;0.701275;
3.594976;0.700956;0.278507;1.029840;-0.700951;0.105149;0.198869;0.999992;0.700951;
3.612611;0.700633;0.278515;1.029850;-0.700627;0.105101;0.198940;0.999991;0.700627;
3.628483;0.700327;0.278522;1.029860;-0.700321;0.105055;0.199007;0.999991;0.700321;
3.644355;0.700017;0.278528;1.029871;-0.700012;0.105008;0.199075;0.999991;0.700012;
3.660227;0.699713;0.278535;1.029881;-0.699708;0.104963;0.199141;0.999991;0.699708;
3.676099;0.699423;0.278541;1.029890;-0.699418;0.104919;0.199205;0.999992;0.699418;
3.691971;0.699155;0.278548;1.029899;-0.699150;0.104879;0.199264;0.999992;0.699150;
3.707842;0.698916;0.278554;1.029907;-0.698911;0.104843;0.199317;0.999993;0.698911;
3.723714;0.698715;0.278561;1.029914;-0.698709;0.104813;0.199363;0.999994;0.698709;
3.739586;0.698555;0.278567;1.029920;-0.698549;0.104789;0.199401;0.999996;0.698549;
3.755458;0.698441;0.278574;1.029924;-0.698435;0.104772;0.199430;0.999997;0.698435;
3.787202;0.698360;0.278588;1.029928;-0.698355;0.104760;0.199459;1.000000;0.698355;
3.815771;0.698452;0.278602;1.029927;-0.698447;0.104773;0.199454;1.000003;0.698447;
3.841484;0.698658;0.278614;1.029923;-0.698653;0.104804;0.199425;1.000005;0.698653;
3.864612;0.698929;0.278626;1.029917;-0.698923;0.104845;0.199382;1.000006;0.698923;
3.885107;0.699221;0.278637;1.029910;-0.699216;0.104889;0.199335;1.000007;0.699216;
3.903554;0.699515;0.278646;1.029902;-0.699509;0.104933;0.199286;1.000008;0.699509;
3.920155;0.699793;0.278655;1.029895;-0.699788;0.104975;0.199239;1.000008;0.699788;
3.936757;0.700074;0.278664;1.029888;-0.700069;0.105017;0.199192;1.000008;0.700069;
3.953358;0.700350;0.278673;1.029881;-0.700344;0.105058;0.199146;1.000008;0.700344;
3.969960;0.700610;0.278682;1.029875;-0.700605;0.105097;0.199102;1.000007;0.700605;
3.986561;0.700849;0.278691;1.029869;-0.700844;0.105133;0.199063;1.000006;0.700844;
4.003163;0.701057;0.278700;1.029864;-0.701052;0.105164;0.199030;1.000006;0.701052;
4.019764;0.701229;0.278708;1.029860;-0.701224;0.105190;0.199004;1.000004;0.701224;
4.036366;0.701359;0.278717;1.029857;-0.701354;0.105210;0.198986;1.000003;0.701354;
4.052967;0.701444;0.278725;1.029856;-0.701439;0.105222;0.198977;1.000002;0.701439;
4.086170;0.701474;0.278740;1.029857;-0.701468;0.105227;0.198986;0.999999;0.701468;
4.114839;0.701353;0.278753;1.029863;-0.701348;0.105209;0.199022;0.999997;0.701348;
4.140640;0.701140;0.278763;1.029870;-0.701135;0.105177;0.199074;0.999995;0.701135;
4.163779;0.700880;0.278772;1.029879;-0.700875;0.105138;0.199134;0.999994;0.700875;
4.184546;0.700605;0.278780;1.029889;-0.700600;0.105096;0.199196;0.999993;0.700600;
4.203237;0.700336;0.278787;1.029898;-0.700331;0.105056;0.199255;0.999993;0.700331;
4.213416;0.700183;0.278790;1.029903;-0.700178;0.105033;0.199289;0.999993;0.700178;
4.223594;0.700031;0.278794;1.029908;-0.700026;0.105010;0.199323;0.999993;0.700026;
4.233773;0.699883;0.278797;1.029913;-0.699877;0.104988;0.199355;0.999993;0.699877;
4.243952;0.699737;0.278801;1.029918;-0.699732;0.104966;0.199388;0.999993;0.699732;
4.254130;0.699596;0.278804;1.029922;-0.699591;0.104945;0.199419;0.999994;0.699591;
4.264309;0.699461;0.278808;1.029927;-0.699456;0.104925;0.199449;0.999994;0.699456;
4.274488;0.699335;0.278811;1.029931;-0.699330;0.104906;0.199477;0.999994;0.699330;
4.294845;0.699113;0.278818;1.029939;-0.699108;0.104873;0.199527;0.999995;0.699108;
4.315203;0.698940;0.278825;1.029945;-0.698935;0.104847;0.199568;0.999996;0.698935;
4.335560;0.698822;0.278833;1.029949;-0.698816;0.104829;0.199599;0.999998;0.698816;
4.355917;0.698763;0.278840;1.029952;-0.698757;0.104820;0.199618;0.999999;0.698757;
4.379407;0.698770;0.278849;1.029953;-0.698765;0.104821;0.199624;1.000001;0.698765;
4.402896;0.698856;0.278858;1.029952;-0.698851;0.104834;0.199616;1.000002;0.698851;
4.426386;0.699013;0.278868;1.029949;-0.699008;0.104858;0.199594;1.000004;0.699008;
4.447526;0.699207;0.278877;1.029944;-0.699201;0.104887;0.199564;1.000005;0.699201;
4.468666;0.699437;0.278886;1.029938;-0.699432;0.104921;0.199527;1.000006;0.699432;
4.487693;0.699667;0.278894;1.029933;-0.699662;0.104956;0.199489;1.000006;0.699662;
4.506719;0.699909;0.278902;1.029927;-0.699903;0.104992;0.199449;1.000006;0.699903;
4.525746;0.700150;0.278911;1.029921;-0.700145;0.105028;0.199409;1.000006;0.700145;
4.544772;0.700381;0.278919;1.029915;-0.700376;0.105063;0.199371;1.000006;0.700376;
4.563798;0.700593;0.278927;1.029910;-0.700587;0.105095;0.199337;1.000005;0.700587;
4.582825;0.700776;0.278935;1.029906;-0.700771;0.105122;0.199308;1.000004;0.700771;
4.601851;0.700924;0.278943;1.029902;-0.700919;0.105144;0.199286;1.000003;0.700919;
4.620878;0.701031;0.278951;1.029900;-0.701026;0.105160;0.199273;1.000002;0.701026;
4.639904;0.701093;0.278958;1.029900;-0.701088;0.105170;0.199267;1.000001;0.701088;
4.666109;0.701102;0.278968;1.029901;-0.701097;0.105171;0.199275;0.999999;0.701097;
4.692314;0.701025;0.278978;1.029904;-0.701020;0.105159;0.199299;0.999998;0.701020;
4.718520;0.700871;0.278986;1.029910;-0.700866;0.105136;0.199338;0.999997;0.700866;
4.742104;0.700678;0.278994;1.029917;-0.700672;0.105107;0.199383;0.999996;0.700672;
4.763330;0.700469;0.279001;1.029924;-0.700464;0.105076;0.199431;0.999995;0.700464;
4.784557;0.700242;0.279007;1.029932;-0.700236;0.105042;0.199482;0.999995;0.700236;
4.796098;0.700112;0.279010;1.029936;-0.700106;0.105022;0.199511;0.999995;0.700106;
4.807639;0.699983;0.279014;1.029940;-0.699978;0.105003;0.199539;0.999995;0.699978;
4.819181;0.699858;0.279017;1.029944;-0.699853;0.104984;0.199567;0.999995;0.699853;
4.830722;0.699737;0.279020;1.029949;-0.699731;0.104966;0.199594;0.999995;0.699731;
4.842264;0.699621;0.279023;1.029952;-0.699616;0.104949;0.199620;0.999995;0.699616;
4.853805;0.699512;0.279027;1.029956;-0.699507;0.104932;0.199645;0.999996;0.699507;
4.865346;0.699413;0.279030;1.029960;-0.699407;0.104918;0.199668;0.999996;0.699407;
4.888429;0.699248;0.279036;1.029965;-0.699242;0.104893;0.199707;0.999997;0.699242;
4.911512;0.699133;0.279043;1.029970;-0.699128;0.104876;0.199736;0.999998;0.699128;
4.934595;0.699075;0.279050;1.029972;-0.699069;0.104867;0.199754;0.999999;0.699069;
4.960675;0.699078;0.279058;1.029973;-0.699073;0.104867;0.199761;1.000001;0.699073;
4.986754;0.699153;0.279066;1.029972;-0.699148;0.104879;0.199753;1.000002;0.699148;
5.012834;0.699292;0.279075;1.029970;-0.699287;0.104899;0.199734;1.000003;0.699287;
5.036306;0.699462;0.279083;1.029966;-0.699457;0.104925;0.199708;1.000004;0.699457;
5.059778;0.699662;0.279091;1.029961;-0.699657;0.104955;0.199676;1.000004;0.699657;
5.080903;0.699858;0.279098;1.029956;-0.699853;0.104984;0.199644;1.000005;0.699853;
5.092188;0.699966;0.279102;1.029953;-0.699961;0.105001;0.199626;1.000004;0.699961;
5.103472;0.700072;0.279106;1.029951;-0.700067;0.105016;0.199609;1.000004;0.700067;
5.114757;0.700175;0.279110;1.029948;-0.700170;0.105032;0.199592;1.000004;0.700170;
5.137327;0.700367;0.279117;1.029944;-0.700362;0.105061;0.199561;1.000004;0.700362;
5.159897;0.700533;0.279125;1.029940;-0.700528;0.105086;0.199536;1.000003;0.700528;
5.182466;0.700664;0.279133;1.029937;-0.700659;0.105105;0.199517;1.000002;0.700659;
5.205036;0.700754;0.279140;1.029935;-0.700749;0.105119;0.199506;1.000001;0.700749;
5.227606;0.700798;0.279147;1.029935;-0.700793;0.105125;0.199503;1.000000;0.700793;
5.254695;0.700789;0.279155;1.029936;-0.700784;0.105124;0.199513;0.999999;0.700784;
5.281783;0.700715;0.279162;1.029940;-0.700709;0.105113;0.199535;0.999998;0.700709;
5.308872;0.700582;0.279169;1.029945;-0.700577;0.105093;0.199568;0.999997;0.700577;
5.333252;0.700425;0.279176;1.029950;-0.700420;0.105069;0.199605;0.999997;0.700420;
5.355194;0.700262;0.279181;1.029956;-0.700257;0.105045;0.199642;0.999996;0.700257;
5.377136;0.700088;0.279186;1.029962;-0.700083;0.105019;0.199681;0.999996;0.700083;
5.388640;0.699995;0.279189;1.029965;-0.699990;0.105005;0.199702;0.999996;0.699990;
5.400144;0.699904;0.279191;1.029968;-0.699899;0.104991;0.199723;0.999996;0.699899;
5.411649;0.699817;0.279194;1.029971;-0.699812;0.104978;0.199743;0.999996;0.699812;
5.423153;0.699733;0.279197;1.029974;-0.699728;0.104966;0.199762;0.999997;0.699728;
5.434657;0.699655;0.279199;1.029976;-0.699649;0.104954;0.199780;0.999997;0.699649;
5.446161;0.699582;0.279202;1.029979;-0.699577;0.104943;0.199796;0.999997;0.699577;
5.469169;0.699462;0.279207;1.029983;-0.699456;0.104925;0.199825;0.999998;0.699456;
5.492177;0.699377;0.279212;1.029986;-0.699372;0.104912;0.199847;0.999999;0.699372;
5.515186;0.699332;0.279218;1.029989;-0.699327;0.104905;0.199861;0.999999;0.699327;
5.544362;0.699335;0.279225;1.029989;-0.699330;0.104906;0.199867;1.000001;0.699330;
5.573539;0.699403;0.279232;1.029988;-0.699398;0.104916;0.199861;1.000002;0.699398;
5.602716;0.699526;0.279240;1.029986;-0.699521;0.104935;0.199843;1.000002;0.699521;
5.628975;0.699673;0.279246;1.029982;-0.699668;0.104957;0.199821;1.000003;0.699668;
5.652609;0.699826;0.279253;1.029979;-0.699820;0.104979;0.199796;1.000003;0.699820;
5.676242;0.699985;0.279259;1.029975;-0.699980;0.105003;0.199771;1.000003;0.699980;
5.697512;0.700128;0.279265;1.029972;-0.700123;0.105025;0.199748;1.000003;0.700123;
5.718782;0.700262;0.279270;1.029968;-0.700257;0.105045;0.199726;1.000003;0.700257;
5.740052;0.700380;0.279276;1.029966;-0.700374;0.105063;0.199708;1.000002;0.700374;
5.761322;0.700476;0.279281;1.029964;-0.700470;0.105077;0.199695;1.000002;0.700470;
5.782591;0.700545;0.279287;1.029962;-0.700540;0.105087;0.199686;1.000001;0.700540;
5.803861;0.700585;0.279292;1.029962;-0.700579;0.105093;0.199683;1.000001;0.700579;
5.846401;0.700573;0.279302;1.029964;-0.700568;0.105092;0.199694;0.999999;0.700568;
5.881636;0.700479;0.279309;1.029967;-0.700474;0.105078;0.199720;0.999998;0.700474;
5.913347;0.700341;0.279315;1.029972;-0.700336;0.105057;0.199753;0.999998;0.700336;
5.941887;0.700187;0.279321;1.029978;-0.700182;0.105034;0.199789;0.999997;0.700182;
5.967573;0.700037;0.279325;1.029983;-0.700032;0.105011;0.199823;0.999997;0.700032;
5.980094;0.699963;0.279327;1.029985;-0.699958;0.105000;0.199840;0.999997;0.699958;
5.992616;0.699891;0.279330;1.029988;-0.699886;0.104989;0.199856;0.999997;0.699886;
5.999999;0.699852;0.279331;1.029989;-0.699846;0.104983;0.199865;0.999997;0.699846;
6.000000;0.699852;0.279331;1.029989;-0.699846;0.104983;0.199865;0.999996;0.699847;
6.000001;0.699851;0.279333;1.029989;-0.699846;0.104986;0.199865;1.000005;0.699846;
6.000003;0.699850;0.279337;1.029989;-0.699846;0.104992;0.199865;1.000024;0.699845;
6.000007;0.699847;0.279346;1.029989;-0.699846;0.105005;0.199865;1.000061;0.699842;
6.000015;0.699842;0.279363;1.029989;-0.699846;0.105030;0.199865;1.000135;0.699837;
6.000031;0.699833;0.279398;1.029989;-0.699847;0.105080;0.199864;1.000282;0.699827;
6.000063;0.699813;0.279465;1.029989;-0.699847;0.105181;0.199861;1.000569;0.699808;
6.000127;0.699776;0.279593;1.029987;-0.699850;0.105382;0.199848;1.001119;0.699771;
6.000255;0.699707;0.279827;1.029979;-0.699862;0.105786;0.199801;1.002128;0.699702;
6.000511;0.699591;0.280216;1.029952;-0.699907;0.106597;0.199628;1.003832;0.699586;
6.000767;0.699498;0.280515;1.029911;-0.699975;0.107412;0.199367;1.005177;0.699493;
6.001023;0.699424;0.280744;1.029859;-0.700062;0.108229;0.199034;1.006235;0.699419;
6.001279;0.699366;0.280916;1.029798;-0.700164;0.109049;0.198645;1.007065;0.699361;
6.001791;0.699279;0.281147;1.029657;-0.700397;0.110692;0.197754;1.008267;0.699274;
6.002303;0.699223;0.281265;1.029496;-0.700660;0.112340;0.196749;1.009005;0.699218;
6.002815;0.699187;0.281311;1.029321;-0.700940;0.113990;0.195673;1.009448;0.699182;
6.003327;0.699164;0.281315;1.029138;-0.701230;0.115642;0.194554;1.009709;0.699158;
6.003839;0.699147;0.281294;1.028948;-0.701525;0.117295;0.193410;1.009862;0.699142;
6.004351;0.699135;0.281260;1.028754;-0.701823;0.118948;0.192251;1.009950;0.699130;
6.005375;0.699117;0.281177;1.028355;-0.702418;0.122254;0.189919;1.010044;0.699112;
6.006399;0.699105;0.281087;1.027944;-0.703012;0.125559;0.187575;1.010054;0.699099;
6.008447;0.699083;0.280931;1.027093;-0.704179;0.132167;0.182906;1.010061;0.699078;
6.012543;0.699049;0.280699;1.025276;-0.706432;0.145366;0.173620;1.010062;0.699044;
6.016639;0.699021;0.280528;1.023297;-0.708571;0.158541;0.164361;1.010060;0.699016;
6.020735;0.699000;0.280401;1.021155;-0.710599;0.171691;0.155116;1.010058;0.698996;
6.028927;0.698972;0.280209;1.016373;-0.714312;0.197905;0.136607;1.010059;0.698967;
6.037119;0.698959;0.280099;1.010930;-0.717566;0.223988;0.118082;1.010051;0.698956;
6.045311;0.698956;0.280030;1.004821;-0.720354;0.249929;0.099513;1.010052;0.698951;
6.061695;0.698967;0.279936;0.990618;-0.724513;0.301294;0.062228;1.010047;0.698962;
6.078079;0.698993;0.279869;0.973794;-0.726764;0.351863;0.024797;1.010042;0.698994;
6.094463;0.699027;0.279807;0.954390;-0.727091;0.401499;-0.012699;1.010038;0.699040;
6.110847;0.699067;0.279748;0.932458;-0.725490;0.450073;-0.050163;1.010035;0.699090;
6.127231;0.699115;0.279694;0.908056;-0.721970;0.497454;-0.087498;1.010032;0.699149;
6.143615;0.699175;0.279643;0.881248;-0.716539;0.543518;-0.124606;1.010029;0.699218;
6.159999;0.699243;0.279598;0.852105;-0.709212;0.588142;-0.161388;1.010026;0.699296;
6.176383;0.699320;0.279557;0.820704;-0.700007;0.631209;-0.197749;1.010024;0.699382;
6.192767;0.699405;0.279520;0.787129;-0.688946;0.672604;-0.233593;1.010022;0.699476;
6.209151;0.699495;0.279486;0.751467;-0.676057;0.712216;-0.268824;1.010020;0.699576;
6.225535;0.699590;0.279456;0.713815;-0.661372;0.749941;-0.303348;1.010019;0.699680;
6.241919;0.699687;0.279429;0.674270;-0.644928;0.785679;-0.337072;1.010017;0.699786;
6.258303;0.699783;0.279404;0.632940;-0.626768;0.819335;-0.369906;1.010016;0.699891;
6.274687;0.699876;0.279382;0.589933;-0.606937;0.850818;-0.401759;1.010014;0.699993;
6.291071;0.699965;0.279362;0.545364;-0.585488;0.880047;-0.432546;1.010013;0.700090;
6.307455;0.700047;0.279344;0.499351;-0.562478;0.906943;-0.462182;1.010012;0.700180;
6.323839;0.700119;0.279327;0.452017;-0.537966;0.931435;-0.490587;1.010011;0.700260;
6.340223;0.700180;0.279312;0.403487;-0.512020;0.953458;-0.517681;1.010010;0.700329;
6.372991;0.700287;0.279363;0.303358;-0.456178;0.989883;-0.567644;1.010001;0.700281;
6.405759;0.700337;0.279340;0.200021;-0.395415;1.015814;-0.611574;1.010005;0.700446;
6.438527;0.700254;0.279244;0.094586;-0.330386;1.030978;-0.648903;1.010002;0.700571;
6.471295;0.700102;0.279157;-0.011839;-0.261889;1.035230;-0.679272;1.010002;0.700597;
6.499999;0.699957;0.279078;-0.104957;-0.199634;1.029952;-0.699945;1.010002;0.700562;
6.499999;0.699966;0.279072;-0.105000;-0.199598;1.029949;-0.699960;1.009954;0.699960;
6.500000;0.699966;0.279070;-0.105001;-0.199596;1.029949;-0.699961;1.009945;0.699961;
6.500001;0.699967;0.279068;-0.105001;-0.199594;1.029948;-0.699962;1.009936;0.699962;
6.500003;0.699968;0.279063;-0.105001;-0.199589;1.029948;-0.699963;1.009917;0.699963;
6.500007;0.699971;0.279055;-0.105001;-0.199581;1.029946;-0.699965;1.009880;0.699965;
6.500015;0.699975;0.279037;-0.105002;-0.199563;1.029944;-0.699970;1.009806;0.699970;
6.500031;0.699985;0.279003;-0.105003;-0.199529;1.029939;-0.699980;1.009660;0.699980;
6.500063;0.700004;0.278937;-0.105006;-0.199463;1.029929;-0.699999;1.009374;0.699999;
6.500127;0.700040;0.278810;-0.105012;-0.199336;1.029910;-0.700035;1.008828;0.700035;
6.500255;0.700107;0.278579;-0.105022;-0.199105;1.029875;-0.700101;1.007825;0.700101;
6.500511;0.700219;0.278194;-0.105039;-0.198720;1.029817;-0.700214;1.006131;0.700214;
6.501023;0.700382;0.277657;-0.105063;-0.198180;1.029736;-0.700377;1.003673;0.700377;
6.501535;0.700485;0.277351;-0.105078;-0.197871;1.029690;-0.700479;1.002149;0.700479;
6.502559;0.700600;0.277076;-0.105096;-0.197589;1.029648;-0.700594;1.000476;0.700594;
6.503583;0.700642;0.277073;-0.105102;-0.197577;1.029646;-0.700637;0.999923;0.700637;
6.504607;0.700656;0.277171;-0.105104;-0.197667;1.029659;-0.700651;0.999815;0.700651;
6.505631;0.700662;0.277293;-0.105105;-0.197781;1.029677;-0.700657;0.999839;0.700657;
6.507679;0.700673;0.277501;-0.105107;-0.197975;1.029706;-0.700668;0.999902;0.700668;
6.511775;0.700696;0.277797;-0.105110;-0.198250;1.029747;-0.700690;0.999930;0.700690;
6.515871;0.700712;0.278017;-0.105112;-0.198454;1.029778;-0.700707;0.999937;0.700707;
6.519967;0.700721;0.278182;-0.105114;-0.198609;1.029801;-0.700715;0.999940;0.700715;
6.528159;0.700721;0.278427;-0.105114;-0.198840;1.029835;-0.700716;0.999943;0.700716;
6.536351;0.700699;0.278571;-0.105111;-0.198980;1.029856;-0.700694;0.999945;0.700694;
6.552735;0.700614;0.278734;-0.105098;-0.199151;1.029882;-0.700609;0.999949;0.700609;
6.569119;0.700498;0.278813;-0.105080;-0.199248;1.029897;-0.700493;0.999954;0.700493;
6.585503;0.700376;0.278870;-0.105062;-0.199326;1.029908;-0.700371;0.999958;0.700371;
6.601887;0.700260;0.278925;-0.105045;-0.199401;1.029920;-0.700255;0.999963;0.700255;
6.618271;0.700157;0.278979;-0.105029;-0.199473;1.029930;-0.700151;0.999967;0.700151;
6.634655;0.700067;0.279030;-0.105016;-0.199539;1.029940;-0.700062;0.999970;0.700062;
6.651039;0.699993;0.279077;-0.105005;-0.199597;1.029949;-0.699988;0.999974;0.699988;
6.667423;0.699935;0.279119;-0.104996;-0.199648;1.029957;-0.699930;0.999977;0.699930;
6.683807;0.699892;0.279156;-0.104989;-0.199692;1.029963;-0.699887;0.999979;0.699887;
6.700191;0.699865;0.279190;-0.104985;-0.199729;1.029969;-0.699859;0.999982;0.699859;
6.716575;0.699852;0.279220;-0.104983;-0.199761;1.029974;-0.699847;0.999984;0.699847;
6.732959;0.699853;0.279248;-0.104984;-0.199786;1.029977;-0.699848;0.999986;0.699848;
6.749343;0.699867;0.279273;-0.104986;-0.199807;1.029981;-0.699862;0.999988;0.699862;
6.765727;0.699892;0.279296;-0.104989;-0.199824;1.029983;-0.699887;0.999990;0.699887;
6.782111;0.699927;0.279316;-0.104995;-0.199836;1.029985;-0.699922;0.999991;0.699922;
6.798495;0.699969;0.279335;-0.105001;-0.199845;1.029986;-0.699964;0.999992;0.699964;
6.814879;0.700017;0.279352;-0.105008;-0.199852;1.029987;-0.700012;0.999993;0.700012;
6.831263;0.700068;0.279368;-0.105016;-0.199856;1.029988;-0.700063;0.999994;0.700063;
6.847647;0.700121;0.279382;-0.105024;-0.199859;1.029988;-0.700116;0.999995;0.700116;
6.864031;0.700173;0.279395;-0.105032;-0.199861;1.029989;-0.700167;0.999996;0.700167;
6.880415;0.700222;0.279406;-0.105039;-0.199863;1.029989;-0.700216;0.999996;0.700216;
6.896799;0.700266;0.279417;-0.105046;-0.199864;1.029989;-0.700260;0.999997;0.700260;
6.913183;0.700303;0.279427;-0.105051;-0.199866;1.029989;-0.700298;0.999997;0.700298;
6.945951;0.700354;0.279444;-0.105059;-0.199872;1.029990;-0.700349;0.999997;0.700349;
6.978719;0.700368;0.279459;-0.105061;-0.199883;1.029992;-0.700362;0.999997;0.700362;
7.011487;0.700343;0.279471;-0.105057;-0.199900;1.029994;-0.700338;0.999997;0.700338;
7.044255;0.700284;0.279482;-0.105048;-0.199921;1.029998;-0.700279;0.999997;0.700279;
7.077023;0.700197;0.279490;-0.105035;-0.199947;1.030001;-0.700192;0.999997;0.700192;
7.109791;0.700093;0.279498;-0.105020;-0.199974;1.030006;-0.700088;0.999997;0.700088;
7.139282;0.699994;0.279504;-0.105005;-0.200000;1.030009;-0.699989;0.999997;0.699989;
7.168773;0.699900;0.279509;-0.104991;-0.200023;1.030013;-0.699895;0.999998;0.699895;
7.198264;0.699820;0.279514;-0.104979;-0.200044;1.030016;-0.699814;0.999998;0.699814;
7.227756;0.699760;0.279518;-0.104970;-0.200060;1.030018;-0.699755;0.999999;0.699755;
7.257247;0.699726;0.279522;-0.104965;-0.200070;1.030020;-0.699721;0.999999;0.699721;
7.286738;0.699721;0.279526;-0.104964;-0.200075;1.030021;-0.699715;1.000000;0.699715;
7.319771;0.699747;0.279530;-0.104968;-0.200074;1.030020;-0.699742;1.000000;0.699742;
7.352803;0.699804;0.279535;-0.104976;-0.200066;1.030019;-0.699798;1.000001;0.699798;
7.385836;0.699882;0.279539;-0.104988;-0.200055;1.030018;-0.699877;1.000001;0.699877;
7.418869;0.699973;0.279542;-0.105002;-0.200040;1.030015;-0.699968;1.000001;0.699968;
7.437577;0.700026;0.279545;-0.105010;-0.200032;1.030014;-0.700021;1.000001;0.700021;
7.456286;0.700075;0.279547;-0.105017;-0.200024;1.030013;-0.700070;1.000001;0.700070;
7.474994;0.700119;0.279549;-0.105023;-0.200018;1.030012;-0.700113;1.000001;0.700113;
7.512410;0.700188;0.279553;-0.105034;-0.200007;1.030011;-0.700183;1.000001;0.700183;
7.549827;0.700227;0.279556;-0.105040;-0.200003;1.030010;-0.700222;1.000000;0.700222;
7.587244;0.700230;0.279560;-0.105040;-0.200006;1.030010;-0.700225;1.000000;0.700225;
7.622557;0.700202;0.279563;-0.105036;-0.200014;1.030012;-0.700197;0.999999;0.700197;
7.657870;0.700148;0.279565;-0.105028;-0.200028;1.030014;-0.700142;0.999999;0.700142;
7.693183;0.700076;0.279568;-0.105017;-0.200044;1.030016;-0.700071;0.999999;0.700071;
7.728496;0.699997;0.279570;-0.105005;-0.200062;1.030019;-0.699992;0.999999;0.699992;
7.746950;0.699956;0.279571;-0.104999;-0.200071;1.030020;-0.699951;0.999999;0.699951;
7.765405;0.699919;0.279572;-0.104994;-0.200079;1.030021;-0.699914;0.999999;0.699914;
7.783860;0.699888;0.279574;-0.104989;-0.200087;1.030022;-0.699882;0.999999;0.699882;
7.820769;0.699840;0.279576;-0.104982;-0.200098;1.030024;-0.699834;0.999999;0.699834;
7.857679;0.699818;0.279578;-0.104978;-0.200105;1.030025;-0.699812;1.000000;0.699812;
7.894588;0.699823;0.279580;-0.104979;-0.200106;1.030025;-0.699818;1.000000;0.699818;
7.930821;0.699854;0.279583;-0.104984;-0.200102;1.030025;-0.699849;1.000001;0.699849;
7.967054;0.699905;0.279585;-0.104991;-0.200094;1.030024;-0.699900;1.000001;0.699900;
8.003287;0.699967;0.279588;-0.105001;-0.200084;1.030022;-0.699962;1.000001;0.699962;
8.039519;0.700030;0.279590;-0.105010;-0.200074;1.030020;-0.700025;1.000001;0.700025;
8.068065;0.700071;0.279592;-0.105016;-0.200067;1.030020;-0.700066;1.000001;0.700066;
8.092560;0.700099;0.279593;-0.105020;-0.200063;1.030019;-0.700093;1.000001;0.700093;
8.114605;0.700116;0.279594;-0.105023;-0.200061;1.030019;-0.700111;1.000000;0.700111;
8.136650;0.700127;0.279596;-0.105025;-0.200060;1.030018;-0.700121;1.000000;0.700121;
8.156491;0.700130;0.279597;-0.105025;-0.200060;1.030018;-0.700125;1.000000;0.700125;
8.176331;0.700127;0.279598;-0.105025;-0.200062;1.030019;-0.700122;1.000000;0.700122;
8.196172;0.700119;0.279599;-0.105023;-0.200064;1.030019;-0.700114;1.000000;0.700114;
8.235853;0.700092;0.279600;-0.105019;-0.200071;1.030020;-0.700087;1.000000;0.700087;
8.271567;0.700057;0.279602;-0.105014;-0.200080;1.030021;-0.700052;0.999999;0.700052;
8.307280;0.700016;0.279603;-0.105008;-0.200089;1.030023;-0.700010;0.999999;0.700010;
8.330545;0.699988;0.279604;-0.105004;-0.200096;1.030024;-0.699983;0.999999;0.699983;
8.353810;0.699964;0.279605;-0.105000;-0.200101;1.030025;-0.699959;1.000000;0.699959;
8.377076;0.699944;0.279606;-0.104997;-0.200106;1.030025;-0.699939;1.000000;0.699939;
8.423606;0.699916;0.279607;-0.104993;-0.200113;1.030026;-0.699911;1.000000;0.699911;
8.470137;0.699909;0.279609;-0.104992;-0.200116;1.030027;-0.699904;1.000000;0.699904;
8.516667;0.699923;0.279611;-0.104994;-0.200115;1.030027;-0.699918;1.000000;0.699918;
8.563198;0.699954;0.279612;-0.104999;-0.200110;1.030026;-0.699949;1.000000;0.699949;
8.609728;0.699994;0.279614;-0.105005;-0.200104;1.030025;-0.699988;1.000000;0.699988;
8.656259;0.700029;0.279616;-0.105010;-0.200098;1.030024;-0.700024;1.000000;0.700024;
8.691802;0.700049;0.279617;-0.105013;-0.200096;1.030024;-0.700043;1.000000;0.700043;
8.723791;0.700059;0.279618;-0.105014;-0.200094;1.030024;-0.700053;1.000000;0.700053;
8.755781;0.700062;0.279619;-0.105015;-0.200095;1.030024;-0.700056;1.000000;0.700056;
8.787770;0.700058;0.279619;-0.105014;-0.200096;1.030024;-0.700052;1.000000;0.700052;
8.851748;0.700039;0.279621;-0.105011;-0.200101;1.030025;-0.700033;1.000000;0.700033;
8.905105;0.700013;0.279622;-0.105008;-0.200107;1.030026;-0.700008;1.000000;0.700008;
8.958461;0.699986;0.279623;-0.105004;-0.200113;1.030026;-0.699981;1.000000;0.699981;
9.011818;0.699966;0.279624;-0.105001;-0.200118;1.030027;-0.699961;1.000000;0.699961;
9.065174;0.699957;0.279624;-0.104999;-0.200121;1.030028;-0.699952;1.000000;0.699952;
9.118531;0.699961;0.279625;-0.105000;-0.200121;1.030028;-0.699956;1.000000;0.699956;
9.183749;0.699984;0.279626;-0.105003;-0.200117;1.030027;-0.699978;1.000000;0.699978;
9.236617;0.700001;0.279627;-0.105006;-0.200114;1.030027;-0.699996;1.000000;0.699996;
9.289485;0.700014;0.279627;-0.105008;-0.200112;1.030026;-0.700009;1.000000;0.700009;
9.342353;0.700021;0.279628;-0.105009;-0.200111;1.030026;-0.700015;1.000000;0.700015;
9.448089;0.700020;0.279628;-0.105009;-0.200112;1.030026;-0.700015;1.000000;0.700015;
9.535308;0.700009;0.279629;-0.105007;-0.200115;1.030027;-0.700004;1.000000;0.700004;
9.622527;0.699995;0.279629;-0.105005;-0.200117;1.030027;-0.699990;1.000000;0.699990;
9.692073;0.699991;0.279629;-0.105004;-0.200118;1.030027;-0.699986;1.000000;0.699986;
9.754664;0.699992;0.279629;-0.105004;-0.200118;1.030027;-0.699987;1.000000;0.699987;
9.817255;0.699996;0.279629;-0.105005;-0.200117;1.030027;-0.699991;1.000000;0.699991;
9.942437;0.700003;0.279628;-0.105006;-0.200115;1.030027;-0.699997;1.000000;0.699997;
10.067619;0.700005;0.279627;-0.105006;-0.200114;1.030027;-0.699999;1.000000;0.699999;
10.192801;0.700004;0.279626;-0.105006;-0.200113;1.030026;-0.699999;1.000000;0.699999;
10.317983;0.700003;0.279625;-0.105006;-0.200112;1.030026;-0.699998;1.000000;0.699998;
10.568347;0.700002;0.279621;-0.105006;-0.200109;1.030026;-0.699997;1.000000;0.699997;
10.818711;0.700002;0.279617;-0.105006;-0.200105;1.030025;-0.699997;1.000000;0.699997;
11.319439;0.700003;0.279608;-0.105006;-0.200097;1.030024;-0.699997;1.000000;0.699997;
12.320896;0.700003;0.279588;-0.105006;-0.200078;1.030021;-0.699997;1.000000;0.699997;
14.323809;0.700003;0.279555;-0.105006;-0.200047;1.030016;-0.699997;1.000000;0.699997;
18.329635;0.700003;0.279523;-0.105006;-0.200016;1.030012;-0.699997;1.000000;0.699997;
20.000000;0.700003;0.279514;-0.105006;-0.200008;1.030011;-0.699997;1.000000;0.699997;
