time;GFMConvPLL_GFMConvPLL_Control_PFilterPu;GFMConvPLL_GFMConvPLL_Control_PFilterRefPu;
0.0000000;0.9500000;0.9500000;
0.0000100;0.9500000;0.9500000;
0.0000200;0.9500000;0.9500000;
0.0000400;0.9500000;0.9500000;
0.0000800;0.9500000;0.9500000;
0.0001600;0.9500000;0.9500000;
0.0003200;0.9500000;0.9500000;
0.0006400;0.9500000;0.9500000;
0.0012800;0.9500000;0.9500000;
0.0025600;0.9500000;0.9500000;
0.0051200;0.9500000;0.9500000;
0.0102400;0.9500000;0.9500000;
0.0204800;0.9500000;0.9500000;
0.0409600;0.9500000;0.9500000;
0.0819200;0.9500000;0.9500000;
0.1638400;0.9500000;0.9500000;
0.3276800;0.9500000;0.9500000;
0.6553600;0.9500000;0.9500000;
1.3107200;0.9500000;0.9500000;
2.6214400;0.9500000;0.9500000;
5.2428800;0.9500000;0.9500000;
9.9999998;0.9500000;0.9500000;
10.0000000;0.9502650;0.9500000;
10.0000001;0.9508139;0.9500000;
10.0000002;0.9516664;0.9500000;
10.0000004;0.9528359;0.9500000;
10.0000007;0.9558145;0.9500000;
10.0000009;0.9593851;0.9500000;
10.0000012;0.9637879;0.9500000;
10.0000017;0.9747536;0.9500000;
10.0000021;0.9866895;0.9500000;
10.0000026;1.0000021;0.9500000;
10.0000030;1.0127729;0.9500000;
10.0000034;1.0257709;0.9500000;
10.0000038;1.0382057;0.9500000;
10.0000041;1.0467028;0.9500000;
10.0000044;1.0536658;0.9500000;
10.0000046;1.0593349;0.9500000;
10.0000048;1.0639679;0.9500000;
10.0000050;1.0677616;0.9500000;
10.0000052;1.0711414;0.9500000;
10.0000054;1.0740826;0.9500000;
10.0000057;1.0788726;0.9500000;
10.0000061;1.0818913;0.9500000;
10.0000065;1.0829196;0.9500000;
10.0000069;1.0818682;0.9500000;
10.0000076;1.0738976;0.9500000;
10.0000083;1.0615892;0.9500000;
10.0000089;1.0453370;0.9500000;
10.0000094;1.0297869;0.9500000;
10.0000099;1.0150879;0.9500000;
10.0000103;1.0019104;0.9500000;
10.0000105;0.9955906;0.9500000;
10.0000107;0.9895699;0.9500000;
10.0000109;0.9839026;0.9500000;
10.0000114;0.9735916;0.9500000;
10.0000118;0.9650967;0.9500000;
10.0000122;0.9592570;0.9500000;
10.0000126;0.9553580;0.9500000;
10.0000129;0.9534836;0.9500000;
10.0000133;0.9536806;0.9500000;
10.0000141;0.9599779;0.9500000;
10.0000148;0.9716591;0.9500000;
10.0000154;0.9859601;0.9500000;
10.0000159;1.0004111;0.9500000;
10.0000164;1.0143114;0.9500000;
10.0000168;1.0269823;0.9500000;
10.0000170;1.0331860;0.9500000;
10.0000173;1.0391584;0.9500000;
10.0000175;1.0448408;0.9500000;
10.0000179;1.0553556;0.9500000;
10.0000183;1.0643038;0.9500000;
10.0000188;1.0713487;0.9500000;
10.0000192;1.0761365;0.9500000;
10.0000196;1.0784222;0.9500000;
10.0000201;1.0780644;0.9500000;
10.0000207;1.0730867;0.9500000;
10.0000213;1.0632809;0.9500000;
10.0000219;1.0494609;0.9500000;
10.0000225;1.0344868;0.9500000;
10.0000230;1.0197991;0.9500000;
10.0000234;1.0063018;0.9500000;
10.0000237;0.9987814;0.9500000;
10.0000239;0.9916086;0.9500000;
10.0000242;0.9849028;0.9500000;
10.0000244;0.9785710;0.9500000;
10.0000247;0.9727731;0.9500000;
10.0000249;0.9676163;0.9500000;
10.0000252;0.9631822;0.9500000;
10.0000255;0.9595370;0.9500000;
10.0000260;0.9548476;0.9500000;
10.0000265;0.9537096;0.9500000;
10.0000270;0.9561200;0.9500000;
10.0000275;0.9618634;0.9500000;
10.0000280;0.9705787;0.9500000;
10.0000285;0.9817536;0.9500000;
10.0000290;0.9947500;0.9500000;
10.0000295;1.0074534;0.9500000;
10.0000300;1.0204219;0.9500000;
10.0000304;1.0327845;0.9500000;
10.0000307;1.0409905;0.9500000;
10.0000310;1.0473932;0.9500000;
10.0000313;1.0525325;0.9500000;
10.0000315;1.0567022;0.9500000;
10.0000317;1.0600193;0.9500000;
10.0000319;1.0628976;0.9500000;
10.0000321;1.0653140;0.9500000;
10.0000325;1.0690062;0.9500000;
10.0000329;1.0708635;0.9500000;
10.0000333;1.0706895;0.9500000;
10.0000337;1.0684346;0.9500000;
10.0000342;1.0623211;0.9500000;
10.0000348;1.0530019;0.9500000;
10.0000353;1.0411276;0.9500000;
10.0000358;1.0274095;0.9500000;
10.0000363;1.0142414;0.9500000;
10.0000368;1.0009853;0.9500000;
10.0000370;0.9946151;0.9500000;
10.0000373;0.9885777;0.9500000;
10.0000375;0.9829537;0.9500000;
10.0000380;0.9728980;0.9500000;
10.0000385;0.9649666;0.9500000;
10.0000389;0.9599780;0.9500000;
10.0000394;0.9572408;0.9500000;
10.0000398;0.9568662;0.9500000;
10.0000402;0.9588708;0.9500000;
10.0000408;0.9642374;0.9500000;
10.0000413;0.9724907;0.9500000;
10.0000418;0.9831098;0.9500000;
10.0000423;0.9954523;0.9500000;
10.0000428;1.0074692;0.9500000;
10.0000433;1.0197205;0.9500000;
10.0000436;1.0269576;0.9500000;
10.0000439;1.0337993;0.9500000;
10.0000441;1.0395570;0.9500000;
10.0000444;1.0448297;0.9500000;
10.0000446;1.0491365;0.9500000;
10.0000448;1.0529491;0.9500000;
10.0000450;1.0559569;0.9500000;
10.0000452;1.0585057;0.9500000;
10.0000454;1.0603908;0.9500000;
10.0000456;1.0618731;0.9500000;
10.0000458;1.0629429;0.9500000;
10.0000462;1.0640951;0.9500000;
10.0000466;1.0636928;0.9500000;
10.0000469;1.0616299;0.9500000;
10.0000477;1.0529580;0.9500000;
10.0000483;1.0411288;0.9500000;
10.0000489;1.0279689;0.9500000;
10.0000495;1.0149223;0.9500000;
10.0000499;1.0029022;0.9500000;
10.0000502;0.9961605;0.9500000;
10.0000505;0.9897893;0.9500000;
10.0000508;0.9838972;0.9500000;
10.0000510;0.9783839;0.9500000;
10.0000513;0.9733962;0.9500000;
10.0000516;0.9690839;0.9500000;
10.0000519;0.9654867;0.9500000;
10.0000524;0.9607316;0.9500000;
10.0000530;0.9593678;0.9500000;
10.0000535;0.9614580;0.9500000;
10.0000541;0.9668672;0.9500000;
10.0000546;0.9752144;0.9500000;
10.0000552;0.9859310;0.9500000;
10.0000557;0.9981856;0.9500000;
10.0000562;1.0096854;0.9500000;
10.0000567;1.0212168;0.9500000;
10.0000570;1.0267716;0.9500000;
10.0000572;1.0320070;0.9500000;
10.0000574;1.0368803;0.9500000;
10.0000579;1.0455931;0.9500000;
10.0000584;1.0524419;0.9500000;
10.0000589;1.0570833;0.9500000;
10.0000594;1.0591994;0.9500000;
10.0000599;1.0586266;0.9500000;
10.0000604;1.0553539;0.9500000;
10.0000609;1.0490008;0.9500000;
10.0000614;1.0401166;0.9500000;
10.0000620;1.0292539;0.9500000;
10.0000625;1.0170957;0.9500000;
10.0000630;1.0044100;0.9500000;
10.0000635;0.9931663;0.9500000;
10.0000637;0.9880532;0.9500000;
10.0000640;0.9832155;0.9500000;
10.0000642;0.9787413;0.9500000;
10.0000644;0.9745576;0.9500000;
10.0000646;0.9707641;0.9500000;
10.0000649;0.9674236;0.9500000;
10.0000653;0.9623105;0.9500000;
10.0000658;0.9594042;0.9500000;
10.0000663;0.9588090;0.9500000;
10.0000667;0.9605285;0.9500000;
10.0000673;0.9657477;0.9500000;
10.0000679;0.9739796;0.9500000;
10.0000685;0.9846073;0.9500000;
10.0000690;0.9956290;0.9500000;
10.0000695;1.0073391;0.9500000;
10.0000700;1.0179367;0.9500000;
10.0000702;1.0230544;0.9500000;
10.0000704;1.0279208;0.9500000;
10.0000707;1.0324795;0.9500000;
10.0000711;1.0407154;0.9500000;
10.0000716;1.0473570;0.9500000;
10.0000721;1.0521013;0.9500000;
10.0000725;1.0546590;0.9500000;
10.0000730;1.0548627;0.9500000;
10.0000735;1.0526675;0.9500000;
10.0000740;1.0469391;0.9500000;
10.0000746;1.0382532;0.9500000;
10.0000752;1.0272378;0.9500000;
10.0000758;1.0146911;0.9500000;
10.0000763;1.0028022;0.9500000;
10.0000768;0.9911139;0.9500000;
10.0000770;0.9860611;0.9500000;
10.0000773;0.9813043;0.9500000;
10.0000775;0.9769239;0.9500000;
10.0000780;0.9692355;0.9500000;
10.0000784;0.9634194;0.9500000;
10.0000789;0.9597247;0.9500000;
10.0000794;0.9583156;0.9500000;
10.0000799;0.9592423;0.9500000;
10.0000805;0.9641044;0.9500000;
10.0000812;0.9726475;0.9500000;
10.0000818;0.9840604;0.9500000;
10.0000824;0.9959818;0.9500000;
10.0000829;1.0073346;0.9500000;
10.0000834;1.0185472;0.9500000;
10.0000837;1.0236850;0.9500000;
10.0000839;1.0284761;0.9500000;
10.0000842;1.0328650;0.9500000;
10.0000847;1.0405055;0.9500000;
10.0000852;1.0461349;0.9500000;
10.0000857;1.0494401;0.9500000;
10.0000862;1.0502147;0.9500000;
10.0000867;1.0483989;0.9500000;
10.0000873;1.0426296;0.9500000;
10.0000880;1.0334565;0.9500000;
10.0000886;1.0216737;0.9500000;
10.0000892;1.0096365;0.9500000;
10.0000898;0.9971728;0.9500000;
10.0000901;0.9904814;0.9500000;
10.0000904;0.9842340;0.9500000;
10.0000907;0.9790548;0.9500000;
10.0000910;0.9744137;0.9500000;
10.0000912;0.9707336;0.9500000;
10.0000914;0.9678757;0.9500000;
10.0000916;0.9656692;0.9500000;
10.0000918;0.9638706;0.9500000;
10.0000921;0.9624687;0.9500000;
10.0000925;0.9605906;0.9500000;
10.0000929;0.9602256;0.9500000;
10.0000933;0.9614575;0.9500000;
10.0000937;0.9642616;0.9500000;
10.0000942;0.9699847;0.9500000;
10.0000948;0.9777499;0.9500000;
10.0000953;0.9870489;0.9500000;
10.0000958;0.9972885;0.9500000;
10.0000964;1.0078284;0.9500000;
10.0000967;1.0142109;0.9500000;
10.0000970;1.0201259;0.9500000;
10.0000973;1.0250022;0.9500000;
10.0000976;1.0293256;0.9500000;
10.0000979;1.0327145;0.9500000;
10.0000981;1.0353229;0.9500000;
10.0000984;1.0373921;0.9500000;
10.0000986;1.0389114;0.9500000;
10.0000988;1.0400145;0.9500000;
10.0000990;1.0406913;0.9500000;
10.0000995;1.0410291;0.9500000;
10.0000999;1.0397519;0.9500000;
10.0001003;1.0368638;0.9500000;
10.0001009;1.0304520;0.9500000;
10.0001015;1.0217050;0.9500000;
10.0001022;1.0113203;0.9500000;
10.0001028;1.0001364;0.9500000;
10.0001033;0.9900890;0.9500000;
10.0001036;0.9853620;0.9500000;
10.0001038;0.9809730;0.9500000;
10.0001041;0.9769915;0.9500000;
10.0001047;0.9701669;0.9500000;
10.0001052;0.9653351;0.9500000;
10.0001057;0.9627855;0.9500000;
10.0001063;0.9627112;0.9500000;
10.0001068;0.9651330;0.9500000;
10.0001074;0.9701628;0.9500000;
10.0001080;0.9773332;0.9500000;
10.0001086;0.9861103;0.9500000;
10.0001091;0.9958561;0.9500000;
10.0001097;1.0058697;0.9500000;
10.0001100;1.0116474;0.9500000;
10.0001104;1.0169517;0.9500000;
10.0001107;1.0212595;0.9500000;
10.0001110;1.0250108;0.9500000;
10.0001113;1.0278908;0.9500000;
10.0001116;1.0302225;0.9500000;
10.0001118;1.0318588;0.9500000;
10.0001121;1.0330055;0.9500000;
10.0001123;1.0336503;0.9500000;
10.0001128;1.0337401;0.9500000;
10.0001133;1.0319461;0.9500000;
10.0001138;1.0283508;0.9500000;
10.0001144;1.0218494;0.9500000;
10.0001150;1.0134830;0.9500000;
10.0001156;1.0039130;0.9500000;
10.0001163;0.9938738;0.9500000;
10.0001168;0.9851306;0.9500000;
10.0001173;0.9772680;0.9500000;
10.0001179;0.9707963;0.9500000;
10.0001184;0.9661302;0.9500000;
10.0001190;0.9635612;0.9500000;
10.0001195;0.9632400;0.9500000;
10.0001201;0.9651686;0.9500000;
10.0001207;0.9700310;0.9500000;
10.0001214;0.9772619;0.9500000;
10.0001220;0.9862071;0.9500000;
10.0001226;0.9960761;0.9500000;
10.0001232;1.0050823;0.9500000;
10.0001235;1.0093716;0.9500000;
10.0001238;1.0133529;0.9500000;
10.0001241;1.0169578;0.9500000;
10.0001246;1.0231010;0.9500000;
10.0001252;1.0273502;0.9500000;
10.0001258;1.0294043;0.9500000;
10.0001264;1.0290427;0.9500000;
10.0001269;1.0262436;0.9500000;
10.0001275;1.0208177;0.9500000;
10.0001282;1.0133297;0.9500000;
10.0001288;1.0043963;0.9500000;
10.0001294;0.9947551;0.9500000;
10.0001300;0.9852005;0.9500000;
10.0001303;0.9808807;0.9500000;
10.0001306;0.9769218;0.9500000;
10.0001309;0.9734131;0.9500000;
10.0001312;0.9702481;0.9500000;
10.0001315;0.9675590;0.9500000;
10.0001318;0.9654206;0.9500000;
10.0001324;0.9629993;0.9500000;
10.0001330;0.9630919;0.9500000;
10.0001338;0.9668281;0.9500000;
10.0001346;0.9740955;0.9500000;
10.0001353;0.9839066;0.9500000;
10.0001360;0.9937810;0.9500000;
10.0001366;1.0027567;0.9500000;
10.0001370;1.0069738;0.9500000;
10.0001373;1.0108199;0.9500000;
10.0001376;1.0142182;0.9500000;
10.0001382;1.0197681;0.9500000;
10.0001388;1.0231380;0.9500000;
10.0001394;1.0240351;0.9500000;
10.0001401;1.0222999;0.9500000;
10.0001407;1.0180286;0.9500000;
10.0001413;1.0115590;0.9500000;
10.0001419;1.0035378;0.9500000;
10.0001426;0.9946312;0.9500000;
10.0001432;0.9855834;0.9500000;
10.0001435;0.9812846;0.9500000;
10.0001438;0.9773254;0.9500000;
10.0001441;0.9737847;0.9500000;
10.0001447;0.9678887;0.9500000;
10.0001454;0.9640711;0.9500000;
10.0001460;0.9626224;0.9500000;
10.0001466;0.9636940;0.9500000;
10.0001472;0.9672100;0.9500000;
10.0001478;0.9724034;0.9500000;
10.0001484;0.9790091;0.9500000;
10.0001490;0.9865277;0.9500000;
10.0001496;0.9943938;0.9500000;
10.0001502;1.0020187;0.9500000;
10.0001505;1.0056742;0.9500000;
10.0001508;1.0089363;0.9500000;
10.0001511;1.0117510;0.9500000;
10.0001517;1.0161723;0.9500000;
10.0001523;1.0185263;0.9500000;
10.0001529;1.0185933;0.9500000;
10.0001535;1.0163369;0.9500000;
10.0001542;1.0112655;0.9500000;
10.0001549;1.0040304;0.9500000;
10.0001556;0.9953700;0.9500000;
10.0001563;0.9861729;0.9500000;
10.0001569;0.9781692;0.9500000;
10.0001572;0.9747350;0.9500000;
10.0001575;0.9716279;0.9500000;
10.0001578;0.9689402;0.9500000;
10.0001584;0.9647163;0.9500000;
10.0001590;0.9623987;0.9500000;
10.0001596;0.9621603;0.9500000;
10.0001602;0.9639622;0.9500000;
10.0001609;0.9685111;0.9500000;
10.0001616;0.9751802;0.9500000;
10.0001623;0.9832308;0.9500000;
10.0001630;0.9909897;0.9500000;
10.0001636;0.9984518;0.9500000;
10.0001639;1.0018696;0.9500000;
10.0001642;1.0049144;0.9500000;
10.0001646;1.0074966;0.9500000;
10.0001652;1.0114032;0.9500000;
10.0001659;1.0131766;0.9500000;
10.0001665;1.0126861;0.9500000;
10.0001671;1.0099549;0.9500000;
10.0001678;1.0047073;0.9500000;
10.0001685;0.9976330;0.9500000;
10.0001692;0.9894628;0.9500000;
10.0001699;0.9810469;0.9500000;
10.0001703;0.9765977;0.9500000;
10.0001707;0.9726471;0.9500000;
10.0001711;0.9693051;0.9500000;
10.0001715;0.9664210;0.9500000;
10.0001719;0.9641876;0.9500000;
10.0001723;0.9627067;0.9500000;
10.0001727;0.9620339;0.9500000;
10.0001735;0.9631228;0.9500000;
10.0001742;0.9667356;0.9500000;
10.0001749;0.9723939;0.9500000;
10.0001756;0.9794516;0.9500000;
10.0001763;0.9871213;0.9500000;
10.0001770;0.9938913;0.9500000;
10.0001773;0.9971811;0.9500000;
10.0001777;1.0000478;0.9500000;
10.0001780;1.0024330;0.9500000;
10.0001787;1.0059063;0.9500000;
10.0001794;1.0071879;0.9500000;
10.0001801;1.0061556;0.9500000;
10.0001808;1.0028926;0.9500000;
10.0001815;0.9977237;0.9500000;
10.0001822;0.9911688;0.9500000;
10.0001829;0.9838891;0.9500000;
10.0001836;0.9766194;0.9500000;
10.0001839;0.9732428;0.9500000;
10.0001843;0.9702434;0.9500000;
10.0001846;0.9676770;0.9500000;
10.0001853;0.9637225;0.9500000;
10.0001860;0.9617740;0.9500000;
10.0001867;0.9620163;0.9500000;
10.0001874;0.9644507;0.9500000;
10.0001881;0.9687241;0.9500000;
10.0001887;0.9743732;0.9500000;
10.0001894;0.9808057;0.9500000;
10.0001901;0.9873552;0.9500000;
10.0001905;0.9904389;0.9500000;
10.0001908;0.9932123;0.9500000;
10.0001912;0.9956118;0.9500000;
10.0001918;0.9993689;0.9500000;
10.0001925;1.0013172;0.9500000;
10.0001932;1.0012429;0.9500000;
10.0001939;0.9990817;0.9500000;
10.0001947;0.9946914;0.9500000;
10.0001954;0.9886839;0.9500000;
10.0001961;0.9817631;0.9500000;
10.0001969;0.9747349;0.9500000;
10.0001973;0.9714690;0.9500000;
10.0001976;0.9685802;0.9500000;
10.0001980;0.9661406;0.9500000;
10.0001988;0.9624873;0.9500000;
10.0001995;0.9609115;0.9500000;
10.0002002;0.9615803;0.9500000;
10.0002010;0.9644387;0.9500000;
10.0002017;0.9687052;0.9500000;
10.0002024;0.9740359;0.9500000;
10.0002031;0.9798661;0.9500000;
10.0002038;0.9855803;0.9500000;
10.0002042;0.9884962;0.9500000;
10.0002046;0.9909538;0.9500000;
10.0002050;0.9928273;0.9500000;
10.0002054;0.9943621;0.9500000;
10.0002058;0.9953695;0.9500000;
10.0002062;0.9957794;0.9500000;
10.0002070;0.9947428;0.9500000;
10.0002078;0.9914331;0.9500000;
10.0002086;0.9863014;0.9500000;
10.0002094;0.9800293;0.9500000;
10.0002102;0.9734440;0.9500000;
10.0002107;0.9697139;0.9500000;
10.0002112;0.9665636;0.9500000;
10.0002116;0.9642865;0.9500000;
10.0002120;0.9626428;0.9500000;
10.0002124;0.9617024;0.9500000;
10.0002128;0.9613184;0.9500000;
10.0002132;0.9614152;0.9500000;
10.0002135;0.9619419;0.9500000;
10.0002139;0.9629335;0.9500000;
10.0002146;0.9655599;0.9500000;
10.0002152;0.9685629;0.9500000;
10.0002158;0.9720606;0.9500000;
10.0002164;0.9758241;0.9500000;
10.0002170;0.9795602;0.9500000;
10.0002174;0.9819205;0.9500000;
10.0002178;0.9839465;0.9500000;
10.0002182;0.9855814;0.9500000;
10.0002190;0.9877929;0.9500000;
10.0002198;0.9882305;0.9500000;
10.0002206;0.9867908;0.9500000;
10.0002216;0.9832259;0.9500000;
10.0002225;0.9781936;0.9500000;
10.0002234;0.9725314;0.9500000;
10.0002242;0.9676221;0.9500000;
10.0002246;0.9653947;0.9500000;
10.0002251;0.9636180;0.9500000;
10.0002255;0.9623331;0.9500000;
10.0002264;0.9609903;0.9500000;
10.0002272;0.9615764;0.9500000;
10.0002281;0.9639192;0.9500000;
10.0002290;0.9676093;0.9500000;
10.0002299;0.9720260;0.9500000;
10.0002307;0.9764441;0.9500000;
10.0002312;0.9784081;0.9500000;
10.0002316;0.9799999;0.9500000;
10.0002321;0.9811803;0.9500000;
10.0002329;0.9824754;0.9500000;
10.0002338;0.9820491;0.9500000;
10.0002347;0.9799015;0.9500000;
10.0002356;0.9763448;0.9500000;
10.0002364;0.9719460;0.9500000;
10.0002373;0.9673839;0.9500000;
10.0002382;0.9638535;0.9500000;
10.0002389;0.9620619;0.9500000;
10.0002394;0.9611346;0.9500000;
10.0002400;0.9608612;0.9500000;
10.0002405;0.9611586;0.9500000;
10.0002410;0.9617810;0.9500000;
10.0002414;0.9627756;0.9500000;
10.0002419;0.9640163;0.9500000;
10.0002424;0.9653826;0.9500000;
10.0002428;0.9668964;0.9500000;
10.0002438;0.9700264;0.9500000;
10.0002447;0.9725070;0.9500000;
10.0002456;0.9738451;0.9500000;
10.0002463;0.9742494;0.9500000;
10.0002469;0.9740705;0.9500000;
10.0002475;0.9733907;0.9500000;
10.0002481;0.9723014;0.9500000;
10.0002494;0.9695114;0.9500000;
10.0002505;0.9666144;0.9500000;
10.0002516;0.9638719;0.9500000;
10.0002522;0.9627345;0.9500000;
10.0002528;0.9620058;0.9500000;
10.0002534;0.9616903;0.9500000;
10.0002547;0.9619376;0.9500000;
10.0002559;0.9633525;0.9500000;
10.0002579;0.9658752;0.9500000;
10.0002589;0.9667280;0.9500000;
10.0002599;0.9669855;0.9500000;
10.0002608;0.9667734;0.9500000;
10.0002617;0.9661747;0.9500000;
10.0002626;0.9653098;0.9500000;
10.0002636;0.9643352;0.9500000;
10.0002645;0.9633155;0.9500000;
10.0002663;0.9616025;0.9500000;
10.0002674;0.9611179;0.9500000;
10.0002685;0.9610042;0.9500000;
10.0002697;0.9611191;0.9500000;
10.0002708;0.9613027;0.9500000;
10.0002731;0.9614268;0.9500000;
10.0002753;0.9610121;0.9500000;
10.0002776;0.9602343;0.9500000;
10.0002799;0.9593681;0.9500000;
10.0002844;0.9580359;0.9500000;
10.0002889;0.9568864;0.9500000;
10.0002934;0.9556987;0.9500000;
10.0003025;0.9532147;0.9500000;
10.0003206;0.9481579;0.9500000;
10.0003387;0.9430188;0.9500000;
10.0003568;0.9377975;0.9500000;
10.0003930;0.9271618;0.9500000;
10.0004292;0.9162629;0.9500000;
10.0004653;0.9051296;0.9500000;
10.0005377;0.8824115;0.9500000;
10.0006101;0.8593178;0.9500000;
10.0006825;0.8361865;0.9500000;
10.0007549;0.8133464;0.9500000;
10.0008273;0.7910918;0.9500000;
10.0008997;0.7696826;0.9500000;
10.0009720;0.7493375;0.9500000;
10.0010444;0.7302325;0.9500000;
10.0011168;0.7125004;0.9500000;
10.0011892;0.6962317;0.9500000;
10.0012616;0.6814770;0.9500000;
10.0013340;0.6682503;0.9500000;
10.0014064;0.6565324;0.9500000;
10.0014787;0.6462754;0.9500000;
10.0015511;0.6374072;0.9500000;
10.0016235;0.6298357;0.9500000;
10.0016959;0.6234533;0.9500000;
10.0017683;0.6181413;0.9500000;
10.0018407;0.6137733;0.9500000;
10.0019131;0.6102194;0.9500000;
10.0019854;0.6073489;0.9500000;
10.0020578;0.6050329;0.9500000;
10.0021302;0.6031473;0.9500000;
10.0022026;0.6015739;0.9500000;
10.0022750;0.6002024;0.9500000;
10.0024198;0.5975606;0.9500000;
10.0025501;0.5949941;0.9500000;
10.0026804;0.5918202;0.9500000;
10.0028106;0.5877781;0.9500000;
10.0029409;0.5826752;0.9500000;
10.0030712;0.5764009;0.9500000;
10.0032015;0.5689157;0.9500000;
10.0034621;0.5505344;0.9500000;
10.0037227;0.5281987;0.9500000;
10.0039833;0.5028566;0.9500000;
10.0042439;0.4755346;0.9500000;
10.0045045;0.4472311;0.9500000;
10.0047651;0.4188260;0.9500000;
10.0050257;0.3910397;0.9500000;
10.0052862;0.3644258;0.9500000;
10.0055468;0.3393855;0.9500000;
10.0058074;0.3161931;0.9500000;
10.0060680;0.2950240;0.9500000;
10.0063286;0.2759821;0.9500000;
10.0065892;0.2591204;0.9500000;
10.0068498;0.2444575;0.9500000;
10.0071104;0.2319872;0.9500000;
10.0073710;0.2216845;0.9500000;
10.0076315;0.2135069;0.9500000;
10.0078921;0.2073948;0.9500000;
10.0081527;0.2032700;0.9500000;
10.0084133;0.2010353;0.9500000;
10.0086739;0.2005734;0.9500000;
10.0089345;0.2017487;0.9500000;
10.0091951;0.2044087;0.9500000;
10.0094557;0.2083877;0.9500000;
10.0097163;0.2135106;0.9500000;
10.0099768;0.2195978;0.9500000;
10.0102374;0.2264693;0.9500000;
10.0104980;0.2339494;0.9500000;
10.0107586;0.2418701;0.9500000;
10.0110192;0.2500746;0.9500000;
10.0112798;0.2584192;0.9500000;
10.0115404;0.2667747;0.9500000;
10.0118010;0.2750275;0.9500000;
10.0123221;0.2907571;0.9500000;
10.0127912;0.3037793;0.9500000;
10.0132603;0.3154300;0.9500000;
10.0137293;0.3255433;0.9500000;
10.0141984;0.3340561;0.9500000;
10.0146674;0.3409915;0.9500000;
10.0151365;0.3464416;0.9500000;
10.0156056;0.3505628;0.9500000;
10.0160746;0.3535256;0.9500000;
10.0165437;0.3555316;0.9500000;
10.0170127;0.3567909;0.9500000;
10.0174818;0.3575114;0.9500000;
10.0179509;0.3578900;0.9500000;
10.0184199;0.3581056;0.9500000;
10.0188890;0.3583132;0.9500000;
10.0193580;0.3586409;0.9500000;
10.0198271;0.3591883;0.9500000;
10.0207652;0.3612222;0.9500000;
10.0217033;0.3645687;0.9500000;
10.0226415;0.3691562;0.9500000;
10.0235796;0.3747315;0.9500000;
10.0245177;0.3809454;0.9500000;
10.0254558;0.3874347;0.9500000;
10.0263939;0.3938857;0.9500000;
10.0273321;0.4000711;0.9500000;
10.0282702;0.4058621;0.9500000;
10.0292083;0.4112213;0.9500000;
10.0301464;0.4161825;0.9500000;
10.0310845;0.4208251;0.9500000;
10.0320227;0.4252488;0.9500000;
10.0329608;0.4295523;0.9500000;
10.0348370;0.4381470;0.9500000;
10.0367133;0.4468581;0.9500000;
10.0385895;0.4557324;0.9500000;
10.0404657;0.4646803;0.9500000;
10.0423420;0.4735762;0.9500000;
10.0442182;0.4823295;0.9500000;
10.0479707;0.4993718;0.9500000;
10.0517232;0.5159364;0.9500000;
10.0554757;0.5321665;0.9500000;
10.0592281;0.5481100;0.9500000;
10.0667331;0.5790080;0.9500000;
10.0742381;0.6085298;0.9500000;
10.0817430;0.6366801;0.9500000;
10.0892480;0.6635061;0.9500000;
10.0967529;0.6890480;0.9500000;
10.1042579;0.7133380;0.9500000;
10.1192678;0.7583501;0.9500000;
10.1342777;0.7988297;0.9500000;
10.1492877;0.8350995;0.9500000;
10.1642976;0.8674858;0.9500000;
10.1793075;0.8962980;0.9500000;
10.1943174;0.9218356;0.9500000;
10.2093273;0.9443890;0.9500000;
10.2243373;0.9642263;0.9500000;
10.2393472;0.9815949;0.9500000;
10.2543571;0.9967271;0.9500000;
10.2693670;1.0098352;0.9500000;
10.2843769;1.0211102;0.9500000;
10.3143968;1.0389855;0.9500000;
10.3414146;1.0504125;0.9500000;
10.3684325;1.0582145;0.9500000;
10.3954503;1.0629755;0.9500000;
10.4224682;1.0652165;0.9500000;
10.4494861;1.0653834;0.9500000;
10.4765039;1.0638589;0.9500000;
10.5035218;1.0609711;0.9500000;
10.5305396;1.0570024;0.9500000;
10.5575575;1.0521970;0.9500000;
10.5845753;1.0467663;0.9500000;
10.6115932;1.0408923;0.9500000;
10.6386111;1.0347322;0.9500000;
10.6656289;1.0284203;0.9500000;
10.6926468;1.0220708;0.9500000;
10.7466825;1.0101367;0.9500000;
10.7911564;1.0009779;0.9500000;
10.8356302;0.9926117;0.9500000;
10.8756567;0.9857636;0.9500000;
10.9156832;0.9796245;0.9500000;
10.9557097;0.9741900;0.9500000;
11.0357627;0.9648773;0.9500000;
11.1078103;0.9585223;0.9500000;
11.1798580;0.9539231;0.9500000;
11.2519057;0.9508033;0.9500000;
11.3239534;0.9488609;0.9500000;
11.3960011;0.9478073;0.9500000;
11.4680487;0.9473855;0.9500000;
11.5400964;0.9473817;0.9500000;
11.6121441;0.9476282;0.9500000;
11.6841918;0.9480010;0.9500000;
11.8282871;0.9487632;0.9500000;
12.1164778;0.9495646;0.9500000;
12.3753081;0.9498752;0.9500000;
12.6341384;0.9499896;0.9500000;
12.8929687;0.9500194;0.9500000;
13.4106293;0.9500132;0.9500000;
14.4459505;0.9500030;0.9500000;
16.5165928;0.9500003;0.9500000;
20.6578774;0.9500000;0.9500000;
25.0000000;0.9500000;0.9500000;
