time;NETWORK_DanglingLine_P;NETWORK_DanglingLine_Q;NETWORK_DanglingLine_i;NETWORK_DanglingLine_state;NETWORK_VL2_BUS1_Upu;NodeFault_fault_terminal_i_re;NodeFault_fault_terminal_i_im;
0.000000;1.000544;0.306837;1.049231;2.000000;0.997432;0.000000;0.000000;
0.100000;1.000544;0.306837;1.049231;2.000000;0.997432;0.000000;0.000000;
0.200000;1.000544;0.306837;1.049231;2.000000;0.997432;0.000000;0.000000;
0.300000;1.000544;0.306837;1.049231;2.000000;0.997432;0.000000;0.000000;
0.400000;1.000544;0.306837;1.049231;2.000000;0.997432;0.000000;0.000000;
0.500000;1.000544;0.306837;1.049231;2.000000;0.997432;0.000000;0.000000;
0.600000;1.000544;0.306837;1.049231;2.000000;0.997432;0.000000;0.000000;
0.700000;1.000544;0.306837;1.049231;2.000000;0.997432;0.000000;0.000000;
0.800000;1.000544;0.306837;1.049231;2.000000;0.997432;0.000000;0.000000;
0.900000;1.000544;0.306837;1.049231;2.000000;0.997432;0.000000;0.000000;
1.000000;1.000544;0.306837;1.049231;2.000000;0.997432;0.000000;0.000000;
1.000000;0.000492;0.000151;0.023273;2.000000;0.022124;17.735468;-155.435216;
1.100000;0.000492;0.000151;0.023273;2.000000;0.022124;17.735468;-155.435216;
1.100000;1.000544;0.306837;1.049231;2.000000;0.997432;0.000000;0.000000;
1.200000;1.000544;0.306837;1.049231;2.000000;0.997432;0.000000;0.000000;
1.300000;1.000544;0.306837;1.049231;2.000000;0.997432;0.000000;0.000000;
1.400000;1.000544;0.306837;1.049231;2.000000;0.997432;0.000000;0.000000;
1.500000;1.000544;0.306837;1.049231;2.000000;0.997432;0.000000;0.000000;
1.600000;1.000544;0.306837;1.049231;2.000000;0.997432;0.000000;0.000000;
1.700000;1.000544;0.306837;1.049231;2.000000;0.997432;0.000000;0.000000;
1.800000;1.000544;0.306837;1.049231;2.000000;0.997432;0.000000;0.000000;
1.900000;1.000544;0.306837;1.049231;2.000000;0.997432;0.000000;0.000000;
2.000000;1.000544;0.306837;1.049231;2.000000;0.997432;0.000000;0.000000;
2.100000;1.000544;0.306837;1.049231;2.000000;0.997432;0.000000;0.000000;
2.200000;1.000544;0.306837;1.049231;2.000000;0.997432;0.000000;0.000000;
2.300000;1.000544;0.306837;1.049231;2.000000;0.997432;0.000000;0.000000;
2.400000;1.000544;0.306837;1.049231;2.000000;0.997432;0.000000;0.000000;
2.500000;1.000544;0.306837;1.049231;2.000000;0.997432;0.000000;0.000000;
2.600000;1.000544;0.306837;1.049231;2.000000;0.997432;0.000000;0.000000;
2.700000;1.000544;0.306837;1.049231;2.000000;0.997432;0.000000;0.000000;
2.800000;1.000544;0.306837;1.049231;2.000000;0.997432;0.000000;0.000000;
2.900000;1.000544;0.306837;1.049231;2.000000;0.997432;0.000000;0.000000;
3.000000;1.000544;0.306837;1.049231;2.000000;0.997432;0.000000;0.000000;
3.100000;1.000544;0.306837;1.049231;2.000000;0.997432;0.000000;0.000000;
3.200000;1.000544;0.306837;1.049231;2.000000;0.997432;0.000000;0.000000;
3.300000;1.000544;0.306837;1.049231;2.000000;0.997432;0.000000;0.000000;
3.400000;1.000544;0.306837;1.049231;2.000000;0.997432;0.000000;0.000000;
3.500000;1.000544;0.306837;1.049231;2.000000;0.997432;0.000000;0.000000;
3.600000;1.000544;0.306837;1.049231;2.000000;0.997432;0.000000;0.000000;
3.700000;1.000544;0.306837;1.049231;2.000000;0.997432;0.000000;0.000000;
3.800000;1.000544;0.306837;1.049231;2.000000;0.997432;0.000000;0.000000;
3.900000;1.000544;0.306837;1.049231;2.000000;0.997432;0.000000;0.000000;
4.000000;1.000544;0.306837;1.049231;2.000000;0.997432;0.000000;0.000000;
4.100000;1.000544;0.306837;1.049231;2.000000;0.997432;0.000000;0.000000;
4.200000;1.000544;0.306837;1.049231;2.000000;0.997432;0.000000;0.000000;
4.300000;1.000544;0.306837;1.049231;2.000000;0.997432;0.000000;0.000000;
4.400000;1.000544;0.306837;1.049231;2.000000;0.997432;0.000000;0.000000;
4.500000;1.000544;0.306837;1.049231;2.000000;0.997432;0.000000;0.000000;
4.600000;1.000544;0.306837;1.049231;2.000000;0.997432;0.000000;0.000000;
4.700000;1.000544;0.306837;1.049231;2.000000;0.997432;0.000000;0.000000;
4.800000;1.000544;0.306837;1.049231;2.000000;0.997432;0.000000;0.000000;
4.900000;1.000544;0.306837;1.049231;2.000000;0.997432;0.000000;0.000000;
5.000000;1.000544;0.306837;1.049231;2.000000;0.997432;0.000000;0.000000;
