time;WT4B_WT_measurements_PGenNomPu;WT4B_WT_measurements_QGenNomPu;WT4B_WT_measurements_UPu;WT4B_WT_terminal_V_re;WT4B_WT_terminal_V_im;WT4B_WT_terminal_i_re;WT4B_WT_terminal_i_im;
0.000000;1.000164;-0.210035;1.000164;0.976169;0.217767;-0.930285;-0.422694;
0.000000;1.000164;-0.210035;1.000164;0.976169;0.217767;-0.930285;-0.422694;
0.000000;1.000164;-0.210035;1.000164;0.976169;0.217767;-0.930285;-0.422694;
0.025000;1.000073;-0.210091;1.000152;0.976161;0.217746;-0.930203;-0.422716;
0.075000;1.000017;-0.210102;1.000152;0.976164;0.217732;-0.930153;-0.422701;
0.175000;1.000002;-0.210094;1.000155;0.976169;0.217728;-0.930139;-0.422685;
0.375000;1.000000;-0.210078;1.000161;0.976174;0.217727;-0.930137;-0.422663;
0.775000;1.000000;-0.210050;1.000169;0.976183;0.217726;-0.930135;-0.422630;
1.575000;1.000000;-0.210022;1.000178;0.976193;0.217725;-0.930134;-0.422596;
2.000000;1.000000;-0.210018;1.000179;0.976194;0.217725;-0.930134;-0.422591;
2.000000;1.000000;-0.210018;1.000179;0.976194;0.217725;-0.930134;-0.422591;
2.006425;0.989957;-0.211130;1.000417;0.977002;0.215171;-0.920994;-0.418935;
2.006425;0.989958;-0.211127;1.000417;0.977003;0.215171;-0.920995;-0.418933;
2.006436;0.989928;-0.211130;1.000417;0.977005;0.215164;-0.920969;-0.418922;
2.006436;0.989928;-0.211130;1.000417;0.977005;0.215164;-0.920969;-0.418922;
2.007156;0.988810;-0.211266;1.000440;0.977091;0.214880;-0.919951;-0.418533;
2.008595;0.985483;-0.211711;1.000492;0.977329;0.214037;-0.916925;-0.417431;
2.009749;0.980389;-0.212375;1.000577;0.977697;0.212745;-0.912291;-0.415732;
2.009749;0.980391;-0.212371;1.000577;0.977698;0.212745;-0.912292;-0.415729;
2.011363;0.974033;-0.213140;1.000697;0.978170;0.211132;-0.906506;-0.413560;
2.014590;0.958028;-0.214581;1.001135;0.979490;0.207055;-0.891922;-0.407619;
2.021045;0.920576;-0.216233;1.002602;0.982963;0.197468;-0.857724;-0.392289;
2.027499;0.881771;-0.216931;1.004294;0.986634;0.187512;-0.822231;-0.376137;
2.033954;0.843844;-0.217207;1.005938;0.990104;0.177779;-0.787498;-0.360778;
2.046863;0.777807;-0.217572;1.008529;0.995619;0.160851;-0.726950;-0.335974;
2.059771;0.722762;-0.217955;1.010379;0.999663;0.146765;-0.676416;-0.317336;
2.072680;0.678005;-0.218315;1.011683;1.002592;0.135326;-0.635287;-0.303499;
2.085589;0.642110;-0.218587;1.012618;1.004728;0.126161;-0.602274;-0.293184;
2.098498;0.613524;-0.218766;1.013300;1.006304;0.118866;-0.575965;-0.285430;
2.111407;0.590835;-0.218876;1.013806;1.007480;0.113079;-0.555072;-0.279552;
2.124316;0.572850;-0.218937;1.014186;1.008366;0.108493;-0.538503;-0.275060;
2.137225;0.558592;-0.218964;1.014476;1.009042;0.104857;-0.525362;-0.271596;
2.150134;0.547273;-0.218966;1.014701;1.009564;0.101972;-0.514928;-0.268902;
2.175952;0.532264;-0.218911;1.015000;1.010244;0.098145;-0.501086;-0.265371;
2.201770;0.522199;-0.218815;1.015209;1.010699;0.095578;-0.491800;-0.263006;
2.227587;0.515385;-0.218309;1.015475;1.011129;0.093826;-0.485497;-0.260957;
2.253405;0.510649;-0.218206;1.015585;1.011351;0.092617;-0.481125;-0.259817;
2.305041;0.505609;-0.218118;1.015691;1.011577;0.091331;-0.476471;-0.258640;
2.356676;0.502984;-0.217776;1.015832;1.011779;0.090652;-0.474038;-0.257712;
2.408312;0.501694;-0.217378;1.015968;1.011946;0.090311;-0.472835;-0.257010;
2.511583;0.501019;-0.216558;1.016215;1.012212;0.090114;-0.472185;-0.255983;
2.614855;0.500896;-0.215687;1.016468;1.012471;0.090056;-0.472043;-0.255017;
2.821397;0.500860;-0.214411;1.016836;1.012845;0.090008;-0.471969;-0.253634;
3.234483;0.500826;-0.212628;1.017350;1.013366;0.089945;-0.471879;-0.251707;
4.060653;0.500789;-0.211057;1.017802;1.013825;0.089888;-0.471794;-0.250009;
4.886824;0.500760;-0.210386;1.017995;1.014021;0.089860;-0.471745;-0.249282;
5.999999;0.500726;-0.210189;1.018052;1.014080;0.089846;-0.471707;-0.249063;
5.999999;0.368229;-0.135137;0.735332;0.728733;0.098289;-0.471707;-0.249063;
6.000103;0.368147;-0.135277;0.735282;0.728686;0.098267;-0.471608;-0.249244;
6.000311;0.368046;-0.135431;0.735228;0.728635;0.098240;-0.471486;-0.249438;
6.000518;0.368006;-0.135464;0.735217;0.728625;0.098228;-0.471436;-0.249473;
6.000797;0.368106;-0.135210;0.735309;0.728715;0.098251;-0.471555;-0.249125;
6.000797;0.368106;-0.135210;0.735309;0.728715;0.098251;-0.471554;-0.249125;
6.000798;0.368106;-0.135209;0.735309;0.728716;0.098251;-0.471555;-0.249123;
6.000798;0.368106;-0.135209;0.735309;0.728716;0.098251;-0.471555;-0.249123;
6.000798;0.368106;-0.135209;0.735309;0.728716;0.098251;-0.471555;-0.249123;
6.000798;0.368106;-0.135209;0.735309;0.728716;0.098251;-0.471555;-0.249123;
6.001107;0.368198;-0.134816;0.735454;0.728860;0.098267;-0.471658;-0.248559;
6.001723;0.368515;-0.133259;0.736030;0.729435;0.098312;-0.472009;-0.246305;
6.002340;0.368956;-0.131029;0.736853;0.730257;0.098374;-0.472495;-0.243079;
6.003184;0.369832;-0.126632;0.738471;0.731873;0.098497;-0.473461;-0.236744;
6.003184;0.369825;-0.126633;0.738471;0.731873;0.098495;-0.473453;-0.236742;
6.003212;0.369856;-0.126480;0.738527;0.731929;0.098499;-0.473487;-0.236523;
6.003212;0.369856;-0.126480;0.738527;0.731929;0.098499;-0.473486;-0.236523;
6.003537;0.370214;-0.124709;0.739176;0.732577;0.098551;-0.473881;-0.233982;
6.003537;0.370212;-0.124709;0.739176;0.732577;0.098550;-0.473879;-0.233982;
6.004113;0.370891;-0.121372;0.740396;0.733794;0.098648;-0.474628;-0.229211;
6.004707;0.371711;-0.117434;0.741829;0.735224;0.098771;-0.475535;-0.223609;
6.004707;0.371704;-0.117435;0.741829;0.735224;0.098769;-0.475526;-0.223607;
6.005297;0.372531;-0.113490;0.743258;0.736649;0.098893;-0.476441;-0.218024;
6.005773;0.373265;-0.110087;0.744485;0.737873;0.099008;-0.477255;-0.213234;
6.005773;0.373259;-0.110088;0.744485;0.737873;0.099005;-0.477247;-0.213232;
6.005773;0.373259;-0.110088;0.744485;0.737873;0.099005;-0.477247;-0.213232;
6.005773;0.373259;-0.110088;0.744485;0.737873;0.099005;-0.477247;-0.213232;
6.006162;0.374041;-0.106089;0.745925;0.739311;0.099114;-0.478102;-0.207593;
6.006162;0.374040;-0.106089;0.745925;0.739311;0.099113;-0.478100;-0.207593;
6.006678;0.375146;-0.100436;0.747950;0.741334;0.099267;-0.479306;-0.199660;
6.007710;0.377619;-0.087827;0.752425;0.745802;0.099613;-0.481998;-0.182141;
6.008170;0.378799;-0.082025;0.754464;0.747836;0.099787;-0.483287;-0.174170;
6.008170;0.378782;-0.082027;0.754464;0.747837;0.099781;-0.483265;-0.174166;
6.008237;0.378950;-0.081183;0.754760;0.748132;0.099806;-0.483448;-0.173009;
6.008237;0.378950;-0.081183;0.754760;0.748132;0.099805;-0.483448;-0.173009;
6.008238;0.378954;-0.081162;0.754767;0.748139;0.099806;-0.483452;-0.172980;
6.008238;0.378954;-0.081162;0.754767;0.748139;0.099806;-0.483452;-0.172980;
6.008706;0.380150;-0.075176;0.756858;0.750225;0.099979;-0.484752;-0.164805;
6.009641;0.382617;-0.062974;0.761081;0.754438;0.100341;-0.487432;-0.148300;
6.011510;0.387457;-0.039929;0.768920;0.762246;0.101088;-0.492697;-0.117725;
6.013380;0.391982;-0.019645;0.775678;0.768965;0.101836;-0.497642;-0.091452;
6.014223;0.393793;-0.012163;0.778137;0.771402;0.102159;-0.499639;-0.081936;
6.014223;0.393764;-0.012167;0.778137;0.771403;0.102150;-0.499603;-0.081930;
6.014782;0.395081;-0.006425;0.780015;0.773267;0.102375;-0.501043;-0.074643;
6.015899;0.397761;0.005261;0.783809;0.777034;0.102833;-0.503966;-0.059924;
6.018133;0.403013;0.027724;0.790996;0.784163;0.103749;-0.509696;-0.032081;
6.022600;0.412125;0.063356;0.802114;0.795151;0.105464;-0.519723;0.010745;
6.026621;0.419051;0.087050;0.809317;0.802227;0.106891;-0.527453;0.038231;
6.030642;0.424780;0.102993;0.814064;0.806842;0.108201;-0.533987;0.056040;
6.034663;0.429542;0.112709;0.816895;0.809535;0.109412;-0.539564;0.066302;
6.038684;0.433598;0.117896;0.818356;0.810855;0.110550;-0.544445;0.071169;
6.042705;0.437182;0.120069;0.818913;0.811267;0.111639;-0.548861;0.072473;
6.046726;0.440477;0.120413;0.818922;0.811131;0.112697;-0.552991;0.071620;
6.054768;0.446673;0.118676;0.818213;0.810124;0.114768;-0.560860;0.067036;
6.062810;0.452801;0.116584;0.817392;0.808999;0.116829;-0.568656;0.061988;
6.070852;0.458960;0.114789;0.816653;0.807952;0.118891;-0.576477;0.057245;
6.086936;0.471433;0.112322;0.815492;0.806159;0.123027;-0.592258;0.048945;
6.103020;0.483944;0.110384;0.814468;0.804481;0.127160;-0.608057;0.041100;
6.113743;0.492269;0.109208;0.813818;0.803372;0.129906;-0.618561;0.035914;
6.113743;0.492296;0.109276;0.813828;0.803392;0.129913;-0.618592;0.035988;
6.121909;0.495844;0.108078;0.813328;0.802691;0.131108;-0.623096;0.032871;
6.138242;0.498615;0.105655;0.812476;0.801666;0.132092;-0.626675;0.028536;
6.154574;0.499675;0.103296;0.811705;0.800814;0.132519;-0.628104;0.025050;
6.187239;0.500116;0.098686;0.810256;0.799295;0.132822;-0.628848;0.018968;
6.219904;0.500174;0.094181;0.808848;0.797839;0.132997;-0.629107;0.013175;
6.285234;0.500236;0.085616;0.806161;0.795061;0.133315;-0.629536;0.002125;
6.335774;0.500304;0.079607;0.804264;0.793099;0.133546;-0.629865;-0.005685;
6.335774;0.000000;-0.000000;0.782989;0.782578;-0.025371;0.000000;0.000000;
6.335799;0.000000;-0.000000;0.782989;0.782578;-0.025371;0.000000;0.000000;
6.335851;0.000000;-0.000000;0.782989;0.782578;-0.025371;0.000000;0.000000;
6.335954;0.000000;-0.000000;0.782989;0.782578;-0.025371;0.000000;0.000000;
6.336058;0.000000;-0.000000;0.782989;0.782578;-0.025371;0.000000;0.000000;
6.336161;0.000000;-0.000000;0.782989;0.782578;-0.025371;0.000000;0.000000;
6.336368;0.000000;-0.000000;0.782989;0.782578;-0.025371;0.000000;0.000000;
6.336574;0.000000;-0.000000;0.782989;0.782578;-0.025371;0.000000;0.000000;
6.336781;0.000000;-0.000000;0.782989;0.782578;-0.025371;0.000000;0.000000;
6.336987;0.000000;-0.000000;0.782989;0.782578;-0.025371;0.000000;0.000000;
6.337401;0.000000;-0.000000;0.782989;0.782578;-0.025371;0.000000;0.000000;
6.337814;0.000000;-0.000000;0.782989;0.782578;-0.025371;0.000000;0.000000;
6.338227;0.000000;-0.000000;0.782989;0.782578;-0.025371;0.000000;0.000000;
6.339054;0.000000;-0.000000;0.782989;0.782578;-0.025371;0.000000;0.000000;
6.339651;0.000000;-0.000000;0.782989;0.782578;-0.025371;0.000000;0.000000;
6.339651;0.000000;-0.000000;0.782989;0.782578;-0.025371;0.000000;0.000000;
6.339865;0.000000;-0.000000;0.782989;0.782578;-0.025371;0.000000;0.000000;
6.339904;0.000000;-0.000000;0.782989;0.782578;-0.025371;0.000000;0.000000;
6.339904;0.000000;-0.000000;0.782989;0.782578;-0.025371;0.000000;0.000000;
6.339904;0.000000;-0.000000;0.782989;0.782578;-0.025371;0.000000;0.000000;
6.339904;0.000000;-0.000000;0.782989;0.782578;-0.025371;0.000000;0.000000;
6.340122;0.000000;-0.000000;0.782989;0.782578;-0.025371;0.000000;0.000000;
6.340557;0.000000;-0.000000;0.782989;0.782578;-0.025371;0.000000;0.000000;
6.341428;0.000000;-0.000000;0.782989;0.782578;-0.025371;0.000000;0.000000;
6.343169;0.000000;-0.000000;0.782989;0.782578;-0.025371;0.000000;0.000000;
6.344165;0.000000;-0.000000;0.782989;0.782578;-0.025371;0.000000;0.000000;
6.344165;0.000000;-0.000000;0.782989;0.782578;-0.025371;0.000000;0.000000;
6.344221;0.000000;-0.000000;0.782989;0.782578;-0.025371;0.000000;0.000000;
6.344221;0.000000;-0.000000;0.782989;0.782578;-0.025371;0.000000;0.000000;
6.344518;0.000000;-0.000000;0.782989;0.782578;-0.025371;0.000000;0.000000;
6.345111;0.000000;-0.000000;0.782989;0.782578;-0.025371;0.000000;0.000000;
6.346297;0.000000;-0.000000;0.782989;0.782578;-0.025371;0.000000;0.000000;
6.347484;0.000000;-0.000000;0.782989;0.782578;-0.025371;0.000000;0.000000;
6.349857;0.000000;-0.000000;0.782989;0.782578;-0.025371;0.000000;0.000000;
6.352230;0.000000;-0.000000;0.782989;0.782578;-0.025371;0.000000;0.000000;
6.354603;0.000000;-0.000000;0.782989;0.782578;-0.025371;0.000000;0.000000;
6.356976;0.000000;-0.000000;0.782989;0.782578;-0.025371;0.000000;0.000000;
6.359349;0.000000;-0.000000;0.782989;0.782578;-0.025371;0.000000;0.000000;
6.361722;0.000000;-0.000000;0.782989;0.782578;-0.025371;0.000000;0.000000;
6.366469;0.000000;-0.000000;0.782989;0.782578;-0.025371;0.000000;0.000000;
6.371215;0.000000;-0.000000;0.782989;0.782578;-0.025371;0.000000;0.000000;
6.375961;0.000000;-0.000000;0.782989;0.782578;-0.025371;0.000000;0.000000;
6.380707;0.000000;-0.000000;0.782989;0.782578;-0.025371;0.000000;0.000000;
6.390200;0.000000;-0.000000;0.782989;0.782578;-0.025371;0.000000;0.000000;
6.399692;0.000000;-0.000000;0.782989;0.782578;-0.025371;0.000000;0.000000;
6.399999;0.000000;-0.000000;0.782989;0.782578;-0.025371;0.000000;0.000000;
6.399999;0.000000;-0.000000;1.073064;1.072196;-0.043153;0.000000;0.000000;
6.400400;0.000000;-0.000000;1.073064;1.072196;-0.043153;0.000000;0.000000;
6.401203;0.000000;-0.000000;1.073064;1.072196;-0.043153;0.000000;0.000000;
6.401559;0.000000;-0.000000;1.073064;1.072196;-0.043153;0.000000;0.000000;
6.401559;0.000000;-0.000000;1.073064;1.072196;-0.043153;0.000000;0.000000;
6.402031;0.000000;-0.000000;1.073064;1.072196;-0.043153;0.000000;0.000000;
6.402346;0.000000;-0.000000;1.073064;1.072196;-0.043153;0.000000;0.000000;
6.402346;0.000000;-0.000000;1.073064;1.072196;-0.043153;0.000000;0.000000;
6.402350;0.000000;-0.000000;1.073064;1.072196;-0.043153;0.000000;0.000000;
6.402350;0.000000;-0.000000;1.073064;1.072196;-0.043153;0.000000;0.000000;
6.402350;0.000000;-0.000000;1.073064;1.072196;-0.043153;0.000000;0.000000;
6.402350;0.000000;-0.000000;1.073064;1.072196;-0.043153;0.000000;0.000000;
6.402667;0.000000;-0.000000;1.073064;1.072196;-0.043153;0.000000;0.000000;
6.402667;0.000000;-0.000000;1.073064;1.072196;-0.043153;0.000000;0.000000;
6.402858;0.000000;-0.000000;1.073064;1.072196;-0.043153;0.000000;0.000000;
6.402858;0.000000;-0.000000;1.073064;1.072196;-0.043153;0.000000;0.000000;
6.403235;0.000000;-0.000000;1.073064;1.072196;-0.043153;0.000000;0.000000;
6.403988;0.000000;-0.000000;1.073064;1.072196;-0.043153;0.000000;0.000000;
6.404325;0.000000;-0.000000;1.073064;1.072196;-0.043153;0.000000;0.000000;
6.404325;0.000000;-0.000000;1.073064;1.072196;-0.043153;0.000000;0.000000;
6.404678;0.000000;-0.000000;1.073064;1.072196;-0.043153;0.000000;0.000000;
6.404730;0.000000;-0.000000;1.073064;1.072196;-0.043153;0.000000;0.000000;
6.404730;0.000000;-0.000000;1.073064;1.072196;-0.043153;0.000000;0.000000;
6.405077;0.000000;-0.000000;1.073064;1.072196;-0.043153;0.000000;0.000000;
6.405370;0.000000;-0.000000;1.073064;1.072196;-0.043153;0.000000;0.000000;
6.405370;0.000000;-0.000000;1.073064;1.072196;-0.043153;0.000000;0.000000;
6.405370;0.000000;-0.000000;1.073064;1.072196;-0.043153;0.000000;0.000000;
6.405370;0.672990;0.160458;1.112166;1.105363;0.122830;-0.617349;0.076562;
6.405399;0.672815;0.159285;1.111887;1.105083;0.122819;-0.617232;0.075539;
6.405458;0.672459;0.156936;1.111327;1.104522;0.122795;-0.616994;0.073490;
6.405574;0.671728;0.152231;1.110204;1.103398;0.122744;-0.616500;0.069385;
6.405691;0.670974;0.147523;1.109079;1.102272;0.122686;-0.615984;0.065274;
6.405808;0.670198;0.142812;1.107951;1.101144;0.122624;-0.615448;0.061157;
6.406041;0.668575;0.133382;1.105688;1.098883;0.122480;-0.614311;0.052909;
6.406275;0.666874;0.123963;1.103420;1.096619;0.122317;-0.613099;0.044656;
6.406508;0.665100;0.114564;1.101149;1.094355;0.122135;-0.611818;0.036404;
6.406975;0.661341;0.095879;1.096611;1.089836;0.121716;-0.609055;0.019955;
6.407442;0.657359;0.077401;1.092092;1.085342;0.121235;-0.606074;0.003615;
6.407909;0.653190;0.059182;1.087604;1.080886;0.120700;-0.602906;-0.012572;
6.408842;0.644458;0.023963;1.078836;1.072197;0.119499;-0.596149;-0.044092;
6.409227;0.640710;0.010028;1.075332;1.068733;0.118951;-0.593200;-0.056641;
6.409227;0.640775;0.010029;1.075331;1.068730;0.118967;-0.593260;-0.056656;
6.409239;0.640657;0.009592;1.075221;1.068621;0.118950;-0.593167;-0.057051;
6.409239;0.640658;0.009592;1.075221;1.068621;0.118950;-0.593168;-0.057051;
6.409239;0.640657;0.009589;1.075220;1.068620;0.118950;-0.593167;-0.057054;
6.409239;0.640657;0.009589;1.075220;1.068620;0.118950;-0.593167;-0.057054;
6.409395;0.639127;0.003904;1.073784;1.067200;0.118727;-0.591963;-0.062198;
6.409483;0.638260;0.000745;1.072984;1.066410;0.118598;-0.591278;-0.065059;
6.409483;0.638266;0.000745;1.072984;1.066410;0.118600;-0.591283;-0.065061;
6.409484;0.638252;0.000693;1.072971;1.066397;0.118598;-0.591272;-0.065107;
6.409484;0.638252;0.000693;1.072971;1.066397;0.118598;-0.591272;-0.065107;
6.409484;0.638252;0.000692;1.072971;1.066396;0.118598;-0.591272;-0.065108;
6.409484;0.638252;0.000692;1.072971;1.066396;0.118598;-0.591272;-0.065108;
6.409645;0.636661;-0.005096;1.071503;1.064946;0.118362;-0.590014;-0.070361;
6.409966;0.633463;-0.016496;1.068601;1.062079;0.117881;-0.587476;-0.080736;
6.410609;0.627054;-0.038531;1.062951;1.056504;0.116896;-0.582353;-0.100905;
6.411893;0.614451;-0.079270;1.052356;1.046065;0.114889;-0.572168;-0.138620;
6.413178;0.602098;-0.116375;1.042527;1.036401;0.112846;-0.562061;-0.173486;
6.414066;0.593931;-0.139607;1.036282;1.030270;0.111461;-0.555322;-0.195583;
6.414066;0.594080;-0.139611;1.036278;1.030262;0.111499;-0.555459;-0.195624;
6.414321;0.591696;-0.146295;1.034467;1.028484;0.111093;-0.553486;-0.202029;
6.414831;0.587047;-0.159137;1.030970;1.025053;0.110295;-0.549632;-0.214387;
6.415852;0.578274;-0.182753;1.024477;1.018687;0.108773;-0.542327;-0.237309;
6.417892;0.562942;-0.222319;1.013411;1.007845;0.106069;-0.529480;-0.276313;
6.419933;0.549652;-0.254839;1.004129;0.998762;0.103680;-0.518261;-0.308955;
6.420198;0.548199;-0.258300;1.003132;0.997786;0.103417;-0.517030;-0.312461;
6.420198;0.548305;-0.258306;1.003127;0.997779;0.103444;-0.517128;-0.312494;
6.420603;0.545854;-0.263822;1.001535;0.996225;0.102989;-0.515041;-0.318066;
6.421412;0.541522;-0.272228;0.999109;0.993874;0.102145;-0.511308;-0.326455;
6.423030;0.534852;-0.280561;0.996740;0.991640;0.100703;-0.505418;-0.334252;
6.424648;0.529851;-0.282353;0.996301;0.991321;0.099484;-0.500862;-0.335089;
6.426267;0.526248;-0.279400;0.997262;0.992388;0.098473;-0.497449;-0.330904;
6.427885;0.523677;-0.273221;0.999168;0.994387;0.097627;-0.494887;-0.323351;
6.431122;0.520846;-0.256606;1.004172;0.999535;0.096392;-0.491757;-0.304149;
6.434358;0.519050;-0.240737;1.008881;1.004356;0.095446;-0.489598;-0.286221;
6.437595;0.517525;-0.228176;1.012576;1.008140;0.094673;-0.487790;-0.272141;
6.440831;0.515961;-0.219617;1.015086;1.010722;0.094013;-0.486071;-0.262500;
6.444068;0.514297;-0.214666;1.016544;1.012239;0.093438;-0.484376;-0.256782;
6.450541;0.511106;-0.212546;1.017207;1.012987;0.092561;-0.481362;-0.253805;
6.457014;0.508498;-0.213322;1.017026;1.012864;0.091920;-0.478981;-0.254082;
6.469961;0.505486;-0.215043;1.016580;1.012480;0.091206;-0.476258;-0.255294;
6.495853;0.502995;-0.215555;1.016472;1.012428;0.090587;-0.473976;-0.255318;
6.521746;0.501758;-0.215364;1.016547;1.012532;0.090266;-0.472829;-0.254850;
6.573531;0.501025;-0.214872;1.016701;1.012704;0.090064;-0.472136;-0.254166;
6.677102;0.501519;-0.214054;1.016928;1.012923;0.090165;-0.472565;-0.253388;
6.884243;0.502202;-0.212885;1.017254;1.013238;0.090304;-0.473157;-0.252274;
7.298526;0.502271;-0.211579;1.017628;1.013616;0.090282;-0.473179;-0.250882;
7.712808;0.502218;-0.210863;1.017835;1.013826;0.090246;-0.473106;-0.250101;
8.541373;0.502139;-0.210312;1.017994;1.013990;0.090209;-0.473015;-0.249492;
9.369938;0.502066;-0.210103;1.018056;1.014053;0.090184;-0.472941;-0.249252;
11.027068;0.501933;-0.210024;1.018080;1.014081;0.090148;-0.472815;-0.249139;
11.999998;0.501859;-0.210011;1.018085;1.014088;0.090129;-0.472747;-0.249110;
11.999998;0.273150;-0.103471;0.546614;0.542494;0.066990;-0.472747;-0.249110;
12.000126;0.273115;-0.103527;0.546599;0.542479;0.066981;-0.472686;-0.249205;
12.000384;0.273152;-0.103397;0.546635;0.542515;0.066989;-0.472751;-0.248963;
12.000457;0.273194;-0.103294;0.546664;0.542543;0.066999;-0.472822;-0.248778;
12.000457;0.273194;-0.103294;0.546664;0.542543;0.066999;-0.472821;-0.248778;
12.000458;0.273194;-0.103293;0.546664;0.542543;0.066999;-0.472822;-0.248776;
12.000458;0.273194;-0.103293;0.546664;0.542543;0.066999;-0.472822;-0.248776;
12.000458;0.273194;-0.103293;0.546664;0.542543;0.066999;-0.472822;-0.248776;
12.000458;0.273194;-0.103293;0.546664;0.542543;0.066999;-0.472822;-0.248776;
12.000676;0.273270;-0.102970;0.546755;0.542632;0.067014;-0.472953;-0.248169;
12.001114;0.273492;-0.101752;0.547097;0.542972;0.067056;-0.473331;-0.245854;
12.001551;0.273779;-0.100012;0.547587;0.543459;0.067108;-0.473821;-0.242538;
12.002425;0.274580;-0.094812;0.549046;0.544912;0.067250;-0.475187;-0.232641;
12.002507;0.274673;-0.094200;0.549217;0.545082;0.067267;-0.475345;-0.231478;
12.002507;0.274672;-0.094200;0.549217;0.545083;0.067267;-0.475343;-0.231478;
12.002804;0.274983;-0.092175;0.549783;0.545645;0.067322;-0.475872;-0.227642;
12.002804;0.274983;-0.092175;0.549783;0.545645;0.067322;-0.475872;-0.227642;
12.002805;0.274983;-0.092171;0.549784;0.545647;0.067322;-0.475873;-0.227634;
12.002805;0.274983;-0.092171;0.549784;0.545647;0.067322;-0.475873;-0.227634;
12.002971;0.275170;-0.090947;0.550125;0.545987;0.067355;-0.476191;-0.225318;
12.002971;0.275170;-0.090947;0.550125;0.545987;0.067355;-0.476190;-0.225318;
12.002971;0.275170;-0.090947;0.550125;0.545987;0.067355;-0.476190;-0.225318;
12.002971;0.275170;-0.090947;0.550125;0.545987;0.067355;-0.476190;-0.225318;
12.003123;0.275392;-0.089376;0.550563;0.546423;0.067393;-0.476569;-0.222344;
12.003123;0.275392;-0.089377;0.550563;0.546423;0.067392;-0.476567;-0.222343;
12.003438;0.275882;-0.085893;0.551532;0.547389;0.067476;-0.477399;-0.215762;
12.004069;0.277073;-0.077253;0.553919;0.549769;0.067676;-0.479418;-0.199535;
12.005331;0.280084;-0.055191;0.559919;0.555752;0.068182;-0.484496;-0.158749;
12.006592;0.283568;-0.029816;0.566658;0.562470;0.068770;-0.490338;-0.112959;
12.006687;0.283852;-0.027783;0.567191;0.563001;0.068818;-0.490812;-0.109342;
12.006687;0.283844;-0.027784;0.567191;0.563001;0.068816;-0.490797;-0.109340;
12.006737;0.283986;-0.026757;0.567460;0.563269;0.068840;-0.491034;-0.107514;
12.006737;0.283985;-0.026757;0.567460;0.563269;0.068840;-0.491034;-0.107514;
12.006737;0.283987;-0.026747;0.567462;0.563271;0.068840;-0.491036;-0.107497;
12.006737;0.283987;-0.026747;0.567462;0.563271;0.068840;-0.491036;-0.107497;
12.006959;0.284630;-0.022086;0.568679;0.564484;0.068949;-0.492111;-0.099235;
12.007404;0.285957;-0.012484;0.571168;0.566964;0.069174;-0.494320;-0.082330;
12.008294;0.288702;0.007351;0.576242;0.572019;0.069640;-0.498878;-0.047885;
12.009682;0.292976;0.037776;0.583853;0.579597;0.070372;-0.505938;0.003749;
12.009682;0.292963;0.037775;0.583853;0.579597;0.070368;-0.505915;0.003752;
12.009905;0.293672;0.042853;0.585104;0.580842;0.070489;-0.507082;0.012239;
12.010350;0.295127;0.053303;0.587662;0.583389;0.070738;-0.509471;0.029592;
12.011242;0.298133;0.075030;0.592913;0.588616;0.071250;-0.514390;0.065204;
12.013026;0.304265;0.119624;0.603414;0.599068;0.072293;-0.524359;0.136406;
12.014809;0.310366;0.164041;0.613534;0.609136;0.073332;-0.534196;0.204991;
12.016593;0.316257;0.206944;0.623018;0.618567;0.074337;-0.543628;0.269222;
12.018376;0.321826;0.247329;0.631704;0.627201;0.075291;-0.552491;0.328016;
12.020160;0.327001;0.284505;0.639507;0.634953;0.076182;-0.560689;0.380800;
12.021943;0.331746;0.318045;0.646399;0.641796;0.077006;-0.568182;0.427381;
12.023727;0.336051;0.347752;0.652393;0.647742;0.077763;-0.574969;0.467842;
12.027294;0.343004;0.392419;0.661214;0.656475;0.079024;-0.585961;0.527231;
12.030504;0.348184;0.422324;0.666995;0.662180;0.080002;-0.594196;0.565990;
12.033714;0.352454;0.443556;0.671037;0.666149;0.080846;-0.601050;0.592905;
12.036925;0.356012;0.457885;0.673729;0.668770;0.081588;-0.606834;0.610635;
12.040135;0.359035;0.466955;0.675410;0.670382;0.082253;-0.611821;0.621482;
12.043345;0.361670;0.472175;0.676359;0.671263;0.082864;-0.616232;0.627343;
12.046556;0.364036;0.474692;0.676796;0.671634;0.083435;-0.620245;0.629721;
12.049766;0.366223;0.475391;0.676892;0.671661;0.083982;-0.623993;0.629762;
12.056187;0.370286;0.473578;0.676476;0.671110;0.085033;-0.631033;0.625709;
12.062607;0.374249;0.470658;0.675850;0.670347;0.086071;-0.637924;0.620203;
12.069028;0.378199;0.467594;0.675194;0.669551;0.087108;-0.644797;0.614483;
12.081869;0.386202;0.462407;0.674053;0.668125;0.089196;-0.658695;0.604160;
12.094710;0.394272;0.458032;0.673057;0.666837;0.091293;-0.672686;0.594779;
12.120393;0.410487;0.450539;0.671282;0.664455;0.095490;-0.700752;0.577352;
12.149998;0.429081;0.442543;0.669337;0.661765;0.100298;-0.732907;0.557650;
12.149998;0.827024;0.796692;1.246684;1.238275;0.144553;-0.733002;0.557820;
12.150112;0.826869;0.796526;1.246654;1.238249;0.144518;-0.732867;0.557734;
12.150340;0.826314;0.794595;1.246286;1.237889;0.144428;-0.732440;0.556439;
12.150569;0.825528;0.791141;1.245624;1.237235;0.144320;-0.731867;0.554072;
12.151026;0.823134;0.778719;1.243231;1.234859;0.144043;-0.730205;0.545437;
12.151483;0.820017;0.761373;1.239873;1.231516;0.143713;-0.728091;0.533275;
12.151951;0.815676;0.735499;1.234828;1.226485;0.143301;-0.725218;0.514947;
12.151951;0.815655;0.735496;1.234828;1.226485;0.143296;-0.725199;0.514949;
12.152155;0.813720;0.725144;1.232802;1.224471;0.143081;-0.723865;0.507626;
12.152564;0.808819;0.701436;1.228149;1.219857;0.142470;-0.720375;0.490880;
12.153211;0.798513;0.656378;1.219233;1.211045;0.141060;-0.712818;0.458965;
12.153211;0.798499;0.656377;1.219233;1.211046;0.141057;-0.712805;0.458968;
12.153232;0.798166;0.654923;1.218943;1.210760;0.141011;-0.712560;0.457931;
12.153232;0.798165;0.654923;1.218943;1.210760;0.141011;-0.712560;0.457931;
12.153232;0.798163;0.654916;1.218942;1.210758;0.141011;-0.712558;0.457926;
12.153232;0.798163;0.654916;1.218942;1.210758;0.141011;-0.712558;0.457926;
12.153435;0.794913;0.640781;1.216119;1.207969;0.140565;-0.710168;0.447823;
12.153554;0.792820;0.631931;1.214347;1.206219;0.140271;-0.708618;0.441489;
12.153554;0.792815;0.631931;1.214347;1.206219;0.140270;-0.708614;0.441490;
12.153753;0.789366;0.617293;1.211406;1.203313;0.139788;-0.706059;0.430972;
12.153959;0.785518;0.601329;1.208184;1.200134;0.139241;-0.703193;0.419466;
12.153959;0.785513;0.601329;1.208184;1.200134;0.139240;-0.703188;0.419468;
12.153963;0.785448;0.601059;1.208130;1.200080;0.139231;-0.703139;0.419272;
12.153963;0.785448;0.601059;1.208130;1.200080;0.139231;-0.703139;0.419272;
12.153963;0.785446;0.601051;1.208128;1.200079;0.139230;-0.703138;0.419267;
12.153963;0.785446;0.601051;1.208128;1.200079;0.139230;-0.703138;0.419267;
12.154158;0.781814;0.586010;1.205079;1.197068;0.138714;-0.700429;0.408374;
12.154286;0.779269;0.575638;1.202968;1.194986;0.138348;-0.698522;0.400841;
12.154286;0.779264;0.575638;1.202968;1.194986;0.138347;-0.698518;0.400842;
12.154312;0.778767;0.573610;1.202555;1.194578;0.138275;-0.698146;0.399366;
12.154312;0.778767;0.573610;1.202555;1.194578;0.138275;-0.698145;0.399366;
12.154502;0.775034;0.558406;1.199446;1.191512;0.137738;-0.695347;0.388272;
12.154596;0.773094;0.550602;1.197846;1.189933;0.137457;-0.693888;0.382561;
12.154596;0.773090;0.550602;1.197846;1.189933;0.137456;-0.693884;0.382562;
12.154782;0.769351;0.535653;1.194769;1.186899;0.136912;-0.691067;0.371588;
12.155155;0.761730;0.505948;1.188615;1.180834;0.135783;-0.685286;0.349666;
12.155644;0.751521;0.467667;1.180603;1.172947;0.134233;-0.677468;0.321180;
12.155644;0.751505;0.467667;1.180604;1.172948;0.134229;-0.677453;0.321184;
12.155644;0.751504;0.467665;1.180603;1.172948;0.134229;-0.677453;0.321183;
12.155644;0.751504;0.467665;1.180603;1.172948;0.134229;-0.677453;0.321183;
12.155829;0.747660;0.453257;1.177561;1.169953;0.133647;-0.674506;0.310364;
12.156200;0.739922;0.424780;1.171509;1.163996;0.132461;-0.668545;0.288853;
12.156941;0.724434;0.369509;1.159599;1.152284;0.130047;-0.656523;0.246580;
12.158424;0.694498;0.267317;1.136972;1.130049;0.125279;-0.633018;0.166376;
12.159906;0.666537;0.175137;1.115809;1.109254;0.120765;-0.610837;0.091385;
12.161389;0.640913;0.092996;1.096279;1.090061;0.116591;-0.590332;0.022172;
12.162872;0.617802;0.020536;1.078468;1.072551;0.112803;-0.571702;-0.040981;
12.164355;0.597239;-0.042837;1.062393;1.056742;0.109421;-0.555022;-0.098007;
12.165837;0.579161;-0.097851;1.048027;1.042605;0.106445;-0.540280;-0.149013;
12.167320;0.563442;-0.145291;1.035303;1.030078;0.103859;-0.527406;-0.194225;
12.168803;0.549916;-0.185947;1.024131;1.019073;0.101640;-0.516289;-0.233961;
12.170286;0.538398;-0.220585;1.014403;1.009484;0.099759;-0.506797;-0.268595;
12.171768;0.528691;-0.249923;1.006003;1.001198;0.098185;-0.498781;-0.298539;
12.173251;0.520599;-0.274627;0.998807;0.994095;0.096886;-0.492093;-0.324218;
12.174734;0.513934;-0.295301;0.992695;0.988057;0.095829;-0.486582;-0.346063;
12.177699;0.504789;-0.324519;0.983905;0.979365;0.094412;-0.479030;-0.377536;
12.179003;0.502186;-0.333677;0.981110;0.976593;0.094036;-0.476901;-0.387595;
12.179003;0.502177;-0.333677;0.981110;0.976593;0.094033;-0.476893;-0.387593;
12.179437;0.501286;-0.336386;0.980282;0.975775;0.093891;-0.476151;-0.390553;
12.180304;0.500166;-0.338601;0.979611;0.975122;0.093676;-0.475184;-0.392888;
12.182038;0.499842;-0.333835;0.981106;0.976646;0.093443;-0.474744;-0.387241;
12.183772;0.500787;-0.322949;0.984468;0.980033;0.093342;-0.475292;-0.374797;
12.185506;0.502453;-0.308482;0.988890;0.984477;0.093314;-0.476394;-0.358501;
12.187241;0.504419;-0.292470;0.993731;0.989339;0.093316;-0.477720;-0.340681;
12.190709;0.507759;-0.263730;1.002295;0.997945;0.093277;-0.479910;-0.309130;
12.194177;0.509760;-0.242216;1.008611;1.004303;0.093125;-0.481076;-0.285787;
12.197646;0.510421;-0.228546;1.012591;1.008322;0.092875;-0.481248;-0.270986;
12.201114;0.510061;-0.221418;1.014664;1.010433;0.092565;-0.480686;-0.263167;
12.204582;0.509080;-0.218853;1.015422;1.011224;0.092237;-0.479698;-0.260179;
12.211519;0.506729;-0.220292;1.015045;1.010896;0.091682;-0.477575;-0.261231;
12.218456;0.504824;-0.222679;1.014385;1.010271;0.091270;-0.475895;-0.263409;
12.232329;0.502992;-0.224511;1.013885;1.009806;0.090859;-0.474263;-0.265003;
12.246203;0.502208;-0.224675;1.013850;1.009788;0.090665;-0.473546;-0.265015;
12.273950;0.501852;-0.224047;1.014038;1.009986;0.090555;-0.473197;-0.264259;
12.329444;0.502035;-0.222862;1.014378;1.010327;0.090565;-0.473327;-0.263013;
12.440432;0.502413;-0.220849;1.014954;1.010902;0.090600;-0.473610;-0.260914;
12.662409;0.502469;-0.217814;1.015830;1.011788;0.090522;-0.473564;-0.257645;
13.106361;0.502377;-0.214291;1.016846;1.012821;0.090391;-0.473365;-0.253825;
13.550314;0.502319;-0.212273;1.017428;1.013412;0.090315;-0.473246;-0.251639;
14.438219;0.502229;-0.210830;1.017844;1.013835;0.090248;-0.473115;-0.250068;
15.326124;0.502147;-0.210270;1.018006;1.014002;0.090210;-0.473022;-0.249448;
17.101935;0.501998;-0.210061;1.018069;1.014068;0.090166;-0.472877;-0.249192;
19.999996;0.501788;-0.210017;1.018085;1.014089;0.090111;-0.472682;-0.249101;
19.999996;0.501788;-0.210017;1.018085;1.014089;0.090111;-0.472682;-0.249101;
20.000530;0.501488;-0.210433;1.017969;1.014115;0.088349;-0.472842;-0.248698;
20.000530;0.501490;-0.210433;1.017956;1.014115;0.088349;-0.472843;-0.248698;
20.001360;0.501045;-0.211034;1.017792;1.014166;0.085615;-0.473108;-0.248026;
20.001360;0.501063;-0.211037;1.017803;1.014195;0.085625;-0.473110;-0.248026;
20.006359;0.498621;-0.214268;1.016912;1.014557;0.069182;-0.474858;-0.243574;
20.011346;0.497247;-0.215237;1.016655;1.015274;0.052966;-0.477407;-0.236905;
20.011346;0.497248;-0.215237;1.016655;1.015274;0.052966;-0.477408;-0.236905;
20.011346;0.497248;-0.215237;1.016655;1.015274;0.052966;-0.477408;-0.236905;
20.011346;0.497248;-0.215237;1.016655;1.015274;0.052966;-0.477408;-0.236905;
20.011971;0.497092;-0.215326;1.016632;1.015355;0.050935;-0.477734;-0.236035;
20.013222;0.496835;-0.215395;1.016616;1.015534;0.046883;-0.478424;-0.234187;
20.015723;0.496481;-0.215255;1.016662;1.015921;0.038805;-0.479907;-0.230212;
20.020725;0.496106;-0.214646;1.016843;1.016589;0.022710;-0.483052;-0.221934;
20.030729;0.495783;-0.213799;1.017092;1.017048;-0.009379;-0.489369;-0.205702;
20.050738;0.495547;-0.213200;1.017268;1.014619;-0.073355;-0.500980;-0.173908;
20.070746;0.495429;-0.212774;1.017385;1.008123;-0.137016;-0.510689;-0.141651;
20.110763;0.495441;-0.212319;1.017522;0.983108;-0.262394;-0.524250;-0.076043;
20.190797;0.495462;-0.211489;1.017761;0.887101;-0.498887;-0.526177;0.057506;
20.230814;0.495466;-0.211173;1.017851;0.817610;-0.606247;-0.514585;0.123277;
20.310848;0.495481;-0.210655;1.018000;0.641145;-0.790731;-0.467274;0.247733;
20.350865;0.495488;-0.210436;1.018063;0.536963;-0.864940;-0.432315;0.304473;
20.430899;0.495506;-0.210127;1.018151;0.304902;-0.971425;-0.342652;0.402533;
20.431055;0.495506;-0.210127;1.018151;0.304425;-0.971574;-0.342453;0.402701;
20.431368;0.495506;-0.210125;1.018151;0.303471;-0.971873;-0.342057;0.403038;
20.431993;0.495506;-0.210123;1.018152;0.301562;-0.972468;-0.341262;0.403709;
20.433244;0.495506;-0.210117;1.018154;0.297739;-0.973647;-0.339667;0.405048;
20.433869;0.495506;-0.210115;1.018154;0.295826;-0.974231;-0.338868;0.405715;
20.435120;0.495507;-0.210109;1.018156;0.291997;-0.975387;-0.337266;0.407045;
20.435745;0.495507;-0.210106;1.018157;0.290080;-0.975959;-0.336463;0.407707;
20.436995;0.495507;-0.210101;1.018158;0.286244;-0.977093;-0.334853;0.409027;
20.437621;0.495508;-0.210098;1.018159;0.284324;-0.977654;-0.334046;0.409685;
20.438871;0.495508;-0.210092;1.018161;0.280481;-0.978765;-0.332428;0.410996;
20.439496;0.495508;-0.210089;1.018162;0.278558;-0.979315;-0.331617;0.411649;
20.440747;0.495509;-0.210084;1.018163;0.274709;-0.980404;-0.329991;0.412949;
20.441372;0.495509;-0.210081;1.018164;0.272783;-0.980942;-0.329177;0.413598;
20.442623;0.495509;-0.210076;1.018166;0.268927;-0.982008;-0.327544;0.414889;
20.443248;0.495510;-0.210073;1.018166;0.266998;-0.982535;-0.326725;0.415532;
20.444498;0.495510;-0.210068;1.018168;0.263136;-0.983578;-0.325085;0.416813;
20.445124;0.495510;-0.210065;1.018169;0.261203;-0.984094;-0.324263;0.417452;
20.446374;0.495510;-0.210060;1.018170;0.257335;-0.985114;-0.322615;0.418723;
20.447000;0.495511;-0.210058;1.018171;0.255400;-0.985618;-0.321789;0.419357;
20.448250;0.495511;-0.210053;1.018172;0.251526;-0.986615;-0.320134;0.420619;
20.448875;0.495511;-0.210050;1.018173;0.249587;-0.987108;-0.319305;0.421247;
20.450126;0.495511;-0.210046;1.018174;0.245708;-0.988082;-0.317643;0.422499;
20.450751;0.495512;-0.210043;1.018175;0.243766;-0.988564;-0.316810;0.423123;
20.452002;0.495512;-0.210039;1.018176;0.239881;-0.989515;-0.315140;0.424365;
20.452627;0.495512;-0.210037;1.018177;0.237937;-0.989985;-0.314304;0.424984;
20.453877;0.495512;-0.210032;1.018178;0.234046;-0.990913;-0.312627;0.426216;
20.454503;0.495512;-0.210030;1.018179;0.232099;-0.991372;-0.311787;0.426830;
20.455753;0.495513;-0.210025;1.018180;0.228202;-0.992277;-0.310103;0.428052;
20.456379;0.495513;-0.210023;1.018181;0.226253;-0.992724;-0.309259;0.428661;
20.457629;0.495513;-0.210019;1.018182;0.222351;-0.993607;-0.307568;0.429873;
20.458254;0.495513;-0.210017;1.018182;0.220399;-0.994042;-0.306721;0.430477;
20.459505;0.495513;-0.210013;1.018184;0.216492;-0.994902;-0.305023;0.431679;
20.460130;0.495513;-0.210011;1.018184;0.214538;-0.995325;-0.304172;0.432278;
20.461381;0.495514;-0.210006;1.018185;0.210626;-0.996162;-0.302467;0.433470;
20.462006;0.495514;-0.210004;1.018186;0.208669;-0.996574;-0.301613;0.434064;
20.463256;0.495514;-0.210000;1.018187;0.204752;-0.997388;-0.299901;0.435246;
20.463882;0.495514;-0.209998;1.018188;0.202792;-0.997788;-0.299043;0.435834;
20.465132;0.495514;-0.209994;1.018189;0.198871;-0.998579;-0.297324;0.437007;
20.465757;0.495515;-0.209992;1.018190;0.196909;-0.998968;-0.296463;0.437590;
20.467008;0.495515;-0.209988;1.018191;0.192983;-0.999735;-0.294737;0.438752;
20.467633;0.495515;-0.209985;1.018191;0.191019;-1.000113;-0.293873;0.439330;
20.468884;0.495515;-0.209981;1.018193;0.187088;-1.000857;-0.292140;0.440482;
20.469509;0.495515;-0.209979;1.018193;0.185122;-1.001223;-0.291272;0.441055;
20.470760;0.495516;-0.209975;1.018194;0.181187;-1.001944;-0.289533;0.442197;
20.471385;0.495516;-0.209973;1.018195;0.179219;-1.002298;-0.288661;0.442765;
20.472635;0.495516;-0.209969;1.018196;0.175280;-1.002996;-0.286916;0.443896;
20.473261;0.495516;-0.209967;1.018197;0.173309;-1.003339;-0.286041;0.444459;
20.474511;0.495517;-0.209963;1.018198;0.169366;-1.004013;-0.284288;0.445580;
20.475136;0.495517;-0.209961;1.018198;0.167394;-1.004344;-0.283410;0.446138;
20.476387;0.495517;-0.209957;1.018200;0.163447;-1.004995;-0.281651;0.447248;
20.477012;0.495517;-0.209955;1.018200;0.161472;-1.005315;-0.280770;0.447801;
20.478263;0.495518;-0.209951;1.018201;0.157521;-1.005943;-0.279004;0.448901;
20.478888;0.495518;-0.209949;1.018202;0.155545;-1.006251;-0.278120;0.449448;
20.480139;0.495518;-0.209945;1.018203;0.151591;-1.006855;-0.276348;0.450538;
20.480764;0.495518;-0.209943;1.018203;0.149613;-1.007152;-0.275460;0.451080;
20.482014;0.495518;-0.209939;1.018205;0.145655;-1.007733;-0.273682;0.452159;
20.482640;0.495519;-0.209937;1.018205;0.143675;-1.008017;-0.272791;0.452696;
20.483890;0.495519;-0.209934;1.018206;0.139714;-1.008575;-0.271007;0.453764;
20.484515;0.495519;-0.209932;1.018207;0.137732;-1.008848;-0.270113;0.454296;
20.485766;0.495519;-0.209928;1.018208;0.133768;-1.009383;-0.268322;0.455354;
20.486391;0.495520;-0.209926;1.018208;0.131785;-1.009644;-0.267425;0.455880;
20.487642;0.495520;-0.209922;1.018210;0.127817;-1.010155;-0.265628;0.456928;
20.488267;0.495520;-0.209920;1.018210;0.125833;-1.010405;-0.264728;0.457449;
20.489518;0.495520;-0.209916;1.018211;0.121862;-1.010892;-0.262925;0.458486;
20.490143;0.495520;-0.209915;1.018212;0.119876;-1.011130;-0.262022;0.459001;
20.491393;0.495521;-0.209911;1.018213;0.115903;-1.011595;-0.260212;0.460028;
20.492019;0.495521;-0.209909;1.018213;0.113916;-1.011821;-0.259306;0.460538;
20.493269;0.495521;-0.209905;1.018214;0.109940;-1.012262;-0.257491;0.461553;
20.493894;0.495521;-0.209904;1.018215;0.107951;-1.012476;-0.256582;0.462058;
20.495145;0.495522;-0.209900;1.018216;0.103973;-1.012893;-0.254761;0.463063;
20.495770;0.495522;-0.209898;1.018216;0.101983;-1.013096;-0.253849;0.463563;
20.497021;0.495522;-0.209895;1.018217;0.098002;-1.013490;-0.252022;0.464557;
20.497646;0.495522;-0.209893;1.018218;0.096011;-1.013681;-0.251107;0.465051;
20.498897;0.495523;-0.209889;1.018219;0.092028;-1.014052;-0.249274;0.466034;
20.499522;0.495523;-0.209887;1.018219;0.090035;-1.014231;-0.248357;0.466523;
20.500772;0.495523;-0.209884;1.018220;0.086050;-1.014578;-0.246518;0.467495;
20.501398;0.495523;-0.209882;1.018221;0.084057;-1.014745;-0.245598;0.467979;
20.502648;0.495524;-0.209879;1.018222;0.080070;-1.015069;-0.243754;0.468940;
20.503273;0.495524;-0.209877;1.018222;0.078076;-1.015225;-0.242830;0.469418;
20.504524;0.495524;-0.209873;1.018223;0.074087;-1.015525;-0.240980;0.470368;
20.505149;0.495524;-0.209872;1.018224;0.072092;-1.015669;-0.240054;0.470841;
20.506400;0.495525;-0.209868;1.018225;0.068101;-1.015945;-0.238199;0.471780;
20.507025;0.495525;-0.209867;1.018225;0.066105;-1.016077;-0.237270;0.472248;
20.508276;0.495525;-0.209863;1.018226;0.062113;-1.016330;-0.235409;0.473176;
20.508901;0.495525;-0.209862;1.018227;0.060116;-1.016451;-0.234477;0.473638;
20.510151;0.495525;-0.209858;1.018228;0.056122;-1.016680;-0.232611;0.474555;
20.510777;0.495526;-0.209857;1.018228;0.054125;-1.016789;-0.231677;0.475011;
20.512027;0.495526;-0.209853;1.018229;0.050130;-1.016994;-0.229806;0.475918;
20.512652;0.495526;-0.209852;1.018230;0.048132;-1.017091;-0.228868;0.476368;
20.513903;0.495526;-0.209848;1.018231;0.044136;-1.017274;-0.226992;0.477264;
20.514528;0.495527;-0.209847;1.018231;0.042138;-1.017359;-0.226052;0.477709;
20.515779;0.495527;-0.209843;1.018232;0.038140;-1.017517;-0.224170;0.478593;
20.516404;0.495527;-0.209842;1.018232;0.036141;-1.017591;-0.223228;0.479033;
20.517654;0.495527;-0.209838;1.018233;0.032143;-1.017726;-0.221341;0.479906;
20.518280;0.495528;-0.209837;1.018234;0.030144;-1.017788;-0.220396;0.480340;
20.519530;0.495528;-0.209834;1.018235;0.026145;-1.017899;-0.218504;0.481202;
20.520156;0.495528;-0.209832;1.018235;0.024146;-1.017949;-0.217557;0.481630;
20.521406;0.495528;-0.209829;1.018236;0.020146;-1.018037;-0.215659;0.482481;
20.522031;0.495528;-0.209827;1.018237;0.018146;-1.018075;-0.214710;0.482904;
20.523282;0.495529;-0.209824;1.018237;0.014147;-1.018139;-0.212807;0.483744;
20.523907;0.495529;-0.209823;1.018238;0.012147;-1.018165;-0.211855;0.484161;
20.525158;0.495529;-0.209820;1.018239;0.008146;-1.018206;-0.209948;0.484989;
20.525783;0.495529;-0.209818;1.018239;0.006146;-1.018221;-0.208993;0.485401;
20.527033;0.495530;-0.209815;1.018240;0.002146;-1.018238;-0.207082;0.486218;
20.527659;0.495530;-0.209813;1.018241;0.000146;-1.018241;-0.206125;0.486624;
20.528909;0.495530;-0.209810;1.018241;-0.003855;-1.018234;-0.204208;0.487430;
20.529535;0.495530;-0.209809;1.018242;-0.005855;-1.018225;-0.203249;0.487830;
20.530785;0.495531;-0.209806;1.018243;-0.009855;-1.018195;-0.201327;0.488624;
20.531410;0.495531;-0.209804;1.018243;-0.011855;-1.018174;-0.200365;0.489019;
20.532661;0.495531;-0.209801;1.018244;-0.015855;-1.018121;-0.198440;0.489802;
20.533286;0.495531;-0.209800;1.018244;-0.017855;-1.018088;-0.197476;0.490191;
20.534537;0.495532;-0.209797;1.018245;-0.021855;-1.018011;-0.195545;0.490963;
20.535162;0.495532;-0.209796;1.018246;-0.023855;-1.017966;-0.194579;0.491346;
20.536412;0.495532;-0.209793;1.018246;-0.027854;-1.017865;-0.192644;0.492106;
20.537038;0.495532;-0.209791;1.018247;-0.029853;-1.017809;-0.191675;0.492484;
20.538288;0.495533;-0.209788;1.018248;-0.033852;-1.017685;-0.189736;0.493233;
20.538914;0.495533;-0.209787;1.018248;-0.035851;-1.017617;-0.188765;0.493604;
20.540164;0.495533;-0.209784;1.018249;-0.039848;-1.017469;-0.186822;0.494342;
20.540789;0.495533;-0.209783;1.018249;-0.041847;-1.017389;-0.185849;0.494708;
20.542040;0.495534;-0.209780;1.018250;-0.045844;-1.017218;-0.183901;0.495434;
20.542665;0.495534;-0.209778;1.018251;-0.047842;-1.017126;-0.182926;0.495794;
20.543916;0.495534;-0.209776;1.018251;-0.051838;-1.016931;-0.180974;0.496509;
20.544541;0.495534;-0.209774;1.018252;-0.053835;-1.016828;-0.179997;0.496863;
20.545791;0.495534;-0.209771;1.018253;-0.057830;-1.016609;-0.178040;0.497566;
20.546417;0.495535;-0.209770;1.018253;-0.059827;-1.016494;-0.177061;0.497915;
20.547667;0.495535;-0.209767;1.018254;-0.063820;-1.016252;-0.175101;0.498607;
20.548292;0.495535;-0.209766;1.018254;-0.065816;-1.016125;-0.174119;0.498949;
20.549543;0.495535;-0.209763;1.018255;-0.069807;-1.015859;-0.172155;0.499629;
20.550168;0.495536;-0.209762;1.018255;-0.071803;-1.015720;-0.171172;0.499966;
20.551419;0.495536;-0.209759;1.018256;-0.075793;-1.015431;-0.169204;0.500635;
20.552044;0.495536;-0.209758;1.018256;-0.077787;-1.015281;-0.168218;0.500966;
20.553295;0.495536;-0.209755;1.018257;-0.081776;-1.014968;-0.166246;0.501623;
20.553920;0.495536;-0.209754;1.018258;-0.083769;-1.014806;-0.165259;0.501948;
20.555170;0.495537;-0.209751;1.018258;-0.087756;-1.014470;-0.163283;0.502593;
20.555796;0.495537;-0.209750;1.018259;-0.089748;-1.014296;-0.162294;0.502913;
20.557046;0.495537;-0.209747;1.018259;-0.093732;-1.013936;-0.160315;0.503546;
20.557671;0.495537;-0.209746;1.018260;-0.095724;-1.013750;-0.159324;0.503860;
20.558922;0.495538;-0.209743;1.018260;-0.099706;-1.013367;-0.157340;0.504482;
20.559547;0.495538;-0.209742;1.018261;-0.101697;-1.013170;-0.156348;0.504790;
20.560798;0.495538;-0.209740;1.018262;-0.105676;-1.012763;-0.154361;0.505400;
20.561423;0.495538;-0.209738;1.018262;-0.107666;-1.012554;-0.153366;0.505702;
20.562674;0.495539;-0.209736;1.018263;-0.111643;-1.012124;-0.151376;0.506300;
20.563299;0.495539;-0.209735;1.018263;-0.113631;-1.011903;-0.150380;0.506596;
20.564549;0.495539;-0.209732;1.018264;-0.117605;-1.011449;-0.148386;0.507183;
20.565175;0.495539;-0.209731;1.018264;-0.119592;-1.011217;-0.147388;0.507473;
20.566425;0.495539;-0.209728;1.018265;-0.123564;-1.010740;-0.145390;0.508048;
20.567050;0.495540;-0.209727;1.018265;-0.125549;-1.010496;-0.144391;0.508333;
20.568301;0.495540;-0.209725;1.018266;-0.129518;-1.009995;-0.142390;0.508896;
20.568926;0.495540;-0.209724;1.018266;-0.131502;-1.009739;-0.141389;0.509174;
20.570177;0.495540;-0.209721;1.018267;-0.135468;-1.009215;-0.139385;0.509725;
20.570802;0.495541;-0.209720;1.018267;-0.137450;-1.008948;-0.138382;0.509998;
20.572053;0.495541;-0.209718;1.018268;-0.141413;-1.008401;-0.136375;0.510537;
20.572678;0.495541;-0.209716;1.018268;-0.143394;-1.008121;-0.135371;0.510804;
20.573928;0.495541;-0.209714;1.018269;-0.147354;-1.007551;-0.133361;0.511332;
20.574554;0.495541;-0.209713;1.018269;-0.149333;-1.007260;-0.132355;0.511592;
20.575804;0.495542;-0.209711;1.018270;-0.153289;-1.006666;-0.130341;0.512108;
20.576429;0.495542;-0.209709;1.018270;-0.155266;-1.006363;-0.129334;0.512363;
20.577680;0.495542;-0.209707;1.018271;-0.159218;-1.005746;-0.127318;0.512867;
20.578305;0.495542;-0.209706;1.018271;-0.161194;-1.005432;-0.126309;0.513115;
20.579556;0.495543;-0.209704;1.018272;-0.165143;-1.004791;-0.124290;0.513607;
20.580181;0.495543;-0.209703;1.018272;-0.167116;-1.004465;-0.123279;0.513850;
20.581432;0.495543;-0.209700;1.018273;-0.171061;-1.003802;-0.121257;0.514330;
20.582057;0.495543;-0.209699;1.018273;-0.173033;-1.003464;-0.120246;0.514567;
20.583307;0.495543;-0.209697;1.018274;-0.176974;-1.002777;-0.118221;0.515035;
20.583933;0.495544;-0.209696;1.018274;-0.178943;-1.002428;-0.117208;0.515266;
20.585183;0.495544;-0.209694;1.018275;-0.182880;-1.001718;-0.115180;0.515722;
20.585808;0.495544;-0.209693;1.018275;-0.184848;-1.001357;-0.114166;0.515947;
20.587059;0.495544;-0.209690;1.018276;-0.188781;-1.000623;-0.112136;0.516391;
20.587684;0.495544;-0.209689;1.018276;-0.190746;-1.000251;-0.111120;0.516611;
20.588935;0.495545;-0.209687;1.018277;-0.194674;-0.999494;-0.109087;0.517043;
20.589560;0.495545;-0.209686;1.018277;-0.196637;-0.999110;-0.108071;0.517256;
20.590811;0.495545;-0.209684;1.018277;-0.200561;-0.998331;-0.106035;0.517676;
20.591436;0.495545;-0.209683;1.018278;-0.202522;-0.997935;-0.105017;0.517883;
20.592686;0.495546;-0.209681;1.018278;-0.206441;-0.997132;-0.102980;0.518291;
20.593312;0.495546;-0.209680;1.018279;-0.208399;-0.996725;-0.101960;0.518492;
20.594562;0.495546;-0.209678;1.018279;-0.212314;-0.995899;-0.099920;0.518888;
20.595187;0.495546;-0.209677;1.018280;-0.214270;-0.995481;-0.098900;0.519083;
20.596438;0.495546;-0.209675;1.018280;-0.218179;-0.994632;-0.096858;0.519467;
20.597063;0.495547;-0.209674;1.018280;-0.220132;-0.994202;-0.095836;0.519656;
20.598314;0.495547;-0.209672;1.018281;-0.224037;-0.993330;-0.093792;0.520028;
20.598939;0.495547;-0.209671;1.018281;-0.225988;-0.992888;-0.092769;0.520211;
20.600189;0.495547;-0.209669;1.018282;-0.229887;-0.991993;-0.090722;0.520571;
20.600815;0.495547;-0.209668;1.018282;-0.231835;-0.991540;-0.089699;0.520748;
20.602065;0.495548;-0.209666;1.018283;-0.235729;-0.990622;-0.087650;0.521096;
20.602691;0.495548;-0.209665;1.018283;-0.237674;-0.990157;-0.086625;0.521267;
20.603941;0.495548;-0.209663;1.018284;-0.241563;-0.989216;-0.084575;0.521603;
20.604566;0.495548;-0.209662;1.018284;-0.243505;-0.988740;-0.083549;0.521768;
20.605817;0.495549;-0.209660;1.018284;-0.247388;-0.987776;-0.081497;0.522092;
20.606442;0.495549;-0.209659;1.018285;-0.249328;-0.987289;-0.080470;0.522251;
20.607693;0.495549;-0.209657;1.018285;-0.253205;-0.986302;-0.078416;0.522562;
20.608318;0.495549;-0.209656;1.018285;-0.255142;-0.985803;-0.077388;0.522715;
20.609568;0.495549;-0.209654;1.018286;-0.259013;-0.984794;-0.075332;0.523014;
20.610194;0.495549;-0.209653;1.018286;-0.260947;-0.984283;-0.074303;0.523161;
20.611444;0.495550;-0.209651;1.018287;-0.264812;-0.983251;-0.072246;0.523449;
20.613945;0.495550;-0.209647;1.018288;-0.272530;-0.981141;-0.068126;0.523999;
20.615196;0.495551;-0.209645;1.018289;-0.276383;-0.980063;-0.066065;0.524262;
20.617697;0.495551;-0.209641;1.018290;-0.284075;-0.977863;-0.061940;0.524764;
20.618947;0.495552;-0.209639;1.018290;-0.287915;-0.976740;-0.059876;0.525002;
20.621448;0.495552;-0.209635;1.018291;-0.295581;-0.974448;-0.055745;0.525456;
20.622699;0.495552;-0.209633;1.018292;-0.299407;-0.973280;-0.053678;0.525670;
20.625200;0.495553;-0.209630;1.018293;-0.307045;-0.970898;-0.049543;0.526074;
20.626451;0.495553;-0.209628;1.018293;-0.310857;-0.969685;-0.047474;0.526265;
20.628952;0.495554;-0.209625;1.018294;-0.318467;-0.967214;-0.043334;0.526620;
20.630202;0.495554;-0.209623;1.018295;-0.322265;-0.965955;-0.041263;0.526786;
20.632703;0.495554;-0.209620;1.018296;-0.329845;-0.963394;-0.037120;0.527093;
20.633954;0.495555;-0.209618;1.018296;-0.333627;-0.962091;-0.035047;0.527234;
20.636455;0.495555;-0.209615;1.018297;-0.341177;-0.959441;-0.030901;0.527492;
20.637705;0.495555;-0.209614;1.018297;-0.344944;-0.958094;-0.028826;0.527609;
20.640206;0.495556;-0.209611;1.018298;-0.352461;-0.955355;-0.024677;0.527818;
20.645209;0.495557;-0.209605;1.018300;-0.367431;-0.949699;-0.016375;0.528139;
20.655213;0.495559;-0.209595;1.018303;-0.397094;-0.937687;0.000240;0.528389;
20.675221;0.495562;-0.209575;1.018308;-0.455215;-0.910896;0.033450;0.527322;
20.677722;0.495563;-0.209573;1.018309;-0.462358;-0.907291;0.037595;0.527042;
20.678973;0.495563;-0.209572;1.018309;-0.465920;-0.905468;0.039666;0.526890;
20.681474;0.495564;-0.209570;1.018310;-0.473020;-0.901780;0.043807;0.526561;
20.682724;0.495564;-0.209569;1.018310;-0.476559;-0.899915;0.045876;0.526384;
20.685226;0.495564;-0.209567;1.018311;-0.483616;-0.896143;0.050012;0.526007;
20.686476;0.495564;-0.209566;1.018311;-0.487133;-0.894237;0.052079;0.525806;
20.688977;0.495565;-0.209564;1.018311;-0.494144;-0.890382;0.056211;0.525380;
20.690228;0.495565;-0.209563;1.018312;-0.497638;-0.888434;0.058275;0.525154;
20.692729;0.495565;-0.209562;1.018312;-0.504604;-0.884497;0.062401;0.524680;
20.693979;0.495566;-0.209561;1.018313;-0.508075;-0.882508;0.064463;0.524430;
20.696480;0.495566;-0.209559;1.018313;-0.514994;-0.878489;0.068583;0.523906;
20.697731;0.495566;-0.209558;1.018313;-0.518441;-0.876459;0.070642;0.523633;
20.698356;0.495566;-0.209557;1.018313;-0.520162;-0.875439;0.071671;0.523493;
20.699607;0.495567;-0.209556;1.018314;-0.523597;-0.873389;0.073728;0.523206;
20.700232;0.495567;-0.209556;1.018314;-0.525312;-0.872359;0.074756;0.523060;
20.701482;0.495567;-0.209555;1.018314;-0.528735;-0.870289;0.076811;0.522762;
20.702108;0.495567;-0.209554;1.018314;-0.530444;-0.869249;0.077839;0.522610;
20.703358;0.495567;-0.209553;1.018315;-0.533855;-0.867159;0.079892;0.522300;
20.703983;0.495568;-0.209552;1.018315;-0.535557;-0.866108;0.080919;0.522141;
20.705234;0.495568;-0.209551;1.018315;-0.538956;-0.863998;0.082970;0.521819;
20.705859;0.495568;-0.209551;1.018315;-0.540652;-0.862938;0.083996;0.521655;
20.707110;0.495568;-0.209549;1.018316;-0.544038;-0.860807;0.086046;0.521320;
20.707735;0.495568;-0.209549;1.018316;-0.545728;-0.859737;0.087070;0.521150;
20.708986;0.495569;-0.209548;1.018316;-0.549102;-0.857587;0.089118;0.520803;
20.709611;0.495569;-0.209547;1.018316;-0.550785;-0.856507;0.090141;0.520627;
20.710861;0.495569;-0.209546;1.018317;-0.554146;-0.854336;0.092187;0.520268;
20.711487;0.495569;-0.209546;1.018317;-0.555823;-0.853246;0.093209;0.520086;
20.712737;0.495569;-0.209545;1.018317;-0.559171;-0.851056;0.095252;0.519715;
20.713362;0.495569;-0.209544;1.018317;-0.560842;-0.849956;0.096274;0.519527;
20.714613;0.495570;-0.209543;1.018317;-0.564177;-0.847747;0.098315;0.519144;
20.715238;0.495570;-0.209543;1.018318;-0.565841;-0.846637;0.099335;0.518950;
20.716489;0.495570;-0.209542;1.018318;-0.569163;-0.844408;0.101374;0.518555;
20.717114;0.495570;-0.209541;1.018318;-0.570821;-0.843288;0.102392;0.518355;
20.718365;0.495570;-0.209541;1.018318;-0.574130;-0.841039;0.104429;0.517948;
20.718990;0.495570;-0.209540;1.018318;-0.575781;-0.839910;0.105446;0.517742;
20.720240;0.495571;-0.209539;1.018319;-0.579076;-0.837642;0.107480;0.517323;
20.720866;0.495571;-0.209539;1.018319;-0.580720;-0.836503;0.108497;0.517111;
20.722116;0.495571;-0.209538;1.018319;-0.584002;-0.834215;0.110528;0.516680;
20.722741;0.495571;-0.209538;1.018319;-0.585640;-0.833066;0.111543;0.516462;
20.723992;0.495571;-0.209537;1.018319;-0.588908;-0.830759;0.113572;0.516019;
20.724617;0.495571;-0.209537;1.018319;-0.590539;-0.829601;0.114586;0.515795;
20.725868;0.495572;-0.209536;1.018320;-0.593794;-0.827275;0.116612;0.515340;
20.726493;0.495572;-0.209535;1.018320;-0.595418;-0.826107;0.117624;0.515110;
20.727744;0.495572;-0.209535;1.018320;-0.598659;-0.823761;0.119648;0.514644;
20.728369;0.495572;-0.209534;1.018320;-0.600276;-0.822584;0.120659;0.514407;
20.729619;0.495572;-0.209534;1.018320;-0.603503;-0.820220;0.122680;0.513929;
20.730245;0.495572;-0.209533;1.018320;-0.605113;-0.819033;0.123689;0.513687;
20.731495;0.495573;-0.209532;1.018321;-0.608326;-0.816649;0.125707;0.513197;
20.732120;0.495573;-0.209532;1.018321;-0.609929;-0.815453;0.126715;0.512949;
20.733371;0.495573;-0.209531;1.018321;-0.613128;-0.813050;0.128730;0.512446;
20.733996;0.495573;-0.209531;1.018321;-0.614724;-0.811845;0.129737;0.512192;
20.735247;0.495573;-0.209530;1.018321;-0.617909;-0.809423;0.131749;0.511678;
20.735872;0.495573;-0.209530;1.018321;-0.619498;-0.808208;0.132754;0.511418;
20.737123;0.495574;-0.209529;1.018321;-0.622668;-0.805768;0.134763;0.510893;
20.737748;0.495574;-0.209529;1.018322;-0.624250;-0.804544;0.135766;0.510627;
20.738998;0.495574;-0.209528;1.018322;-0.627406;-0.802085;0.137772;0.510089;
20.739624;0.495574;-0.209528;1.018322;-0.628981;-0.800851;0.138774;0.509817;
20.740874;0.495574;-0.209527;1.018322;-0.632122;-0.798374;0.140776;0.509268;
20.741499;0.495574;-0.209527;1.018322;-0.633689;-0.797131;0.141777;0.508990;
20.742750;0.495574;-0.209526;1.018322;-0.636816;-0.794636;0.143776;0.508429;
20.743375;0.495575;-0.209526;1.018322;-0.638376;-0.793383;0.144775;0.508145;
20.744626;0.495575;-0.209525;1.018323;-0.641488;-0.790869;0.146770;0.507572;
20.745251;0.495575;-0.209525;1.018323;-0.643040;-0.789608;0.147768;0.507283;
20.746502;0.495575;-0.209524;1.018323;-0.646137;-0.787075;0.149760;0.506698;
20.747127;0.495575;-0.209524;1.018323;-0.647682;-0.785805;0.150755;0.506403;
20.748377;0.495575;-0.209523;1.018323;-0.650765;-0.783254;0.152744;0.505806;
20.749003;0.495576;-0.209523;1.018323;-0.652302;-0.781975;0.153738;0.505505;
20.750253;0.495576;-0.209522;1.018323;-0.655369;-0.779406;0.155723;0.504897;
20.750878;0.495576;-0.209522;1.018323;-0.656899;-0.778117;0.156715;0.504590;
20.752129;0.495576;-0.209521;1.018324;-0.659951;-0.775531;0.158696;0.503970;
20.752754;0.495576;-0.209521;1.018324;-0.661473;-0.774233;0.159686;0.503657;
20.754005;0.495576;-0.209521;1.018324;-0.664510;-0.771628;0.161664;0.503026;
20.754630;0.495577;-0.209520;1.018324;-0.666024;-0.770322;0.162652;0.502707;
20.755880;0.495577;-0.209520;1.018324;-0.669045;-0.767699;0.164627;0.502064;
20.756506;0.495577;-0.209519;1.018324;-0.670552;-0.766384;0.165613;0.501739;
20.757756;0.495577;-0.209519;1.018324;-0.673558;-0.763744;0.167583;0.501084;
20.758382;0.495577;-0.209518;1.018324;-0.675057;-0.762419;0.168568;0.500754;
20.759632;0.495577;-0.209518;1.018325;-0.678047;-0.759761;0.170534;0.500088;
20.760257;0.495578;-0.209518;1.018325;-0.679538;-0.758428;0.171516;0.499752;
20.761508;0.495578;-0.209517;1.018325;-0.682513;-0.755753;0.173479;0.499074;
20.762133;0.495578;-0.209517;1.018325;-0.683996;-0.754410;0.174459;0.498732;
20.763384;0.495578;-0.209516;1.018325;-0.686955;-0.751718;0.176418;0.498042;
20.764009;0.495578;-0.209516;1.018325;-0.688430;-0.750367;0.177396;0.497695;
20.765259;0.495578;-0.209516;1.018325;-0.691373;-0.747657;0.179350;0.496994;
20.765885;0.495579;-0.209515;1.018325;-0.692840;-0.746297;0.180326;0.496640;
20.767135;0.495579;-0.209515;1.018325;-0.695767;-0.743570;0.182277;0.495928;
20.767761;0.495579;-0.209515;1.018326;-0.697226;-0.742201;0.183251;0.495569;
20.769011;0.495579;-0.209514;1.018326;-0.700136;-0.739457;0.185197;0.494845;
20.769636;0.495579;-0.209514;1.018326;-0.701588;-0.738080;0.186168;0.494480;
20.770887;0.495579;-0.209513;1.018326;-0.704482;-0.735318;0.188110;0.493744;
20.771512;0.495579;-0.209513;1.018326;-0.705925;-0.733933;0.189080;0.493374;
20.772763;0.495580;-0.209513;1.018326;-0.708803;-0.731154;0.191017;0.492627;
20.773388;0.495580;-0.209512;1.018326;-0.710238;-0.729760;0.191985;0.492251;
20.774638;0.495580;-0.209512;1.018326;-0.713100;-0.726965;0.193917;0.491492;
20.775264;0.495580;-0.209512;1.018326;-0.714526;-0.725562;0.194883;0.491110;
20.776514;0.495580;-0.209511;1.018326;-0.717371;-0.722750;0.196811;0.490341;
20.777140;0.495580;-0.209511;1.018327;-0.718790;-0.721339;0.197774;0.489953;
20.778390;0.495581;-0.209511;1.018327;-0.721618;-0.718510;0.199698;0.489172;
20.779015;0.495581;-0.209510;1.018327;-0.723028;-0.717091;0.200659;0.488779;
20.780266;0.495581;-0.209510;1.018327;-0.725840;-0.714245;0.202578;0.487987;
20.780891;0.495581;-0.209510;1.018327;-0.727241;-0.712818;0.203536;0.487588;
20.782142;0.495581;-0.209509;1.018327;-0.730036;-0.709956;0.205450;0.486784;
20.782767;0.495581;-0.209509;1.018327;-0.731429;-0.708520;0.206406;0.486379;
20.784017;0.495582;-0.209509;1.018327;-0.734207;-0.705641;0.208316;0.485565;
20.784643;0.495582;-0.209508;1.018327;-0.735592;-0.704198;0.209270;0.485154;
20.785893;0.495582;-0.209508;1.018327;-0.738353;-0.701303;0.211174;0.484328;
20.786518;0.495582;-0.209508;1.018327;-0.739729;-0.699851;0.212126;0.483912;
20.787769;0.495582;-0.209507;1.018328;-0.742473;-0.696940;0.214025;0.483075;
20.788394;0.495582;-0.209507;1.018328;-0.743841;-0.695480;0.214974;0.482654;
20.789645;0.495583;-0.209507;1.018328;-0.746567;-0.692552;0.216869;0.481805;
20.790270;0.495583;-0.209507;1.018328;-0.747926;-0.691085;0.217815;0.481378;
20.791521;0.495583;-0.209506;1.018328;-0.750636;-0.688141;0.219705;0.480519;
20.792146;0.495583;-0.209506;1.018328;-0.751986;-0.686665;0.220649;0.480086;
20.793396;0.495583;-0.209506;1.018328;-0.754678;-0.683706;0.222533;0.479215;
20.794022;0.495583;-0.209506;1.018328;-0.756019;-0.682222;0.223475;0.478777;
20.795272;0.495584;-0.209505;1.018328;-0.758694;-0.679247;0.225354;0.477895;
20.795897;0.495584;-0.209505;1.018328;-0.760027;-0.677755;0.226293;0.477452;
20.797148;0.495584;-0.209505;1.018328;-0.762683;-0.674764;0.228167;0.476559;
20.797773;0.495584;-0.209505;1.018328;-0.764007;-0.673265;0.229103;0.476110;
20.799024;0.495584;-0.209504;1.018328;-0.766647;-0.670258;0.230972;0.475206;
20.799649;0.495584;-0.209504;1.018328;-0.767962;-0.668751;0.231905;0.474751;
20.800900;0.495585;-0.209504;1.018329;-0.770583;-0.665729;0.233769;0.473836;
20.801525;0.495585;-0.209504;1.018329;-0.771889;-0.664214;0.234699;0.473376;
20.802775;0.495585;-0.209503;1.018329;-0.774493;-0.661176;0.236557;0.472450;
20.803401;0.495585;-0.209503;1.018329;-0.775790;-0.659654;0.237485;0.471985;
20.804651;0.495585;-0.209503;1.018329;-0.778376;-0.656601;0.239338;0.471048;
20.805276;0.495585;-0.209503;1.018329;-0.779664;-0.655071;0.240263;0.470577;
20.806527;0.495586;-0.209502;1.018329;-0.782232;-0.652003;0.242110;0.469629;
20.807152;0.495586;-0.209502;1.018329;-0.783511;-0.650465;0.243032;0.469153;
20.808403;0.495586;-0.209502;1.018329;-0.786060;-0.647382;0.244874;0.468194;
20.809028;0.495586;-0.209502;1.018329;-0.787331;-0.645837;0.245793;0.467712;
20.810279;0.495586;-0.209502;1.018329;-0.789862;-0.642738;0.247629;0.466743;
20.810904;0.495586;-0.209501;1.018329;-0.791123;-0.641186;0.248546;0.466255;
20.812154;0.495587;-0.209501;1.018329;-0.793636;-0.638073;0.250376;0.465275;
20.812780;0.495587;-0.209501;1.018329;-0.794888;-0.636513;0.251289;0.464783;
20.814030;0.495587;-0.209501;1.018329;-0.797382;-0.633385;0.253114;0.463792;
20.814655;0.495587;-0.209501;1.018329;-0.798625;-0.631817;0.254024;0.463293;
20.815906;0.495587;-0.209500;1.018329;-0.801101;-0.628675;0.255843;0.462292;
20.816531;0.495587;-0.209500;1.018330;-0.802334;-0.627100;0.256750;0.461788;
20.817782;0.495588;-0.209500;1.018330;-0.804792;-0.623944;0.258563;0.460776;
20.818407;0.495588;-0.209500;1.018330;-0.806016;-0.622361;0.259468;0.460267;
20.819658;0.495588;-0.209500;1.018330;-0.808455;-0.619190;0.261274;0.459244;
20.820283;0.495588;-0.209500;1.018330;-0.809669;-0.617601;0.262176;0.458730;
20.821533;0.495588;-0.209499;1.018330;-0.812089;-0.614415;0.263976;0.457697;
20.822159;0.495588;-0.209499;1.018330;-0.813295;-0.612819;0.264875;0.457177;
20.823409;0.495589;-0.209499;1.018330;-0.815696;-0.609619;0.266669;0.456133;
20.824034;0.495589;-0.209499;1.018330;-0.816892;-0.608016;0.267565;0.455608;
20.825285;0.495589;-0.209499;1.018330;-0.819274;-0.604802;0.269353;0.454553;
20.825910;0.495589;-0.209499;1.018330;-0.820461;-0.603191;0.270246;0.454023;
20.827161;0.495589;-0.209498;1.018330;-0.822824;-0.599964;0.272027;0.452958;
20.827786;0.495589;-0.209498;1.018330;-0.824001;-0.598346;0.272917;0.452423;
20.829037;0.495590;-0.209498;1.018330;-0.826346;-0.595104;0.274692;0.451347;
20.829662;0.495590;-0.209498;1.018330;-0.827513;-0.593480;0.275579;0.450807;
20.830912;0.495590;-0.209498;1.018330;-0.829838;-0.590224;0.277348;0.449721;
20.831538;0.495590;-0.209498;1.018330;-0.830996;-0.588593;0.278231;0.449175;
20.832788;0.495590;-0.209498;1.018330;-0.833302;-0.585324;0.279993;0.448078;
20.833413;0.495590;-0.209498;1.018330;-0.834450;-0.583686;0.280873;0.447528;
20.834664;0.495591;-0.209497;1.018330;-0.836737;-0.580403;0.282629;0.446421;
20.835289;0.495591;-0.209497;1.018330;-0.837875;-0.578759;0.283506;0.445865;
20.836540;0.495591;-0.209497;1.018330;-0.840142;-0.575463;0.285256;0.444747;
20.837165;0.495591;-0.209497;1.018330;-0.841271;-0.573811;0.286129;0.444186;
20.838415;0.495591;-0.209497;1.018330;-0.843519;-0.570502;0.287872;0.443059;
20.839041;0.495591;-0.209497;1.018330;-0.844638;-0.568844;0.288742;0.442492;
20.840291;0.495592;-0.209497;1.018330;-0.846866;-0.565521;0.290478;0.441355;
20.840917;0.495592;-0.209497;1.018330;-0.847976;-0.563857;0.291345;0.440783;
20.842167;0.495592;-0.209497;1.018330;-0.850184;-0.560521;0.293074;0.439635;
20.842792;0.495592;-0.209497;1.018330;-0.851284;-0.558850;0.293937;0.439059;
20.844043;0.495592;-0.209496;1.018331;-0.853473;-0.555501;0.295660;0.437901;
20.844668;0.495592;-0.209496;1.018331;-0.854562;-0.553824;0.296520;0.437319;
20.845919;0.495593;-0.209496;1.018331;-0.856731;-0.550462;0.298236;0.436151;
20.846544;0.495593;-0.209496;1.018331;-0.857811;-0.548778;0.299092;0.435564;
20.847794;0.495593;-0.209496;1.018331;-0.859960;-0.545404;0.300801;0.434386;
20.848420;0.495593;-0.209496;1.018331;-0.861030;-0.543714;0.301654;0.433794;
20.849670;0.495593;-0.209496;1.018331;-0.863159;-0.540327;0.303356;0.432606;
20.850296;0.495593;-0.209496;1.018331;-0.864219;-0.538630;0.304206;0.432009;
20.851546;0.495594;-0.209496;1.018331;-0.866329;-0.535231;0.305901;0.430810;
20.852171;0.495594;-0.209496;1.018331;-0.867378;-0.533528;0.306746;0.430209;
20.853422;0.495594;-0.209496;1.018331;-0.869468;-0.530117;0.308434;0.429000;
20.854047;0.495594;-0.209496;1.018331;-0.870507;-0.528408;0.309277;0.428394;
20.855298;0.495594;-0.209496;1.018331;-0.872576;-0.524984;0.310957;0.427175;
20.855923;0.495594;-0.209496;1.018331;-0.873606;-0.523269;0.311796;0.426564;
20.857173;0.495595;-0.209496;1.018331;-0.875655;-0.519833;0.313470;0.425336;
20.857799;0.495595;-0.209496;1.018331;-0.876674;-0.518112;0.314305;0.424719;
20.859049;0.495595;-0.209496;1.018331;-0.878703;-0.514664;0.315971;0.423481;
20.859674;0.495595;-0.209495;1.018331;-0.879712;-0.512937;0.316802;0.422860;
20.860925;0.495595;-0.209495;1.018331;-0.881721;-0.509477;0.318461;0.421612;
20.861550;0.495595;-0.209495;1.018331;-0.882720;-0.507744;0.319289;0.420986;
20.862801;0.495596;-0.209495;1.018331;-0.884708;-0.504272;0.320940;0.419728;
20.863426;0.495596;-0.209495;1.018331;-0.885696;-0.502533;0.321764;0.419097;
20.864677;0.495596;-0.209495;1.018331;-0.887664;-0.499050;0.323409;0.417830;
20.865302;0.495596;-0.209495;1.018331;-0.888642;-0.497305;0.324229;0.417194;
20.866552;0.495596;-0.209495;1.018331;-0.890589;-0.493810;0.325866;0.415917;
20.867178;0.495596;-0.209495;1.018331;-0.891558;-0.492060;0.326682;0.415276;
20.868428;0.495597;-0.209495;1.018331;-0.893484;-0.488553;0.328311;0.413989;
20.869053;0.495597;-0.209495;1.018331;-0.894442;-0.486797;0.329124;0.413344;
20.870304;0.495597;-0.209495;1.018331;-0.896347;-0.483280;0.330745;0.412048;
20.870929;0.495597;-0.209495;1.018331;-0.897295;-0.481518;0.331554;0.411397;
20.872180;0.495597;-0.209495;1.018331;-0.899180;-0.477989;0.333168;0.410092;
20.872805;0.495597;-0.209495;1.018331;-0.900117;-0.476222;0.333973;0.409436;
20.874056;0.495598;-0.209495;1.018331;-0.901981;-0.472682;0.335579;0.408121;
20.874681;0.495598;-0.209495;1.018331;-0.902907;-0.470910;0.336380;0.407461;
20.875931;0.495598;-0.209495;1.018331;-0.904750;-0.467359;0.337979;0.406137;
20.876557;0.495598;-0.209495;1.018331;-0.905667;-0.465581;0.338776;0.405472;
20.877807;0.495598;-0.209495;1.018331;-0.907489;-0.462019;0.340366;0.404138;
20.878432;0.495598;-0.209495;1.018331;-0.908395;-0.460236;0.341160;0.403469;
20.879683;0.495599;-0.209495;1.018331;-0.910196;-0.456663;0.342742;0.402126;
20.880308;0.495599;-0.209495;1.018331;-0.911091;-0.454875;0.343532;0.401452;
20.881559;0.495599;-0.209495;1.018331;-0.912871;-0.451292;0.345106;0.400099;
20.882184;0.495599;-0.209495;1.018331;-0.913756;-0.449498;0.345892;0.399421;
20.883435;0.495599;-0.209495;1.018331;-0.915514;-0.445904;0.347458;0.398059;
20.884060;0.495599;-0.209495;1.018331;-0.916389;-0.444105;0.348240;0.397376;
20.885310;0.495600;-0.209495;1.018331;-0.918126;-0.440502;0.349798;0.396005;
20.885936;0.495600;-0.209495;1.018331;-0.918990;-0.438697;0.350575;0.395317;
20.887186;0.495600;-0.209496;1.018331;-0.920706;-0.435084;0.352126;0.393937;
20.887811;0.495600;-0.209496;1.018331;-0.921559;-0.433274;0.352899;0.393244;
20.889062;0.495600;-0.209496;1.018331;-0.923254;-0.429650;0.354442;0.391855;
20.889687;0.495600;-0.209496;1.018331;-0.924096;-0.427836;0.355211;0.391158;
20.890938;0.495601;-0.209496;1.018331;-0.925770;-0.424202;0.356745;0.389760;
20.891563;0.495601;-0.209496;1.018331;-0.926601;-0.422383;0.357510;0.389058;
20.892814;0.495601;-0.209496;1.018331;-0.928253;-0.418740;0.359036;0.387651;
20.893439;0.495601;-0.209496;1.018331;-0.929074;-0.416915;0.359797;0.386945;
20.894689;0.495601;-0.209496;1.018331;-0.930705;-0.413262;0.361314;0.385529;
20.895315;0.495601;-0.209496;1.018331;-0.931515;-0.411433;0.362071;0.384818;
20.896565;0.495602;-0.209496;1.018331;-0.933124;-0.407771;0.363580;0.383393;
20.897190;0.495602;-0.209496;1.018330;-0.933923;-0.405937;0.364332;0.382678;
20.898441;0.495602;-0.209496;1.018330;-0.935511;-0.402265;0.365833;0.381244;
20.899066;0.495602;-0.209496;1.018330;-0.936299;-0.400426;0.366581;0.380525;
20.900317;0.495602;-0.209496;1.018330;-0.937865;-0.396745;0.368074;0.379082;
20.900942;0.495602;-0.209496;1.018330;-0.938642;-0.394902;0.368818;0.378358;
20.902193;0.495603;-0.209496;1.018330;-0.940186;-0.391211;0.370301;0.376907;
20.902818;0.495603;-0.209497;1.018330;-0.940953;-0.389364;0.371041;0.376179;
20.904068;0.495603;-0.209497;1.018330;-0.942475;-0.385664;0.372516;0.374718;
20.904694;0.495603;-0.209497;1.018330;-0.943231;-0.383812;0.373252;0.373986;
20.905944;0.495603;-0.209497;1.018330;-0.944732;-0.380103;0.374718;0.372517;
20.906569;0.495603;-0.209497;1.018330;-0.945476;-0.378247;0.375449;0.371780;
20.907820;0.495604;-0.209497;1.018330;-0.946955;-0.374530;0.376907;0.370303;
20.908445;0.495604;-0.209497;1.018330;-0.947689;-0.372669;0.377634;0.369562;
20.909696;0.495604;-0.209497;1.018330;-0.949146;-0.368943;0.379083;0.368075;
20.910321;0.495604;-0.209497;1.018330;-0.949869;-0.367078;0.379805;0.367330;
20.911571;0.495604;-0.209497;1.018330;-0.951303;-0.363343;0.381246;0.365835;
20.912197;0.495604;-0.209497;1.018330;-0.952015;-0.361474;0.381964;0.365086;
20.913447;0.495605;-0.209498;1.018330;-0.953428;-0.357731;0.383395;0.363583;
20.914073;0.495605;-0.209498;1.018330;-0.954129;-0.355858;0.384109;0.362829;
20.915323;0.495605;-0.209498;1.018330;-0.955519;-0.352106;0.385531;0.361317;
20.915948;0.495605;-0.209498;1.018330;-0.956209;-0.350229;0.386240;0.360560;
20.917199;0.495605;-0.209498;1.018330;-0.957578;-0.346469;0.387654;0.359040;
20.917824;0.495605;-0.209498;1.018330;-0.958256;-0.344588;0.388359;0.358278;
20.919075;0.495606;-0.209498;1.018330;-0.959603;-0.340821;0.389763;0.356749;
20.919700;0.495606;-0.209498;1.018330;-0.960270;-0.338935;0.390464;0.355983;
20.920950;0.495606;-0.209498;1.018330;-0.961594;-0.335160;0.391859;0.354447;
20.921576;0.495606;-0.209498;1.018330;-0.962251;-0.333270;0.392555;0.353676;
20.922826;0.495606;-0.209499;1.018330;-0.963552;-0.329487;0.393941;0.352132;
20.923452;0.495606;-0.209499;1.018330;-0.964198;-0.327594;0.394632;0.351357;
20.924702;0.495607;-0.209499;1.018330;-0.965477;-0.323804;0.396010;0.349805;
20.925327;0.495607;-0.209499;1.018330;-0.966111;-0.321907;0.396696;0.349026;
20.926578;0.495607;-0.209499;1.018330;-0.967369;-0.318109;0.398065;0.347465;
20.927203;0.495607;-0.209499;1.018330;-0.967992;-0.316208;0.398746;0.346683;
20.928454;0.495607;-0.209499;1.018329;-0.969226;-0.312402;0.400105;0.345114;
20.929079;0.495607;-0.209499;1.018329;-0.969838;-0.310498;0.400783;0.344327;
20.930329;0.495607;-0.209500;1.018329;-0.971050;-0.306686;0.402133;0.342750;
20.930955;0.495608;-0.209500;1.018329;-0.971651;-0.304778;0.402805;0.341960;
20.932205;0.495608;-0.209500;1.018329;-0.972841;-0.300958;0.404146;0.340375;
20.932831;0.495608;-0.209500;1.018329;-0.973430;-0.299046;0.404813;0.339581;
20.934081;0.495608;-0.209500;1.018329;-0.974597;-0.295220;0.406145;0.337988;
20.934706;0.495608;-0.209500;1.018329;-0.975175;-0.293305;0.406808;0.337190;
20.935957;0.495608;-0.209501;1.018329;-0.976320;-0.289472;0.408130;0.335589;
20.936582;0.495609;-0.209501;1.018329;-0.976887;-0.287553;0.408788;0.334787;
20.937833;0.495609;-0.209501;1.018329;-0.978009;-0.283713;0.410100;0.333179;
20.938458;0.495609;-0.209501;1.018329;-0.978564;-0.281792;0.410754;0.332373;
20.939708;0.495609;-0.209501;1.018329;-0.979663;-0.277945;0.412057;0.330757;
20.940334;0.495609;-0.209501;1.018329;-0.980207;-0.276020;0.412706;0.329947;
20.941584;0.495609;-0.209501;1.018329;-0.981284;-0.272167;0.413999;0.328323;
20.942209;0.495610;-0.209502;1.018329;-0.981817;-0.270239;0.414643;0.327509;
20.943460;0.495610;-0.209502;1.018329;-0.982871;-0.266380;0.415927;0.325878;
20.944085;0.495610;-0.209502;1.018329;-0.983392;-0.264449;0.416566;0.325061;
20.945336;0.495610;-0.209502;1.018329;-0.984423;-0.260583;0.417840;0.323422;
20.945961;0.495610;-0.209502;1.018329;-0.984933;-0.258649;0.418475;0.322601;
20.947212;0.495610;-0.209502;1.018329;-0.985942;-0.254778;0.419739;0.320955;
20.947837;0.495611;-0.209503;1.018329;-0.986440;-0.252840;0.420369;0.320130;
20.949087;0.495611;-0.209503;1.018328;-0.987426;-0.248963;0.421623;0.318476;
20.949713;0.495611;-0.209503;1.018328;-0.987913;-0.247023;0.422248;0.317647;
20.950963;0.495611;-0.209503;1.018328;-0.988876;-0.243140;0.423493;0.315986;
20.951588;0.495611;-0.209503;1.018328;-0.989352;-0.241197;0.424113;0.315154;
20.952839;0.495611;-0.209503;1.018328;-0.990291;-0.237309;0.425348;0.313486;
20.953464;0.495612;-0.209504;1.018328;-0.990756;-0.235363;0.425963;0.312650;
20.954715;0.495612;-0.209504;1.018328;-0.991673;-0.231469;0.427188;0.310974;
20.955340;0.495612;-0.209504;1.018328;-0.992125;-0.229520;0.427798;0.310135;
20.956591;0.495612;-0.209504;1.018328;-0.993019;-0.225621;0.429014;0.308452;
20.957216;0.495612;-0.209504;1.018328;-0.993460;-0.223670;0.429619;0.307609;
20.958466;0.495612;-0.209505;1.018328;-0.994331;-0.219765;0.430824;0.305919;
20.959092;0.495613;-0.209505;1.018328;-0.994761;-0.217812;0.431424;0.305072;
20.960342;0.495613;-0.209505;1.018328;-0.995609;-0.213902;0.432620;0.303375;
20.960967;0.495613;-0.209505;1.018328;-0.996027;-0.211946;0.433215;0.302525;
20.962218;0.495613;-0.209505;1.018328;-0.996852;-0.208031;0.434400;0.300821;
20.962843;0.495613;-0.209505;1.018328;-0.997259;-0.206073;0.434990;0.299967;
20.964094;0.495613;-0.209506;1.018328;-0.998061;-0.202153;0.436166;0.298257;
20.964719;0.495613;-0.209506;1.018328;-0.998456;-0.200192;0.436751;0.297399;
20.965970;0.495614;-0.209506;1.018327;-0.999234;-0.196268;0.437916;0.295682;
20.966595;0.495614;-0.209506;1.018327;-0.999618;-0.194305;0.438496;0.294821;
20.967845;0.495614;-0.209507;1.018327;-1.000374;-0.190377;0.439651;0.293096;
20.968471;0.495614;-0.209507;1.018327;-1.000746;-0.188411;0.440226;0.292232;
20.969721;0.495614;-0.209507;1.018327;-1.001478;-0.184478;0.441371;0.290501;
20.970346;0.495614;-0.209507;1.018327;-1.001838;-0.182511;0.441941;0.289634;
20.971597;0.495615;-0.209507;1.018327;-1.002548;-0.178573;0.443075;0.287895;
20.972222;0.495615;-0.209508;1.018327;-1.002896;-0.176604;0.443640;0.287025;
20.973473;0.495615;-0.209508;1.018327;-1.003582;-0.172663;0.444765;0.285280;
20.974098;0.495615;-0.209508;1.018327;-1.003919;-0.170691;0.445324;0.284406;
20.975349;0.495615;-0.209508;1.018327;-1.004582;-0.166746;0.446438;0.282655;
20.975974;0.495615;-0.209508;1.018327;-1.004908;-0.164772;0.446993;0.281777;
20.977224;0.495616;-0.209509;1.018327;-1.005547;-0.160823;0.448096;0.280019;
20.977850;0.495616;-0.209509;1.018327;-1.005861;-0.158847;0.448646;0.279139;
20.979100;0.495616;-0.209509;1.018327;-1.006477;-0.154894;0.449739;0.277375;
20.981601;0.495616;-0.209510;1.018326;-1.007663;-0.146982;0.451905;0.273833;
20.982852;0.495617;-0.209511;1.018326;-1.008233;-0.143022;0.452977;0.272057;
20.985353;0.495617;-0.209512;1.018326;-1.009325;-0.135096;0.455101;0.268490;
20.986603;0.495617;-0.209512;1.018326;-1.009848;-0.131129;0.456153;0.266701;
20.989104;0.495617;-0.209513;1.018325;-1.010846;-0.123191;0.458235;0.263110;
20.990355;0.495618;-0.209514;1.018325;-1.011322;-0.119219;0.459265;0.261308;
20.992856;0.495618;-0.209515;1.018325;-1.012228;-0.111269;0.461304;0.257692;
20.994106;0.495618;-0.209515;1.018325;-1.012657;-0.107291;0.462313;0.255879;
20.996608;0.495619;-0.209516;1.018325;-1.013468;-0.099332;0.464310;0.252239;
20.997858;0.495619;-0.209516;1.018325;-1.013851;-0.095349;0.465297;0.250413;
20.999996;0.495616;-0.209515;1.018324;-1.014464;-0.088538;0.466967;0.247283;
20.999996;0.495598;-0.209503;1.018363;-1.014472;-0.088546;0.466946;0.247271;
21.000442;0.495862;-0.209108;1.018469;-1.014577;-0.088598;0.467177;0.246900;
21.000442;0.495885;-0.209114;1.018440;-1.014574;-0.088604;0.467199;0.246912;
21.004442;0.498120;-0.205782;1.019356;-1.015459;-0.089048;0.469158;0.243791;
21.004492;0.498133;-0.205773;1.019358;-1.015461;-0.089051;0.469169;0.243784;
21.004492;0.498133;-0.205773;1.019358;-1.015461;-0.089051;0.469170;0.243784;
21.005091;0.498339;-0.205559;1.019417;-1.015516;-0.089097;0.469353;0.243597;
21.005091;0.498339;-0.205559;1.019417;-1.015516;-0.089097;0.469353;0.243597;
21.009086;0.499632;-0.204300;1.019757;-1.015832;-0.089388;0.470505;0.242518;
21.015549;0.500532;-0.204473;1.019693;-1.015747;-0.089623;0.471342;0.242891;
21.015549;0.500531;-0.204473;1.019694;-1.015747;-0.089622;0.471340;0.242891;
21.019534;0.500955;-0.204752;1.019607;-1.015650;-0.089739;0.471741;0.243279;
21.027503;0.501357;-0.205475;1.019394;-1.015425;-0.089863;0.472136;0.244137;
21.043441;0.501671;-0.206161;1.019192;-1.015214;-0.089964;0.472447;0.244938;
21.075316;0.501838;-0.206725;1.019028;-1.015044;-0.090024;0.472621;0.245578;
21.139067;0.501890;-0.207522;1.018799;-1.014810;-0.090061;0.472695;0.246444;
21.266570;0.501915;-0.208594;1.018491;-1.014498;-0.090100;0.472752;0.247600;
21.521575;0.501919;-0.209615;1.018198;-1.014201;-0.090132;0.472790;0.248697;
22.031584;0.501889;-0.210137;1.018049;-1.014050;-0.090140;0.472779;0.249251;
22.541594;0.501853;-0.210208;1.018029;-1.014031;-0.090133;0.472747;0.249320;
23.561613;0.501778;-0.210107;1.018059;-1.014063;-0.090111;0.472675;0.249196;
25.000000;0.501677;-0.210037;1.018081;-1.014087;-0.090083;0.472580;0.249099;
