time;GFM_GFM_Control_PFilterPu;GFM_GFM_Control_PFilterRefPu;
0.0000000;0.9500000;0.9500000;
0.0000100;0.9500000;0.9500000;
0.0000200;0.9500000;0.9500000;
0.0000400;0.9500000;0.9500000;
0.0000800;0.9500000;0.9500000;
0.0001600;0.9500000;0.9500000;
0.0003200;0.9500000;0.9500000;
0.0006400;0.9500000;0.9500000;
0.0012800;0.9500000;0.9500000;
0.0025600;0.9500000;0.9500000;
0.0051200;0.9500000;0.9500000;
0.0102400;0.9500000;0.9500000;
0.0204800;0.9500000;0.9500000;
0.0409600;0.9500000;0.9500000;
0.0819200;0.9500000;0.9500000;
0.1638400;0.9500000;0.9500000;
0.3276800;0.9500000;0.9500000;
0.6553600;0.9500000;0.9500000;
1.3107200;0.9500000;0.9500000;
2.6214400;0.9500000;0.9500000;
5.2428800;0.9500000;0.9500000;
9.9999998;0.9500000;0.9500000;
10.0000000;0.9502650;0.9500000;
10.0000001;0.9508138;0.9500000;
10.0000002;0.9516663;0.9500000;
10.0000004;0.9528356;0.9500000;
10.0000007;0.9558142;0.9500000;
10.0000009;0.9593848;0.9500000;
10.0000012;0.9637878;0.9500000;
10.0000017;0.9747543;0.9500000;
10.0000021;0.9866887;0.9500000;
10.0000026;1.0000004;0.9500000;
10.0000030;1.0127710;0.9500000;
10.0000034;1.0257701;0.9500000;
10.0000038;1.0382064;0.9500000;
10.0000041;1.0467017;0.9500000;
10.0000044;1.0536702;0.9500000;
10.0000046;1.0593421;0.9500000;
10.0000048;1.0639785;0.9500000;
10.0000050;1.0677759;0.9500000;
10.0000052;1.0711600;0.9500000;
10.0000054;1.0741062;0.9500000;
10.0000057;1.0789076;0.9500000;
10.0000061;1.0819400;0.9500000;
10.0000065;1.0829835;0.9500000;
10.0000069;1.0819490;0.9500000;
10.0000076;1.0740150;0.9500000;
10.0000082;1.0617254;0.9500000;
10.0000089;1.0454828;0.9500000;
10.0000094;1.0299386;0.9500000;
10.0000099;1.0152405;0.9500000;
10.0000103;1.0020607;0.9500000;
10.0000105;0.9957385;0.9500000;
10.0000107;0.9897148;0.9500000;
10.0000109;0.9840441;0.9500000;
10.0000114;0.9737252;0.9500000;
10.0000118;0.9652213;0.9500000;
10.0000122;0.9593741;0.9500000;
10.0000126;0.9554674;0.9500000;
10.0000129;0.9535865;0.9500000;
10.0000133;0.9537782;0.9500000;
10.0000141;0.9600690;0.9500000;
10.0000148;0.9717507;0.9500000;
10.0000154;0.9860526;0.9500000;
10.0000159;1.0005093;0.9500000;
10.0000164;1.0144177;0.9500000;
10.0000168;1.0270979;0.9500000;
10.0000170;1.0333066;0.9500000;
10.0000173;1.0392844;0.9500000;
10.0000175;1.0449726;0.9500000;
10.0000179;1.0555002;0.9500000;
10.0000183;1.0644623;0.9500000;
10.0000188;1.0715216;0.9500000;
10.0000192;1.0763237;0.9500000;
10.0000196;1.0786232;0.9500000;
10.0000201;1.0782782;0.9500000;
10.0000207;1.0733200;0.9500000;
10.0000213;1.0635334;0.9500000;
10.0000219;1.0497306;0.9500000;
10.0000225;1.0347686;0.9500000;
10.0000230;1.0200883;0.9500000;
10.0000234;1.0065940;0.9500000;
10.0000237;0.9990431;0.9500000;
10.0000239;0.9918601;0.9500000;
10.0000242;0.9851446;0.9500000;
10.0000244;0.9788028;0.9500000;
10.0000247;0.9729957;0.9500000;
10.0000249;0.9678306;0.9500000;
10.0000252;0.9633897;0.9500000;
10.0000255;0.9597393;0.9500000;
10.0000260;0.9550445;0.9500000;
10.0000265;0.9539090;0.9500000;
10.0000270;0.9563296;0.9500000;
10.0000275;0.9620781;0.9500000;
10.0000280;0.9707953;0.9500000;
10.0000285;0.9819707;0.9500000;
10.0000290;0.9949677;0.9500000;
10.0000295;1.0076726;0.9500000;
10.0000300;1.0206465;0.9500000;
10.0000304;1.0330181;0.9500000;
10.0000307;1.0412476;0.9500000;
10.0000310;1.0476630;0.9500000;
10.0000313;1.0528183;0.9500000;
10.0000315;1.0570022;0.9500000;
10.0000317;1.0603324;0.9500000;
10.0000319;1.0632234;0.9500000;
10.0000321;1.0656523;0.9500000;
10.0000325;1.0693684;0.9500000;
10.0000329;1.0712477;0.9500000;
10.0000333;1.0710925;0.9500000;
10.0000337;1.0688530;0.9500000;
10.0000342;1.0627570;0.9500000;
10.0000348;1.0534499;0.9500000;
10.0000353;1.0415818;0.9500000;
10.0000358;1.0278638;0.9500000;
10.0000363;1.0146907;0.9500000;
10.0000368;1.0014255;0.9500000;
10.0000370;0.9950494;0.9500000;
10.0000373;0.9890053;0.9500000;
10.0000375;0.9833741;0.9500000;
10.0000380;0.9733025;0.9500000;
10.0000385;0.9653539;0.9500000;
10.0000389;0.9603501;0.9500000;
10.0000394;0.9575985;0.9500000;
10.0000398;0.9572115;0.9500000;
10.0000402;0.9592064;0.9500000;
10.0000408;0.9645682;0.9500000;
10.0000413;0.9728244;0.9500000;
10.0000418;0.9834542;0.9500000;
10.0000423;0.9958145;0.9500000;
10.0000428;1.0078526;0.9500000;
10.0000433;1.0201292;0.9500000;
10.0000436;1.0273798;0.9500000;
10.0000439;1.0342359;0.9500000;
10.0000441;1.0400072;0.9500000;
10.0000444;1.0452940;0.9500000;
10.0000446;1.0496138;0.9500000;
10.0000448;1.0534395;0.9500000;
10.0000450;1.0564592;0.9500000;
10.0000452;1.0590199;0.9500000;
10.0000454;1.0609155;0.9500000;
10.0000456;1.0624083;0.9500000;
10.0000458;1.0634882;0.9500000;
10.0000462;1.0646601;0.9500000;
10.0000466;1.0642760;0.9500000;
10.0000469;1.0622293;0.9500000;
10.0000477;1.0535829;0.9500000;
10.0000483;1.0417641;0.9500000;
10.0000489;1.0286045;0.9500000;
10.0000495;1.0155512;0.9500000;
10.0000499;1.0035205;0.9500000;
10.0000502;0.9967690;0.9500000;
10.0000505;0.9903876;0.9500000;
10.0000508;0.9844851;0.9500000;
10.0000510;0.9789613;0.9500000;
10.0000513;0.9739631;0.9500000;
10.0000516;0.9696408;0.9500000;
10.0000519;0.9660346;0.9500000;
10.0000524;0.9612652;0.9500000;
10.0000529;0.9598689;0.9500000;
10.0000534;0.9612772;0.9500000;
10.0000540;0.9662877;0.9500000;
10.0000546;0.9745238;0.9500000;
10.0000552;0.9853542;0.9500000;
10.0000557;0.9967176;0.9500000;
10.0000562;1.0088260;0.9500000;
10.0000567;1.0199046;0.9500000;
10.0000569;1.0252910;0.9500000;
10.0000571;1.0304303;0.9500000;
10.0000574;1.0352633;0.9500000;
10.0000578;1.0440394;0.9500000;
10.0000583;1.0511927;0.9500000;
10.0000588;1.0563980;0.9500000;
10.0000592;1.0593384;0.9500000;
10.0000597;1.0598243;0.9500000;
10.0000602;1.0577935;0.9500000;
10.0000608;1.0521556;0.9500000;
10.0000613;1.0434216;0.9500000;
10.0000619;1.0322199;0.9500000;
10.0000625;1.0193588;0.9500000;
10.0000630;1.0070925;0.9500000;
10.0000635;0.9949593;0.9500000;
10.0000637;0.9896716;0.9500000;
10.0000640;0.9846770;0.9500000;
10.0000642;0.9800595;0.9500000;
10.0000644;0.9757383;0.9500000;
10.0000647;0.9718234;0.9500000;
10.0000649;0.9683820;0.9500000;
10.0000654;0.9631467;0.9500000;
10.0000659;0.9602323;0.9500000;
10.0000663;0.9597484;0.9500000;
10.0000668;0.9616929;0.9500000;
10.0000674;0.9670342;0.9500000;
10.0000679;0.9752570;0.9500000;
10.0000685;0.9857659;0.9500000;
10.0000691;0.9978228;0.9500000;
10.0000696;1.0093598;0.9500000;
10.0000701;1.0207812;0.9500000;
10.0000704;1.0262805;0.9500000;
10.0000706;1.0314626;0.9500000;
10.0000709;1.0362301;0.9500000;
10.0000711;1.0406734;0.9500000;
10.0000714;1.0446633;0.9500000;
10.0000716;1.0481203;0.9500000;
10.0000722;1.0531592;0.9500000;
10.0000727;1.0555405;0.9500000;
10.0000732;1.0551250;0.9500000;
10.0000737;1.0519215;0.9500000;
10.0000743;1.0454128;0.9500000;
10.0000748;1.0362080;0.9500000;
10.0000754;1.0249523;0.9500000;
10.0000760;1.0124425;0.9500000;
10.0000765;1.0008053;0.9500000;
10.0000768;0.9937880;0.9500000;
10.0000771;0.9872272;0.9500000;
10.0000774;0.9817832;0.9500000;
10.0000776;0.9773208;0.9500000;
10.0000779;0.9733654;0.9500000;
10.0000781;0.9702879;0.9500000;
10.0000783;0.9678961;0.9500000;
10.0000785;0.9659100;0.9500000;
10.0000787;0.9643438;0.9500000;
10.0000792;0.9622254;0.9500000;
10.0000796;0.9617080;0.9500000;
10.0000800;0.9628974;0.9500000;
10.0000804;0.9657778;0.9500000;
10.0000809;0.9714668;0.9500000;
10.0000814;0.9791651;0.9500000;
10.0000819;0.9884152;0.9500000;
10.0000825;0.9987139;0.9500000;
10.0000830;1.0094351;0.9500000;
10.0000835;1.0199476;0.9500000;
10.0000837;1.0246816;0.9500000;
10.0000840;1.0290949;0.9500000;
10.0000842;1.0331329;0.9500000;
10.0000847;1.0401742;0.9500000;
10.0000852;1.0453917;0.9500000;
10.0000857;1.0485024;0.9500000;
10.0000862;1.0492711;0.9500000;
10.0000867;1.0476119;0.9500000;
10.0000873;1.0423339;0.9500000;
10.0000879;1.0339248;0.9500000;
10.0000885;1.0230901;0.9500000;
10.0000891;1.0119641;0.9500000;
10.0000897;1.0003527;0.9500000;
10.0000902;0.9901155;0.9500000;
10.0000904;0.9854622;0.9500000;
10.0000906;0.9810996;0.9500000;
10.0000909;0.9771146;0.9500000;
10.0000911;0.9734266;0.9500000;
10.0000914;0.9701394;0.9500000;
10.0000916;0.9673149;0.9500000;
10.0000921;0.9632501;0.9500000;
10.0000926;0.9613901;0.9500000;
10.0000931;0.9618006;0.9500000;
10.0000938;0.9661403;0.9500000;
10.0000945;0.9743748;0.9500000;
10.0000952;0.9856013;0.9500000;
10.0000958;0.9972064;0.9500000;
10.0000963;1.0081711;0.9500000;
10.0000969;1.0178375;0.9500000;
10.0000971;1.0224187;0.9500000;
10.0000974;1.0266898;0.9500000;
10.0000976;1.0305666;0.9500000;
10.0000981;1.0372105;0.9500000;
10.0000986;1.0419146;0.9500000;
10.0000991;1.0444251;0.9500000;
10.0000997;1.0445823;0.9500000;
10.0001002;1.0423648;0.9500000;
10.0001008;1.0365093;0.9500000;
10.0001014;1.0277013;0.9500000;
10.0001021;1.0167008;0.9500000;
10.0001026;1.0056693;0.9500000;
10.0001032;0.9944160;0.9500000;
10.0001035;0.9886322;0.9500000;
10.0001038;0.9832612;0.9500000;
10.0001041;0.9784014;0.9500000;
10.0001044;0.9739371;0.9500000;
10.0001047;0.9700386;0.9500000;
10.0001050;0.9668096;0.9500000;
10.0001053;0.9643227;0.9500000;
10.0001059;0.9617887;0.9500000;
10.0001066;0.9625275;0.9500000;
10.0001072;0.9669154;0.9500000;
10.0001079;0.9745692;0.9500000;
10.0001085;0.9847308;0.9500000;
10.0001091;0.9952801;0.9500000;
10.0001097;1.0052224;0.9500000;
10.0001102;1.0149156;0.9500000;
10.0001105;1.0193078;0.9500000;
10.0001107;1.0233520;0.9500000;
10.0001110;1.0269905;0.9500000;
10.0001115;1.0331615;0.9500000;
10.0001121;1.0374034;0.9500000;
10.0001126;1.0394475;0.9500000;
10.0001131;1.0390994;0.9500000;
10.0001136;1.0363365;0.9500000;
10.0001142;1.0306226;0.9500000;
10.0001148;1.0225770;0.9500000;
10.0001154;1.0128172;0.9500000;
10.0001160;1.0020940;0.9500000;
10.0001165;0.9922616;0.9500000;
10.0001169;0.9866305;0.9500000;
10.0001172;0.9814358;0.9500000;
10.0001175;0.9767821;0.9500000;
10.0001178;0.9725449;0.9500000;
10.0001181;0.9689027;0.9500000;
10.0001184;0.9659627;0.9500000;
10.0001188;0.9637974;0.9500000;
10.0001194;0.9619820;0.9500000;
10.0001200;0.9634964;0.9500000;
10.0001207;0.9681861;0.9500000;
10.0001213;0.9755935;0.9500000;
10.0001220;0.9850423;0.9500000;
10.0001225;0.9946476;0.9500000;
10.0001231;1.0044935;0.9500000;
10.0001235;1.0104687;0.9500000;
10.0001238;1.0159262;0.9500000;
10.0001242;1.0203286;0.9500000;
10.0001245;1.0238114;0.9500000;
10.0001248;1.0267441;0.9500000;
10.0001250;1.0289105;0.9500000;
10.0001253;1.0305646;0.9500000;
10.0001255;1.0315975;0.9500000;
10.0001258;1.0321921;0.9500000;
10.0001260;1.0323454;0.9500000;
10.0001265;1.0316274;0.9500000;
10.0001269;1.0293379;0.9500000;
10.0001274;1.0254652;0.9500000;
10.0001280;1.0190531;0.9500000;
10.0001285;1.0111291;0.9500000;
10.0001291;1.0022554;0.9500000;
10.0001297;0.9930628;0.9500000;
10.0001303;0.9846207;0.9500000;
10.0001307;0.9789914;0.9500000;
10.0001310;0.9750591;0.9500000;
10.0001314;0.9721171;0.9500000;
10.0001316;0.9699739;0.9500000;
10.0001319;0.9684742;0.9500000;
10.0001322;0.9674260;0.9500000;
10.0001324;0.9668376;0.9500000;
10.0001329;0.9667477;0.9500000;
10.0001334;0.9683544;0.9500000;
10.0001339;0.9715542;0.9500000;
10.0001346;0.9771830;0.9500000;
10.0001352;0.9843516;0.9500000;
10.0001358;0.9924755;0.9500000;
10.0001364;1.0008998;0.9500000;
10.0001370;1.0084914;0.9500000;
10.0001374;1.0132570;0.9500000;
10.0001378;1.0166434;0.9500000;
10.0001382;1.0190580;0.9500000;
10.0001385;1.0207119;0.9500000;
10.0001388;1.0218136;0.9500000;
10.0001390;1.0223518;0.9500000;
10.0001393;1.0224264;0.9500000;
10.0001396;1.0220414;0.9500000;
10.0001401;1.0202345;0.9500000;
10.0001407;1.0168712;0.9500000;
10.0001412;1.0121380;0.9500000;
10.0001418;1.0063140;0.9500000;
10.0001423;0.9997719;0.9500000;
10.0001429;0.9929361;0.9500000;
10.0001434;0.9862504;0.9500000;
10.0001438;0.9824783;0.9500000;
10.0001441;0.9791252;0.9500000;
10.0001444;0.9762555;0.9500000;
10.0001451;0.9718264;0.9500000;
10.0001458;0.9696234;0.9500000;
10.0001464;0.9698473;0.9500000;
10.0001471;0.9724770;0.9500000;
10.0001478;0.9770910;0.9500000;
10.0001484;0.9832629;0.9500000;
10.0001491;0.9904071;0.9500000;
10.0001497;0.9978515;0.9500000;
10.0001504;1.0044309;0.9500000;
10.0001509;1.0084436;0.9500000;
10.0001513;1.0111850;0.9500000;
10.0001517;1.0130275;0.9500000;
10.0001520;1.0141673;0.9500000;
10.0001523;1.0147642;0.9500000;
10.0001526;1.0148617;0.9500000;
10.0001529;1.0145181;0.9500000;
10.0001532;1.0137466;0.9500000;
10.0001538;1.0112767;0.9500000;
10.0001544;1.0074668;0.9500000;
10.0001550;1.0025717;0.9500000;
10.0001556;0.9969349;0.9500000;
10.0001562;0.9909782;0.9500000;
10.0001568;0.9851511;0.9500000;
10.0001572;0.9818252;0.9500000;
10.0001575;0.9789388;0.9500000;
10.0001579;0.9766216;0.9500000;
10.0001583;0.9746186;0.9500000;
10.0001587;0.9731307;0.9500000;
10.0001590;0.9722250;0.9500000;
10.0001598;0.9722695;0.9500000;
10.0001605;0.9746528;0.9500000;
10.0001613;0.9790361;0.9500000;
10.0001620;0.9848644;0.9500000;
10.0001628;0.9914242;0.9500000;
10.0001635;0.9979233;0.9500000;
10.0001639;1.0008548;0.9500000;
10.0001643;1.0033772;0.9500000;
10.0001647;1.0054303;0.9500000;
10.0001654;1.0082864;0.9500000;
10.0001662;1.0090485;0.9500000;
10.0001669;1.0075827;0.9500000;
10.0001677;1.0039865;0.9500000;
10.0001684;0.9986575;0.9500000;
10.0001692;0.9922326;0.9500000;
10.0001699;0.9856143;0.9500000;
10.0001704;0.9820102;0.9500000;
10.0001708;0.9788895;0.9500000;
10.0001712;0.9763633;0.9500000;
10.0001717;0.9742847;0.9500000;
10.0001721;0.9728178;0.9500000;
10.0001726;0.9720761;0.9500000;
10.0001730;0.9720639;0.9500000;
10.0001739;0.9741466;0.9500000;
10.0001748;0.9786093;0.9500000;
10.0001757;0.9846580;0.9500000;
10.0001765;0.9906778;0.9500000;
10.0001773;0.9963110;0.9500000;
10.0001776;0.9985969;0.9500000;
10.0001780;1.0005058;0.9500000;
10.0001784;1.0019528;0.9500000;
10.0001792;1.0036525;0.9500000;
10.0001799;1.0034277;0.9500000;
10.0001807;1.0013473;0.9500000;
10.0001815;0.9971904;0.9500000;
10.0001823;0.9916594;0.9500000;
10.0001832;0.9855347;0.9500000;
10.0001840;0.9796774;0.9500000;
10.0001844;0.9772754;0.9500000;
10.0001848;0.9752967;0.9500000;
10.0001852;0.9737765;0.9500000;
10.0001860;0.9719085;0.9500000;
10.0001867;0.9719319;0.9500000;
10.0001875;0.9737800;0.9500000;
10.0001883;0.9773718;0.9500000;
10.0001892;0.9821305;0.9500000;
10.0001900;0.9873657;0.9500000;
10.0001908;0.9923296;0.9500000;
10.0001912;0.9944393;0.9500000;
10.0001916;0.9961192;0.9500000;
10.0001920;0.9973296;0.9500000;
10.0001928;0.9985664;0.9500000;
10.0001937;0.9979069;0.9500000;
10.0001945;0.9954277;0.9500000;
10.0001953;0.9914573;0.9500000;
10.0001961;0.9865478;0.9500000;
10.0001970;0.9813700;0.9500000;
10.0001978;0.9770999;0.9500000;
10.0001984;0.9747094;0.9500000;
10.0001989;0.9733448;0.9500000;
10.0001994;0.9726968;0.9500000;
10.0001998;0.9725842;0.9500000;
10.0002003;0.9729791;0.9500000;
10.0002007;0.9737639;0.9500000;
10.0002011;0.9747680;0.9500000;
10.0002016;0.9760768;0.9500000;
10.0002024;0.9793917;0.9500000;
10.0002033;0.9832144;0.9500000;
10.0002041;0.9869477;0.9500000;
10.0002046;0.9885822;0.9500000;
10.0002050;0.9898838;0.9500000;
10.0002055;0.9908086;0.9500000;
10.0002064;0.9917012;0.9500000;
10.0002072;0.9910717;0.9500000;
10.0002081;0.9889555;0.9500000;
10.0002090;0.9856784;0.9500000;
10.0002099;0.9817754;0.9500000;
10.0002108;0.9778617;0.9500000;
10.0002113;0.9760410;0.9500000;
10.0002118;0.9745633;0.9500000;
10.0002122;0.9734780;0.9500000;
10.0002132;0.9723013;0.9500000;
10.0002141;0.9726862;0.9500000;
10.0002151;0.9745561;0.9500000;
10.0002159;0.9772054;0.9500000;
10.0002165;0.9792563;0.9500000;
10.0002172;0.9815666;0.9500000;
10.0002180;0.9834266;0.9500000;
10.0002187;0.9846564;0.9500000;
10.0002195;0.9853914;0.9500000;
10.0002202;0.9854567;0.9500000;
10.0002209;0.9848112;0.9500000;
10.0002224;0.9819140;0.9500000;
10.0002238;0.9782624;0.9500000;
10.0002250;0.9750704;0.9500000;
10.0002256;0.9738551;0.9500000;
10.0002262;0.9730557;0.9500000;
10.0002268;0.9726919;0.9500000;
10.0002280;0.9729106;0.9500000;
10.0002292;0.9744155;0.9500000;
10.0002307;0.9770521;0.9500000;
10.0002319;0.9785465;0.9500000;
10.0002331;0.9791439;0.9500000;
10.0002340;0.9790533;0.9500000;
10.0002349;0.9784735;0.9500000;
10.0002359;0.9775498;0.9500000;
10.0002368;0.9764807;0.9500000;
10.0002377;0.9753447;0.9500000;
10.0002396;0.9734534;0.9500000;
10.0002407;0.9729542;0.9500000;
10.0002417;0.9728810;0.9500000;
10.0002427;0.9731160;0.9500000;
10.0002438;0.9734837;0.9500000;
10.0002448;0.9739170;0.9500000;
10.0002469;0.9744791;0.9500000;
10.0002490;0.9739268;0.9500000;
10.0002505;0.9732109;0.9500000;
10.0002520;0.9724820;0.9500000;
10.0002549;0.9713949;0.9500000;
10.0002579;0.9707427;0.9500000;
10.0002609;0.9702383;0.9500000;
10.0002638;0.9696503;0.9500000;
10.0002698;0.9682345;0.9500000;
10.0002757;0.9668403;0.9500000;
10.0002876;0.9640626;0.9500000;
10.0003114;0.9583761;0.9500000;
10.0003351;0.9525594;0.9500000;
10.0003589;0.9466218;0.9500000;
10.0004064;0.9344621;0.9500000;
10.0004539;0.9219158;0.9500000;
10.0005014;0.9090287;0.9500000;
10.0005965;0.8826294;0.9500000;
10.0006915;0.8557592;0.9500000;
10.0007865;0.8289575;0.9500000;
10.0008815;0.8027371;0.9500000;
10.0009766;0.7775386;0.9500000;
10.0010716;0.7537279;0.9500000;
10.0011666;0.7315864;0.9500000;
10.0012617;0.7113092;0.9500000;
10.0013567;0.6930075;0.9500000;
10.0014517;0.6767156;0.9500000;
10.0015468;0.6623989;0.9500000;
10.0016418;0.6499650;0.9500000;
10.0017368;0.6392742;0.9500000;
10.0018319;0.6301517;0.9500000;
10.0019269;0.6223980;0.9500000;
10.0020219;0.6157993;0.9500000;
10.0021169;0.6101369;0.9500000;
10.0022120;0.6051947;0.9500000;
10.0023070;0.6007658;0.9500000;
10.0024020;0.5966575;0.9500000;
10.0024971;0.5926954;0.9500000;
10.0025921;0.5887253;0.9500000;
10.0026871;0.5846150;0.9500000;
10.0027822;0.5802549;0.9500000;
10.0029722;0.5703887;0.9500000;
10.0031623;0.5587978;0.9500000;
10.0033524;0.5453253;0.9500000;
10.0035424;0.5300131;0.9500000;
10.0037325;0.5130410;0.9500000;
10.0039225;0.4946908;0.9500000;
10.0041126;0.4753006;0.9500000;
10.0043027;0.4552291;0.9500000;
10.0044927;0.4348278;0.9500000;
10.0046828;0.4144222;0.9500000;
10.0048728;0.3943004;0.9500000;
10.0050629;0.3747076;0.9500000;
10.0052530;0.3558445;0.9500000;
10.0054430;0.3378699;0.9500000;
10.0056331;0.3209040;0.9500000;
10.0058232;0.3050334;0.9500000;
10.0060132;0.2903170;0.9500000;
10.0063933;0.2644818;0.9500000;
10.0067735;0.2434086;0.9500000;
10.0071536;0.2270415;0.9500000;
10.0075337;0.2152007;0.9500000;
10.0079138;0.2076200;0.9500000;
10.0082940;0.2039681;0.9500000;
10.0086361;0.2037230;0.9500000;
10.0089782;0.2060626;0.9500000;
10.0093203;0.2106290;0.9500000;
10.0096624;0.2170667;0.9500000;
10.0100045;0.2250039;0.9500000;
10.0103466;0.2340758;0.9500000;
10.0106887;0.2439486;0.9500000;
10.0110308;0.2543017;0.9500000;
10.0113730;0.2648392;0.9500000;
10.0117151;0.2753026;0.9500000;
10.0120572;0.2854720;0.9500000;
10.0123993;0.2951675;0.9500000;
10.0127414;0.3042484;0.9500000;
10.0130835;0.3126114;0.9500000;
10.0134256;0.3201878;0.9500000;
10.0137677;0.3269395;0.9500000;
10.0141098;0.3328562;0.9500000;
10.0144520;0.3379509;0.9500000;
10.0147941;0.3422565;0.9500000;
10.0151362;0.3458222;0.9500000;
10.0154783;0.3487101;0.9500000;
10.0158204;0.3509917;0.9500000;
10.0161625;0.3527448;0.9500000;
10.0165046;0.3540508;0.9500000;
10.0168467;0.3549919;0.9500000;
10.0175310;0.3561878;0.9500000;
10.0181468;0.3567660;0.9500000;
10.0187626;0.3572578;0.9500000;
10.0193784;0.3579278;0.9500000;
10.0199942;0.3589766;0.9500000;
10.0206100;0.3605292;0.9500000;
10.0212258;0.3626410;0.9500000;
10.0218416;0.3653075;0.9500000;
10.0224574;0.3684774;0.9500000;
10.0230732;0.3720669;0.9500000;
10.0236890;0.3759732;0.9500000;
10.0243048;0.3800877;0.9500000;
10.0249206;0.3843054;0.9500000;
10.0255364;0.3885334;0.9500000;
10.0267680;0.3966880;0.9500000;
10.0279996;0.4042776;0.9500000;
10.0292312;0.4112126;0.9500000;
10.0304628;0.4175650;0.9500000;
10.0316944;0.4235007;0.9500000;
10.0329260;0.4292104;0.9500000;
10.0341576;0.4348556;0.9500000;
10.0353892;0.4405415;0.9500000;
10.0378524;0.4521267;0.9500000;
10.0403156;0.4638438;0.9500000;
10.0427788;0.4754766;0.9500000;
10.0452420;0.4868760;0.9500000;
10.0477052;0.4980138;0.9500000;
10.0526316;0.5197526;0.9500000;
10.0575580;0.5409090;0.9500000;
10.0624844;0.5615306;0.9500000;
10.0723372;0.6010261;0.9500000;
10.0821900;0.6381747;0.9500000;
10.0920428;0.6730373;0.9500000;
10.1018956;0.7057071;0.9500000;
10.1117484;0.7362683;0.9500000;
10.1216012;0.7648041;0.9500000;
10.1314540;0.7914067;0.9500000;
10.1413068;0.8161704;0.9500000;
10.1511596;0.8391849;0.9500000;
10.1708652;0.8803963;0.9500000;
10.1905708;0.9156890;0.9500000;
10.2102764;0.9457217;0.9500000;
10.2299820;0.9710982;0.9500000;
10.2496876;0.9923646;0.9500000;
10.2693932;1.0100206;0.9500000;
10.2890988;1.0245133;0.9500000;
10.3088044;1.0362331;0.9500000;
10.3285100;1.0455265;0.9500000;
10.3482156;1.0527010;0.9500000;
10.3679212;1.0580241;0.9500000;
10.3876268;1.0617323;0.9500000;
10.4073324;1.0640364;0.9500000;
10.4270380;1.0651208;0.9500000;
10.4467436;1.0651496;0.9500000;
10.4664493;1.0642705;0.9500000;
10.4861549;1.0626138;0.9500000;
10.5255661;1.0575380;0.9500000;
10.5610362;1.0513605;0.9500000;
10.5965062;1.0441442;0.9500000;
10.6319763;1.0362662;0.9500000;
10.6674464;1.0280490;0.9500000;
10.7029165;1.0197568;0.9500000;
10.7400616;1.0114113;0.9500000;
10.7772067;1.0035175;0.9500000;
10.8143519;0.9961654;0.9500000;
10.8886421;0.9828551;0.9500000;
10.9629324;0.9718518;0.9500000;
11.0372226;0.9632795;0.9500000;
11.1347769;0.9552972;0.9500000;
11.2323312;0.9504315;0.9500000;
11.3298855;0.9478955;0.9500000;
11.4274399;0.9469314;0.9500000;
11.5249942;0.9469176;0.9500000;
11.6225485;0.9473553;0.9500000;
11.7201028;0.9479935;0.9500000;
11.8176571;0.9486406;0.9500000;
12.0127657;0.9494034;0.9500000;
12.2078744;0.9497893;0.9500000;
12.4029830;0.9499598;0.9500000;
12.5980916;0.9500208;0.9500000;
12.9883089;0.9500268;0.9500000;
13.7687434;0.9500091;0.9500000;
15.3296124;0.9500011;0.9500000;
18.4513504;0.9500000;0.9500000;
24.6948264;0.9500000;0.9500000;
25.0000000;0.9500000;0.9500000;
