time;WECCPVVSource_photovoltaics_wecc_reec_PInjPu;WECCPVVSource_photovoltaics_wecc_reec_QInjPu;WECCPVVSource_photovoltaics_injector_terminal_V_re;WECCPVVSource_photovoltaics_injector_terminal_i_re;WECCPVVSource_photovoltaics_injector_terminal_V_im;WECCPVVSource_photovoltaics_injector_terminal_i_im;WECCPVVSource_photovoltaics_pll_omegaPLLPu;
0.000000;0.700000;0.279498;1.050000;-0.700000;0.175002;0.199997;1.000000;
0.000000;0.700000;0.279498;1.050000;-0.700000;0.175002;0.199997;1.000000;
0.000113;0.700000;0.279498;1.050000;-0.700000;0.175002;0.199997;1.000000;
0.000227;0.700000;0.279499;1.050000;-0.700000;0.175002;0.199998;1.000000;
0.000454;0.700000;0.279499;1.050000;-0.700000;0.175002;0.199998;1.000000;
0.000908;0.700000;0.279499;1.050000;-0.700000;0.175002;0.199998;1.000000;
0.001816;0.700000;0.279500;1.050000;-0.700000;0.175002;0.199999;1.000000;
0.003632;0.700000;0.279500;1.050000;-0.700000;0.175002;0.199999;1.000000;
0.007264;0.700000;0.279500;1.050000;-0.700000;0.175001;0.199999;1.000000;
0.014527;0.700000;0.279500;1.050000;-0.700000;0.175001;0.199999;1.000000;
0.029055;0.700000;0.279500;1.050000;-0.700000;0.175001;0.199999;1.000000;
0.058110;0.700000;0.279500;1.050000;-0.700000;0.175001;0.199999;1.000000;
0.116220;0.700000;0.279500;1.050000;-0.700000;0.175001;0.199999;1.000000;
0.232439;0.700000;0.279500;1.050000;-0.700000;0.175001;0.199999;1.000000;
0.464878;0.700000;0.279500;1.050000;-0.700000;0.175001;0.199999;1.000000;
0.929757;0.700000;0.279500;1.050000;-0.700000;0.175001;0.199999;1.000000;
1.859513;0.700000;0.279500;1.050000;-0.700000;0.175001;0.199999;1.000000;
3.719026;0.700000;0.279500;1.050000;-0.700000;0.175001;0.199999;1.000000;
3.999999;0.700000;0.279500;1.050000;-0.700000;0.175001;0.199999;1.000000;
3.999999;0.350000;1.899491;1.050000;-0.700000;0.175001;2.199982;1.060850;
3.999999;0.350001;1.899485;1.049999;-0.700002;0.175002;2.199977;1.060850;
3.999999;0.350002;1.899479;1.049997;-0.700004;0.175002;2.199972;1.060850;
3.999999;0.350004;1.899468;1.049995;-0.700007;0.175003;2.199961;1.060851;
3.999999;0.350007;1.899445;1.049990;-0.700015;0.175005;2.199940;1.060851;
3.999999;0.350015;1.899399;1.049979;-0.700030;0.175009;2.199898;1.060853;
4.000000;0.350030;1.899307;1.049958;-0.700059;0.175016;2.199814;1.060856;
4.000000;0.350059;1.899124;1.049916;-0.700118;0.175031;2.199645;1.060861;
4.000002;0.350118;1.898758;1.049832;-0.700236;0.175061;2.199308;1.060873;
4.000004;0.350236;1.898026;1.049663;-0.700473;0.175120;2.198634;1.060895;
4.000009;0.350473;1.896562;1.049326;-0.700946;0.175238;2.197285;1.060940;
4.000011;0.350591;1.895830;1.049157;-0.701182;0.175297;2.196611;1.060963;
4.000012;0.350630;1.895591;1.049102;-0.701259;0.175316;2.196391;1.060970;
4.000012;0.350651;1.895458;1.049072;-0.701302;0.175327;2.196268;1.060974;
4.000013;0.350673;1.895324;1.049041;-0.701346;0.175338;2.196145;1.060978;
4.000013;0.350694;1.895191;1.049010;-0.701389;0.175349;2.196022;1.060983;
4.000014;0.350716;1.895057;1.048979;-0.701432;0.175359;2.195899;1.060987;
4.000014;0.350737;1.894924;1.048949;-0.701475;0.175370;2.195776;1.060991;
4.000015;0.350759;1.894790;1.048918;-0.701518;0.175381;2.195653;1.060995;
4.000015;0.350781;1.894657;1.048887;-0.701561;0.175392;2.195530;1.060999;
4.000015;0.350802;1.894524;1.048856;-0.701604;0.175403;2.195407;1.061003;
4.000016;0.350824;1.894390;1.048826;-0.701648;0.175413;2.195284;1.061007;
4.000017;0.350867;1.894123;1.048764;-0.701734;0.175435;2.195038;1.061015;
4.000018;0.350910;1.893857;1.048703;-0.701820;0.175456;2.194792;1.061024;
4.000019;0.350953;1.893590;1.048641;-0.701906;0.175478;2.194546;1.061032;
4.000020;0.351039;1.893057;1.048518;-0.702079;0.175521;2.194055;1.061048;
4.000024;0.351212;1.891991;1.048272;-0.702424;0.175607;2.193071;1.061081;
4.000031;0.351557;1.889861;1.047781;-0.703114;0.175780;2.191106;1.061146;
4.000045;0.352247;1.885609;1.046799;-0.704494;0.176125;2.187178;1.061275;
4.000073;0.353627;1.877136;1.044839;-0.707254;0.176815;2.179336;1.061530;
4.000129;0.356385;1.860315;1.040931;-0.712770;0.178194;2.163708;1.062025;
4.000185;0.359137;1.843636;1.037038;-0.718274;0.179570;2.148132;1.062505;
4.000241;0.361882;1.827095;1.033157;-0.723764;0.180943;2.132610;1.062972;
4.000353;0.367343;1.794379;1.025426;-0.734686;0.183673;2.101685;1.063872;
4.000465;0.372769;1.762185;1.017742;-0.745537;0.186386;2.070951;1.064721;
4.000689;0.383499;1.699393;1.002533;-0.766998;0.191751;2.010114;1.066258;
4.000808;0.389119;1.666907;0.994545;-0.778238;0.194561;1.978165;1.066991;
4.000808;0.389119;1.666907;0.994545;-0.778238;0.194561;1.978165;1.066991;
4.000809;0.389184;1.666537;0.994453;-0.778369;0.194594;1.977796;1.066999;
4.000810;0.389249;1.666164;0.994361;-0.778499;0.194626;1.977426;1.067007;
4.000813;0.389379;1.665417;0.994176;-0.778758;0.194691;1.976688;1.067023;
4.000819;0.389639;1.663925;0.993807;-0.779278;0.194821;1.975211;1.067055;
4.000830;0.390158;1.660944;0.993069;-0.780316;0.195081;1.972259;1.067120;
4.000852;0.391195;1.654996;0.991594;-0.782389;0.195599;1.966361;1.067247;
4.000896;0.393262;1.643160;0.988651;-0.786524;0.196633;1.954590;1.067496;
4.000984;0.397372;1.619719;0.982789;-0.794743;0.198687;1.931142;1.067971;
4.001161;0.405485;1.573747;0.971161;-0.810970;0.202744;1.884628;1.068831;
4.001514;0.421238;1.485322;0.948283;-0.842476;0.210621;1.793118;1.070212;
4.001738;0.430897;1.431437;0.934000;-0.861793;0.215450;1.735984;1.070866;
4.001738;0.430897;1.431448;0.933999;-0.861793;0.215450;1.735983;1.070866;
4.001740;0.430981;1.430977;0.933873;-0.861963;0.215493;1.735478;1.070871;
4.001742;0.431066;1.430505;0.933747;-0.862133;0.215535;1.734973;1.070876;
4.001746;0.431236;1.429562;0.933494;-0.862471;0.215620;1.733963;1.070885;
4.001754;0.431574;1.427678;0.932990;-0.863147;0.215789;1.731944;1.070904;
4.001770;0.432245;1.423916;0.931981;-0.864491;0.216125;1.727910;1.070938;
4.001802;0.433574;1.416415;0.929968;-0.867149;0.216789;1.719858;1.070994;
4.001866;0.436172;1.401510;0.925957;-0.872344;0.218088;1.703814;1.071061;
4.001994;0.441127;1.372076;0.917997;-0.882254;0.220565;1.671976;1.071024;
4.002250;0.450081;1.314688;0.902331;-0.900161;0.225042;1.609310;1.070341;
4.002506;0.457780;1.259209;0.887008;-0.915559;0.228892;1.548020;1.068941;
4.002762;0.464265;1.205574;0.872035;-0.928529;0.232134;1.488128;1.066949;
4.003018;0.469590;1.153723;0.857415;-0.939180;0.234797;1.429649;1.064483;
4.003274;0.473819;1.103600;0.843150;-0.947639;0.236912;1.372587;1.061651;
4.003529;0.477026;1.055152;0.829237;-0.954051;0.238515;1.316937;1.058549;
4.003785;0.479287;1.008330;0.815674;-0.958574;0.239645;1.262686;1.055261;
4.004041;0.480685;0.963087;0.802455;-0.961369;0.240344;1.209812;1.051863;
4.004297;0.481301;0.919377;0.789574;-0.962602;0.240653;1.158288;1.048418;
4.004553;0.481219;0.877156;0.777022;-0.962438;0.240611;1.108081;1.044981;
4.004809;0.480518;0.836381;0.764791;-0.961037;0.240261;1.059153;1.041599;
4.005065;0.479277;0.797010;0.752869;-0.958554;0.239641;1.011466;1.038309;
4.005577;0.475479;0.722303;0.729902;-0.950957;0.237741;0.919602;1.032120;
4.006037;0.470841;0.659436;0.710194;-0.941682;0.235422;0.840768;1.027056;
4.006498;0.465380;0.600473;0.691333;-0.930761;0.232692;0.765326;1.022540;
4.006958;0.459376;0.545189;0.673263;-0.918753;0.229690;0.693045;1.018608;
4.007419;0.453064;0.493369;0.655929;-0.906127;0.226534;0.623709;1.015264;
4.007880;0.446633;0.444807;0.639281;-0.893267;0.223319;0.557118;1.012489;
4.008012;0.444783;0.431462;0.634631;-0.889566;0.222393;0.538520;1.011797;
4.008095;0.443614;0.423142;0.631715;-0.887228;0.221809;0.526855;1.011381;
4.008145;0.442923;0.418256;0.629995;-0.885845;0.221463;0.519977;1.011143;
4.008177;0.442474;0.415101;0.628883;-0.884949;0.221239;0.515526;1.010991;
4.008182;0.442400;0.414579;0.628698;-0.884800;0.221202;0.514789;1.010967;
4.008193;0.442252;0.413536;0.628330;-0.884503;0.221128;0.513316;1.010917;
4.008204;0.442103;0.412495;0.627962;-0.884206;0.221053;0.511845;1.010868;
4.008225;0.441807;0.410420;0.627228;-0.883613;0.220905;0.508908;1.010771;
4.008268;0.441215;0.406291;0.625765;-0.882431;0.220609;0.503054;1.010580;
4.008325;0.440429;0.400831;0.623822;-0.880858;0.220216;0.495283;1.010338;
4.008325;0.440429;0.400826;0.623822;-0.880859;0.220216;0.495283;1.010338;
4.008327;0.440407;0.400671;0.623767;-0.880814;0.220205;0.495062;1.010331;
4.008328;0.440385;0.400517;0.623712;-0.880769;0.220194;0.494842;1.010324;
4.008331;0.440340;0.400208;0.623601;-0.880680;0.220172;0.494402;1.010310;
4.008338;0.440252;0.399594;0.623383;-0.880503;0.220128;0.493527;1.010282;
4.008351;0.440076;0.398379;0.622950;-0.880153;0.220040;0.491795;1.010227;
4.008377;0.439734;0.396002;0.622101;-0.879468;0.219869;0.488400;1.010118;
4.008429;0.439078;0.391445;0.620470;-0.878156;0.219541;0.481877;1.009906;
4.008480;0.438450;0.387082;0.618904;-0.876900;0.219227;0.475611;1.009701;
4.008532;0.437850;0.382904;0.617399;-0.875699;0.218927;0.469593;1.009501;
4.008636;0.436709;0.374963;0.614527;-0.873418;0.218356;0.458106;1.009115;
4.008740;0.435663;0.367649;0.611867;-0.871325;0.217833;0.447464;1.008751;
4.008843;0.434710;0.360939;0.609413;-0.869419;0.217357;0.437649;1.008408;
4.009051;0.433058;0.349123;0.605056;-0.866115;0.216531;0.420220;1.007787;
4.009258;0.431718;0.339213;0.601364;-0.863437;0.215861;0.405452;1.007245;
4.009432;0.430808;0.332152;0.598707;-0.861616;0.215406;0.394826;1.006849;
4.009432;0.430808;0.332152;0.598707;-0.861616;0.215406;0.394826;1.006849;
4.009436;0.430788;0.331994;0.598646;-0.861576;0.215396;0.394583;1.006840;
4.009441;0.430768;0.331834;0.598586;-0.861536;0.215386;0.394340;1.006831;
4.009450;0.430728;0.331514;0.598465;-0.861456;0.215366;0.393856;1.006812;
4.009467;0.430651;0.330891;0.598229;-0.861303;0.215328;0.392911;1.006776;
4.009502;0.430506;0.329690;0.597773;-0.861013;0.215255;0.391088;1.006706;
4.009572;0.430249;0.327468;0.596926;-0.860498;0.215126;0.387702;1.006574;
4.009642;0.430022;0.325418;0.596141;-0.860044;0.215013;0.384562;1.006449;
4.009712;0.429824;0.323529;0.595415;-0.859649;0.214914;0.381655;1.006331;
4.009851;0.429495;0.320103;0.594089;-0.858989;0.214749;0.376351;1.006111;
4.009991;0.429265;0.317213;0.592957;-0.858531;0.214634;0.371824;1.005917;
4.010270;0.429085;0.312867;0.591215;-0.858171;0.214545;0.364856;1.005601;
4.010550;0.429240;0.310184;0.590081;-0.858480;0.214622;0.360319;1.005375;
4.010829;0.429682;0.308866;0.589445;-0.859363;0.214843;0.357778;1.005228;
4.011109;0.430367;0.308656;0.589213;-0.860735;0.215185;0.356848;1.005149;
4.011388;0.431260;0.309336;0.589303;-0.862521;0.215632;0.357208;1.005129;
4.011668;0.432329;0.310730;0.589648;-0.864658;0.216166;0.358591;1.005157;
4.011947;0.433547;0.312694;0.590196;-0.867094;0.216775;0.360780;1.005227;
4.012227;0.434891;0.315110;0.590900;-0.869782;0.217447;0.363598;1.005329;
4.012785;0.437864;0.320843;0.592612;-0.875729;0.218934;0.370444;1.005597;
4.013344;0.441149;0.327474;0.594611;-0.882298;0.220576;0.378442;1.005924;
4.013903;0.444658;0.334636;0.596764;-0.889317;0.222331;0.387054;1.006276;
4.014462;0.448322;0.342064;0.598976;-0.896645;0.224163;0.395903;1.006626;
4.015021;0.452089;0.349577;0.601185;-0.904178;0.226046;0.404738;1.006956;
4.015580;0.455918;0.357058;0.603351;-0.911835;0.227961;0.413402;1.007254;
4.015885;0.458020;0.361093;0.604505;-0.916039;0.229012;0.418017;1.007400;
4.015885;0.458019;0.361091;0.604505;-0.916038;0.229011;0.418018;1.007400;
4.015899;0.458117;0.361277;0.604558;-0.916233;0.229060;0.418230;1.007406;
4.015913;0.458214;0.361463;0.604611;-0.916428;0.229109;0.418441;1.007413;
4.015941;0.458409;0.361834;0.604717;-0.916818;0.229206;0.418864;1.007426;
4.015997;0.458799;0.362575;0.604927;-0.917599;0.229402;0.419704;1.007451;
4.016110;0.459580;0.364050;0.605344;-0.919159;0.229792;0.421373;1.007500;
4.016335;0.461140;0.366968;0.606164;-0.922279;0.230572;0.424653;1.007590;
4.016785;0.464251;0.372678;0.607748;-0.928502;0.232127;0.430990;1.007743;
4.016946;0.465359;0.374674;0.608295;-0.930719;0.232682;0.433175;1.007789;
4.016946;0.465358;0.374673;0.608295;-0.930717;0.232681;0.433177;1.007789;
4.016947;0.465365;0.374684;0.608298;-0.930729;0.232684;0.433189;1.007790;
4.016947;0.465365;0.374683;0.608298;-0.930729;0.232684;0.433189;1.007790;
4.016962;0.465465;0.374866;0.608349;-0.930930;0.232734;0.433391;1.007794;
4.016976;0.465565;0.375049;0.608399;-0.931130;0.232784;0.433592;1.007798;
4.017006;0.465765;0.375415;0.608500;-0.931530;0.232884;0.433995;1.007806;
4.017064;0.466161;0.376142;0.608700;-0.932322;0.233082;0.434798;1.007819;
4.017180;0.466940;0.377586;0.609100;-0.933880;0.233472;0.436395;1.007834;
4.017413;0.468446;0.380427;0.609890;-0.936892;0.234225;0.439556;1.007820;
4.017520;0.469125;0.381721;0.610251;-0.938251;0.234565;0.440999;1.007804;
4.017594;0.469590;0.382614;0.610500;-0.939179;0.234797;0.441998;1.007788;
4.017594;0.469590;0.382614;0.610500;-0.939179;0.234797;0.441998;1.007788;
4.017595;0.469596;0.382626;0.610504;-0.939192;0.234800;0.442011;1.007788;
4.017597;0.469608;0.382650;0.610510;-0.939216;0.234806;0.442038;1.007787;
4.017601;0.469633;0.382698;0.610524;-0.939266;0.234818;0.442091;1.007786;
4.017609;0.469683;0.382793;0.610551;-0.939365;0.234843;0.442199;1.007784;
4.017625;0.469780;0.382984;0.610604;-0.939560;0.234892;0.442413;1.007779;
4.017656;0.469971;0.383364;0.610712;-0.939942;0.234987;0.442844;1.007765;
4.017720;0.470334;0.384117;0.610928;-0.940667;0.235169;0.443710;1.007721;
4.017847;0.470987;0.385598;0.611367;-0.941973;0.235495;0.445465;1.007577;
4.017974;0.471569;0.387054;0.611812;-0.943138;0.235786;0.447242;1.007382;
4.018101;0.472081;0.388487;0.612262;-0.944163;0.236043;0.449044;1.007139;
4.018355;0.472950;0.391304;0.613177;-0.945900;0.236477;0.452703;1.006558;
4.018609;0.473573;0.394046;0.614115;-0.947146;0.236788;0.456456;1.005838;
4.019091;0.474109;0.399057;0.615959;-0.948218;0.237057;0.463832;1.004200;
4.019091;0.474109;0.399057;0.615959;-0.948218;0.237057;0.463832;1.004200;
4.019092;0.474109;0.399067;0.615963;-0.948219;0.237057;0.463847;1.004196;
4.019094;0.474110;0.399086;0.615970;-0.948220;0.237057;0.463877;1.004189;
4.019097;0.474111;0.399125;0.615985;-0.948221;0.237057;0.463937;1.004175;
4.019105;0.474112;0.399202;0.616015;-0.948224;0.237058;0.464056;1.004145;
4.019120;0.474114;0.399356;0.616075;-0.948228;0.237059;0.464295;1.004087;
4.019142;0.474114;0.399581;0.616163;-0.948228;0.237059;0.464647;1.004000;
4.019142;0.474114;0.399581;0.616163;-0.948228;0.237059;0.464647;1.004000;
4.019143;0.474114;0.399590;0.616166;-0.948228;0.237059;0.464662;1.003997;
4.019145;0.474114;0.399609;0.616174;-0.948229;0.237059;0.464691;1.003989;
4.019149;0.474114;0.399648;0.616189;-0.948229;0.237059;0.464751;1.003974;
4.019157;0.474114;0.399724;0.616219;-0.948229;0.237059;0.464871;1.003945;
4.019172;0.474114;0.399877;0.616279;-0.948227;0.237059;0.465111;1.003886;
4.019202;0.474109;0.400182;0.616399;-0.948218;0.237056;0.465592;1.003766;
4.019263;0.474088;0.400789;0.616641;-0.948176;0.237046;0.466559;1.003525;
4.019384;0.474000;0.401992;0.617130;-0.948001;0.237002;0.468516;1.003032;
4.019627;0.473658;0.404358;0.618128;-0.947317;0.236831;0.472510;1.002025;
4.019869;0.473164;0.406691;0.619145;-0.946328;0.236584;0.476578;1.001011;
4.020112;0.472532;0.408993;0.620179;-0.945063;0.236268;0.480714;1.000004;
4.020597;0.470984;0.413544;0.622281;-0.941969;0.235494;0.489120;0.998033;
4.021082;0.468996;0.418075;0.624462;-0.937993;0.234500;0.497843;0.996130;
4.021419;0.467314;0.421332;0.626077;-0.934628;0.233659;0.504304;0.994798;
4.021722;0.465583;0.424382;0.627617;-0.931167;0.232794;0.510466;0.993586;
4.021767;0.465285;0.424859;0.627863;-0.930571;0.232645;0.511448;0.993409;
4.021767;0.465285;0.424859;0.627863;-0.930571;0.232645;0.511448;0.993409;
4.021767;0.465285;0.424859;0.627863;-0.930571;0.232645;0.511448;0.993409;
4.021767;0.465285;0.424859;0.627863;-0.930571;0.232645;0.511448;0.993409;
4.021768;0.465281;0.424865;0.627867;-0.930563;0.232643;0.511463;0.993406;
4.021769;0.465273;0.424880;0.627874;-0.930546;0.232638;0.511493;0.993400;
4.021772;0.465255;0.424909;0.627889;-0.930511;0.232630;0.511552;0.993389;
4.021778;0.465221;0.424967;0.627919;-0.930441;0.232612;0.511671;0.993366;
4.021789;0.465151;0.425084;0.627978;-0.930302;0.232577;0.511909;0.993321;
4.021812;0.465010;0.425318;0.628098;-0.930021;0.232507;0.512387;0.993231;
4.021857;0.464725;0.425788;0.628338;-0.929450;0.232365;0.513349;0.993050;
4.021947;0.464139;0.426737;0.628826;-0.928279;0.232072;0.515299;0.992691;
4.022128;0.462910;0.428668;0.629824;-0.925820;0.231457;0.519290;0.991985;
4.022490;0.460255;0.432638;0.631894;-0.920511;0.230130;0.527570;0.990642;
4.022851;0.457434;0.436700;0.634023;-0.914868;0.228719;0.536086;0.989387;
4.023213;0.454472;0.440838;0.636197;-0.908945;0.227238;0.544784;0.988230;
4.023936;0.448279;0.449253;0.640614;-0.896557;0.224141;0.562452;0.986158;
4.024658;0.441745;0.457823;0.645104;-0.883490;0.220874;0.580412;0.984485;
4.025381;0.434987;0.466463;0.649608;-0.869975;0.217495;0.598428;0.983227;
4.026104;0.428119;0.475091;0.654074;-0.856237;0.214061;0.616291;0.982363;
4.026827;0.421231;0.483637;0.658458;-0.842462;0.210617;0.633826;0.981848;
4.027550;0.414393;0.492039;0.662727;-0.828786;0.207198;0.650904;0.981628;
4.028273;0.407652;0.500247;0.666859;-0.815304;0.203828;0.667432;0.981644;
4.028996;0.401036;0.508221;0.670839;-0.802073;0.200520;0.683350;0.981840;
4.029719;0.394561;0.515930;0.674657;-0.789122;0.197282;0.698621;0.982165;
4.030442;0.388230;0.523354;0.678309;-0.776461;0.194117;0.713228;0.982574;
4.031165;0.382044;0.530478;0.681794;-0.764088;0.191024;0.727170;0.983035;
4.032611;0.370059;0.543808;0.688282;-0.740118;0.185031;0.753122;0.983989;
4.034057;0.358573;0.555925;0.694156;-0.717146;0.179288;0.776617;0.984937;
4.035503;0.347559;0.566874;0.699460;-0.695119;0.173781;0.797833;0.985833;
4.036949;0.337004;0.576733;0.704241;-0.674008;0.168503;0.816958;0.986667;
4.038395;0.326907;0.585589;0.708547;-0.653813;0.163455;0.834183;0.987446;
4.039841;0.317276;0.593533;0.712423;-0.634552;0.158639;0.849684;0.988185;
4.040562;0.312654;0.597185;0.714209;-0.625309;0.156328;0.856829;0.988543;
4.040562;0.312650;0.597188;0.714209;-0.625300;0.156326;0.856827;0.988544;
4.040562;0.312647;0.597190;0.714210;-0.625295;0.156325;0.856831;0.988544;
4.040562;0.312647;0.597191;0.714210;-0.625295;0.156325;0.856831;0.988544;
4.040563;0.312641;0.597195;0.714212;-0.625283;0.156322;0.856840;0.988545;
4.040564;0.312638;0.597198;0.714213;-0.625277;0.156321;0.856844;0.988545;
4.040564;0.312633;0.597202;0.714215;-0.625265;0.156318;0.856853;0.988545;
4.040566;0.312621;0.597211;0.714220;-0.625242;0.156312;0.856871;0.988546;
4.040570;0.312597;0.597229;0.714229;-0.625194;0.156300;0.856907;0.988548;
4.040578;0.312550;0.597266;0.714246;-0.625100;0.156276;0.856978;0.988551;
4.040592;0.312456;0.597339;0.714282;-0.624911;0.156229;0.857121;0.988558;
4.040622;0.312267;0.597484;0.714353;-0.624534;0.156135;0.857406;0.988572;
4.040649;0.312099;0.597613;0.714417;-0.624198;0.156051;0.857660;0.988585;
4.040649;0.312099;0.597613;0.714417;-0.624198;0.156051;0.857660;0.988585;
4.040650;0.312093;0.597617;0.714419;-0.624186;0.156048;0.857669;0.988586;
4.040652;0.312081;0.597627;0.714424;-0.624162;0.156042;0.857687;0.988586;
4.040656;0.312057;0.597645;0.714433;-0.624113;0.156030;0.857724;0.988588;
4.040663;0.312008;0.597683;0.714451;-0.624016;0.156005;0.857797;0.988592;
4.040679;0.311911;0.597757;0.714488;-0.623822;0.155957;0.857944;0.988599;
4.040709;0.311717;0.597906;0.714561;-0.623433;0.155860;0.858236;0.988613;
4.040771;0.311328;0.598202;0.714706;-0.622657;0.155665;0.858819;0.988642;
4.040894;0.310553;0.598789;0.714995;-0.621107;0.155278;0.859974;0.988696;
4.041140;0.309008;0.599939;0.715564;-0.618017;0.154505;0.862249;0.988798;
4.041632;0.305936;0.602153;0.716666;-0.611872;0.152969;0.866656;0.988980;
4.042124;0.302878;0.604283;0.717733;-0.605756;0.151440;0.870926;0.989141;
4.042616;0.299833;0.606335;0.718768;-0.599667;0.149918;0.875063;0.989286;
4.043600;0.293769;0.610264;0.720761;-0.587537;0.146886;0.883038;0.989544;
4.044584;0.287750;0.613923;0.722641;-0.575499;0.143876;0.890555;0.989762;
4.045567;0.281783;0.617317;0.724409;-0.563566;0.140893;0.897628;0.989953;
4.047535;0.270068;0.623413;0.727642;-0.540137;0.135035;0.910561;0.990322;
4.049503;0.258735;0.628672;0.730499;-0.517469;0.129368;0.921987;0.990714;
4.051471;0.247910;0.633209;0.733013;-0.495820;0.123956;0.932044;0.991170;
4.053439;0.237722;0.637121;0.735215;-0.475443;0.118862;0.940854;0.991705;
4.055407;0.228279;0.640492;0.737134;-0.456558;0.114140;0.948527;0.992315;
4.057375;0.219661;0.643391;0.738794;-0.439321;0.109831;0.955166;0.992983;
4.059342;0.211912;0.645877;0.740221;-0.423825;0.105957;0.960875;0.993685;
4.061310;0.205044;0.648004;0.741440;-0.410088;0.102523;0.965751;0.994396;
4.063278;0.199036;0.649818;0.742475;-0.398072;0.099519;0.969892;0.995092;
4.065246;0.193843;0.651360;0.743350;-0.387687;0.096923;0.973390;0.995753;
4.067214;0.189404;0.652667;0.744085;-0.378807;0.094703;0.976331;0.996366;
4.069182;0.185643;0.653774;0.744700;-0.371286;0.092822;0.978794;0.996920;
4.071150;0.182483;0.654708;0.745215;-0.364965;0.091242;0.980850;0.997411;
4.073117;0.179843;0.655495;0.745643;-0.359686;0.089922;0.982564;0.997838;
4.075085;0.177649;0.656160;0.746000;-0.355298;0.088825;0.983991;0.998205;
4.077053;0.175831;0.656719;0.746297;-0.351661;0.087916;0.985179;0.998514;
4.079021;0.174326;0.657192;0.746544;-0.348651;0.087164;0.986169;0.998773;
4.080989;0.173080;0.657590;0.746751;-0.346161;0.086541;0.986995;0.998987;
4.082957;0.172048;0.657928;0.746923;-0.344097;0.086025;0.987685;0.999163;
4.084924;0.171192;0.658214;0.747068;-0.342384;0.085597;0.988265;0.999308;
4.086892;0.170479;0.658457;0.747190;-0.340958;0.085240;0.988753;0.999426;
4.090828;0.169363;0.658850;0.747384;-0.338725;0.084682;0.989527;0.999607;
4.094764;0.168582;0.659141;0.747525;-0.337163;0.084291;0.990091;0.999732;
4.098699;0.168041;0.659360;0.747628;-0.336082;0.084021;0.990502;0.999818;
4.102635;0.167674;0.659527;0.747703;-0.335347;0.083838;0.990804;0.999879;
4.106571;0.167431;0.659657;0.747759;-0.334862;0.083716;0.991029;0.999923;
4.110507;0.167279;0.659762;0.747802;-0.334558;0.083640;0.991198;0.999955;
4.114442;0.167193;0.659847;0.747834;-0.334385;0.083597;0.991327;0.999979;
4.118378;0.167153;0.659919;0.747859;-0.334306;0.083577;0.991427;0.999995;
4.122314;0.167146;0.659982;0.747879;-0.334291;0.083574;0.991507;1.000007;
4.126249;0.167161;0.660037;0.747895;-0.334321;0.083581;0.991573;1.000014;
4.130185;0.167191;0.660087;0.747909;-0.334381;0.083596;0.991628;1.000019;
4.134121;0.167230;0.660133;0.747921;-0.334460;0.083616;0.991676;1.000022;
4.138056;0.167276;0.660177;0.747932;-0.334552;0.083639;0.991719;1.000024;
4.141992;0.167325;0.660218;0.747942;-0.334651;0.083663;0.991758;1.000025;
4.145928;0.167377;0.660257;0.747951;-0.334754;0.083689;0.991795;1.000026;
4.149864;0.167430;0.660295;0.747959;-0.334859;0.083716;0.991829;1.000026;
4.153799;0.167483;0.660332;0.747967;-0.334966;0.083742;0.991862;1.000026;
4.157735;0.167536;0.660367;0.747975;-0.335072;0.083769;0.991893;1.000026;
4.165606;0.167641;0.660436;0.747990;-0.335283;0.083821;0.991952;1.000025;
4.172691;0.167734;0.660495;0.748003;-0.335468;0.083868;0.992003;1.000024;
4.179775;0.167824;0.660552;0.748015;-0.335648;0.083913;0.992051;1.000024;
4.186859;0.167911;0.660606;0.748026;-0.335822;0.083956;0.992097;1.000023;
4.193943;0.167995;0.660658;0.748038;-0.335989;0.083998;0.992142;1.000022;
4.201028;0.168075;0.660709;0.748048;-0.336151;0.084038;0.992185;1.000021;
4.208112;0.168153;0.660757;0.748059;-0.336306;0.084077;0.992226;1.000020;
4.215196;0.168228;0.660804;0.748068;-0.336456;0.084115;0.992266;1.000019;
4.222281;0.168300;0.660849;0.748078;-0.336600;0.084151;0.992304;1.000019;
4.229365;0.168369;0.660893;0.748087;-0.336739;0.084185;0.992341;1.000018;
4.236449;0.168436;0.660935;0.748096;-0.336872;0.084219;0.992376;1.000017;
4.250618;0.168562;0.661014;0.748113;-0.337125;0.084282;0.992444;1.000016;
4.264786;0.168679;0.661087;0.748129;-0.337359;0.084340;0.992506;1.000015;
4.278955;0.168788;0.661156;0.748143;-0.337575;0.084395;0.992565;1.000013;
4.285543;0.168835;0.661186;0.748150;-0.337671;0.084418;0.992590;1.000013;
4.285543;0.168835;0.661186;0.748150;-0.337671;0.084418;0.992590;1.000013;
4.285839;0.168837;0.661187;0.748150;-0.337675;0.084419;0.992591;1.000013;
4.286135;0.168839;0.661188;0.748150;-0.337679;0.084420;0.992592;1.000013;
4.286726;0.168843;0.661191;0.748151;-0.337687;0.084422;0.992595;1.000013;
4.287909;0.168851;0.661196;0.748152;-0.337702;0.084426;0.992599;1.000012;
4.290275;0.168866;0.661207;0.748154;-0.337731;0.084433;0.992609;1.000011;
4.295006;0.168893;0.661227;0.748159;-0.337786;0.084447;0.992627;1.000011;
4.295161;0.168894;0.661228;0.748159;-0.337788;0.084448;0.992628;1.000011;
4.295161;0.168894;0.661228;0.748159;-0.337788;0.084448;0.992628;1.000011;
4.295459;0.168896;0.661229;0.748159;-0.337792;0.084449;0.992629;1.000011;
4.295758;0.168897;0.661230;0.748160;-0.337795;0.084449;0.992630;1.000010;
4.296354;0.168901;0.661233;0.748160;-0.337802;0.084451;0.992632;1.000010;
4.297548;0.168908;0.661238;0.748161;-0.337815;0.084454;0.992637;1.000010;
4.299936;0.168921;0.661248;0.748164;-0.337842;0.084461;0.992646;1.000010;
4.304710;0.168948;0.661267;0.748168;-0.337896;0.084475;0.992664;1.000010;
4.309485;0.168975;0.661287;0.748172;-0.337949;0.084488;0.992681;1.000010;
4.319035;0.169026;0.661323;0.748181;-0.338052;0.084514;0.992714;1.000010;
4.328585;0.169075;0.661358;0.748188;-0.338151;0.084538;0.992745;1.000009;
4.338134;0.169122;0.661392;0.748196;-0.338245;0.084562;0.992775;1.000009;
4.347684;0.169167;0.661423;0.748203;-0.338335;0.084584;0.992803;1.000008;
4.357234;0.169211;0.661453;0.748210;-0.338421;0.084606;0.992830;1.000008;
4.366783;0.169252;0.661482;0.748216;-0.338504;0.084627;0.992855;1.000008;
4.385883;0.169329;0.661535;0.748228;-0.338659;0.084665;0.992902;1.000007;
4.404982;0.169400;0.661583;0.748238;-0.338800;0.084701;0.992944;1.000006;
4.424082;0.169465;0.661627;0.748248;-0.338930;0.084733;0.992982;1.000006;
4.443181;0.169524;0.661666;0.748256;-0.339049;0.084763;0.993016;1.000005;
4.462280;0.169579;0.661701;0.748264;-0.339158;0.084790;0.993047;1.000005;
4.481380;0.169629;0.661734;0.748271;-0.339257;0.084815;0.993075;1.000004;
4.519579;0.169716;0.661789;0.748283;-0.339432;0.084859;0.993122;1.000004;
4.557778;0.169790;0.661835;0.748292;-0.339579;0.084895;0.993161;1.000003;
4.595976;0.169851;0.661872;0.748300;-0.339702;0.084926;0.993192;1.000002;
4.634175;0.169902;0.661903;0.748306;-0.339804;0.084952;0.993217;1.000002;
4.672374;0.169945;0.661927;0.748311;-0.339890;0.084973;0.993237;1.000002;
4.710573;0.169981;0.661948;0.748315;-0.339962;0.084991;0.993253;1.000001;
4.748772;0.170011;0.661964;0.748319;-0.340021;0.085006;0.993266;1.000001;
4.825169;0.170057;0.661989;0.748323;-0.340115;0.085029;0.993285;1.000001;
4.901567;0.170090;0.662006;0.748327;-0.340180;0.085046;0.993298;1.000001;
4.977964;0.170112;0.662017;0.748329;-0.340224;0.085057;0.993306;1.000000;
5.006564;0.170119;0.662020;0.748329;-0.340238;0.085060;0.993308;1.000000;
5.006564;0.170119;0.662020;0.748329;-0.340238;0.085060;0.993308;1.000000;
5.006564;0.170119;0.662020;0.748329;-0.340238;0.085060;0.993308;1.000000;
5.006564;0.170119;0.662020;0.748329;-0.340238;0.085060;0.993308;1.000000;
5.021557;0.170122;0.662021;0.748329;-0.340243;0.085061;0.993309;1.000000;
5.036551;0.170124;0.662022;0.748329;-0.340248;0.085063;0.993310;1.000000;
5.066538;0.170129;0.662024;0.748330;-0.340258;0.085065;0.993311;1.000000;
5.126511;0.170137;0.662028;0.748330;-0.340273;0.085069;0.993313;1.000000;
5.246459;0.170147;0.662032;0.748331;-0.340295;0.085074;0.993316;1.000000;
5.486354;0.170158;0.662036;0.748332;-0.340316;0.085080;0.993319;1.000000;
5.726249;0.170161;0.662037;0.748332;-0.340322;0.085081;0.993319;1.000000;
5.733347;0.170161;0.662037;0.748332;-0.340322;0.085081;0.993319;1.000000;
5.733347;0.170161;0.662037;0.748332;-0.340322;0.085081;0.993319;1.000000;
5.747614;0.170161;0.662037;0.748332;-0.340322;0.085081;0.993319;1.000000;
5.761880;0.170161;0.662037;0.748332;-0.340322;0.085081;0.993319;1.000000;
5.790413;0.170161;0.662037;0.748332;-0.340321;0.085081;0.993319;1.000000;
5.847480;0.170160;0.662037;0.748332;-0.340321;0.085081;0.993319;1.000000;
5.885913;0.170160;0.662037;0.748332;-0.340321;0.085081;0.993319;1.000000;
5.885913;0.170160;0.662037;0.748332;-0.340321;0.085081;0.993319;1.000000;
5.900027;0.170160;0.662037;0.748332;-0.340321;0.085081;0.993319;1.000000;
5.914141;0.170160;0.662037;0.748332;-0.340321;0.085081;0.993319;1.000000;
5.942369;0.170160;0.662037;0.748332;-0.340321;0.085081;0.993319;1.000000;
5.998826;0.170160;0.662037;0.748332;-0.340320;0.085081;0.993319;1.000000;
6.111738;0.170160;0.662037;0.748332;-0.340320;0.085081;0.993319;1.000000;
6.337564;0.170160;0.662037;0.748332;-0.340320;0.085081;0.993319;1.000000;
6.789215;0.170160;0.662037;0.748332;-0.340320;0.085081;0.993319;1.000000;
7.692516;0.170160;0.662037;0.748332;-0.340320;0.085081;0.993319;1.000000;
7.999998;0.170160;0.662037;0.748332;-0.340320;0.085081;0.993319;1.000000;
7.999998;0.340320;-0.837284;0.748332;-0.340320;0.085081;-1.006665;0.952951;
7.999998;0.340319;-0.837282;0.748333;-0.340319;0.085080;-1.006662;0.952951;
7.999998;0.340318;-0.837280;0.748333;-0.340318;0.085080;-1.006658;0.952951;
7.999998;0.340315;-0.837275;0.748335;-0.340315;0.085079;-1.006652;0.952951;
7.999999;0.340310;-0.837267;0.748338;-0.340310;0.085078;-1.006640;0.952952;
7.999999;0.340301;-0.837251;0.748344;-0.340301;0.085076;-1.006616;0.952952;
7.999999;0.340282;-0.837219;0.748356;-0.340282;0.085071;-1.006566;0.952953;
8.000000;0.340245;-0.837154;0.748381;-0.340245;0.085062;-1.006468;0.952954;
8.000001;0.340169;-0.837025;0.748430;-0.340169;0.085043;-1.006272;0.952957;
8.000001;0.340132;-0.836960;0.748454;-0.340132;0.085034;-1.006174;0.952958;
8.000002;0.340094;-0.836896;0.748479;-0.340094;0.085024;-1.006076;0.952959;
8.000002;0.340057;-0.836831;0.748503;-0.340057;0.085015;-1.005978;0.952961;
8.000003;0.340019;-0.836766;0.748528;-0.340019;0.085005;-1.005880;0.952962;
8.000004;0.339982;-0.836702;0.748552;-0.339982;0.084996;-1.005782;0.952963;
8.000004;0.339944;-0.836637;0.748577;-0.339944;0.084987;-1.005684;0.952965;
8.000005;0.339869;-0.836508;0.748626;-0.339869;0.084968;-1.005488;0.952967;
8.000008;0.339718;-0.836249;0.748724;-0.339718;0.084930;-1.005096;0.952973;
8.000010;0.339568;-0.835991;0.748822;-0.339568;0.084893;-1.004703;0.952978;
8.000015;0.339268;-0.835474;0.749018;-0.339268;0.084818;-1.003920;0.952989;
8.000024;0.338667;-0.834440;0.749410;-0.338667;0.084668;-1.002353;0.953011;
8.000024;0.338630;-0.834375;0.749434;-0.338630;0.084658;-1.002255;0.953013;
8.000025;0.338625;-0.834367;0.749437;-0.338625;0.084657;-1.002243;0.953013;
8.000025;0.338620;-0.834359;0.749440;-0.338620;0.084656;-1.002231;0.953013;
8.000025;0.338617;-0.834353;0.749442;-0.338617;0.084655;-1.002222;0.953013;
8.000025;0.338613;-0.834347;0.749445;-0.338613;0.084654;-1.002213;0.953013;
8.000025;0.338610;-0.834341;0.749447;-0.338610;0.084653;-1.002204;0.953013;
8.000025;0.338607;-0.834336;0.749449;-0.338607;0.084652;-1.002196;0.953013;
8.000025;0.338604;-0.834330;0.749451;-0.338604;0.084652;-1.002188;0.953013;
8.000025;0.338600;-0.834325;0.749453;-0.338600;0.084651;-1.002179;0.953014;
8.000025;0.338597;-0.834319;0.749455;-0.338597;0.084650;-1.002171;0.953014;
8.000025;0.338591;-0.834308;0.749459;-0.338591;0.084648;-1.002154;0.953014;
8.000025;0.338585;-0.834298;0.749463;-0.338585;0.084647;-1.002138;0.953014;
8.000025;0.338578;-0.834287;0.749468;-0.338578;0.084645;-1.002121;0.953014;
8.000025;0.338572;-0.834276;0.749472;-0.338572;0.084644;-1.002105;0.953015;
8.000025;0.338565;-0.834265;0.749476;-0.338565;0.084642;-1.002088;0.953015;
8.000026;0.338559;-0.834254;0.749480;-0.338559;0.084640;-1.002071;0.953015;
8.000026;0.338553;-0.834243;0.749484;-0.338553;0.084639;-1.002055;0.953015;
8.000026;0.338546;-0.834232;0.749488;-0.338546;0.084637;-1.002038;0.953016;
8.000026;0.338534;-0.834210;0.749497;-0.338534;0.084634;-1.002005;0.953016;
8.000026;0.338522;-0.834190;0.749504;-0.338522;0.084631;-1.001975;0.953016;
8.000026;0.338511;-0.834170;0.749512;-0.338511;0.084628;-1.001945;0.953017;
8.000026;0.338499;-0.834150;0.749519;-0.338499;0.084625;-1.001915;0.953017;
8.000027;0.338488;-0.834131;0.749527;-0.338488;0.084623;-1.001885;0.953018;
8.000027;0.338476;-0.834111;0.749534;-0.338476;0.084620;-1.001855;0.953018;
8.000027;0.338465;-0.834091;0.749542;-0.338465;0.084617;-1.001825;0.953019;
8.000027;0.338453;-0.834071;0.749549;-0.338453;0.084614;-1.001796;0.953019;
8.000027;0.338442;-0.834052;0.749557;-0.338442;0.084611;-1.001766;0.953019;
8.000028;0.338430;-0.834032;0.749564;-0.338430;0.084608;-1.001736;0.953020;
8.000028;0.338419;-0.834012;0.749571;-0.338419;0.084605;-1.001706;0.953020;
8.000028;0.338407;-0.833992;0.749579;-0.338407;0.084603;-1.001676;0.953021;
8.000028;0.338384;-0.833953;0.749594;-0.338384;0.084597;-1.001616;0.953022;
8.000029;0.338362;-0.833914;0.749609;-0.338362;0.084591;-1.001556;0.953022;
8.000029;0.338339;-0.833874;0.749624;-0.338339;0.084585;-1.001497;0.953023;
8.000029;0.338316;-0.833835;0.749639;-0.338316;0.084580;-1.001437;0.953024;
8.000030;0.338293;-0.833795;0.749654;-0.338293;0.084574;-1.001377;0.953025;
8.000030;0.338270;-0.833756;0.749669;-0.338270;0.084568;-1.001317;0.953026;
8.000030;0.338247;-0.833716;0.749684;-0.338247;0.084562;-1.001257;0.953027;
8.000031;0.338201;-0.833637;0.749713;-0.338201;0.084551;-1.001138;0.953028;
8.000032;0.338155;-0.833558;0.749743;-0.338155;0.084539;-1.001018;0.953030;
8.000033;0.338109;-0.833479;0.749773;-0.338109;0.084528;-1.000899;0.953032;
8.000033;0.338063;-0.833400;0.749803;-0.338063;0.084517;-1.000779;0.953033;
8.000035;0.337972;-0.833242;0.749863;-0.337972;0.084494;-1.000540;0.953037;
8.000037;0.337788;-0.832926;0.749982;-0.337788;0.084448;-1.000062;0.953044;
8.000043;0.337422;-0.832294;0.750221;-0.337422;0.084356;-0.999107;0.953057;
8.000054;0.336689;-0.831031;0.750699;-0.336689;0.084173;-0.997198;0.953085;
8.000077;0.335227;-0.828505;0.751651;-0.335227;0.083807;-0.993387;0.953142;
8.000122;0.332313;-0.823459;0.753549;-0.332313;0.083079;-0.985794;0.953260;
8.000213;0.326528;-0.813384;0.757317;-0.326528;0.081633;-0.970725;0.953515;
8.000304;0.320778;-0.803311;0.761055;-0.320778;0.080195;-0.955774;0.953787;
8.000394;0.315064;-0.793242;0.764763;-0.315064;0.078767;-0.940940;0.954076;
8.000576;0.303706;-0.773074;0.772111;-0.303706;0.075927;-0.911550;0.954691;
8.000757;0.292483;-0.752907;0.779352;-0.292483;0.073121;-0.882586;0.955359;
8.000938;0.281431;-0.732774;0.786481;-0.281431;0.070358;-0.854070;0.956080;
8.001301;0.259892;-0.692629;0.800405;-0.259892;0.064974;-0.798372;0.957653;
8.001663;0.239156;-0.652703;0.813897;-0.239156;0.059790;-0.744404;0.959372;
8.002026;0.219279;-0.613046;0.826971;-0.219279;0.054820;-0.692111;0.961203;
8.002180;0.211103;-0.596284;0.832405;-0.211103;0.052776;-0.670373;0.962004;
8.002180;0.211102;-0.596279;0.832405;-0.211102;0.052776;-0.670374;0.962005;
8.002180;0.211101;-0.596278;0.832405;-0.211101;0.052776;-0.670374;0.962005;
8.002180;0.211101;-0.596278;0.832405;-0.211101;0.052776;-0.670374;0.962005;
8.002180;0.211098;-0.596270;0.832408;-0.211098;0.052775;-0.670364;0.962005;
8.002180;0.211094;-0.596263;0.832410;-0.211094;0.052774;-0.670354;0.962005;
8.002180;0.211086;-0.596247;0.832415;-0.211086;0.052772;-0.670334;0.962006;
8.002181;0.211072;-0.596216;0.832425;-0.211072;0.052768;-0.670294;0.962008;
8.002181;0.211042;-0.596155;0.832445;-0.211042;0.052761;-0.670215;0.962011;
8.002182;0.210982;-0.596032;0.832485;-0.210982;0.052746;-0.670056;0.962017;
8.002185;0.210863;-0.595786;0.832564;-0.210863;0.052716;-0.669739;0.962029;
8.002189;0.210625;-0.595294;0.832722;-0.210625;0.052657;-0.669104;0.962053;
8.002198;0.210150;-0.594310;0.833040;-0.210150;0.052538;-0.667836;0.962100;
8.002204;0.209842;-0.593672;0.833245;-0.209842;0.052461;-0.667014;0.962132;
8.002209;0.209602;-0.593174;0.833405;-0.209602;0.052401;-0.666373;0.962156;
8.002211;0.209482;-0.592925;0.833485;-0.209482;0.052371;-0.666053;0.962168;
8.002213;0.209374;-0.592702;0.833557;-0.209374;0.052344;-0.665765;0.962179;
8.002214;0.209321;-0.592590;0.833593;-0.209321;0.052331;-0.665621;0.962184;
8.002215;0.209276;-0.592497;0.833623;-0.209276;0.052319;-0.665501;0.962189;
8.002216;0.209231;-0.592404;0.833653;-0.209231;0.052308;-0.665381;0.962194;
8.002217;0.209190;-0.592320;0.833680;-0.209190;0.052298;-0.665273;0.962198;
8.002217;0.209150;-0.592236;0.833707;-0.209150;0.052288;-0.665165;0.962202;
8.002218;0.209109;-0.592152;0.833734;-0.209109;0.052278;-0.665057;0.962206;
8.002219;0.209069;-0.592068;0.833761;-0.209069;0.052268;-0.664949;0.962210;
8.002220;0.209029;-0.591984;0.833788;-0.209029;0.052258;-0.664841;0.962214;
8.002221;0.208948;-0.591816;0.833842;-0.208948;0.052237;-0.664625;0.962222;
8.002224;0.208786;-0.591481;0.833950;-0.208786;0.052197;-0.664194;0.962239;
8.002231;0.208464;-0.590810;0.834166;-0.208464;0.052116;-0.663331;0.962272;
8.002243;0.207819;-0.589469;0.834597;-0.207819;0.051955;-0.661607;0.962337;
8.002268;0.206536;-0.586789;0.835457;-0.206536;0.051634;-0.658166;0.962469;
8.002317;0.203988;-0.581439;0.837170;-0.203988;0.050997;-0.651313;0.962734;
8.002416;0.198970;-0.570780;0.840568;-0.198970;0.049743;-0.637723;0.963266;
8.002515;0.194022;-0.560146;0.843937;-0.194022;0.048506;-0.624247;0.963801;
8.002614;0.189145;-0.549541;0.847277;-0.189145;0.047287;-0.610886;0.964338;
8.002812;0.179539;-0.528362;0.853891;-0.179539;0.044885;-0.584433;0.965417;
8.003010;0.170188;-0.507275;0.860401;-0.170188;0.042547;-0.558392;0.966500;
8.003208;0.161122;-0.486310;0.866803;-0.161122;0.040281;-0.532782;0.967585;
8.003604;0.143852;-0.444768;0.879288;-0.143852;0.035963;-0.482844;0.969745;
8.004000;0.127737;-0.403782;0.891360;-0.127737;0.031934;-0.434555;0.971877;
8.004396;0.112765;-0.363384;0.903036;-0.112765;0.028191;-0.387855;0.973964;
8.004793;0.098916;-0.323603;0.914329;-0.098916;0.024729;-0.342682;0.975992;
8.005189;0.086161;-0.284462;0.925254;-0.086161;0.021541;-0.298980;0.977947;
8.005585;0.074466;-0.245982;0.935826;-0.074466;0.018617;-0.256693;0.979822;
8.005863;0.066860;-0.219357;0.943049;-0.066860;0.016715;-0.227803;0.981086;
8.005863;0.066860;-0.219357;0.943049;-0.066860;0.016715;-0.227803;0.981086;
8.005863;0.066860;-0.219356;0.943049;-0.066860;0.016715;-0.227803;0.981086;
8.005863;0.066860;-0.219356;0.943049;-0.066860;0.016715;-0.227803;0.981086;
8.005864;0.066824;-0.219243;0.943077;-0.066824;0.016706;-0.227689;0.981092;
8.005865;0.066795;-0.219135;0.943106;-0.066795;0.016699;-0.227573;0.981097;
8.005867;0.066736;-0.218922;0.943164;-0.066736;0.016684;-0.227342;0.981107;
8.005872;0.066616;-0.218493;0.943280;-0.066616;0.016654;-0.226880;0.981127;
8.005881;0.066379;-0.217636;0.943511;-0.066379;0.016595;-0.225955;0.981167;
8.005899;0.065907;-0.215923;0.943972;-0.065907;0.016477;-0.224108;0.981247;
8.005935;0.064967;-0.212502;0.944894;-0.064967;0.016242;-0.220423;0.981407;
8.006007;0.063112;-0.205676;0.946728;-0.063112;0.015778;-0.213085;0.981725;
8.006151;0.059499;-0.192094;0.950365;-0.059499;0.014875;-0.198538;0.982352;
8.006440;0.052644;-0.165205;0.957511;-0.052644;0.013161;-0.169954;0.983566;
8.006729;0.046274;-0.138688;0.964491;-0.046274;0.011569;-0.142036;0.984728;
8.007017;0.040370;-0.112547;0.971308;-0.040370;0.010093;-0.114767;0.985839;
8.007306;0.034914;-0.086785;0.977967;-0.034914;0.008729;-0.088132;0.986897;
8.007595;0.029884;-0.061402;0.984471;-0.029884;0.007471;-0.062114;0.987903;
8.007883;0.025262;-0.036401;0.990825;-0.025262;0.006315;-0.036698;0.988857;
8.008172;0.021025;-0.011782;0.997033;-0.021025;0.005256;-0.011868;0.989761;
8.008460;0.017155;0.012456;1.003097;-0.017155;0.004289;0.012390;0.990614;
8.008720;0.013968;0.033943;1.008436;-0.013968;0.003492;0.033743;0.991340;
8.008980;0.011048;0.055121;1.013664;-0.011048;0.002762;0.054655;0.992028;
8.009240;0.008379;0.075992;1.018784;-0.008379;0.002095;0.075135;0.992678;
8.009499;0.005948;0.096556;1.023798;-0.005948;0.001487;0.095192;0.993291;
8.009759;0.003742;0.116814;1.028709;-0.003742;0.000935;0.114834;0.993868;
8.010019;0.001747;0.136768;1.033518;-0.001747;0.000437;0.134071;0.994412;
8.010279;-0.000050;0.156419;1.038228;0.000050;-0.000012;0.152912;0.994922;
8.010538;-0.001660;0.175769;1.042841;0.001660;-0.000415;0.171364;0.995400;
8.010798;-0.003096;0.194821;1.047360;0.003096;-0.000774;0.189437;0.995847;
8.011058;-0.004370;0.213575;1.051785;0.004370;-0.001092;0.207137;0.996265;
8.011318;-0.005491;0.232035;1.056119;0.005491;-0.001373;0.224473;0.996655;
8.011578;-0.006472;0.250203;1.060364;0.006472;-0.001618;0.241452;0.997017;
8.011837;-0.007322;0.268080;1.064521;0.007322;-0.001830;0.258082;0.997354;
8.012097;-0.008050;0.285671;1.068593;0.008050;-0.002013;0.274370;0.997667;
8.012357;-0.008667;0.302977;1.072581;0.008667;-0.002167;0.290323;0.997956;
8.012705;-0.009336;0.325728;1.077798;0.009336;-0.002334;0.311189;0.998309;
8.012842;-0.009552;0.334572;1.079818;0.009552;-0.002388;0.319268;0.998438;
8.012932;-0.009680;0.340328;1.081130;0.009680;-0.002420;0.324517;0.998520;
8.013010;-0.009782;0.345282;1.082258;0.009782;-0.002445;0.329028;0.998588;
8.013012;-0.009784;0.345391;1.082282;0.009784;-0.002446;0.329127;0.998590;
8.013012;-0.009784;0.345391;1.082282;0.009784;-0.002446;0.329127;0.998590;
8.013016;-0.009789;0.345636;1.082338;0.009789;-0.002447;0.329351;0.998593;
8.013020;-0.009794;0.345881;1.082394;0.009794;-0.002448;0.329574;0.998596;
8.013028;-0.009803;0.346368;1.082505;0.009803;-0.002451;0.330017;0.998603;
8.013043;-0.009822;0.347325;1.082723;0.009822;-0.002456;0.330888;0.998617;
8.013074;-0.009859;0.349182;1.083145;0.009859;-0.002465;0.332576;0.998643;
8.013137;-0.009927;0.352680;1.083939;0.009927;-0.002482;0.335755;0.998695;
8.013199;-0.009991;0.355974;1.084687;0.009991;-0.002498;0.338746;0.998746;
8.013261;-0.010050;0.359074;1.085390;0.010050;-0.002513;0.341559;0.998796;
8.013386;-0.010158;0.364853;1.086700;0.010158;-0.002540;0.346797;0.998893;
8.013510;-0.010250;0.369994;1.087863;0.010250;-0.002563;0.351450;0.998986;
8.013760;-0.010385;0.378564;1.089799;0.010385;-0.002596;0.359194;0.999161;
8.014009;-0.010461;0.385149;1.091284;0.010461;-0.002615;0.365134;0.999322;
8.014258;-0.010481;0.390117;1.092403;0.010481;-0.002620;0.369609;0.999468;
8.014507;-0.010453;0.393787;1.093229;0.010453;-0.002613;0.372912;0.999602;
8.014756;-0.010380;0.396426;1.093822;0.010380;-0.002595;0.375285;0.999723;
8.015005;-0.010269;0.398248;1.094231;0.010269;-0.002567;0.376922;0.999833;
8.015254;-0.010124;0.399424;1.094496;0.010124;-0.002531;0.377979;0.999931;
8.015503;-0.009949;0.400092;1.094646;0.009949;-0.002487;0.378579;1.000020;
8.015752;-0.009748;0.400362;1.094706;0.009748;-0.002437;0.378822;1.000099;
8.016251;-0.009288;0.400107;1.094649;0.009288;-0.002322;0.378593;1.000232;
8.016749;-0.008765;0.399055;1.094413;0.008765;-0.002191;0.377650;1.000335;
8.017247;-0.008201;0.397510;1.094067;0.008201;-0.002050;0.376263;1.000413;
8.017745;-0.007612;0.395679;1.093656;0.007612;-0.001903;0.374619;1.000467;
8.018244;-0.007014;0.393697;1.093210;0.007014;-0.001753;0.372838;1.000504;
8.018742;-0.006418;0.391647;1.092749;0.006418;-0.001604;0.370995;1.000525;
8.019240;-0.005834;0.389580;1.092285;0.005834;-0.001459;0.369135;1.000533;
8.020237;-0.004736;0.385521;1.091371;0.004736;-0.001184;0.365481;1.000522;
8.021233;-0.003748;0.381606;1.090489;0.003748;-0.000937;0.361952;1.000486;
8.022230;-0.002888;0.377876;1.089648;0.002888;-0.000722;0.358587;1.000434;
8.022386;-0.002765;0.377307;1.089519;0.002765;-0.000691;0.358073;1.000425;
8.022386;-0.002765;0.377307;1.089519;0.002765;-0.000691;0.358073;1.000425;
8.022398;-0.002756;0.377266;1.089510;0.002756;-0.000689;0.358036;1.000424;
8.022409;-0.002748;0.377226;1.089501;0.002748;-0.000687;0.358000;1.000423;
8.022431;-0.002730;0.377145;1.089482;0.002730;-0.000683;0.357927;1.000422;
8.022476;-0.002696;0.376983;1.089446;0.002696;-0.000674;0.357781;1.000419;
8.022566;-0.002628;0.376661;1.089373;0.002628;-0.000657;0.357490;1.000414;
8.022745;-0.002495;0.376023;1.089229;0.002495;-0.000624;0.356913;1.000403;
8.023104;-0.002244;0.374765;1.088945;0.002244;-0.000561;0.355778;1.000381;
8.023821;-0.001791;0.372328;1.088394;0.001791;-0.000448;0.353575;1.000337;
8.025256;-0.001068;0.367741;1.087357;0.001068;-0.000267;0.349426;1.000255;
8.026691;-0.000559;0.363519;1.086401;0.000559;-0.000140;0.345603;1.000184;
8.028125;-0.000221;0.359635;1.085521;0.000221;-0.000055;0.342082;1.000126;
8.029560;-0.000012;0.356062;1.084711;0.000012;-0.000003;0.338840;1.000082;
8.030995;0.000104;0.352778;1.083965;-0.000104;0.000026;0.335858;1.000050;
8.032429;0.000156;0.349761;1.083280;-0.000156;0.000039;0.333116;1.000028;
8.033864;0.000169;0.346991;1.082650;-0.000169;0.000042;0.330597;1.000014;
8.035299;0.000158;0.344450;1.082072;-0.000158;0.000040;0.328284;1.000006;
8.036733;0.000137;0.342120;1.081541;-0.000137;0.000034;0.326162;1.000002;
8.038168;0.000112;0.339985;1.081055;-0.000112;0.000028;0.324217;1.000000;
8.041037;0.000069;0.336228;1.080199;-0.000069;0.000017;0.320791;1.000001;
8.042766;0.000049;0.333720;1.079626;-0.000049;0.000012;0.318503;1.000003;
8.044291;0.000036;0.331245;1.079062;-0.000036;0.000009;0.316244;1.000004;
8.045817;0.000028;0.328693;1.078479;-0.000028;0.000007;0.313912;1.000006;
8.047342;0.000023;0.326208;1.077911;-0.000023;0.000006;0.311640;1.000007;
8.048868;0.000020;0.323878;1.077378;-0.000020;0.000005;0.309509;1.000007;
8.050394;0.000019;0.321738;1.076888;-0.000019;0.000005;0.307549;1.000008;
8.051919;0.000020;0.319796;1.076443;-0.000020;0.000005;0.305771;1.000008;
8.054970;0.000021;0.316469;1.075681;-0.000021;0.000005;0.302723;1.000008;
8.058021;0.000023;0.313811;1.075072;-0.000023;0.000006;0.300285;1.000008;
8.061072;0.000024;0.311722;1.074593;-0.000024;0.000006;0.298368;1.000008;
8.064124;0.000025;0.310111;1.074223;-0.000025;0.000006;0.296890;1.000008;
8.067175;0.000025;0.308901;1.073945;-0.000025;0.000006;0.295778;1.000007;
8.070226;0.000025;0.308023;1.073744;-0.000025;0.000006;0.294972;1.000007;
8.073277;0.000024;0.307423;1.073606;-0.000024;0.000006;0.294420;1.000007;
8.076328;0.000024;0.307053;1.073521;-0.000024;0.000006;0.294081;1.000007;
8.079379;0.000023;0.306875;1.073480;-0.000023;0.000006;0.293917;1.000007;
8.082430;0.000023;0.306856;1.073476;-0.000023;0.000006;0.293900;1.000007;
8.085481;0.000022;0.306969;1.073501;-0.000022;0.000006;0.294004;1.000007;
8.088532;0.000022;0.307191;1.073552;-0.000022;0.000005;0.294207;1.000006;
8.091583;0.000021;0.307503;1.073624;-0.000021;0.000005;0.294494;1.000006;
8.094635;0.000021;0.307888;1.073712;-0.000021;0.000005;0.294847;1.000006;
8.097686;0.000020;0.308333;1.073815;-0.000020;0.000005;0.295257;1.000006;
8.100737;0.000020;0.308828;1.073928;-0.000020;0.000005;0.295711;1.000006;
8.102179;0.000019;0.309075;1.073985;-0.000019;0.000005;0.295938;1.000006;
8.102179;0.000019;0.309075;1.073985;-0.000019;0.000005;0.295938;1.000006;
8.102179;0.000020;0.309075;1.073985;-0.000020;0.000005;0.295938;1.000006;
8.102180;0.000021;0.309076;1.073985;-0.000021;0.000005;0.295938;1.000007;
8.102181;0.000024;0.309076;1.073985;-0.000024;0.000006;0.295939;1.000008;
8.102184;0.000028;0.309076;1.073985;-0.000028;0.000007;0.295939;1.000010;
8.102189;0.000036;0.309077;1.073986;-0.000036;0.000009;0.295940;1.000013;
8.102200;0.000054;0.309079;1.073986;-0.000054;0.000013;0.295942;1.000021;
8.102221;0.000090;0.309083;1.073987;-0.000090;0.000022;0.295945;1.000037;
8.102264;0.000168;0.309090;1.073989;-0.000168;0.000042;0.295952;1.000070;
8.102350;0.000345;0.309106;1.073992;-0.000345;0.000086;0.295966;1.000141;
8.102521;0.000787;0.309136;1.073999;-0.000787;0.000197;0.295994;1.000303;
8.102692;0.001341;0.309167;1.074006;-0.001341;0.000335;0.296022;1.000487;
8.103034;0.002760;0.309229;1.074020;-0.002760;0.000690;0.296078;1.000893;
8.103342;0.004370;0.309285;1.074033;-0.004370;0.001093;0.296129;1.001289;
8.103650;0.006260;0.309343;1.074045;-0.006260;0.001565;0.296179;1.001691;
8.103958;0.008393;0.309402;1.074058;-0.008393;0.002098;0.296229;1.002084;
8.104266;0.010731;0.309462;1.074070;-0.010731;0.002683;0.296277;1.002456;
8.104573;0.013236;0.309523;1.074082;-0.013236;0.003309;0.296325;1.002797;
8.104881;0.015876;0.309585;1.074094;-0.015876;0.003969;0.296372;1.003102;
8.105189;0.018619;0.309649;1.074105;-0.018619;0.004655;0.296417;1.003367;
8.105497;0.021438;0.309713;1.074116;-0.021438;0.005359;0.296460;1.003593;
8.105805;0.024307;0.309778;1.074126;-0.024307;0.006077;0.296502;1.003780;
8.106113;0.027205;0.309843;1.074136;-0.027205;0.006801;0.296541;1.003929;
8.106293;0.028903;0.309882;1.074142;-0.028903;0.007226;0.296564;1.004000;
8.106293;0.028903;0.309882;1.074142;-0.028903;0.007226;0.296564;1.004000;
8.106296;0.028931;0.309882;1.074142;-0.028931;0.007233;0.296564;1.004001;
8.106299;0.028958;0.309883;1.074142;-0.028958;0.007240;0.296564;1.004002;
8.106304;0.029013;0.309884;1.074142;-0.029013;0.007253;0.296565;1.004004;
8.106316;0.029122;0.309887;1.074142;-0.029122;0.007281;0.296567;1.004008;
8.106339;0.029341;0.309892;1.074143;-0.029341;0.007335;0.296569;1.004016;
8.106385;0.029778;0.309902;1.074144;-0.029778;0.007444;0.296575;1.004032;
8.106477;0.030651;0.309921;1.074147;-0.030651;0.007663;0.296586;1.004061;
8.106662;0.032396;0.309961;1.074152;-0.032396;0.008099;0.296607;1.004110;
8.107031;0.035869;0.310041;1.074163;-0.035869;0.008967;0.296648;1.004181;
8.107172;0.037191;0.310072;1.074166;-0.037191;0.009298;0.296663;1.004200;
8.107172;0.037191;0.310072;1.074166;-0.037191;0.009298;0.296663;1.004200;
8.107175;0.037222;0.310073;1.074166;-0.037222;0.009305;0.296663;1.004200;
8.107179;0.037252;0.310073;1.074167;-0.037252;0.009313;0.296664;1.004201;
8.107185;0.037313;0.310075;1.074167;-0.037313;0.009328;0.296664;1.004201;
8.107198;0.037435;0.310078;1.074167;-0.037435;0.009359;0.296666;1.004203;
8.107224;0.037680;0.310083;1.074168;-0.037680;0.009420;0.296668;1.004205;
8.107277;0.038167;0.310095;1.074169;-0.038167;0.009542;0.296674;1.004210;
8.107381;0.039141;0.310118;1.074172;-0.039141;0.009785;0.296684;1.004218;
8.107590;0.041077;0.310163;1.074177;-0.041077;0.010269;0.296705;1.004227;
8.108008;0.044909;0.310254;1.074186;-0.044909;0.011227;0.296743;1.004227;
8.108427;0.048686;0.310346;1.074195;-0.048686;0.012172;0.296778;1.004206;
8.108526;0.049580;0.310367;1.074197;-0.049580;0.012395;0.296786;1.004200;
8.108526;0.049580;0.310367;1.074197;-0.049580;0.012395;0.296786;1.004200;
8.108530;0.049614;0.310368;1.074197;-0.049614;0.012404;0.296787;1.004200;
8.108534;0.049648;0.310369;1.074197;-0.049648;0.012412;0.296787;1.004199;
8.108542;0.049716;0.310371;1.074197;-0.049716;0.012429;0.296787;1.004199;
8.108557;0.049853;0.310374;1.074198;-0.049853;0.012463;0.296789;1.004197;
8.108588;0.050127;0.310381;1.074198;-0.050127;0.012532;0.296791;1.004195;
8.108649;0.050672;0.310394;1.074200;-0.050672;0.012668;0.296796;1.004190;
8.108771;0.051760;0.310421;1.074202;-0.051760;0.012940;0.296805;1.004179;
8.109016;0.053924;0.310475;1.074206;-0.053924;0.013481;0.296823;1.004155;
8.109507;0.058205;0.310582;1.074214;-0.058205;0.014551;0.296855;1.004104;
8.109997;0.062433;0.310689;1.074221;-0.062433;0.015608;0.296883;1.004054;
8.110604;0.067627;0.310822;1.074229;-0.067627;0.016907;0.296913;1.004000;
8.110604;0.067627;0.310822;1.074229;-0.067627;0.016907;0.296913;1.004000;
8.110608;0.067665;0.310823;1.074229;-0.067665;0.016916;0.296913;1.004000;
8.110613;0.067704;0.310824;1.074229;-0.067704;0.016926;0.296913;1.003999;
8.110622;0.067780;0.310826;1.074229;-0.067780;0.016945;0.296913;1.003999;
8.110640;0.067934;0.310830;1.074229;-0.067934;0.016984;0.296914;1.003997;
8.110676;0.068240;0.310838;1.074230;-0.068240;0.017060;0.296916;1.003994;
8.110748;0.068853;0.310854;1.074230;-0.068853;0.017213;0.296919;1.003988;
8.110893;0.070077;0.310886;1.074232;-0.070077;0.017519;0.296924;1.003976;
8.111182;0.072519;0.310949;1.074234;-0.072519;0.018130;0.296935;1.003955;
8.111760;0.077394;0.311077;1.074238;-0.077394;0.019349;0.296951;1.003923;
8.112917;0.087138;0.311334;1.074242;-0.087138;0.021785;0.296967;1.003889;
8.114073;0.096901;0.311594;1.074240;-0.096901;0.024226;0.296958;1.003884;
8.115230;0.106705;0.311856;1.074232;-0.106705;0.026676;0.296924;1.003895;
8.116386;0.116549;0.312120;1.074216;-0.116549;0.029138;0.296863;1.003912;
8.117542;0.126426;0.312386;1.074195;-0.126426;0.031607;0.296777;1.003927;
8.119855;0.146227;0.312921;1.074132;-0.146227;0.036557;0.296525;1.003945;
8.121937;0.164085;0.313406;1.074052;-0.164085;0.041022;0.296207;1.003953;
8.124018;0.181966;0.313894;1.073951;-0.181966;0.045492;0.295802;1.003957;
8.126100;0.199871;0.314384;1.073828;-0.199871;0.049968;0.295310;1.003962;
8.128181;0.217805;0.314876;1.073683;-0.217805;0.054452;0.294730;1.003967;
8.130263;0.235769;0.315370;1.073516;-0.235769;0.058943;0.294061;1.003974;
8.132344;0.253765;0.315865;1.073326;-0.253765;0.063442;0.293301;1.003982;
8.134426;0.271790;0.316362;1.073114;-0.271790;0.067948;0.292452;1.003989;
8.136508;0.289844;0.316859;1.072878;-0.289844;0.072462;0.291511;1.003996;
8.137765;0.300761;0.317160;1.072725;-0.300761;0.075191;0.290898;1.004000;
8.137765;0.300761;0.317160;1.072725;-0.300761;0.075191;0.290898;1.004000;
8.137773;0.300836;0.317162;1.072724;-0.300836;0.075210;0.290894;1.004000;
8.137782;0.300910;0.317165;1.072723;-0.300910;0.075228;0.290890;1.004000;
8.137799;0.301060;0.317169;1.072721;-0.301060;0.075266;0.290881;1.004000;
8.137834;0.301359;0.317177;1.072717;-0.301359;0.075340;0.290864;1.004000;
8.137902;0.301957;0.317193;1.072708;-0.301957;0.075490;0.290829;1.004001;
8.138040;0.303154;0.317226;1.072690;-0.303154;0.075789;0.290760;1.004001;
8.138316;0.305548;0.317292;1.072655;-0.305548;0.076388;0.290619;1.004002;
8.138866;0.310336;0.317424;1.072584;-0.310336;0.077585;0.290334;1.004004;
8.139968;0.319918;0.317689;1.072436;-0.319918;0.079980;0.289743;1.004007;
8.142171;0.339105;0.318218;1.072122;-0.339105;0.084777;0.288485;1.004014;
8.144375;0.358321;0.318747;1.071781;-0.358321;0.089581;0.287122;1.004021;
8.148782;0.396835;0.319807;1.071021;-0.396835;0.099209;0.284080;1.004036;
8.153188;0.435454;0.320869;1.070154;-0.435454;0.108864;0.280614;1.004050;
8.156283;0.462638;0.321616;1.069481;-0.462638;0.115660;0.277923;1.004059;
8.156283;0.462638;0.321616;1.069481;-0.462638;0.115660;0.277923;1.004059;
8.156295;0.462744;0.321618;1.069479;-0.462744;0.115687;0.277913;1.004059;
8.156307;0.462849;0.321621;1.069476;-0.462849;0.115713;0.277902;1.004059;
8.156331;0.463061;0.321627;1.069471;-0.463061;0.115766;0.277880;1.004059;
8.156379;0.463483;0.321639;1.069460;-0.463483;0.115872;0.277836;1.004060;
8.156476;0.464329;0.321662;1.069438;-0.464329;0.116083;0.277749;1.004060;
8.156668;0.466021;0.321708;1.069394;-0.466021;0.116506;0.277574;1.004061;
8.157053;0.469404;0.321801;1.069306;-0.469404;0.117352;0.277222;1.004062;
8.157822;0.476173;0.321987;1.069127;-0.476173;0.119044;0.276507;1.004064;
8.159361;0.489720;0.322358;1.068760;-0.489720;0.122431;0.275037;1.004069;
8.162440;0.516846;0.323102;1.067985;-0.516846;0.129213;0.271939;1.004079;
8.165518;0.544014;0.323846;1.067158;-0.544014;0.136005;0.268628;1.004088;
8.171674;0.598465;0.325335;1.065341;-0.598465;0.149618;0.261363;1.004107;
8.177830;0.653058;0.326828;1.063309;-0.653058;0.163266;0.253235;1.004125;
8.183986;0.707774;0.328325;1.061059;-0.707774;0.176945;0.244234;1.004144;
8.190143;0.762597;0.329827;1.058589;-0.762597;0.190651;0.234353;1.004162;
8.196299;0.817510;0.331335;1.055897;-0.817510;0.204379;0.223586;1.004180;
8.199185;0.843279;0.332044;1.054558;-0.843279;0.210821;0.218231;1.004189;
8.200628;0.856168;0.332400;1.053870;-0.856168;0.214044;0.215480;1.004193;
8.201349;0.862615;0.332577;1.053522;-0.862615;0.215655;0.214085;1.004195;
8.201710;0.865684;0.332649;1.053352;-0.865684;0.216423;0.213405;1.004140;
8.202008;0.867933;0.332676;1.053221;-0.867933;0.216985;0.212881;1.004000;
8.202008;0.867933;0.332676;1.053221;-0.867933;0.216985;0.212881;1.004000;
8.202008;0.867935;0.332676;1.053221;-0.867935;0.216986;0.212880;1.004000;
8.202009;0.867939;0.332676;1.053220;-0.867939;0.216987;0.212879;1.004000;
8.202009;0.867941;0.332676;1.053220;-0.867941;0.216987;0.212879;1.003999;
8.202009;0.867946;0.332676;1.053220;-0.867946;0.216988;0.212878;1.003999;
8.202011;0.867954;0.332676;1.053219;-0.867954;0.216990;0.212876;1.003998;
8.202011;0.867958;0.332677;1.053219;-0.867958;0.216991;0.212875;1.003998;
8.202012;0.867967;0.332677;1.053219;-0.867967;0.216994;0.212873;1.003997;
8.202015;0.867984;0.332677;1.053218;-0.867984;0.216998;0.212869;1.003996;
8.202020;0.868017;0.332677;1.053216;-0.868017;0.217006;0.212861;1.003993;
8.202029;0.868084;0.332677;1.053212;-0.868084;0.217023;0.212845;1.003987;
8.202048;0.868217;0.332678;1.053204;-0.868217;0.217056;0.212813;1.003975;
8.202086;0.868477;0.332679;1.053188;-0.868477;0.217121;0.212750;1.003949;
8.202161;0.868975;0.332678;1.053157;-0.868975;0.217246;0.212627;1.003892;
8.202312;0.869890;0.332669;1.053099;-0.869890;0.217474;0.212394;1.003759;
8.202614;0.871414;0.332627;1.052996;-0.871414;0.217855;0.211981;1.003447;
8.202916;0.872661;0.332567;1.052905;-0.872661;0.218167;0.211617;1.003107;
8.203218;0.873662;0.332494;1.052826;-0.873662;0.218417;0.211302;1.002758;
8.203822;0.875184;0.332336;1.052695;-0.875184;0.218798;0.210778;1.002075;
8.204426;0.876055;0.332172;1.052603;-0.876055;0.219016;0.210408;1.001446;
8.205633;0.876705;0.331932;1.052506;-0.876705;0.219178;0.210023;1.000526;
8.206666;0.876609;0.331852;1.052493;-0.876609;0.219154;0.209970;1.000091;
8.207698;0.876461;0.331901;1.052514;-0.876461;0.219117;0.210053;0.999930;
8.208731;0.876520;0.332062;1.052548;-0.876520;0.219132;0.210190;0.999947;
8.209763;0.876859;0.332301;1.052583;-0.876859;0.219217;0.210331;1.000049;
8.210796;0.877436;0.332582;1.052614;-0.877436;0.219361;0.210452;1.000167;
8.211828;0.878158;0.332876;1.052638;-0.878158;0.219541;0.210550;1.000261;
8.213893;0.879705;0.333444;1.052676;-0.879705;0.219928;0.210701;1.000346;
8.215958;0.881218;0.333972;1.052706;-0.881218;0.220306;0.210821;1.000343;
8.218023;0.882609;0.334463;1.052735;-0.882609;0.220654;0.210937;1.000308;
8.220088;0.883903;0.334932;1.052764;-0.883903;0.220977;0.211056;1.000277;
8.223807;0.886159;0.335751;1.052816;-0.886159;0.221542;0.211263;1.000255;
8.223807;0.886159;0.335751;1.052816;-0.886159;0.221542;0.211263;1.000255;
8.223851;0.886185;0.335761;1.052817;-0.886185;0.221548;0.211265;1.000255;
8.223895;0.886210;0.335770;1.052817;-0.886210;0.221554;0.211268;1.000255;
8.223983;0.886261;0.335789;1.052819;-0.886261;0.221567;0.211273;1.000255;
8.224159;0.886364;0.335826;1.052821;-0.886364;0.221593;0.211282;1.000255;
8.224511;0.886570;0.335902;1.052826;-0.886570;0.221644;0.211302;1.000255;
8.225215;0.886984;0.336052;1.052835;-0.886984;0.221748;0.211339;1.000256;
8.226623;0.887816;0.336350;1.052853;-0.887816;0.221956;0.211411;1.000258;
8.229439;0.889470;0.336932;1.052887;-0.889470;0.222369;0.211544;1.000258;
8.235071;0.892671;0.338047;1.052947;-0.892671;0.223170;0.211788;1.000248;
8.240703;0.895723;0.339104;1.053004;-0.895723;0.223932;0.212012;1.000234;
8.246335;0.898628;0.340116;1.053058;-0.898628;0.224659;0.212228;1.000222;
8.251967;0.901392;0.341090;1.053111;-0.901392;0.225350;0.212443;1.000211;
8.257599;0.903985;0.341758;1.053103;-0.903985;0.225998;0.212410;1.000200;
8.263231;0.906458;0.342572;1.053137;-0.906458;0.226616;0.212544;1.000188;
8.268284;0.908523;0.342961;1.053096;-0.908523;0.227133;0.212381;1.000179;
8.272745;0.910259;0.343328;1.053071;-0.910259;0.227567;0.212281;1.000170;
8.276761;0.911753;0.343689;1.053060;-0.911753;0.227940;0.212237;1.000162;
8.280777;0.913178;0.344057;1.053054;-0.913178;0.228296;0.212216;1.000154;
8.288808;0.915817;0.344774;1.053053;-0.915817;0.228956;0.212209;1.000138;
8.296840;0.918176;0.345472;1.053064;-0.918176;0.229546;0.212255;1.000122;
8.304871;0.920256;0.346150;1.053089;-0.920256;0.230066;0.212353;1.000106;
8.312903;0.922064;0.346809;1.053126;-0.922064;0.230518;0.212503;1.000090;
8.320934;0.923603;0.347451;1.053177;-0.923603;0.230903;0.212706;1.000075;
8.336997;0.925923;0.348684;1.053315;-0.925923;0.231483;0.213260;1.000046;
8.351453;0.927176;0.349738;1.053481;-0.927176;0.231796;0.213923;1.000021;
8.365910;0.927693;0.350742;1.053683;-0.927693;0.231925;0.214732;0.999998;
8.380366;0.927522;0.351701;1.053920;-0.927522;0.231882;0.215677;0.999977;
8.394823;0.926716;0.352617;1.054187;-0.926716;0.231681;0.216747;0.999957;
8.409279;0.925326;0.353492;1.054483;-0.925326;0.231333;0.217932;0.999940;
8.423736;0.923403;0.354329;1.054805;-0.923403;0.230853;0.219218;0.999923;
8.438193;0.920995;0.355132;1.055149;-0.920995;0.230251;0.220596;0.999909;
8.452649;0.918149;0.355902;1.055514;-0.918149;0.229539;0.222054;0.999895;
8.481562;0.911367;0.357354;1.056290;-0.911367;0.227844;0.225159;0.999873;
8.507584;0.904182;0.358569;1.057033;-0.904182;0.226047;0.228128;0.999857;
8.533606;0.896203;0.359707;1.057803;-0.896203;0.224053;0.231209;0.999845;
8.559627;0.887609;0.360779;1.058590;-0.887609;0.221904;0.234360;0.999836;
8.585649;0.878569;0.361790;1.059386;-0.878569;0.219644;0.237541;0.999830;
8.611671;0.869228;0.362749;1.060180;-0.869228;0.217309;0.240720;0.999826;
8.637693;0.859718;0.363661;1.060968;-0.859718;0.214931;0.243869;0.999825;
8.663714;0.850146;0.364531;1.061743;-0.850146;0.212538;0.246969;0.999825;
8.689736;0.840612;0.365365;1.062499;-0.840612;0.210155;0.249995;0.999827;
8.715758;0.831200;0.366166;1.063234;-0.831200;0.207802;0.252934;0.999830;
8.741780;0.821981;0.366938;1.063944;-0.821981;0.205497;0.255773;0.999835;
8.767802;0.813009;0.367684;1.064628;-0.813009;0.203254;0.258509;0.999840;
8.793823;0.804330;0.368407;1.065284;-0.804330;0.201084;0.261133;0.999846;
8.819845;0.795980;0.369108;1.065911;-0.795980;0.198997;0.263642;0.999852;
8.871889;0.780388;0.370458;1.067077;-0.780388;0.195099;0.268307;0.999866;
8.923932;0.766338;0.371744;1.068129;-0.766338;0.191586;0.272512;0.999880;
8.975976;0.753875;0.372976;1.069070;-0.753875;0.188470;0.276276;0.999895;
9.028019;0.742986;0.374161;1.069907;-0.742986;0.185748;0.279627;0.999909;
9.080063;0.733611;0.375305;1.070650;-0.733611;0.183404;0.282598;0.999922;
9.132106;0.725655;0.376412;1.071307;-0.725655;0.181415;0.285224;0.999935;
9.184150;0.719001;0.377486;1.071886;-0.719001;0.179752;0.287540;0.999946;
9.236193;0.713521;0.378527;1.072396;-0.713521;0.178382;0.289583;0.999956;
9.288237;0.709080;0.379539;1.072847;-0.709080;0.177272;0.291386;0.999964;
9.340280;0.705546;0.380523;1.073246;-0.705546;0.176388;0.292980;0.999972;
9.392324;0.702791;0.381479;1.073599;-0.702791;0.175699;0.294393;0.999978;
9.444367;0.700696;0.382408;1.073914;-0.700696;0.175175;0.295652;0.999984;
9.496411;0.699151;0.383311;1.074195;-0.699151;0.174789;0.296779;0.999988;
9.548455;0.698059;0.384188;1.074449;-0.698059;0.174516;0.297795;0.999992;
9.600498;0.697332;0.385040;1.074680;-0.697332;0.174334;0.298716;0.999995;
9.652542;0.696896;0.385867;1.074890;-0.696896;0.174225;0.299558;0.999997;
9.704585;0.696686;0.386670;1.075084;-0.696686;0.174173;0.300335;0.999999;
9.756629;0.696646;0.387448;1.075265;-0.696646;0.174163;0.301056;1.000000;
9.860716;0.696865;0.388935;1.075595;-0.696865;0.174218;0.302376;1.000001;
9.964803;0.697337;0.390329;1.075892;-0.697337;0.174336;0.303564;1.000002;
10.068890;0.697899;0.391635;1.076164;-0.697899;0.174476;0.304652;1.000002;
10.172977;0.698447;0.392855;1.076417;-0.698447;0.174613;0.305665;1.000002;
10.277064;0.698924;0.393992;1.076654;-0.698924;0.174732;0.306615;1.000002;
10.381151;0.699307;0.395051;1.076878;-0.699307;0.174828;0.307511;1.000001;
10.589325;0.699812;0.396949;1.077288;-0.699812;0.174954;0.309151;1.000000;
10.797499;0.700047;0.398574;1.077649;-0.700047;0.175013;0.310593;1.000000;
11.005673;0.700115;0.399951;1.077961;-0.700115;0.175030;0.311839;1.000000;
11.213848;0.700102;0.401105;1.078225;-0.700102;0.175027;0.312897;1.000000;
11.422022;0.700062;0.402058;1.078444;-0.700062;0.175017;0.313775;1.000000;
11.630196;0.700026;0.402832;1.078623;-0.700026;0.175008;0.314490;1.000000;
12.046544;0.699988;0.403944;1.078879;-0.699988;0.174999;0.315513;1.000000;
12.462892;0.699982;0.404563;1.079021;-0.699982;0.174997;0.316080;1.000000;
12.879240;0.699988;0.404800;1.079074;-0.699988;0.174998;0.316295;1.000000;
13.295589;0.699994;0.404755;1.079064;-0.699994;0.175000;0.316252;1.000000;
13.711937;0.699998;0.404508;1.079007;-0.699998;0.175001;0.316026;1.000000;
14.128285;0.699999;0.404125;1.078920;-0.699999;0.175001;0.315676;1.000000;
14.544633;0.700000;0.403660;1.078813;-0.700000;0.175001;0.315251;1.000000;
14.960982;0.700000;0.403153;1.078698;-0.700000;0.175001;0.314788;1.000000;
15.377330;0.700000;0.402633;1.078579;-0.700000;0.175001;0.314313;1.000000;
15.999997;0.700000;0.401896;1.078410;-0.700000;0.175001;0.313639;1.000000;
15.999997;0.700000;0.401896;1.078410;-0.700000;0.175001;0.313639;1.000000;
16.000247;0.697285;0.401864;1.078398;-0.697528;0.175159;0.313590;1.000971;
16.000497;0.695102;0.401889;1.078371;-0.695592;0.175460;0.313484;1.001968;
16.000747;0.693433;0.401955;1.078328;-0.694170;0.175890;0.313320;1.002956;
16.001019;0.691998;0.402050;1.078268;-0.693004;0.176454;0.313090;1.004000;
16.001019;0.691998;0.402050;1.078268;-0.693004;0.176454;0.313090;1.004000;
16.001060;0.691818;0.402067;1.078258;-0.692865;0.176549;0.313051;1.004157;
16.001072;0.691772;0.402072;1.078255;-0.692830;0.176575;0.313039;1.004200;
16.001072;0.691772;0.402072;1.078255;-0.692830;0.176575;0.313039;1.004200;
16.001111;0.691613;0.402090;1.078244;-0.692710;0.176670;0.313000;1.004350;
16.001151;0.691464;0.402108;1.078234;-0.692600;0.176767;0.312959;1.004499;
16.001230;0.691189;0.402144;1.078211;-0.692404;0.176967;0.312873;1.004794;
16.001389;0.690753;0.402222;1.078162;-0.692124;0.177396;0.312683;1.005369;
16.001706;0.690272;0.402387;1.078045;-0.691955;0.178351;0.312237;1.006446;
16.002024;0.690241;0.402554;1.077907;-0.692236;0.179418;0.311705;1.007412;
16.002658;0.691042;0.402853;1.077575;-0.693659;0.181768;0.310439;1.008982;
16.003293;0.692588;0.403085;1.077186;-0.695822;0.184303;0.308957;1.010079;
16.003928;0.694403;0.403239;1.076760;-0.698248;0.186903;0.307341;1.010749;
16.004563;0.696147;0.403316;1.076313;-0.700600;0.189486;0.305661;1.011072;
16.005198;0.697621;0.403332;1.075860;-0.702677;0.191999;0.303973;1.011139;
16.005832;0.698733;0.403305;1.075411;-0.704390;0.194421;0.302314;1.011040;
16.006467;0.699476;0.403253;1.074970;-0.705731;0.196750;0.300704;1.010851;
16.007102;0.699894;0.403190;1.074539;-0.706744;0.198997;0.299150;1.010631;
16.007737;0.700054;0.403128;1.074118;-0.707497;0.201179;0.297650;1.010421;
16.008372;0.700034;0.403073;1.073703;-0.708068;0.203315;0.296193;1.010244;
16.009641;0.699776;0.402995;1.072880;-0.708985;0.207531;0.293351;1.010016;
16.010911;0.699420;0.402953;1.072054;-0.709794;0.211720;0.290563;1.009930;
16.012180;0.699135;0.402936;1.071214;-0.710665;0.215924;0.287781;1.009933;
16.013450;0.698974;0.402931;1.070352;-0.711647;0.220154;0.284976;1.009976;
16.015989;0.698871;0.402919;1.068565;-0.713795;0.228660;0.279303;1.010043;
16.018528;0.698878;0.402895;1.066701;-0.716006;0.237177;0.273577;1.010056;
16.021067;0.698824;0.402867;1.064775;-0.718112;0.245666;0.267847;1.010053;
16.026145;0.698597;0.402813;1.060721;-0.722066;0.262564;0.256368;1.010039;
16.031224;0.698301;0.402763;1.056407;-0.725769;0.279378;0.244855;1.010028;
16.036302;0.697961;0.402715;1.051831;-0.729247;0.296112;0.233306;1.010022;
16.046458;0.697228;0.402625;1.041890;-0.735603;0.329338;0.210088;1.010020;
16.056615;0.696312;0.402541;1.030918;-0.741047;0.362188;0.186772;1.010002;
16.066771;0.695251;0.402463;1.018926;-0.745618;0.394639;0.163385;1.009993;
16.087084;0.692757;0.402320;0.991936;-0.752211;0.458237;0.116508;1.009976;
16.107397;0.689830;0.402204;0.961044;-0.755474;0.519903;0.069700;1.009962;
16.127710;0.686543;0.402102;0.926379;-0.755535;0.579421;0.023164;1.009950;
16.148023;0.682963;0.402003;0.888076;-0.752519;0.636579;-0.022930;1.009941;
16.168336;0.679167;0.401911;0.846289;-0.746539;0.691171;-0.068410;1.009934;
16.188649;0.675209;0.401824;0.801180;-0.737722;0.743000;-0.113113;1.009928;
16.208962;0.671136;0.401744;0.752924;-0.726183;0.791874;-0.156901;1.009924;
16.229275;0.667000;0.401667;0.701705;-0.712026;0.837609;-0.199642;1.009921;
16.249588;0.662839;0.401594;0.647721;-0.695368;0.880034;-0.241199;1.009919;
16.269901;0.658671;0.401525;0.591179;-0.676329;0.918989;-0.281465;1.009918;
16.290214;0.654531;0.401462;0.532289;-0.654995;0.954317;-0.320344;1.009917;
16.310527;0.650469;0.401395;0.471288;-0.631464;0.985877;-0.357699;1.009918;
16.330840;0.646477;0.401327;0.408415;-0.605919;1.013563;-0.393411;1.009919;
16.371466;0.638514;0.401071;0.277968;-0.548966;1.056816;-0.459795;1.009914;
16.403891;0.632724;0.401026;0.170512;-0.498563;1.079405;-0.507421;1.009927;
16.433074;0.627743;0.400981;0.072233;-0.449773;1.090422;-0.545894;1.009927;
16.462257;0.623054;0.400988;-0.026693;-0.398120;1.092509;-0.579946;1.009928;
16.491440;0.618653;0.400971;-0.125481;-0.343957;1.085628;-0.609471;1.009935;
16.499997;0.617417;0.400964;-0.154264;-0.327661;1.081915;-0.617231;1.009936;
16.499997;0.617192;0.400870;-0.154299;-0.327629;1.081908;-0.617192;1.009972;
16.499999;0.617229;0.400871;-0.154309;-0.327623;1.081907;-0.617229;1.009962;
16.500002;0.617267;0.400872;-0.154318;-0.327618;1.081905;-0.617267;1.009951;
16.500008;0.617342;0.400873;-0.154337;-0.327607;1.081902;-0.617342;1.009930;
16.500019;0.617490;0.400876;-0.154374;-0.327585;1.081897;-0.617490;1.009888;
16.500041;0.617780;0.400882;-0.154446;-0.327541;1.081886;-0.617780;1.009804;
16.500086;0.618339;0.400890;-0.154586;-0.327454;1.081864;-0.618339;1.009633;
16.500175;0.619374;0.400899;-0.154845;-0.327287;1.081822;-0.619374;1.009283;
16.500353;0.621132;0.400887;-0.155284;-0.326978;1.081745;-0.621132;1.008569;
16.500530;0.622601;0.400853;-0.155652;-0.326698;1.081675;-0.622601;1.007851;
16.500708;0.623803;0.400801;-0.155952;-0.326445;1.081612;-0.623803;1.007136;
16.501064;0.625653;0.400669;-0.156415;-0.326009;1.081503;-0.625653;1.005743;
16.501420;0.626706;0.400505;-0.156678;-0.325679;1.081421;-0.626706;1.004431;
16.501486;0.626838;0.400473;-0.156711;-0.325629;1.081408;-0.626838;1.004200;
16.501486;0.626838;0.400473;-0.156711;-0.325629;1.081408;-0.626838;1.004200;
16.501529;0.626891;0.400452;-0.156724;-0.325600;1.081401;-0.626891;1.004053;
16.501544;0.626907;0.400444;-0.156728;-0.325589;1.081398;-0.626907;1.004000;
16.501544;0.626907;0.400444;-0.156728;-0.325589;1.081398;-0.626907;1.004000;
16.501586;0.626948;0.400422;-0.156738;-0.325563;1.081391;-0.626948;1.003857;
16.501628;0.626980;0.400400;-0.156746;-0.325537;1.081385;-0.626980;1.003716;
16.501712;0.627025;0.400357;-0.156758;-0.325490;1.081373;-0.627025;1.003439;
16.501880;0.627027;0.400271;-0.156758;-0.325412;1.081354;-0.627027;1.002909;
16.502216;0.626738;0.400108;-0.156686;-0.325313;1.081329;-0.626738;1.001954;
16.502551;0.626131;0.399960;-0.156534;-0.325282;1.081321;-0.626131;1.001141;
16.503223;0.624427;0.399728;-0.156108;-0.325362;1.081341;-0.624427;0.999922;
16.503894;0.622417;0.399581;-0.155606;-0.325570;1.081393;-0.622417;0.999191;
16.504566;0.620483;0.399511;-0.155122;-0.325834;1.081459;-0.620483;0.998852;
16.505909;0.617662;0.399509;-0.154417;-0.326310;1.081578;-0.617662;0.998806;
16.507028;0.616377;0.399593;-0.154096;-0.326604;1.081652;-0.616377;0.999148;
16.508148;0.615906;0.399692;-0.153978;-0.326773;1.081694;-0.615906;0.999536;
16.509267;0.615934;0.399773;-0.153985;-0.326842;1.081711;-0.615934;0.999828;
16.510644;0.616209;0.399817;-0.154053;-0.326836;1.081710;-0.616209;0.999944;
16.512021;0.616334;0.399838;-0.154085;-0.326834;1.081709;-0.616334;0.999966;
16.513398;0.616337;0.399850;-0.154086;-0.326844;1.081712;-0.616337;0.999952;
16.514774;0.616257;0.399858;-0.154066;-0.326865;1.081717;-0.616257;0.999931;
16.517528;0.615988;0.399876;-0.153998;-0.326927;1.081732;-0.615988;0.999906;
16.523035;0.615460;0.399917;-0.153866;-0.327053;1.081764;-0.615460;0.999901;
16.528542;0.615004;0.399956;-0.153752;-0.327165;1.081792;-0.615004;0.999906;
16.534049;0.614616;0.399991;-0.153655;-0.327262;1.081816;-0.614616;0.999914;
16.545064;0.613983;0.400056;-0.153497;-0.327427;1.081857;-0.613983;0.999928;
16.556078;0.613566;0.400111;-0.153393;-0.327547;1.081887;-0.613566;0.999941;
16.567092;0.613360;0.400158;-0.153341;-0.327625;1.081907;-0.613360;0.999953;
16.589121;0.613503;0.400237;-0.153377;-0.327673;1.081919;-0.613503;0.999974;
16.611150;0.614313;0.400300;-0.153580;-0.327594;1.081899;-0.614313;0.999992;
16.633178;0.615687;0.400351;-0.153923;-0.327410;1.081853;-0.615687;1.000007;
16.655207;0.617529;0.400393;-0.154384;-0.327137;1.081785;-0.617529;1.000020;
16.677236;0.619756;0.400427;-0.154940;-0.326792;1.081699;-0.619756;1.000030;
16.699264;0.622292;0.400454;-0.155574;-0.326387;1.081597;-0.622292;1.000039;
16.721293;0.625072;0.400477;-0.156269;-0.325933;1.081484;-0.625072;1.000046;
16.743322;0.628039;0.400495;-0.157011;-0.325442;1.081361;-0.628039;1.000051;
16.765350;0.631143;0.400509;-0.157787;-0.324921;1.081231;-0.631143;1.000055;
16.787379;0.634340;0.400520;-0.158586;-0.324378;1.081095;-0.634340;1.000058;
16.809408;0.637593;0.400529;-0.159399;-0.323820;1.080956;-0.637593;1.000060;
16.831436;0.640868;0.400535;-0.160218;-0.323253;1.080814;-0.640868;1.000062;
16.853465;0.644138;0.400539;-0.161036;-0.322682;1.080671;-0.644138;1.000062;
16.875494;0.647378;0.400542;-0.161846;-0.322112;1.080529;-0.647378;1.000062;
16.897522;0.650569;0.400543;-0.162644;-0.321547;1.080387;-0.650569;1.000062;
16.919551;0.653694;0.400543;-0.163425;-0.320989;1.080248;-0.653694;1.000061;
16.963608;0.659678;0.400540;-0.164921;-0.319911;1.079978;-0.659678;1.000058;
17.007666;0.665265;0.400534;-0.166318;-0.318892;1.079724;-0.665265;1.000054;
17.051723;0.670408;0.400525;-0.167603;-0.317943;1.079486;-0.670408;1.000050;
17.095780;0.675080;0.400513;-0.168771;-0.317072;1.079269;-0.675080;1.000045;
17.139838;0.679273;0.400500;-0.169820;-0.316282;1.079071;-0.679273;1.000040;
17.183895;0.682993;0.400485;-0.170750;-0.315574;1.078894;-0.682993;1.000036;
17.227952;0.686258;0.400469;-0.171566;-0.314947;1.078737;-0.686258;1.000031;
17.272009;0.689094;0.400451;-0.172275;-0.314396;1.078600;-0.689094;1.000027;
17.316067;0.691529;0.400433;-0.172884;-0.313918;1.078480;-0.691529;1.000023;
17.404181;0.695381;0.400392;-0.173847;-0.313148;1.078288;-0.695381;1.000016;
17.492296;0.698056;0.400348;-0.174516;-0.312597;1.078150;-0.698056;1.000011;
17.580411;0.699803;0.400301;-0.174952;-0.312219;1.078056;-0.699803;1.000007;
17.668525;0.700849;0.400252;-0.175214;-0.311974;1.077994;-0.700849;1.000004;
17.756640;0.701389;0.400202;-0.175349;-0.311824;1.077957;-0.701389;1.000002;
17.844755;0.701584;0.400152;-0.175397;-0.311740;1.077936;-0.701584;1.000000;
17.932869;0.701559;0.400101;-0.175391;-0.311699;1.077925;-0.701559;0.999999;
18.020984;0.701406;0.400051;-0.175353;-0.311682;1.077921;-0.701406;0.999999;
18.109098;0.701192;0.400001;-0.175299;-0.311678;1.077920;-0.701192;0.999999;
18.197213;0.700960;0.399952;-0.175241;-0.311678;1.077920;-0.700960;0.999999;
18.373442;0.700554;0.399859;-0.175140;-0.311670;1.077918;-0.700554;0.999999;
18.549672;0.700254;0.399770;-0.175065;-0.311647;1.077912;-0.700254;0.999999;
18.725901;0.700067;0.399687;-0.175018;-0.311607;1.077902;-0.700067;1.000000;
19.078359;0.699911;0.399538;-0.174979;-0.311501;1.077876;-0.699911;1.000000;
19.430818;0.699914;0.399409;-0.174980;-0.311383;1.077846;-0.699914;1.000000;
19.783277;0.699958;0.399299;-0.174991;-0.311273;1.077819;-0.699958;1.000000;
20.000000;0.699981;0.399243;-0.174997;-0.311218;1.077805;-0.699981;1.000000;
