time;NETWORK_1011_131_Upu_value;NETWORK_4011_401_Upu_value;NETWORK_B11___21_Upu_value;NETWORK_BG09__11_Upu_value;NETWORK_1012_131_Upu_value;NETWORK_4012_401_Upu_value;NETWORK_B12___21_Upu_value;NETWORK_BG01__11_Upu_value;NETWORK_BG10__11_Upu_value;NETWORK_1013_131_Upu_value;NETWORK_B13___21_Upu_value;NETWORK_BG02__11_Upu_value;NETWORK_1014_131_Upu_value;NETWORK_BG03__11_Upu_value;NETWORK_1021_131_Upu_value;NETWORK_BG04__11_Upu_value;NETWORK_1022_131_Upu_value;NETWORK_4022_401_Upu_value;NETWORK_B22___21_Upu_value;NETWORK_BG05__11_Upu_value;NETWORK_1041_131_Upu_value;NETWORK_B01___21_Upu_value;NETWORK_1042_131_Upu_value;NETWORK_B02___21_Upu_value;NETWORK_BG06__11_Upu_value;NETWORK_1043_131_Upu_value;NETWORK_B03___21_Upu_value;NETWORK_BG07__11_Upu_value;NETWORK_1044_131_Upu_value;NETWORK_4044_401_Upu_value;NETWORK_B04___21_Upu_value;NETWORK_1045_131_Upu_value;NETWORK_4045_401_Upu_value;NETWORK_B05___21_Upu_value;NETWORK_2031_221_Upu_value;NETWORK_4031_401_Upu_value;NETWORK_B31___21_Upu_value;NETWORK_BG12__11_Upu_value;NETWORK_2032_221_Upu_value;NETWORK_B32___21_Upu_value;NETWORK_BG08__11_Upu_value;NETWORK_4021_401_Upu_value;NETWORK_BG11__11_Upu_value;NETWORK_4032_401_Upu_value;NETWORK_4041_401_Upu_value;NETWORK_B41___21_Upu_value;NETWORK_BG13__11_Upu_value;NETWORK_4042_401_Upu_value;NETWORK_B42___21_Upu_value;NETWORK_BG14__11_Upu_value;NETWORK_4043_401_Upu_value;NETWORK_B43___21_Upu_value;NETWORK_4046_401_Upu_value;NETWORK_B46___21_Upu_value;NETWORK_4047_401_Upu_value;NETWORK_B47___21_Upu_value;NETWORK_BG15__11_Upu_value;NETWORK_4051_401_Upu_value;NETWORK_B51___21_Upu_value;NETWORK_BG16__11_Upu_value;NETWORK_4061_401_Upu_value;NETWORK_B61___21_Upu_value;NETWORK_4062_401_Upu_value;NETWORK_B62___21_Upu_value;NETWORK_BG17__11_Upu_value;NETWORK_4063_401_Upu_value;NETWORK_B63___21_Upu_value;NETWORK_BG18__11_Upu_value;NETWORK_4071_401_Upu_value;NETWORK_B71___21_Upu_value;NETWORK_BG19__11_Upu_value;NETWORK_4072_401_Upu_value;NETWORK_B72___21_Upu_value;NETWORK_BG20__11_Upu_value;g01_generator_plantControllerPI_PInjPu;g01_generator_plantControllerPI_QInjPu;g02_generator_plantControllerPI_PInjPu;g02_generator_plantControllerPI_QInjPu;g03_generator_plantControllerPI_PInjPu;g03_generator_plantControllerPI_QInjPu;g05_generator_plantControllerPI_PInjPu;g05_generator_plantControllerPI_QInjPu;g06_generator_plantControllerPI_PInjPu;g06_generator_plantControllerPI_QInjPu;g07_generator_plantControllerPI_PInjPu;g07_generator_plantControllerPI_QInjPu;g09_generator_plantControllerPI_PInjPu;g09_generator_plantControllerPI_QInjPu;g10_generator_plantControllerPI_PInjPu;g10_generator_plantControllerPI_QInjPu;g11_generator_plantControllerPI_PInjPu;g11_generator_plantControllerPI_QInjPu;g12_generator_plantControllerPI_PInjPu;g12_generator_plantControllerPI_QInjPu;g01_generator_plantControllerPI_QVCtrlErr_y;g01_generator_plantControllerPI_QVCtrlErr_u1;g01_generator_plantControllerPI_QVCtrlErr_u2;g02_generator_plantControllerPI_QVCtrlErr_y;g02_generator_plantControllerPI_QVCtrlErr_u1;g02_generator_plantControllerPI_QVCtrlErr_u2;g03_generator_plantControllerPI_QVCtrlErr_y;g03_generator_plantControllerPI_QVCtrlErr_u1;g03_generator_plantControllerPI_QVCtrlErr_u2;g05_generator_plantControllerPI_QVCtrlErr_y;g05_generator_plantControllerPI_QVCtrlErr_u1;g05_generator_plantControllerPI_QVCtrlErr_u2;g06_generator_plantControllerPI_QVCtrlErr_y;g06_generator_plantControllerPI_QVCtrlErr_u1;g06_generator_plantControllerPI_QVCtrlErr_u2;g07_generator_plantControllerPI_QVCtrlErr_y;g07_generator_plantControllerPI_QVCtrlErr_u1;g07_generator_plantControllerPI_QVCtrlErr_u2;g09_generator_plantControllerPI_QVCtrlErr_y;g09_generator_plantControllerPI_QVCtrlErr_u1;g09_generator_plantControllerPI_QVCtrlErr_u2;g10_generator_plantControllerPI_QVCtrlErr_y;g10_generator_plantControllerPI_QVCtrlErr_u1;g10_generator_plantControllerPI_QVCtrlErr_u2;g11_generator_plantControllerPI_QVCtrlErr_y;g11_generator_plantControllerPI_QVCtrlErr_u1;g11_generator_plantControllerPI_QVCtrlErr_u2;g12_generator_plantControllerPI_QVCtrlErr_y;g12_generator_plantControllerPI_QVCtrlErr_u1;g12_generator_plantControllerPI_QVCtrlErr_u2;g01_generator_plantControllerPI_URefPu;g01_generator_plantControllerPI_URegPu;g01_generator_plantControllerPI_QRegPu;g02_generator_plantControllerPI_URefPu;g02_generator_plantControllerPI_URegPu;g02_generator_plantControllerPI_QRegPu;g03_generator_plantControllerPI_URefPu;g03_generator_plantControllerPI_URegPu;g03_generator_plantControllerPI_QRegPu;g05_generator_plantControllerPI_URefPu;g05_generator_plantControllerPI_URegPu;g05_generator_plantControllerPI_QRegPu;g06_generator_plantControllerPI_URefPu;g06_generator_plantControllerPI_URegPu;g06_generator_plantControllerPI_QRegPu;g07_generator_plantControllerPI_URefPu;g07_generator_plantControllerPI_URegPu;g07_generator_plantControllerPI_QRegPu;g09_generator_plantControllerPI_URefPu;g09_generator_plantControllerPI_URegPu;g09_generator_plantControllerPI_QRegPu;g10_generator_plantControllerPI_URefPu;g10_generator_plantControllerPI_URegPu;g10_generator_plantControllerPI_QRegPu;g11_generator_plantControllerPI_URefPu;g11_generator_plantControllerPI_URegPu;g11_generator_plantControllerPI_QRegPu;g12_generator_plantControllerPI_URefPu;g12_generator_plantControllerPI_URegPu;g12_generator_plantControllerPI_QRegPu;
0.000000;1.061779;1.022445;1.002567;0.998836;1.063404;1.023553;0.997522;1.068441;1.015735;1.054841;0.995750;1.056543;1.061149;1.059543;1.031095;1.033908;1.051205;0.994641;0.995186;1.029439;1.012339;0.998734;1.014481;1.001171;1.008414;1.027383;0.997355;1.014129;1.006534;1.039404;0.999586;1.011006;1.053283;0.996032;1.027837;1.036618;1.004139;1.020039;1.069454;0.997751;1.049811;1.048783;1.021145;1.048593;1.050552;0.996692;1.017023;1.042802;0.995179;1.045422;1.036931;1.001244;1.035685;0.998999;1.059032;0.994941;1.045517;1.065906;0.997736;1.053115;1.038676;0.994856;1.056011;1.000197;1.009211;1.053549;0.999194;1.030708;1.048446;1.002759;1.030008;1.059009;0.997405;1.018503;0.750000;0.073098;0.500000;0.028832;0.785714;0.029952;0.800000;0.240890;0.900000;0.346630;0.900000;0.302660;0.668500;0.201549;0.750000;0.319851;0.833333;0.203092;0.885714;0.281623;-0.000600;-0.001516;-0.002116;-0.000628;-0.004874;-0.005502;-0.000635;-0.052655;-0.053290;-0.000615;0.142088;0.141473;-0.000220;0.209425;0.209206;-0.000467;0.171162;0.170694;-0.000569;0.128252;0.127683;-0.000557;0.223196;0.222639;-0.000707;0.097262;0.096555;-0.000626;0.157094;0.156468;1.063260;1.063404;0.012128;1.054466;1.054841;0.029242;1.057525;1.061149;0.368584;1.060826;1.051205;-0.355220;1.028707;1.014481;-0.837702;1.038991;1.027383;-0.342323;1.031127;1.022445;-1.282518;1.038693;1.023553;-1.785566;1.055349;1.048783;-0.291785;1.047258;1.036618;-0.549829;
2.000000;1.061879;1.022538;1.002661;0.998923;1.063502;1.023644;0.997614;1.068539;1.015819;1.054944;0.995848;1.056646;1.061253;1.059649;1.031134;1.033927;1.051310;0.994744;0.995285;1.029537;1.012387;0.998781;1.014503;1.001192;1.008434;1.027433;0.997403;1.014175;1.006582;1.039454;0.999633;1.011047;1.053325;0.996072;1.027912;1.036705;1.004212;1.020121;1.069479;0.997774;1.049814;1.048884;1.021240;1.048677;1.050618;0.996755;1.017058;1.042852;0.995226;1.045429;1.036972;1.001284;1.035719;0.999031;1.059055;0.994963;1.045519;1.065931;0.997759;1.053118;1.038712;0.994891;1.056035;1.000219;1.009221;1.053565;0.999209;1.030717;1.048478;1.002790;1.030011;1.059018;0.997413;1.018505;0.750000;0.073098;0.500000;0.028832;0.785714;0.029952;0.800000;0.240890;0.900000;0.346630;0.900000;0.302660;0.668500;0.201549;0.750000;0.319851;0.833333;0.203092;0.885714;0.281623;-0.002059;-0.001502;-0.003561;-0.002155;-0.004867;-0.007022;-0.002180;-0.052638;-0.054818;-0.002175;0.142107;0.139932;-0.000538;0.209431;0.208893;-0.001202;0.171174;0.169971;-0.001952;0.128265;0.126312;-0.001909;0.223212;0.221303;-0.002214;0.097281;0.095067;-0.001933;0.157114;0.155182;1.063260;1.063502;0.012017;1.054466;1.054944;0.029202;1.057525;1.061253;0.368469;1.060826;1.051310;-0.355268;1.028707;1.014503;-0.837723;1.038991;1.027433;-0.342347;1.031127;1.022538;-1.282646;1.038693;1.023644;-1.785694;1.055349;1.048884;-0.291844;1.047258;1.036705;-0.549900;
2.000000;1.049300;1.010734;0.990755;0.987841;1.051359;1.012472;0.986195;1.056331;1.005463;1.042028;0.983625;1.043691;1.048295;1.046522;1.033695;1.036726;1.039720;0.980078;0.984285;1.018649;0.962109;0.949055;0.991312;0.978238;0.986832;0.976735;0.948031;0.966646;0.957887;0.988814;0.951142;0.966960;1.007980;0.952522;1.004217;1.004226;0.981007;0.989625;1.064322;0.992951;1.049464;1.010606;0.985009;1.011445;1.002068;0.950577;0.986308;0.989201;0.943896;1.016618;0.988956;0.954805;0.991987;0.956744;1.021854;0.959926;1.024275;1.031151;0.965123;1.032255;1.008111;0.965507;1.033800;0.979107;0.997156;1.038580;0.984963;1.022625;1.044326;0.998810;1.028972;1.057933;0.996389;1.018274;0.750000;0.073098;0.500000;0.028832;0.785714;0.029952;0.800000;0.240890;0.900000;0.346630;0.900000;0.302660;0.668500;0.201549;0.750000;0.319851;0.833333;0.203092;0.885714;0.281623;0.178266;-0.003236;0.175030;0.188653;-0.005709;0.182944;0.190492;-0.054723;0.135769;0.170402;0.139985;0.310387;0.346568;0.203359;0.549927;0.757592;0.157927;0.915519;0.173308;0.126611;0.299920;0.164398;0.221211;0.385609;0.568620;0.089359;0.657979;0.483486;0.149328;0.632814;1.063260;1.051358;0.025889;1.054466;1.042026;0.034252;1.057525;1.048293;0.383061;1.060826;1.039719;-0.349963;1.028707;0.991312;-0.813434;1.038991;0.976735;-0.315855;1.031127;1.010733;-1.266114;1.038693;1.012471;-1.769690;1.055349;1.010606;-0.268077;1.047258;1.004226;-0.522648;
4.000000;1.060820;1.021422;1.001659;0.999159;1.063775;1.024583;0.997871;1.067449;1.026167;1.054372;0.995307;1.056233;1.060853;1.059091;1.041652;1.046103;1.051291;0.989552;0.995266;1.049274;0.985534;0.972224;1.013730;1.000427;1.019148;1.001640;0.972286;1.007594;0.974668;1.004749;0.967853;0.984950;1.025956;0.970293;1.008534;1.012739;0.985235;1.016807;1.067472;0.995897;1.054802;1.027089;1.027331;1.021670;1.010852;0.958933;0.994570;1.004099;0.958150;1.039185;1.005763;0.971075;1.009962;0.974126;1.041438;0.978371;1.044992;1.051098;0.983841;1.053237;1.023250;0.980044;1.052082;0.996466;1.016784;1.057186;1.002652;1.040597;1.048713;1.003015;1.030250;1.059272;0.997653;1.018776;0.750000;0.063388;0.500000;0.029960;0.785714;0.028887;0.800000;0.381921;0.900000;0.426831;0.900000;0.423905;0.668500;0.210273;0.750000;0.386872;0.833333;0.388657;0.885714;0.414754;0.003613;-0.011190;-0.007578;0.005161;-0.003774;0.001387;0.004848;-0.053781;-0.048933;0.025147;0.274853;0.300000;0.016457;0.283543;0.300000;0.022321;0.277679;0.300000;0.006246;0.136483;0.142729;0.014574;0.285426;0.300000;0.031509;0.268491;0.300000;0.024019;0.275981;0.300000;1.063260;1.063775;0.089523;1.054466;1.054372;0.022646;1.057525;1.060853;0.376469;1.060826;1.051291;-0.687132;1.028707;1.013730;-1.134171;1.038991;1.001640;-0.555359;1.031127;1.021422;-1.364829;1.038693;1.024583;-2.283404;1.055349;1.027089;-0.805473;1.047258;1.012739;-0.965935;
6.000000;1.059298;1.019832;1.000218;1.000989;1.060738;1.021479;0.995015;1.064392;1.018445;1.053607;0.994583;1.056891;1.059249;1.057467;1.042103;1.047960;1.046711;0.986562;0.990921;1.035795;0.991294;0.977920;1.011256;0.997980;1.012645;1.007514;0.978006;1.015117;0.979328;1.009649;0.972495;0.989896;1.031137;0.975179;1.009491;1.013679;0.986172;1.020175;1.068688;0.997035;1.056095;1.028849;1.032390;1.023348;1.014439;0.962344;1.000113;1.008986;0.962826;1.046605;1.010901;0.976048;1.015251;0.979239;1.046949;0.983562;1.050566;1.056479;0.988891;1.058520;1.028212;0.984809;1.057661;1.001764;1.023045;1.062497;1.007701;1.045456;1.047872;1.002209;1.030019;1.059152;0.997540;1.018819;0.750000;0.063388;0.500000;0.039994;0.785714;0.028887;0.800000;0.315449;0.900000;0.397550;0.900000;0.438808;0.668500;0.232897;0.750000;0.352376;0.833333;0.413254;0.885714;0.432490;0.048704;-0.011619;0.037085;0.006433;0.006208;0.012641;0.028681;-0.054035;-0.025354;-0.004496;0.212057;0.207562;0.000817;0.255773;0.256590;0.007129;0.292871;0.300000;0.008232;0.157875;0.166107;0.000072;0.253073;0.253145;0.008514;0.291486;0.300000;0.007534;0.292466;0.300000;1.063260;1.060738;0.092955;1.054466;1.053607;-0.037246;1.057525;1.059249;0.378248;1.060826;1.046711;-0.530143;1.028707;1.011259;-1.023091;1.038991;1.007514;-0.585742;1.031127;1.019832;-1.578751;1.038693;1.021479;-2.024582;1.055349;1.028849;-0.874458;1.047258;1.013679;-1.023632;
7.000000;1.060348;1.020893;1.001212;1.000511;1.062844;1.023009;0.996995;1.067887;1.019859;1.054319;0.995257;1.056611;1.060689;1.059190;1.043170;1.048731;1.048799;0.988582;0.992901;1.037739;0.993311;0.979916;1.012472;0.999182;1.013839;1.009581;0.980019;1.017205;0.981255;1.011636;0.974413;0.991610;1.032893;0.976873;1.011731;1.016210;0.988366;1.022727;1.069590;0.997878;1.056368;1.031443;1.035119;1.025922;1.017019;0.964798;1.002885;1.011131;0.964878;1.048147;1.012723;0.977812;1.016883;0.980818;1.048303;0.984836;1.051307;1.057751;0.990084;1.059166;1.029695;0.986233;1.058625;1.002678;1.023736;1.063069;1.008245;1.045686;1.048349;1.002666;1.030187;1.059272;0.997653;1.018847;0.750000;0.073112;0.500000;0.032993;0.785714;0.030727;0.800000;0.315449;0.900000;0.397550;0.900000;0.440128;0.668500;0.222844;0.750000;0.352376;0.833333;0.415709;0.885714;0.434070;0.007778;-0.001567;0.006211;0.003000;-0.000736;0.002264;0.005526;-0.051941;-0.046415;-0.035510;0.212444;0.176934;-0.017522;0.256281;0.238759;0.005377;0.294623;0.300000;0.002128;0.148451;0.150579;-0.022621;0.253347;0.230727;0.005701;0.294299;0.300000;0.005451;0.294549;0.300000;1.063260;1.062838;0.012536;1.054466;1.054312;0.004416;1.057525;1.060682;0.363586;1.060826;1.048794;-0.531110;1.028707;1.012472;-1.025122;1.038991;1.009581;-0.589246;1.031127;1.020888;-1.484512;1.038693;1.023003;-2.026778;1.055349;1.031441;-0.882896;1.047258;1.016208;-1.030920;
8.000000;1.060066;1.020599;1.000945;1.000234;1.062651;1.022560;0.996814;1.068294;1.018155;1.054165;0.995111;1.056457;1.060629;1.059272;1.042749;1.048385;1.048045;0.988233;0.992187;1.034822;0.993444;0.980047;1.011934;0.998649;1.012816;1.009738;0.980172;1.017389;0.981411;1.011823;0.974569;0.991684;1.032976;0.976946;1.011928;1.016437;0.988559;1.022980;1.069565;0.997855;1.056233;1.031744;1.035468;1.026196;1.017495;0.965251;1.003951;1.011393;0.965128;1.048299;1.012876;0.977960;1.016982;0.980914;1.048324;0.984856;1.051185;1.057716;0.990051;1.059001;1.029725;0.986262;1.058439;1.002502;1.023477;1.062764;1.007954;1.045300;1.048150;1.002475;1.030091;1.059122;0.997512;1.018719;0.750000;0.077442;0.500000;0.032993;0.785714;0.031741;0.800000;0.299657;0.900000;0.393857;0.900000;0.440410;0.668500;0.222844;0.750000;0.343287;0.833333;0.416240;0.885714;0.434400;0.006237;0.002724;0.008961;0.005186;-0.000752;0.004434;0.005290;-0.050922;-0.045633;-0.009512;0.197461;0.187948;-0.006055;0.252730;0.246675;0.005080;0.294920;0.300000;0.006437;0.148396;0.154833;-0.007597;0.244852;0.237255;0.005152;0.294848;0.300000;0.005094;0.294906;0.300000;1.063260;1.062651;-0.021791;1.054466;1.054165;0.004512;1.057525;1.060628;0.356457;1.060826;1.048045;-0.493651;1.028707;1.011934;-1.010922;1.038991;1.009738;-0.589839;1.031127;1.020599;-1.483963;1.038693;1.022560;-1.958813;1.055349;1.031744;-0.884545;1.047258;1.016436;-1.032170;
9.000000;1.060175;1.020717;1.001048;1.000309;1.062707;1.022599;0.996867;1.068396;1.017820;1.054205;0.995148;1.056454;1.060660;1.059285;1.042488;1.048035;1.048128;0.988456;0.992265;1.034239;0.993574;0.980175;1.011934;0.998649;1.012691;1.009892;0.980321;1.017535;0.981583;1.012007;0.974739;0.991755;1.033046;0.977016;1.012301;1.016889;0.988924;1.023393;1.069548;0.997839;1.056045;1.032243;1.035932;1.026653;1.018001;0.965732;1.004890;1.011647;0.965372;1.048321;1.013012;0.978091;1.017055;0.980984;1.048305;0.984838;1.050996;1.057654;0.989993;1.058792;1.029651;0.986190;1.058092;1.002173;1.022976;1.062280;1.007495;1.044730;1.048191;1.002514;1.030116;1.059138;0.997527;1.018728;0.750000;0.077764;0.500000;0.032695;0.785714;0.031610;0.800000;0.295018;0.900000;0.392985;0.900000;0.440443;0.668500;0.222599;0.750000;0.340689;0.833333;0.416276;0.885714;0.434384;0.005092;0.003051;0.008143;0.004915;-0.001048;0.003867;0.004962;-0.051051;-0.046089;-0.006326;0.193066;0.186740;-0.005249;0.251923;0.246674;0.005010;0.294990;0.300000;0.004930;0.148179;0.153109;-0.005742;0.242437;0.236695;0.005011;0.294989;0.300000;0.004995;0.295005;0.300000;1.063260;1.062706;-0.024409;1.054466;1.054203;0.006289;1.057525;1.060659;0.357357;1.060826;1.048127;-0.482665;1.028707;1.011934;-1.007692;1.038991;1.009892;-0.589981;1.031127;1.020716;-1.481786;1.038693;1.022598;-1.939495;1.055349;1.032243;-0.884968;1.047258;1.016888;-1.032516;
11.000000;1.060503;1.021040;1.001358;1.000611;1.062819;1.022765;0.996972;1.068313;1.017545;1.054469;0.995399;1.056719;1.060876;1.059503;1.041504;1.046747;1.048365;0.988900;0.992490;1.033829;0.993423;0.980026;1.011943;0.998659;1.012647;1.009792;0.980225;1.017449;0.981549;1.011979;0.974706;0.991520;1.032792;0.976784;1.012780;1.017527;0.989393;1.023980;1.069260;0.997569;1.055434;1.033004;1.036610;1.027277;1.018563;0.966267;1.006137;1.011761;0.965481;1.047940;1.012902;0.977985;1.016837;0.980773;1.047926;0.984482;1.050342;1.057187;0.989555;1.058114;1.029033;0.985597;1.056923;1.001062;1.021471;1.060867;1.006151;1.043183;1.048293;1.002612;1.030141;1.059168;0.997555;1.018742;0.750000;0.076375;0.500000;0.032695;0.785714;0.031610;0.800000;0.290545;0.900000;0.392615;0.900000;0.440477;0.668500;0.222599;0.750000;0.337677;0.833333;0.416132;0.885714;0.434384;0.004802;0.001679;0.006481;0.000992;-0.001031;-0.000039;0.001749;-0.051017;-0.049268;-0.005639;0.188878;0.183239;-0.005053;0.251583;0.246530;0.005005;0.294995;0.300000;0.000123;0.148224;0.148347;-0.005430;0.239667;0.234237;0.004979;0.295021;0.300000;0.004836;0.295164;0.300000;1.063260;1.062819;-0.013433;1.054466;1.054469;0.006187;1.057525;1.060876;0.357118;1.060826;1.048365;-0.472195;1.028707;1.011943;-1.006331;1.038991;1.009792;-0.589990;1.031127;1.021040;-1.482239;1.038693;1.022765;-1.917337;1.055349;1.033004;-0.885062;1.047258;1.017527;-1.033075;
13.000000;1.060800;1.021332;1.001639;1.000885;1.062924;1.022921;0.997070;1.068237;1.017334;1.054710;0.995627;1.056961;1.061073;1.059702;1.040352;1.045268;1.048544;0.989264;0.992659;1.033574;0.993088;0.979694;1.011929;0.998644;1.012656;1.009508;0.979948;1.017198;0.981337;1.011763;0.974495;0.991119;1.032364;0.976387;1.013087;1.017981;0.989694;1.024398;1.068863;0.997198;1.054749;1.033595;1.037138;1.027710;1.018873;0.966562;1.007006;1.011680;0.965404;1.047388;1.012618;0.977710;1.016459;0.980408;1.047409;0.983994;1.049596;1.056586;0.988991;1.057353;1.028226;0.984822;1.055597;0.999804;1.019826;1.059324;1.004684;1.041533;1.048394;1.002710;1.030168;1.059208;0.997593;1.018768;0.750000;0.075081;0.500000;0.032695;0.785714;0.031610;0.800000;0.287563;0.900000;0.392768;0.900000;0.440552;0.668500;0.222599;0.750000;0.335176;0.833333;0.416012;0.885714;0.434384;0.004617;0.000400;0.005016;-0.002492;-0.001016;-0.003508;-0.001099;-0.050987;-0.052086;-0.005426;0.186089;0.180663;-0.004978;0.251721;0.246743;0.005011;0.294989;0.300000;-0.004147;0.148264;0.144116;-0.005357;0.237371;0.232014;0.004962;0.295038;0.300000;0.004722;0.295278;0.300000;1.063260;1.062919;-0.003197;1.054466;1.054705;0.006096;1.057525;1.061067;0.356906;1.060826;1.048541;-0.465222;1.028707;1.011929;-1.006884;1.038991;1.009508;-0.589978;1.031127;1.021328;-1.482637;1.038693;1.022916;-1.898966;1.055349;1.033594;-0.885113;1.047258;1.017980;-1.033472;
15.000000;1.061050;1.021578;1.001876;1.001115;1.063011;1.023049;0.997152;1.068176;1.017142;1.054913;0.995819;1.057164;1.061238;1.059869;1.039182;1.043781;1.048669;0.989556;0.992779;1.033388;0.992677;0.979288;1.011899;0.998615;1.012681;1.009146;0.979595;1.016879;0.981046;1.011463;0.974205;0.990655;1.031873;0.975929;1.013283;1.018310;0.989886;1.024700;1.068427;0.996791;1.054061;1.034060;1.037554;1.028017;1.019034;0.966714;1.007628;1.011505;0.965236;1.046779;1.012263;0.977366;1.016021;0.979985;1.046851;0.983469;1.048849;1.055952;0.988396;1.056595;1.027370;0.984000;1.054268;0.998542;1.018210;1.057801;1.003236;1.039923;1.048468;1.002781;1.030175;1.059226;0.997610;1.018775;0.750000;0.074024;0.500000;0.032695;0.785714;0.031610;0.800000;0.285417;0.900000;0.393141;0.900000;0.440653;0.668500;0.222599;0.750000;0.332997;0.833333;0.415931;0.885714;0.434384;0.004304;-0.000645;0.003660;-0.005565;-0.001003;-0.006568;-0.003635;-0.050960;-0.054595;-0.005307;0.184078;0.178771;-0.004870;0.252058;0.247188;0.005014;0.294986;0.300000;-0.007872;0.148299;0.140427;-0.005311;0.235365;0.230054;0.004937;0.295063;0.300000;0.004640;0.295360;0.300000;1.063260;1.063011;0.005158;1.054466;1.054913;0.006017;1.057525;1.061238;0.356718;1.060826;1.048669;-0.460194;1.028707;1.011899;-1.008232;1.038991;1.009146;-0.589971;1.031127;1.021578;-1.482985;1.038693;1.023049;-1.882921;1.055349;1.034060;-0.885189;1.047258;1.018310;-1.033759;
16.000000;1.060997;1.021526;1.001826;1.000820;1.062984;1.023026;0.997127;1.068148;1.017126;1.054872;0.995780;1.057128;1.061201;1.059832;1.038601;1.043062;1.048654;0.989596;0.992765;1.033365;0.992425;0.979039;1.011825;0.998542;1.012613;1.008916;0.979371;1.016676;0.980850;1.011262;0.974010;0.990386;1.031589;0.975663;1.013291;1.018366;0.989894;1.024752;1.068191;0.996570;1.053728;1.034149;1.037635;1.028060;1.019027;0.966708;1.007854;1.011355;0.965092;1.046461;1.012041;0.977152;1.015768;0.979740;1.046552;0.983188;1.048484;1.055619;0.988083;1.056226;1.026924;0.983571;1.053617;0.997924;1.017438;1.057070;1.002541;1.039160;1.048458;1.002771;1.030170;1.059225;0.997609;1.018777;0.750000;0.074024;0.500000;0.032728;0.785714;0.031610;0.800000;0.285351;0.900000;0.393141;0.900000;0.440716;0.668500;0.220923;0.750000;0.333035;0.833333;0.415931;0.885714;0.434384;0.004720;-0.000649;0.004072;-0.004991;-0.000973;-0.005963;-0.003077;-0.050966;-0.054043;-0.005019;0.184013;0.178994;-0.003767;0.252039;0.248272;0.005018;0.294982;0.300000;-0.005479;0.146690;0.141211;-0.004989;0.235396;0.230407;0.004918;0.295082;0.300000;0.004626;0.295374;0.300000;1.063260;1.062983;0.005189;1.054466;1.054872;0.005837;1.057525;1.061200;0.356760;1.060826;1.048654;-0.460032;1.028707;1.011825;-1.008156;1.038991;1.008916;-0.589964;1.031127;1.021525;-1.466901;1.038693;1.023025;-1.883167;1.055349;1.034148;-0.885246;1.047258;1.018366;-1.033809;
18.000000;1.061146;1.021661;1.001967;1.000614;1.063158;1.023190;0.997290;1.068323;1.017278;1.055037;0.995936;1.057293;1.061372;1.060006;1.037554;1.041734;1.048752;0.989826;0.992857;1.033265;0.992009;0.978628;1.011721;0.998439;1.012517;1.008542;0.979007;1.016348;0.980539;1.010943;0.973700;0.989931;1.031110;0.975214;1.013409;1.018593;0.990010;1.024961;1.067783;0.996188;1.053110;1.034481;1.037941;1.028263;1.019086;0.966764;1.008258;1.011143;0.964889;1.045882;1.011680;0.976802;1.015342;0.979328;1.046030;0.982696;1.047816;1.055031;0.987532;1.055551;1.026131;0.982810;1.052429;0.996796;1.016015;1.055722;1.001260;1.037744;1.048526;1.002836;1.030187;1.059254;0.997636;1.018797;0.750000;0.074024;0.500000;0.032728;0.785714;0.031610;0.800000;0.284002;0.900000;0.393141;0.900000;0.440826;0.668500;0.218654;0.750000;0.333035;0.833333;0.415931;0.885714;0.434384;0.002132;-0.000624;0.001508;-0.007432;-0.000962;-0.008394;-0.005634;-0.050939;-0.056573;-0.005193;0.182752;0.177559;-0.002215;0.252012;0.249797;0.005016;0.294984;0.300000;-0.005324;0.144540;0.139216;-0.007435;0.235425;0.227990;0.004847;0.295153;0.300000;0.004569;0.295431;0.300000;1.063260;1.063158;0.004993;1.054466;1.055037;0.005773;1.057525;1.061372;0.356570;1.060826;1.048752;-0.456880;1.028707;1.011721;-1.008049;1.038991;1.008542;-0.589968;1.031127;1.021661;-1.445402;1.038693;1.023190;-1.883401;1.055349;1.034481;-0.885459;1.047258;1.018593;-1.034007;
19.000000;1.061112;1.021645;1.001935;1.000589;1.063096;1.023134;0.997233;1.068262;1.017039;1.054930;0.995835;1.057092;1.061308;1.059977;1.037040;1.041098;1.048735;0.989854;0.992841;1.033256;0.991777;0.978398;1.011656;0.998375;1.012457;1.008329;0.978800;1.016161;0.980356;1.010754;0.973518;0.989686;1.030852;0.974972;1.013405;1.018630;0.990005;1.024994;1.067569;0.995988;1.052813;1.034556;1.038010;1.028288;1.019057;0.966736;1.008402;1.010999;0.964751;1.045590;1.011475;0.976604;1.015111;0.979105;1.045761;0.982442;1.047493;1.054733;0.987252;1.055226;1.025730;0.982426;1.051857;0.996252;1.015343;1.055082;1.000651;1.037079;1.048516;1.002827;1.030182;1.059253;0.997635;1.018799;0.750000;0.074024;0.500000;0.032070;0.785714;0.031865;0.800000;0.284049;0.900000;0.393141;0.900000;0.440886;0.668500;0.218582;0.750000;0.331722;0.833333;0.415931;0.885714;0.434384;0.003043;-0.000633;0.002411;-0.005188;-0.001627;-0.006815;-0.004927;-0.050690;-0.055617;-0.004987;0.182793;0.177807;-0.001244;0.251996;0.250751;0.005017;0.294983;0.300000;-0.005021;0.144469;0.139448;-0.005375;0.234193;0.228818;0.004831;0.295169;0.300000;0.004560;0.295440;0.300000;1.063260;1.063096;0.005062;1.054466;1.054930;0.009761;1.057525;1.061307;0.354829;1.060826;1.048735;-0.456983;1.028707;1.011656;-1.007982;1.038991;1.008329;-0.589966;1.031127;1.021645;-1.444686;1.038693;1.023133;-1.873547;1.055349;1.034556;-0.885508;1.047258;1.018630;-1.034039;
21.000000;1.061181;1.021722;1.002001;1.000505;1.063148;1.023187;0.997282;1.068314;1.016933;1.054946;0.995850;1.057055;1.061337;1.060006;1.036140;1.039954;1.048817;0.990019;0.992919;1.033333;0.991390;0.978016;1.011560;0.998279;1.012367;1.007978;0.978457;1.015852;0.980059;1.010448;0.973222;0.989270;1.030413;0.974561;1.013469;1.018780;0.990068;1.025133;1.067202;0.995645;1.052274;1.034790;1.038225;1.028417;1.019056;0.966735;1.008663;1.010780;0.964542;1.045065;1.011136;0.976276;1.014720;0.978726;1.045293;0.982001;1.046912;1.054211;0.986762;1.054641;1.025028;0.981751;1.050829;0.995276;1.014126;1.053924;0.999550;1.035869;1.048550;1.002859;1.030192;1.059269;0.997651;1.018813;0.750000;0.074024;0.500000;0.031698;0.785714;0.031865;0.800000;0.284049;0.900000;0.393141;0.900000;0.440990;0.668500;0.217524;0.750000;0.330631;0.833333;0.415931;0.885714;0.434384;0.002268;-0.000625;0.001642;-0.005053;-0.001998;-0.007051;-0.005363;-0.050685;-0.056048;-0.006215;0.182808;0.176594;0.000201;0.251971;0.252172;0.005015;0.294985;0.300000;-0.005151;0.143467;0.138316;-0.005156;0.233187;0.228031;0.004781;0.295219;0.300000;0.004523;0.295477;0.300000;1.063260;1.063148;0.005004;1.054466;1.054946;0.011986;1.057525;1.061337;0.354796;1.060826;1.048817;-0.457021;1.028707;1.011560;-1.007883;1.038991;1.007978;-0.589970;1.031127;1.021722;-1.434675;1.038693;1.023187;-1.865493;1.055349;1.034790;-0.885658;1.047258;1.018780;-1.034170;
22.000000;1.061205;1.021749;1.002023;1.000466;1.063162;1.023205;0.997295;1.068328;1.016900;1.054946;0.995850;1.057050;1.061325;1.059974;1.035693;1.039400;1.048801;0.990062;0.992903;1.033207;0.991193;0.977821;1.011508;0.998228;1.012320;1.007797;0.978282;1.015694;0.979904;1.010289;0.973068;0.989061;1.030194;0.974355;1.013476;1.018824;0.990075;1.025173;1.067019;0.995474;1.052016;1.034879;1.038306;1.028453;1.019033;0.966713;1.008765;1.010661;0.964428;1.044807;1.010963;0.976108;1.014524;0.978536;1.045062;0.981784;1.046634;1.053956;0.986523;1.054361;1.024685;0.981422;1.050337;0.994810;1.013549;1.053373;0.999027;1.035296;1.048563;1.002871;1.030195;1.059276;0.997657;1.018818;0.750000;0.074024;0.500000;0.031659;0.785714;0.031718;0.800000;0.283267;0.900000;0.393141;0.900000;0.441043;0.668500;0.217081;0.750000;0.330289;0.833333;0.415931;0.885714;0.434384;0.002064;-0.000624;0.001441;-0.005011;-0.002037;-0.007049;-0.005042;-0.050836;-0.055878;-0.005224;0.182064;0.176840;0.000975;0.251957;0.252932;0.005015;0.294985;0.300000;-0.005126;0.143048;0.137921;-0.005098;0.232871;0.227774;0.004762;0.295238;0.300000;0.004512;0.295488;0.300000;1.063260;1.063162;0.004988;1.054466;1.054946;0.012224;1.057525;1.061325;0.355853;1.060826;1.048801;-0.455159;1.028707;1.011508;-1.007829;1.038991;1.007797;-0.589970;1.031127;1.021749;-1.430478;1.038693;1.023204;-1.862970;1.055349;1.034878;-0.885714;1.047258;1.018824;-1.034208;
24.000000;1.061257;1.021806;1.002072;1.000389;1.063201;1.023247;0.997331;1.068367;1.016842;1.054958;0.995862;1.057038;1.061333;1.059962;1.034913;1.038418;1.048827;0.990172;0.992929;1.033151;0.990844;0.977475;1.011420;0.998141;1.012238;1.007478;0.977970;1.015413;0.979631;1.010007;0.972796;0.988690;1.029803;0.973988;1.013504;1.018921;0.990103;1.025263;1.066695;0.995171;1.051550;1.035051;1.038465;1.028532;1.018997;0.966680;1.008931;1.010451;0.964228;1.044341;1.010655;0.975810;1.014174;0.978198;1.044650;0.981396;1.046133;1.053500;0.986095;1.053858;1.024072;0.980834;1.049457;0.993973;1.012516;1.052386;0.998089;1.034269;1.048587;1.002894;1.030199;1.059285;0.997666;1.018826;0.750000;0.074024;0.500000;0.031487;0.785714;0.031585;0.800000;0.282698;0.900000;0.393141;0.900000;0.441137;0.668500;0.216190;0.750000;0.329606;0.833333;0.415931;0.885714;0.434384;0.001482;-0.000618;0.000864;-0.005024;-0.002208;-0.007233;-0.005019;-0.050970;-0.055989;-0.005081;0.181529;0.176448;0.002294;0.251935;0.254229;0.005013;0.294987;0.300000;-0.005127;0.142203;0.137076;-0.005098;0.232242;0.227145;0.004725;0.295275;0.300000;0.004488;0.295512;0.300000;1.063260;1.063201;0.004944;1.054466;1.054958;0.013248;1.057525;1.061333;0.356789;1.060826;1.048827;-0.453822;1.028707;1.011420;-1.007738;1.038991;1.007478;-0.589973;1.031127;1.021806;-1.422031;1.038693;1.023247;-1.857938;1.055349;1.035051;-0.885825;1.047258;1.018921;-1.034293;
26.000000;1.061302;1.021856;1.002115;1.000320;1.063235;1.023284;0.997363;1.068401;1.016791;1.054969;0.995871;1.057026;1.061340;1.059954;1.034212;1.037535;1.048852;0.990269;0.992952;1.033116;0.990525;0.977160;1.011340;0.998061;1.012164;1.007185;0.977686;1.015156;0.979380;1.009748;0.972546;0.988352;1.029447;0.973654;1.013525;1.019002;0.990123;1.025336;1.066401;0.994896;1.051130;1.035198;1.038600;1.028597;1.018955;0.966640;1.009057;1.010257;0.964042;1.043917;1.010373;0.975537;1.013855;0.977890;1.044277;0.981045;1.045683;1.053087;0.985707;1.053406;1.023519;0.980303;1.048667;0.993223;1.011593;1.051502;0.997248;1.033350;1.048607;1.002914;1.030203;1.059293;0.997673;1.018832;0.750000;0.074024;0.500000;0.031331;0.785714;0.031477;0.800000;0.282283;0.900000;0.393141;0.900000;0.441223;0.668500;0.215403;0.750000;0.329004;0.833333;0.415931;0.885714;0.434384;0.000978;-0.000613;0.000365;-0.005022;-0.002364;-0.007387;-0.005015;-0.051078;-0.056093;-0.005059;0.181141;0.176081;0.003493;0.251914;0.255406;0.005012;0.294988;0.300000;-0.005112;0.141456;0.136344;-0.005086;0.231688;0.226602;0.001026;0.295306;0.296332;0.004468;0.295532;0.300000;1.063260;1.063235;0.004906;1.054466;1.054969;0.014185;1.057525;1.061340;0.357546;1.060826;1.048852;-0.452852;1.028707;1.011340;-1.007655;1.038991;1.007185;-0.589975;1.031127;1.021856;-1.414564;1.038693;1.023284;-1.853501;1.055349;1.035198;-0.885919;1.047258;1.019002;-1.034363;
28.000000;1.061341;1.021899;1.002152;1.000260;1.063264;1.023316;0.997391;1.068430;1.016746;1.054978;0.995880;1.057016;1.061346;1.059947;1.033588;1.036747;1.048873;0.990351;0.992972;1.033088;0.990237;0.976875;1.011268;0.997990;1.012097;1.006920;0.977428;1.014924;0.979152;1.009513;0.972319;0.988047;1.029127;0.973353;1.013538;1.019067;0.990136;1.025397;1.066137;0.994649;1.050754;1.035322;1.038714;1.028648;1.018910;0.966596;1.009153;1.010078;0.963871;1.043534;1.010118;0.975290;1.013567;0.977612;1.043942;0.980729;1.045281;1.052717;0.985360;1.053003;1.023024;0.979827;1.047962;0.992555;1.010772;1.050716;0.996500;1.032533;1.048624;1.002930;1.030206;1.059299;0.997679;1.018836;0.750000;0.074024;0.500000;0.031194;0.785714;0.031385;0.800000;0.281949;0.900000;0.393141;0.900000;0.441301;0.668500;0.214720;0.750000;0.328483;0.833333;0.415931;0.885714;0.434384;0.000544;-0.000609;-0.000065;-0.005019;-0.002500;-0.007519;-0.005013;-0.051171;-0.056184;-0.005048;0.180827;0.175780;0.004567;0.251895;0.256462;0.005011;0.294989;0.300000;-0.005098;0.140809;0.135711;-0.005074;0.231208;0.226134;-0.000840;0.295333;0.294493;0.004451;0.295549;0.300000;1.063260;1.063264;0.004873;1.054466;1.054978;0.014999;1.057525;1.061346;0.358195;1.060826;1.048873;-0.452068;1.028707;1.011268;-1.007581;1.038991;1.006920;-0.589978;1.031127;1.021899;-1.408085;1.038693;1.023316;-1.849664;1.055349;1.035322;-0.885998;1.047258;1.019067;-1.034420;
30.000000;1.061374;1.021936;1.002183;1.000208;1.063289;1.023343;0.997414;1.068456;1.016708;1.054985;0.995887;1.057007;1.061351;1.059941;1.033034;1.036047;1.048889;0.990422;0.992987;1.033065;0.989978;0.976618;1.011204;0.997927;1.012038;1.006682;0.977195;1.014714;0.978946;1.009301;0.972114;0.987774;1.028840;0.973083;1.013546;1.019120;0.990144;1.025445;1.065901;0.994428;1.050419;1.035426;1.038810;1.028687;1.018863;0.966552;1.009226;1.009915;0.963715;1.043191;1.009888;0.975068;1.013310;0.977362;1.043643;0.980448;1.044925;1.052388;0.985051;1.052645;1.022583;0.979403;1.047339;0.991963;1.010047;1.050020;0.995839;1.031811;1.048638;1.002944;1.030208;1.059303;0.997683;1.018839;0.750000;0.074024;0.500000;0.031077;0.785714;0.031306;0.800000;0.281678;0.900000;0.393141;0.900000;0.441372;0.668500;0.214133;0.750000;0.328037;0.833333;0.415931;0.885714;0.434384;0.000173;-0.000606;-0.000433;-0.005017;-0.002616;-0.007633;-0.005011;-0.051250;-0.056261;-0.005039;0.180574;0.175535;0.005520;0.251879;0.257399;0.005010;0.294990;0.300000;-0.005084;0.140252;0.135168;-0.005064;0.230797;0.225733;-0.002402;0.295355;0.292954;0.004438;0.295562;0.300000;1.063260;1.063289;0.004845;1.054466;1.054985;0.015698;1.057525;1.061351;0.358751;1.060826;1.048889;-0.451434;1.028707;1.011204;-1.007515;1.038991;1.006682;-0.589980;1.031127;1.021936;-1.402516;1.038693;1.023343;-1.846377;1.055349;1.035426;-0.886065;1.047258;1.019120;-1.034466;
31.000000;1.061389;1.021953;1.002197;1.000185;1.063301;1.023355;0.997425;1.068467;1.016690;1.054989;0.995891;1.057003;1.061354;1.059938;1.032773;1.035718;1.048895;0.990452;0.992993;1.033056;0.989858;0.976500;1.011219;0.997942;1.012087;1.006572;0.977089;1.014618;0.978851;1.009202;0.972020;0.987648;1.028706;0.972959;1.013547;1.019141;0.990144;1.025465;1.065788;0.994323;1.050260;1.035471;1.038851;1.028703;1.018838;0.966528;1.009256;1.009837;0.963640;1.043029;1.009780;0.974963;1.013188;0.977245;1.043502;0.980315;1.044757;1.052234;0.984907;1.052477;1.022374;0.979203;1.047044;0.991683;1.009706;1.049692;0.995527;1.031471;1.048645;1.002950;1.030209;1.059305;0.997684;1.018840;0.750000;0.074024;0.500000;0.031025;0.785714;0.031270;0.800000;0.281575;0.900000;0.393390;0.900000;0.441404;0.668500;0.213868;0.750000;0.327837;0.833333;0.415931;0.885714;0.434384;0.000008;-0.000604;-0.000596;-0.005015;-0.002668;-0.007683;-0.005010;-0.051285;-0.056295;-0.005030;0.180476;0.175447;0.005071;0.252112;0.257183;0.005009;0.294991;0.300000;-0.005075;0.140001;0.134926;-0.005057;0.230613;0.225556;-0.003047;0.295365;0.292317;0.004433;0.295567;0.300000;1.063260;1.063301;0.004833;1.054466;1.054989;0.016011;1.057525;1.061353;0.358997;1.060826;1.048895;-0.451191;1.028707;1.011219;-1.008449;1.038991;1.006572;-0.589981;1.031127;1.021952;-1.400010;1.038693;1.023355;-1.844905;1.055349;1.035471;-0.886094;1.047258;1.019141;-1.034485;
33.000000;1.061415;1.021981;1.002222;1.000146;1.063320;1.023376;0.997442;1.068486;1.016661;1.054995;0.995896;1.056996;1.061357;1.059934;1.032314;1.035138;1.048905;0.990504;0.993003;1.033042;0.989642;0.976287;1.011205;0.997927;1.012112;1.006373;0.976895;1.014444;0.978679;1.009022;0.971848;0.987421;1.028467;0.972735;1.013546;1.019176;0.990144;1.025496;1.065589;0.994137;1.049980;1.035546;1.038920;1.028726;1.018790;0.966482;1.009304;1.009697;0.963506;1.042742;1.009586;0.974776;1.012972;0.977036;1.043252;0.980080;1.044462;1.051960;0.984650;1.052181;1.022006;0.978849;1.046528;0.991193;1.009108;1.049117;0.994980;1.030876;1.048654;1.002959;1.030210;1.059306;0.997686;1.018841;0.750000;0.074024;0.500000;0.030936;0.785714;0.031210;0.800000;0.281409;0.900000;0.393659;0.900000;0.441463;0.668500;0.213418;0.750000;0.327498;0.833333;0.415931;0.885714;0.434384;-0.000273;-0.000601;-0.000875;-0.005013;-0.002758;-0.007771;-0.005009;-0.051346;-0.056354;-0.005024;0.180321;0.175297;0.005039;0.252358;0.257396;0.005008;0.294992;0.300000;-0.005064;0.139574;0.134510;-0.005048;0.230301;0.225252;-0.004169;0.295381;0.291212;0.004424;0.295576;0.300000;1.063260;1.063320;0.004811;1.054466;1.054995;0.016546;1.057525;1.061357;0.359420;1.060826;1.048905;-0.450802;1.028707;1.011205;-1.009431;1.038991;1.006373;-0.589983;1.031127;1.021981;-1.395740;1.038693;1.023376;-1.842405;1.055349;1.035546;-0.886142;1.047258;1.019176;-1.034515;
35.000000;1.060569;1.021043;1.001421;1.001116;1.062615;1.022622;0.996780;1.067778;1.017445;1.054777;0.995691;1.057175;1.061193;1.060068;1.030331;1.033392;1.046416;0.987348;0.990640;1.035526;0.979367;0.975908;1.010128;0.996862;1.013275;0.996600;0.977083;1.005815;0.970955;1.001413;0.974022;0.979942;1.021093;0.975124;1.008021;1.013027;0.984733;1.019842;1.062963;0.991680;1.048758;1.029039;1.032938;1.022096;1.011794;0.969172;1.005365;1.002747;0.966262;1.040133;1.002599;0.977621;1.006451;0.980367;1.038158;0.984775;1.042360;1.046943;0.979942;1.050101;1.017069;0.974109;1.042504;0.987373;1.006665;1.046025;0.992042;1.028763;1.048321;1.002639;1.030121;1.059196;0.997581;1.018786;0.750000;0.074024;0.500000;0.033735;0.785714;0.033324;0.800000;0.315488;0.900000;0.408807;0.900000;0.443967;0.668500;0.226026;0.750000;0.337900;0.833333;0.415931;0.885714;0.434384;0.010186;-0.000700;0.009485;-0.004600;0.000029;-0.004571;-0.004698;-0.049229;-0.053927;-0.000132;0.212039;0.211907;0.007164;0.266054;0.273218;0.005358;0.294642;0.300000;-0.003199;0.151496;0.148297;-0.003514;0.239849;0.236335;0.092924;0.293980;0.386904;0.005968;0.294032;0.300000;1.063260;1.062615;0.005603;1.054466;1.054777;-0.000172;1.057525;1.061192;0.344602;1.060826;1.046416;-0.530097;1.028707;1.010129;-1.064216;1.038991;0.996600;-0.589285;1.031127;1.021043;-1.514957;1.038693;1.022622;-1.918793;1.055349;1.029039;-0.881941;1.047258;1.013027;-1.029113;
36.000000;1.060645;1.021105;1.001493;1.001173;1.062820;1.022727;0.996973;1.068218;1.017542;1.054903;0.995809;1.057301;1.061350;1.060227;1.029696;1.032670;1.046273;0.987284;0.990504;1.035393;0.979505;0.976046;1.010275;0.997007;1.013407;0.996746;0.977226;1.005987;0.971086;1.001545;0.974154;0.980048;1.021200;0.975230;1.007970;1.013020;0.984683;1.019949;1.062766;0.991496;1.048518;1.029089;1.033100;1.022118;1.011878;0.969252;1.005812;1.002901;0.966411;1.040460;1.002764;0.977782;1.006634;0.980544;1.038365;0.984971;1.042595;1.047104;0.980093;1.050315;1.016874;0.973921;1.042182;0.987067;1.006313;1.045588;0.991626;1.028250;1.048353;1.002670;1.030141;1.059205;0.997590;1.018788;0.750000;0.075688;0.500000;0.033735;0.785714;0.033324;0.800000;0.315488;0.900000;0.408791;0.900000;0.444232;0.668500;0.226026;0.750000;0.337900;0.833333;0.416771;0.885714;0.435193;0.005475;0.000993;0.006468;-0.006452;0.000037;-0.006415;-0.007036;-0.049204;-0.056240;0.002002;0.212012;0.214014;0.004995;0.266077;0.271073;0.005076;0.294924;0.300000;-0.004109;0.151504;0.147396;-0.005077;0.239868;0.234791;0.005240;0.294760;0.300000;0.005231;0.294769;0.300000;1.063260;1.062820;-0.007942;1.054466;1.054903;-0.000220;1.057525;1.061350;0.344428;1.060826;1.046273;-0.530030;1.028707;1.010274;-1.064309;1.038991;0.996746;-0.589848;1.031127;1.021105;-1.515042;1.038693;1.022727;-1.918943;1.055349;1.029089;-0.884280;1.047258;1.013020;-1.031691;
37.000000;1.060625;1.021099;1.001474;1.001169;1.062820;1.022723;0.996973;1.068270;1.017536;1.054820;0.995731;1.057193;1.061249;1.060066;1.029177;1.032055;1.046195;0.987259;0.990430;1.035320;0.979403;0.975944;1.010287;0.997019;1.013419;0.996657;0.977139;1.005917;0.971013;1.001468;0.974081;0.979931;1.021075;0.975113;1.007928;1.013018;0.984642;1.019975;1.062559;0.991302;1.048255;1.029121;1.033156;1.022119;1.011895;0.969269;1.006126;1.002854;0.966366;1.040398;1.002684;0.977704;1.006542;0.980455;1.038256;0.984867;1.042459;1.046966;0.979963;1.050170;1.016586;0.973645;1.041756;0.986662;1.005831;1.045078;0.991141;1.027694;1.048342;1.002660;1.030137;1.059186;0.997572;1.018768;0.750000;0.076061;0.500000;0.033557;0.785714;0.032910;0.800000;0.315488;0.900000;0.408791;0.900000;0.444316;0.668500;0.226026;0.750000;0.337883;0.833333;0.416965;0.885714;0.435386;0.005107;0.001365;0.006472;-0.005051;-0.000146;-0.005197;-0.005119;-0.049640;-0.054759;0.003166;0.211997;0.215163;0.004813;0.266081;0.270893;0.005024;0.294976;0.300000;-0.004034;0.151504;0.147470;-0.005005;0.239851;0.234846;0.005055;0.294945;0.300000;0.005055;0.294945;0.300000;1.063260;1.062820;-0.010922;1.054466;1.054820;0.000878;1.057525;1.061249;0.347482;1.060826;1.046195;-0.529993;1.028707;1.010287;-1.064322;1.038991;0.996657;-0.589952;1.031127;1.021099;-1.515035;1.038693;1.022723;-1.918810;1.055349;1.029121;-0.884834;1.047258;1.013018;-1.032307;
39.000000;1.060623;1.021098;1.001472;1.001167;1.062821;1.022721;0.996974;1.068282;1.017538;1.054816;0.995727;1.057189;1.061243;1.060056;1.028547;1.031312;1.046071;0.987198;0.990313;1.035206;0.979158;0.975699;1.010260;0.996992;1.013394;0.996428;0.976914;1.005719;0.970811;1.001258;0.973878;0.979678;1.020809;0.974861;1.007810;1.012942;0.984526;1.019915;1.062277;0.991039;1.047922;1.029070;1.033118;1.022031;1.011838;0.969214;1.006508;1.002668;0.966186;1.040168;1.002464;0.977488;1.006308;0.980226;1.038001;0.984625;1.042181;1.046686;0.979701;1.049892;1.016166;0.973242;1.041172;0.986107;1.005164;1.044416;0.990511;1.026996;1.048344;1.002662;1.030140;1.059188;0.997574;1.018771;0.750000;0.076143;0.500000;0.033559;0.785714;0.032879;0.800000;0.315488;0.900000;0.408791;0.900000;0.444398;0.668500;0.226026;0.750000;0.337914;0.833333;0.417027;0.885714;0.435456;0.005012;0.001447;0.006459;-0.005000;-0.000145;-0.005144;-0.005004;-0.049673;-0.054677;0.004999;0.211974;0.216973;0.005218;0.266073;0.271291;0.005012;0.294988;0.300000;-0.004016;0.151503;0.147488;-0.004996;0.239880;0.234884;0.005009;0.294991;0.300000;0.005010;0.294990;0.300000;1.063260;1.062821;-0.011577;1.054466;1.054816;0.000867;1.057525;1.061243;0.347708;1.060826;1.046071;-0.529936;1.028707;1.010260;-1.064294;1.038991;0.996428;-0.589977;1.031127;1.021098;-1.515033;1.038693;1.022721;-1.919038;1.055349;1.029070;-0.884973;1.047258;1.012942;-1.032465;
40.000000;1.060603;1.021077;1.001453;1.001147;1.062811;1.022703;0.996964;1.068290;1.017521;1.054805;0.995716;1.057178;1.061238;1.060059;1.028311;1.031041;1.045996;0.987145;0.990241;1.035135;0.979055;0.975597;1.010267;0.996999;1.013413;0.996331;0.976819;1.005634;0.970724;1.001166;0.973790;0.979575;1.020701;0.974758;1.007741;1.012882;0.984458;1.019863;1.062168;0.990937;1.047802;1.029011;1.033067;1.021966;1.011799;0.969176;1.006661;1.002579;0.966100;1.040075;1.002368;0.977395;1.006210;0.980131;1.037899;0.984528;1.042077;1.046578;0.979599;1.049791;1.016008;0.973090;1.040960;0.985906;1.004923;1.044181;0.990288;1.026751;1.048338;1.002656;1.030139;1.059189;0.997575;1.018773;0.750000;0.076272;0.500000;0.033559;0.785714;0.032935;0.800000;0.315488;0.900000;0.408885;0.900000;0.444430;0.668500;0.226026;0.750000;0.337914;0.833333;0.417045;0.885714;0.435477;0.005037;0.001574;0.006611;-0.004828;-0.000145;-0.004973;-0.004984;-0.049616;-0.054600;0.006125;0.211960;0.218085;0.005027;0.266162;0.271189;0.005009;0.294991;0.300000;-0.003697;0.151500;0.147803;-0.004730;0.239877;0.235147;0.005005;0.294995;0.300000;0.005006;0.294994;0.300000;1.063260;1.062811;-0.012595;1.054466;1.054805;0.000872;1.057525;1.061238;0.347315;1.060826;1.045996;-0.529901;1.028707;1.010267;-1.064647;1.038991;0.996331;-0.589982;1.031127;1.021077;-1.515004;1.038693;1.022703;-1.919012;1.055349;1.029011;-0.884985;1.047258;1.012882;-1.032479;
41.000000;1.060598;1.021072;1.001448;1.001143;1.062809;1.022700;0.996963;1.068295;1.017519;1.054801;0.995713;1.057174;1.061235;1.060056;1.028166;1.030861;1.045999;0.987139;0.990244;1.035262;0.978995;0.975536;1.010269;0.997002;1.013414;0.996275;0.976763;1.005585;0.970674;1.001114;0.973740;0.979513;1.020635;0.974697;1.007712;1.012862;0.984430;1.019846;1.062099;0.990873;1.047721;1.028982;1.033042;1.021939;1.011795;0.969172;1.006813;1.002527;0.966050;1.040017;1.002312;0.977340;1.006151;0.980073;1.037836;0.984468;1.042009;1.046510;0.979536;1.049724;1.015910;0.972996;1.040820;0.985773;1.004757;1.044023;0.990137;1.026584;1.048338;1.002656;1.030140;1.059190;0.997576;1.018775;0.750000;0.076313;0.500000;0.033559;0.785714;0.032935;0.800000;0.316373;0.900000;0.408876;0.900000;0.444451;0.668500;0.226026;0.750000;0.337914;0.833333;0.417055;0.885714;0.435487;0.005012;0.001616;0.006628;-0.004773;-0.000146;-0.004918;-0.004941;-0.049617;-0.054558;0.005253;0.212793;0.218046;0.004997;0.266154;0.271151;0.005006;0.294994;0.300000;-0.003623;0.151500;0.147876;-0.004683;0.239876;0.235193;0.005003;0.294997;0.300000;0.005003;0.294997;0.300000;1.063260;1.062809;-0.012928;1.054466;1.054801;0.000873;1.057525;1.061235;0.347318;1.060826;1.045999;-0.531982;1.028707;1.010269;-1.064615;1.038991;0.996275;-0.589988;1.031127;1.021072;-1.514997;1.038693;1.022700;-1.919008;1.055349;1.028982;-0.884992;1.047258;1.012862;-1.032491;
43.000000;1.060555;1.021030;1.001408;1.001103;1.062789;1.022668;0.996944;1.068312;1.017489;1.054764;0.995678;1.057137;1.061204;1.060024;1.028012;1.030680;1.045955;0.987087;0.990202;1.035339;0.978934;0.975475;1.010288;0.997020;1.013431;0.996216;0.976705;1.005534;0.970621;1.001058;0.973686;0.979453;1.020572;0.974637;1.007655;1.012808;0.984374;1.019798;1.062027;0.990805;1.047645;1.028901;1.032970;1.021875;1.011791;0.969168;1.007047;1.002461;0.965986;1.039967;1.002251;0.977281;1.006090;0.980014;1.037775;0.984411;1.041952;1.046449;0.979478;1.049669;1.015824;0.972913;1.040698;0.985658;1.004611;1.043886;0.990008;1.026441;1.048322;1.002641;1.030137;1.059184;0.997570;1.018771;0.750000;0.076584;0.500000;0.033559;0.785714;0.032935;0.800000;0.317211;0.900000;0.408876;0.900000;0.444471;0.668500;0.226026;0.750000;0.337914;0.833333;0.417074;0.885714;0.435502;0.005039;0.001884;0.006922;-0.004233;-0.000148;-0.004381;-0.004474;-0.049622;-0.054096;0.005120;0.213572;0.218692;0.004721;0.266159;0.270879;0.005003;0.294997;0.300000;-0.003000;0.151494;0.148494;-0.004204;0.239870;0.235666;0.005003;0.294997;0.300000;0.005002;0.294998;0.300000;1.063260;1.062789;-0.015070;1.054466;1.054764;0.000887;1.057525;1.061204;0.347352;1.060826;1.045955;-0.533930;1.028707;1.010288;-1.064634;1.038991;0.996216;-0.589994;1.031127;1.021030;-1.514938;1.038693;1.022668;-1.918962;1.055349;1.028901;-0.884992;1.047258;1.012808;-1.032492;
45.000000;1.056766;1.017330;0.997821;0.997642;1.061007;1.019850;0.995268;1.069784;1.014883;1.051540;0.992627;1.053905;1.058428;1.057214;1.026318;1.029647;1.042036;0.981930;0.986483;1.039309;0.967572;0.973989;1.006313;0.993086;1.009761;0.985321;0.975779;0.995935;0.961789;0.992388;0.974777;0.971121;1.012380;0.976211;1.000435;1.004630;0.977303;1.012561;1.059116;0.988082;1.046744;1.019834;1.024900;1.013180;1.003157;0.970322;1.002305;0.994367;0.967678;1.037446;0.994416;0.979343;0.998920;0.982767;1.032340;0.988866;1.040128;1.041121;0.974479;1.047869;1.009953;0.976783;1.036708;0.981869;1.002865;1.041263;0.987514;1.025144;1.047086;1.001456;1.029857;1.058817;0.997224;1.018623;0.750000;0.099855;0.500000;0.033559;0.785714;0.032935;0.800000;0.371606;0.900000;0.408876;0.900000;0.447346;0.668500;0.226026;0.750000;0.337914;0.833333;0.418963;0.885714;0.437490;0.008324;0.024822;0.033147;0.043403;-0.000355;0.043049;0.036794;-0.050061;-0.013267;0.012771;0.263555;0.276326;0.064212;0.265119;0.329331;0.005411;0.294589;0.300000;0.051934;0.150976;0.202909;0.037740;0.239366;0.277106;0.005270;0.294730;0.300000;0.005284;0.294716;0.300000;1.063260;1.061006;-0.198579;1.054466;1.051539;0.002130;1.057525;1.058428;0.350429;1.060826;1.042035;-0.658888;1.028707;1.006313;-1.060477;1.038991;0.985322;-0.589179;1.031127;1.017330;-1.509757;1.038693;1.019850;-1.914929;1.055349;1.019833;-0.884191;1.047258;1.004630;-1.031506;
46.000000;1.059086;1.019502;1.000018;1.001419;1.062267;1.021562;0.996452;1.069369;1.017323;1.053943;0.994901;1.056642;1.060528;1.059411;1.026029;1.029087;1.043076;0.983228;0.987470;1.039385;0.968769;0.975196;1.011300;0.998021;1.017753;0.986539;0.976989;0.997063;0.962967;0.993449;0.975974;0.972156;1.013363;0.977254;1.001323;1.005744;0.978173;1.013584;1.059210;0.988170;1.046530;1.021335;1.026272;1.014358;1.004183;0.971317;1.003470;0.995359;0.968646;1.038124;0.995335;0.980250;0.999752;0.983587;1.033043;0.989541;1.040533;1.041856;0.975168;1.048281;1.010231;0.977053;1.036645;0.981809;1.002595;1.040922;0.987190;1.024591;1.047878;1.002215;1.030136;1.059117;0.997507;1.018790;0.750000;0.087854;0.500000;0.035852;0.785714;0.033422;0.800000;0.365241;0.900000;0.432566;0.900000;0.447403;0.668500;0.237896;0.750000;0.343914;0.833333;0.418909;0.885714;0.437486;0.001571;0.013077;0.014648;0.005655;0.002093;0.007748;0.005139;-0.049234;-0.044095;0.003181;0.257861;0.261042;0.011769;0.288231;0.300000;0.005016;0.294984;0.300000;0.008391;0.162605;0.170996;0.006714;0.245249;0.251963;0.004985;0.295015;0.300000;0.004999;0.295001;0.300000;1.063260;1.062264;-0.104612;1.054466;1.053940;-0.012557;1.057525;1.060524;0.344639;1.060826;1.043075;-0.644652;1.028707;1.011294;-1.152925;1.038991;0.986539;-0.589968;1.031127;1.019500;-1.626046;1.038693;1.021559;-1.961989;1.055349;1.021334;-0.885046;1.047258;1.005743;-1.032504;
48.000000;1.059216;1.019641;1.000141;1.001717;1.062365;1.021665;0.996545;1.069466;1.017434;1.053999;0.994954;1.056668;1.060561;1.059392;1.025303;1.028212;1.043034;0.983265;0.987430;1.039345;0.968412;0.974836;1.009418;0.996159;1.014770;0.986197;0.976649;0.996763;0.962656;0.993192;0.975657;0.971804;1.013028;0.976899;1.001272;1.005753;0.978124;1.013592;1.058944;0.987921;1.046195;1.021386;1.026319;1.014353;1.004216;0.971349;1.004097;0.995207;0.968497;1.037985;0.995116;0.980034;0.999530;0.983369;1.032815;0.989323;1.040305;1.041544;0.974876;1.048016;1.009868;0.976701;1.036104;0.981296;1.001989;1.040287;0.986586;1.023902;1.047851;1.002189;1.030056;1.059019;0.997414;1.018681;0.750000;0.087854;0.500000;0.035653;0.785714;0.033071;0.800000;0.365241;0.900000;0.424015;0.900000;0.447510;0.668500;0.239102;0.750000;0.344043;0.833333;0.418909;0.885714;0.437486;0.000090;0.013072;0.013162;0.004972;0.001897;0.006868;0.004950;-0.049586;-0.044636;0.003799;0.257847;0.261646;0.003778;0.279821;0.283599;0.005015;0.294985;0.300000;0.005172;0.163751;0.168924;0.005019;0.245384;0.250402;0.004974;0.295026;0.300000;0.004997;0.295003;0.300000;1.063260;1.062365;-0.104576;1.054466;1.053999;-0.011380;1.057525;1.060561;0.347099;1.060826;1.043034;-0.644619;1.028707;1.009423;-1.119284;1.038991;0.986197;-0.589969;1.031127;1.019641;-1.637514;1.038693;1.021665;-1.963069;1.055349;1.021386;-0.885079;1.047258;1.005753;-1.032511;
50.000000;1.059177;1.019597;1.000103;1.001786;1.062329;1.021626;0.996511;1.069430;1.017478;1.053989;0.994945;1.056677;1.060553;1.059399;1.025037;1.027946;1.042829;0.983090;0.987236;1.039156;0.968316;0.974739;1.009431;0.996171;1.014803;0.986102;0.976554;0.996682;0.962564;0.993095;0.975564;0.971717;1.012937;0.976812;1.001090;1.005568;0.977945;1.013422;1.058817;0.987803;1.046107;1.021172;1.026122;1.014161;1.004161;0.971296;1.004506;0.995081;0.968374;1.037965;0.995020;0.979939;0.999446;0.983286;1.032748;0.989258;1.040271;1.041482;0.974818;1.047990;1.009758;0.976594;1.035973;0.981171;1.001844;1.040142;0.986448;1.023747;1.047834;1.002172;1.030049;1.059015;0.997411;1.018679;0.750000;0.087854;0.500000;0.035788;0.785714;0.033177;0.800000;0.365241;0.900000;0.424039;0.900000;0.447551;0.668500;0.239854;0.750000;0.344607;0.833333;0.418909;0.885714;0.437486;0.000633;0.013067;0.013700;0.004991;0.002031;0.007022;0.004965;-0.049479;-0.044514;0.006835;0.257809;0.264644;0.003782;0.279869;0.283651;0.005006;0.294994;0.300000;0.005107;0.164462;0.169569;0.005080;0.245900;0.250981;0.005021;0.294979;0.300000;0.005044;0.294956;0.300000;1.063260;1.062328;-0.104535;1.054466;1.053989;-0.012185;1.057525;1.060552;0.346352;1.060826;1.042830;-0.644523;1.028707;1.009419;-1.119476;1.038991;0.986099;-0.589988;1.031127;1.019597;-1.644617;1.038693;1.021626;-1.967201;1.055349;1.021173;-0.884938;1.047258;1.005568;-1.032345;
