time;WTG3_WTG3_injector_PInjPu;WTG3_WTG3_injector_QInjPu;WTG3_WTG3_injector_terminal_V_re;WTG3_WTG3_injector_terminal_i_re;WTG3_WTG3_injector_terminal_V_im;WTG3_WTG3_injector_terminal_i_im;WTG3_WTG3_pll_omegaPLLPu;WTG3_WTG3_wecc_wtgt_PePu;
0.000000;0.700006;0.279505;1.030009;-0.700000;0.105006;0.199999;1.000000;0.700000;
0.000001;0.700006;0.279505;1.030009;-0.700000;0.105006;0.199999;1.000000;0.700000;
0.000002;0.700006;0.279505;1.030009;-0.700000;0.105006;0.199999;1.000000;0.700000;
0.000004;0.700006;0.279505;1.030009;-0.700000;0.105006;0.199999;1.000000;0.700000;
0.000008;0.700006;0.279505;1.030009;-0.700000;0.105006;0.199999;1.000000;0.700000;
0.000016;0.700006;0.279505;1.030009;-0.700000;0.105006;0.199999;1.000000;0.700000;
0.000032;0.700006;0.279505;1.030009;-0.700000;0.105006;0.199999;1.000000;0.700000;
0.000064;0.700006;0.279505;1.030009;-0.700000;0.105006;0.199999;1.000000;0.700000;
0.000128;0.700006;0.279505;1.030009;-0.700000;0.105006;0.199999;1.000000;0.700000;
0.000256;0.700006;0.279505;1.030009;-0.700000;0.105006;0.199999;1.000000;0.700000;
0.000512;0.700006;0.279505;1.030009;-0.700000;0.105006;0.199999;1.000000;0.700000;
0.001024;0.700006;0.279505;1.030009;-0.700000;0.105006;0.199999;1.000000;0.700000;
0.002048;0.700006;0.279505;1.030009;-0.700000;0.105006;0.199999;1.000000;0.700000;
0.004096;0.700006;0.279505;1.030009;-0.700000;0.105006;0.199999;1.000000;0.700000;
0.008192;0.700006;0.279505;1.030009;-0.700000;0.105006;0.199999;1.000000;0.700000;
0.016384;0.700005;0.279505;1.030009;-0.700000;0.105006;0.199999;1.000000;0.700000;
0.032768;0.700005;0.279505;1.030009;-0.700000;0.105006;0.199999;1.000000;0.700000;
0.065536;0.700005;0.279505;1.030009;-0.700000;0.105006;0.199999;1.000000;0.700000;
0.131072;0.700005;0.279505;1.030009;-0.700000;0.105006;0.199999;1.000000;0.700000;
0.262144;0.700005;0.279505;1.030009;-0.700000;0.105006;0.199999;1.000000;0.700000;
0.524288;0.700005;0.279505;1.030009;-0.700000;0.105006;0.199999;1.000000;0.700000;
1.000000;0.700005;0.279505;1.030009;-0.700000;0.105006;0.199999;1.000000;0.700000;
1.000000;0.420005;0.199506;0.630009;-0.700000;0.105006;0.199999;1.121701;0.420000;
1.000001;0.420010;0.199492;0.630006;-0.700008;0.105008;0.199975;1.121633;0.420005;
1.000002;0.420015;0.199478;0.630002;-0.700016;0.105009;0.199952;1.121566;0.420010;
1.000004;0.420024;0.199450;0.629995;-0.700032;0.105011;0.199905;1.121431;0.420019;
1.000008;0.420044;0.199395;0.629981;-0.700064;0.105016;0.199811;1.121161;0.420038;
1.000016;0.420082;0.199285;0.629953;-0.700127;0.105026;0.199624;1.120624;0.420076;
1.000032;0.420157;0.199067;0.629897;-0.700253;0.105044;0.199254;1.119556;0.420152;
1.000064;0.420307;0.198639;0.629788;-0.700503;0.105082;0.198525;1.117449;0.420302;
1.000128;0.420601;0.197812;0.629577;-0.700993;0.105155;0.197114;1.113348;0.420596;
1.000240;0.421099;0.196454;0.629228;-0.701823;0.105280;0.194789;1.106501;0.421094;
1.000241;0.421103;0.196443;0.629225;-0.701830;0.105281;0.194769;1.106442;0.421098;
1.000242;0.421108;0.196431;0.629222;-0.701837;0.105282;0.194749;1.106383;0.421102;
1.000244;0.421116;0.196408;0.629216;-0.701852;0.105284;0.194709;1.106265;0.421111;
1.000248;0.421134;0.196362;0.629204;-0.701880;0.105289;0.194630;1.106030;0.421128;
1.000256;0.421168;0.196270;0.629180;-0.701938;0.105297;0.194472;1.105561;0.421163;
1.000272;0.421237;0.196089;0.629133;-0.702053;0.105314;0.194160;1.104630;0.421232;
1.000304;0.421373;0.195732;0.629041;-0.702280;0.105349;0.193546;1.102792;0.421368;
1.000368;0.421641;0.195046;0.628863;-0.702727;0.105416;0.192359;1.099215;0.421636;
1.000496;0.422162;0.193775;0.628531;-0.703594;0.105546;0.190147;1.092434;0.422156;
1.000752;0.423149;0.191606;0.627956;-0.705239;0.105793;0.186313;1.080230;0.423144;
1.001008;0.424082;0.189895;0.627489;-0.706794;0.106026;0.183201;1.069671;0.424076;
1.001013;0.424098;0.189868;0.627482;-0.706821;0.106030;0.183152;1.069496;0.424093;
1.001014;0.424101;0.189863;0.627480;-0.706827;0.106031;0.183141;1.069459;0.424096;
1.001015;0.424105;0.189857;0.627479;-0.706833;0.106032;0.183130;1.069421;0.424100;
1.001017;0.424112;0.189845;0.627476;-0.706844;0.106033;0.183109;1.069345;0.424107;
1.001021;0.424126;0.189822;0.627469;-0.706868;0.106037;0.183066;1.069194;0.424121;
1.001029;0.424154;0.189777;0.627457;-0.706915;0.106044;0.182981;1.068893;0.424149;
1.001045;0.424211;0.189687;0.627431;-0.707009;0.106058;0.182814;1.068294;0.424206;
1.001077;0.424323;0.189512;0.627382;-0.707197;0.106086;0.182486;1.067113;0.424318;
1.001141;0.424547;0.189181;0.627288;-0.707569;0.106142;0.181859;1.064814;0.424542;
1.001269;0.424989;0.188587;0.627116;-0.708307;0.106253;0.180713;1.060457;0.424984;
1.001341;0.425238;0.188289;0.627027;-0.708722;0.106315;0.180121;1.058115;0.425233;
1.001342;0.425242;0.188285;0.627026;-0.708727;0.106316;0.180113;1.058084;0.425236;
1.001343;0.425245;0.188281;0.627025;-0.708733;0.106317;0.180105;1.058053;0.425240;
1.001345;0.425252;0.188273;0.627023;-0.708744;0.106318;0.180090;1.057990;0.425246;
1.001349;0.425265;0.188258;0.627018;-0.708767;0.106322;0.180059;1.057865;0.425260;
1.001357;0.425293;0.188227;0.627009;-0.708812;0.106329;0.179998;1.057615;0.425287;
1.001373;0.425347;0.188168;0.626991;-0.708903;0.106342;0.179878;1.057119;0.425342;
1.001405;0.425456;0.188056;0.626956;-0.709085;0.106370;0.179647;1.056141;0.425451;
1.001469;0.425675;0.187853;0.626892;-0.709449;0.106424;0.179218;1.054237;0.425669;
1.001597;0.426113;0.187536;0.626783;-0.710180;0.106534;0.178495;1.050629;0.426108;
1.001853;0.427002;0.187231;0.626641;-0.711661;0.106756;0.177545;1.044142;0.426996;
1.002109;0.427912;0.187340;0.626592;-0.713177;0.106983;0.177215;1.038540;0.427906;
1.002365;0.428850;0.187829;0.626627;-0.714740;0.107218;0.177451;1.033710;0.428844;
1.002621;0.429821;0.188667;0.626740;-0.716359;0.107461;0.178203;1.029552;0.429816;
1.002877;0.430830;0.189826;0.626923;-0.718040;0.107713;0.179423;1.025976;0.430824;
1.003133;0.431879;0.191281;0.627170;-0.719789;0.107975;0.181070;1.022904;0.431873;
1.003645;0.434109;0.194963;0.627829;-0.723505;0.108533;0.185462;1.017941;0.434103;
1.004106;0.436268;0.199086;0.628592;-0.727104;0.109072;0.190551;1.014626;0.436262;
1.004567;0.438575;0.203879;0.629493;-0.730948;0.109649;0.196557;1.012148;0.438569;
1.004834;0.439978;0.206926;0.630069;-0.733286;0.110000;0.200397;1.011006;0.439972;
1.004835;0.439983;0.206937;0.630072;-0.733295;0.110001;0.200412;1.011002;0.439977;
1.004836;0.439988;0.206949;0.630074;-0.733304;0.110003;0.200427;1.010999;0.439983;
1.004838;0.439999;0.206973;0.630078;-0.733322;0.110005;0.200457;1.010991;0.439993;
1.004842;0.440021;0.207020;0.630087;-0.733358;0.110011;0.200517;1.010976;0.440015;
1.004850;0.440063;0.207115;0.630105;-0.733429;0.110021;0.200637;1.010947;0.440058;
1.004866;0.440149;0.207306;0.630141;-0.733572;0.110043;0.200878;1.010888;0.440143;
1.004898;0.440321;0.207689;0.630214;-0.733859;0.110086;0.201363;1.010772;0.440316;
1.004962;0.440668;0.208463;0.630361;-0.734437;0.110172;0.202341;1.010547;0.440662;
1.005090;0.441369;0.210040;0.630660;-0.735606;0.110348;0.204337;1.010124;0.441364;
1.005346;0.442805;0.213309;0.631281;-0.737999;0.110707;0.208476;1.009377;0.442800;
1.005858;0.445798;0.220205;0.632589;-0.742986;0.111455;0.217195;1.008208;0.445792;
1.006370;0.448940;0.227513;0.633970;-0.748223;0.112240;0.226401;1.007399;0.448934;
1.006882;0.452222;0.235158;0.635408;-0.753693;0.113061;0.235983;1.006862;0.452216;
1.007394;0.455633;0.243081;0.636888;-0.759378;0.113913;0.245848;1.006526;0.455627;
1.008418;0.462789;0.259498;0.639920;-0.771305;0.115702;0.266059;1.006210;0.462783;
1.009442;0.470333;0.276482;0.643006;-0.783877;0.117588;0.286634;1.006214;0.470326;
1.010466;0.478190;0.293770;0.646094;-0.796971;0.119552;0.307217;1.006375;0.478182;
1.011265;0.484486;0.307319;0.648475;-0.807464;0.121126;0.323087;1.006538;0.484479;
1.011265;0.484487;0.307319;0.648475;-0.807465;0.121126;0.323086;1.006538;0.484479;
1.011266;0.484495;0.307336;0.648478;-0.807479;0.121128;0.323106;1.006538;0.484487;
1.011267;0.484503;0.307353;0.648481;-0.807492;0.121130;0.323126;1.006539;0.484495;
1.011269;0.484519;0.307387;0.648487;-0.807518;0.121134;0.323166;1.006539;0.484511;
1.011273;0.484551;0.307455;0.648499;-0.807572;0.121142;0.323245;1.006540;0.484543;
1.011281;0.484614;0.307591;0.648522;-0.807678;0.121158;0.323403;1.006542;0.484607;
1.011297;0.484742;0.307863;0.648570;-0.807890;0.121190;0.323720;1.006545;0.484734;
1.011329;0.484996;0.308408;0.648665;-0.808314;0.121254;0.324354;1.006552;0.484988;
1.011393;0.485502;0.309496;0.648855;-0.809157;0.121380;0.325620;1.006563;0.485494;
1.011521;0.486506;0.311668;0.649235;-0.810830;0.121631;0.328150;1.006577;0.486498;
1.011777;0.488478;0.316000;0.649992;-0.814117;0.122124;0.333199;1.006579;0.488470;
1.012289;0.492291;0.324607;0.651499;-0.820472;0.123077;0.343247;1.006497;0.492283;
1.013313;0.499440;0.341565;0.654475;-0.832386;0.124864;0.363084;1.006130;0.499432;
1.014337;0.506017;0.358137;0.657387;-0.843347;0.126508;0.382494;1.005617;0.506008;
1.015361;0.512109;0.374260;0.660218;-0.853500;0.128031;0.401361;1.005081;0.512100;
1.016385;0.517800;0.389871;0.662949;-0.862985;0.129454;0.419571;1.004593;0.517791;
1.017373;0.522986;0.404393;0.665477;-0.871628;0.130750;0.436419;1.004200;0.522977;
1.017373;0.522987;0.404392;0.665477;-0.871629;0.130750;0.436418;1.004200;0.522977;
1.017373;0.522987;0.404393;0.665477;-0.871629;0.130751;0.436419;1.004200;0.522978;
1.017374;0.522992;0.404407;0.665479;-0.871638;0.130752;0.436436;1.004200;0.522983;
1.017375;0.522997;0.404422;0.665482;-0.871646;0.130753;0.436452;1.004199;0.522988;
1.017377;0.523007;0.404450;0.665487;-0.871663;0.130756;0.436486;1.004199;0.522998;
1.017381;0.523028;0.404508;0.665497;-0.871697;0.130761;0.436553;1.004197;0.523018;
1.017389;0.523068;0.404623;0.665517;-0.871765;0.130771;0.436686;1.004194;0.523059;
1.017405;0.523150;0.404854;0.665557;-0.871901;0.130791;0.436953;1.004189;0.523140;
1.017437;0.523312;0.405315;0.665637;-0.872172;0.130832;0.437486;1.004177;0.523303;
1.017501;0.523637;0.406234;0.665796;-0.872712;0.130913;0.438549;1.004155;0.523627;
1.017629;0.524283;0.408065;0.666114;-0.873789;0.131075;0.440666;1.004111;0.524274;
1.017885;0.525565;0.411698;0.666743;-0.875925;0.131395;0.444858;1.004029;0.525555;
1.017974;0.526007;0.412957;0.666961;-0.876662;0.131505;0.446310;1.004000;0.525997;
1.017975;0.526012;0.412971;0.666963;-0.876670;0.131507;0.446327;1.004000;0.526002;
1.017976;0.526017;0.412985;0.666966;-0.876678;0.131508;0.446343;1.004000;0.526007;
1.017978;0.526026;0.413013;0.666970;-0.876695;0.131510;0.446375;1.003999;0.526017;
1.017982;0.526046;0.413070;0.666980;-0.876728;0.131515;0.446440;1.003998;0.526037;
1.017990;0.526086;0.413182;0.667000;-0.876794;0.131525;0.446569;1.003995;0.526076;
1.018006;0.526165;0.413407;0.667038;-0.876926;0.131545;0.446828;1.003991;0.526156;
1.018038;0.526324;0.413856;0.667116;-0.877190;0.131585;0.447345;1.003981;0.526314;
1.018102;0.526640;0.414751;0.667271;-0.877717;0.131664;0.448376;1.003963;0.526630;
1.018230;0.527269;0.416536;0.667579;-0.878766;0.131821;0.450429;1.003926;0.527259;
1.018486;0.528502;0.420094;0.668193;-0.880820;0.132129;0.454528;1.003843;0.528492;
1.018998;0.530863;0.427166;0.669420;-0.884755;0.132719;0.462703;1.003646;0.530853;
1.020022;0.535189;0.441135;0.671858;-0.891964;0.133801;0.478954;1.003178;0.535178;
1.021046;0.539024;0.454844;0.674269;-0.898356;0.134759;0.495029;1.002667;0.539013;
1.023094;0.545512;0.481322;0.678959;-0.909169;0.136381;0.526289;1.001739;0.545501;
1.025142;0.550699;0.506367;0.683421;-0.917812;0.137677;0.556033;1.001012;0.550687;
1.027190;0.554948;0.529766;0.687593;-0.924893;0.138739;0.583844;1.000532;0.554936;
1.029238;0.558577;0.551366;0.691428;-0.930941;0.139646;0.609410;1.000276;0.558565;
1.031286;0.561837;0.571075;0.694898;-0.936374;0.140461;0.632540;1.000196;0.561824;
1.033334;0.564915;0.588866;0.697991;-0.941502;0.141230;0.653157;1.000241;0.564901;
1.035382;0.567936;0.604762;0.700709;-0.946538;0.141985;0.671274;1.000366;0.567923;
1.037430;0.570982;0.618832;0.703065;-0.951614;0.142747;0.686981;1.000533;0.570969;
1.039478;0.574095;0.631173;0.705080;-0.956801;0.143525;0.700415;1.000718;0.574081;
1.041526;0.577287;0.641905;0.706780;-0.962122;0.144323;0.711748;1.000901;0.577273;
1.043574;0.580555;0.651161;0.708194;-0.967568;0.145140;0.721171;1.001070;0.580541;
1.045622;0.583881;0.659079;0.709351;-0.973111;0.145971;0.728882;1.001216;0.583866;
1.047670;0.587240;0.665799;0.710281;-0.978708;0.146811;0.735082;1.001336;0.587225;
1.049718;0.590602;0.671457;0.711013;-0.984311;0.147651;0.739962;1.001428;0.590587;
1.053814;0.597190;0.680251;0.712022;-0.995291;0.149298;0.746685;1.001535;0.597175;
1.057501;0.602872;0.685713;0.712499;-1.004760;0.150719;0.749864;1.001551;0.602856;
1.061187;0.608195;0.689451;0.712690;-1.013632;0.152050;0.751138;1.001509;0.608179;
1.064873;0.613089;0.691906;0.712684;-1.021789;0.153273;0.751095;1.001424;0.613073;
1.068560;0.617509;0.693443;0.712551;-1.029155;0.154378;0.750212;1.001309;0.617493;
1.072246;0.621437;0.694348;0.712347;-1.035701;0.155360;0.748850;1.001177;0.621421;
1.075933;0.624878;0.694834;0.712110;-1.041436;0.156221;0.747272;1.001040;0.624862;
1.079619;0.627855;0.695058;0.711868;-1.046398;0.156965;0.745659;1.000903;0.627839;
1.083305;0.630401;0.695131;0.711638;-1.050641;0.157601;0.744126;1.000773;0.630385;
1.090678;0.634416;0.695127;0.711252;-1.057333;0.158605;0.741549;1.000547;0.634400;
1.097314;0.636978;0.695058;0.710992;-1.061603;0.159246;0.739815;1.000385;0.636962;
1.103949;0.638793;0.695023;0.710809;-1.064626;0.159699;0.738599;1.000261;0.638776;
1.110585;0.640045;0.695040;0.710691;-1.066713;0.160012;0.737807;1.000171;0.640028;
1.117220;0.640893;0.695101;0.710619;-1.068127;0.160225;0.737330;1.000108;0.640876;
1.123856;0.641460;0.695186;0.710579;-1.069071;0.160366;0.737065;1.000066;0.641443;
1.130491;0.641835;0.695277;0.710559;-1.069697;0.160460;0.736931;1.000038;0.641818;
1.137127;0.642084;0.695363;0.710551;-1.070112;0.160522;0.736874;1.000021;0.642067;
1.143086;0.642236;0.695429;0.710548;-1.070365;0.160560;0.736855;1.000011;0.642219;
1.143087;0.642236;0.695429;0.710548;-1.070365;0.160560;0.736855;1.000011;0.642219;
1.143088;0.642236;0.695429;0.710548;-1.070365;0.160560;0.736855;1.000011;0.642219;
1.143090;0.642236;0.695429;0.710548;-1.070365;0.160560;0.736855;1.000011;0.642219;
1.143094;0.642236;0.695429;0.710548;-1.070365;0.160560;0.736855;1.000011;0.642219;
1.143102;0.642236;0.695429;0.710548;-1.070366;0.160560;0.736855;1.000011;0.642219;
1.143118;0.642237;0.695429;0.710548;-1.070366;0.160560;0.736855;1.000011;0.642220;
1.143150;0.642237;0.695429;0.710548;-1.070367;0.160561;0.736855;1.000011;0.642220;
1.143214;0.642238;0.695430;0.710548;-1.070369;0.160561;0.736855;1.000011;0.642221;
1.143342;0.642241;0.695431;0.710548;-1.070373;0.160562;0.736855;1.000011;0.642224;
1.143598;0.642246;0.695434;0.710548;-1.070381;0.160563;0.736855;1.000010;0.642229;
1.144110;0.642255;0.695439;0.710548;-1.070397;0.160565;0.736855;1.000010;0.642238;
1.145134;0.642273;0.695449;0.710548;-1.070426;0.160570;0.736856;1.000009;0.642256;
1.146158;0.642290;0.695459;0.710548;-1.070455;0.160574;0.736856;1.000008;0.642273;
1.148206;0.642321;0.695477;0.710548;-1.070507;0.160582;0.736858;1.000006;0.642304;
1.152302;0.642370;0.695506;0.710549;-1.070589;0.160594;0.736861;1.000003;0.642353;
1.156398;0.642410;0.695530;0.710549;-1.070656;0.160604;0.736865;1.000001;0.642393;
1.160494;0.642444;0.695551;0.710550;-1.070711;0.160612;0.736868;0.999999;0.642427;
1.168686;0.642497;0.695585;0.710551;-1.070800;0.160626;0.736875;0.999997;0.642480;
1.176878;0.642533;0.695610;0.710552;-1.070860;0.160634;0.736883;0.999995;0.642516;
1.186696;0.642559;0.695633;0.710553;-1.070903;0.160641;0.736893;0.999994;0.642542;
1.196514;0.642573;0.695649;0.710555;-1.070926;0.160644;0.736904;0.999993;0.642556;
1.206332;0.642578;0.695663;0.710557;-1.070935;0.160646;0.736917;0.999993;0.642561;
1.225968;0.642578;0.695685;0.710561;-1.070936;0.160646;0.736944;0.999993;0.642561;
1.243640;0.642571;0.695702;0.710565;-1.070924;0.160644;0.736969;0.999993;0.642554;
1.249154;0.642569;0.695706;0.710566;-1.070920;0.160643;0.736976;0.999994;0.642552;
1.249155;0.642569;0.695706;0.710566;-1.070920;0.160643;0.736976;0.999994;0.642552;
1.249156;0.642569;0.695706;0.710566;-1.070920;0.160643;0.736976;0.999994;0.642552;
1.249158;0.642569;0.695706;0.710566;-1.070920;0.160643;0.736976;0.999994;0.642552;
1.249162;0.642569;0.695706;0.710566;-1.070920;0.160643;0.736976;0.999994;0.642552;
1.249170;0.642569;0.695707;0.710566;-1.070920;0.160643;0.736976;0.999994;0.642552;
1.249186;0.642569;0.695707;0.710566;-1.070920;0.160643;0.736976;0.999994;0.642552;
1.249218;0.642569;0.695707;0.710566;-1.070920;0.160643;0.736976;0.999994;0.642552;
1.249282;0.642569;0.695707;0.710566;-1.070919;0.160643;0.736976;0.999994;0.642552;
1.249410;0.642569;0.695707;0.710566;-1.070919;0.160643;0.736977;0.999994;0.642552;
1.249666;0.642568;0.695707;0.710566;-1.070919;0.160643;0.736977;0.999994;0.642551;
1.250178;0.642568;0.695707;0.710566;-1.070919;0.160643;0.736978;0.999994;0.642551;
1.251202;0.642567;0.695708;0.710566;-1.070918;0.160643;0.736979;0.999994;0.642551;
1.252226;0.642567;0.695709;0.710567;-1.070917;0.160643;0.736980;0.999994;0.642550;
1.254274;0.642566;0.695711;0.710567;-1.070915;0.160643;0.736983;0.999994;0.642549;
1.258370;0.642563;0.695714;0.710568;-1.070911;0.160642;0.736988;0.999994;0.642546;
1.262466;0.642561;0.695717;0.710569;-1.070907;0.160642;0.736994;0.999994;0.642544;
1.270658;0.642557;0.695722;0.710570;-1.070900;0.160641;0.737003;0.999995;0.642540;
1.278030;0.642553;0.695727;0.710571;-1.070894;0.160640;0.737012;0.999995;0.642537;
1.285403;0.642550;0.695732;0.710573;-1.070889;0.160639;0.737020;0.999995;0.642533;
1.292776;0.642547;0.695737;0.710574;-1.070884;0.160638;0.737027;0.999995;0.642530;
1.307522;0.642541;0.695745;0.710576;-1.070874;0.160637;0.737041;0.999996;0.642524;
1.322267;0.642536;0.695753;0.710578;-1.070865;0.160635;0.737054;0.999996;0.642519;
1.337013;0.642531;0.695760;0.710579;-1.070857;0.160634;0.737066;0.999997;0.642514;
1.366504;0.642522;0.695772;0.710583;-1.070843;0.160632;0.737086;0.999997;0.642506;
1.395995;0.642516;0.695782;0.710585;-1.070831;0.160630;0.737103;0.999998;0.642499;
1.424591;0.642510;0.695790;0.710587;-1.070822;0.160629;0.737116;0.999998;0.642493;
1.424592;0.642510;0.695790;0.710587;-1.070822;0.160629;0.737116;0.999998;0.642493;
1.424593;0.642510;0.695790;0.710587;-1.070822;0.160629;0.737116;0.999998;0.642493;
1.424595;0.642510;0.695790;0.710587;-1.070822;0.160629;0.737116;0.999998;0.642493;
1.424599;0.642510;0.695790;0.710587;-1.070822;0.160629;0.737116;0.999998;0.642493;
1.424607;0.642510;0.695790;0.710587;-1.070822;0.160629;0.737116;0.999998;0.642493;
1.424623;0.642510;0.695790;0.710587;-1.070822;0.160629;0.737116;0.999998;0.642493;
1.424655;0.642510;0.695790;0.710587;-1.070822;0.160629;0.737116;0.999998;0.642493;
1.424719;0.642510;0.695790;0.710587;-1.070822;0.160629;0.737116;0.999998;0.642493;
1.424847;0.642510;0.695790;0.710587;-1.070822;0.160629;0.737116;0.999998;0.642493;
1.425103;0.642510;0.695790;0.710587;-1.070822;0.160629;0.737117;0.999998;0.642493;
1.425615;0.642510;0.695790;0.710587;-1.070822;0.160629;0.737117;0.999998;0.642493;
1.426639;0.642510;0.695791;0.710587;-1.070821;0.160629;0.737117;0.999998;0.642493;
1.428687;0.642509;0.695791;0.710587;-1.070821;0.160629;0.737118;0.999998;0.642492;
1.432783;0.642509;0.695792;0.710588;-1.070820;0.160628;0.737120;0.999998;0.642492;
1.440975;0.642507;0.695794;0.710588;-1.070817;0.160628;0.737123;0.999998;0.642490;
1.457359;0.642505;0.695798;0.710589;-1.070813;0.160628;0.737129;0.999998;0.642488;
1.490127;0.642501;0.695803;0.710590;-1.070807;0.160627;0.737138;0.999999;0.642484;
1.522895;0.642498;0.695808;0.710592;-1.070801;0.160626;0.737146;0.999999;0.642481;
1.555663;0.642495;0.695812;0.710593;-1.070797;0.160625;0.737153;0.999999;0.642478;
1.588431;0.642493;0.695815;0.710593;-1.070793;0.160625;0.737158;0.999999;0.642476;
1.621199;0.642491;0.695818;0.710594;-1.070791;0.160624;0.737162;0.999999;0.642474;
1.653967;0.642490;0.695819;0.710594;-1.070788;0.160624;0.737165;1.000000;0.642473;
1.686735;0.642489;0.695821;0.710595;-1.070786;0.160624;0.737168;1.000000;0.642472;
1.719503;0.642488;0.695822;0.710595;-1.070785;0.160623;0.737170;1.000000;0.642471;
1.752271;0.642487;0.695823;0.710595;-1.070784;0.160623;0.737171;1.000000;0.642470;
1.785039;0.642487;0.695824;0.710596;-1.070783;0.160623;0.737173;1.000000;0.642470;
1.817807;0.642486;0.695825;0.710596;-1.070782;0.160623;0.737174;1.000000;0.642469;
1.850575;0.642486;0.695825;0.710596;-1.070782;0.160623;0.737175;1.000000;0.642469;
1.883343;0.642486;0.695826;0.710596;-1.070781;0.160623;0.737175;1.000000;0.642469;
1.916111;0.642485;0.695826;0.710596;-1.070781;0.160623;0.737176;1.000000;0.642469;
1.948879;0.642485;0.695826;0.710596;-1.070781;0.160623;0.737176;1.000000;0.642468;
1.981647;0.642485;0.695826;0.710596;-1.070780;0.160623;0.737177;1.000000;0.642468;
2.000000;0.642485;0.695826;0.710596;-1.070780;0.160623;0.737177;1.000000;0.642468;
2.000000;1.070797;0.990697;1.110596;-1.070780;0.160623;0.737177;0.735425;1.070780;
2.000001;1.070736;0.990786;1.110609;-1.070719;0.160613;0.737266;0.735666;1.070719;
2.000002;1.070675;0.990875;1.110623;-1.070658;0.160604;0.737355;0.735907;1.070658;
2.000004;1.070553;0.991052;1.110649;-1.070536;0.160586;0.737532;0.736389;1.070536;
2.000008;1.070309;0.991406;1.110702;-1.070292;0.160549;0.737886;0.737349;1.070292;
2.000016;1.069824;0.992109;1.110808;-1.069807;0.160477;0.738589;0.739260;1.069807;
2.000032;1.068864;0.993498;1.111016;-1.068847;0.160333;0.739977;0.743043;1.068847;
2.000064;1.066984;0.996206;1.111422;-1.066967;0.160050;0.742685;0.750451;1.066967;
2.000128;1.063379;1.001357;1.112195;-1.063362;0.159510;0.747837;0.764659;1.063362;
2.000256;1.056758;1.010677;1.113593;-1.056741;0.158516;0.757158;0.790823;1.056741;
2.000384;1.050888;1.018790;1.114811;-1.050871;0.157636;0.765273;0.814190;1.050871;
2.000469;1.047349;1.023613;1.115535;-1.047332;0.157105;0.770099;0.828415;1.047332;
2.000470;1.047307;1.023663;1.115542;-1.047290;0.157098;0.770150;0.828575;1.047290;
2.000471;1.047268;1.023716;1.115550;-1.047251;0.157093;0.770203;0.828734;1.047251;
2.000473;1.047189;1.023822;1.115566;-1.047172;0.157081;0.770310;0.829050;1.047172;
2.000477;1.047033;1.024034;1.115598;-1.047016;0.157057;0.770521;0.829683;1.047016;
2.000485;1.046721;1.024454;1.115661;-1.046704;0.157011;0.770942;0.830940;1.046704;
2.000501;1.046104;1.025282;1.115786;-1.046087;0.156918;0.771772;0.833427;1.046087;
2.000533;1.044894;1.026894;1.116028;-1.044877;0.156736;0.773389;0.838293;1.044877;
2.000597;1.042566;1.029942;1.116488;-1.042549;0.156387;0.776454;0.847613;1.042549;
2.000725;1.038250;1.035388;1.117314;-1.038233;0.155740;0.781959;0.864724;1.038233;
2.000853;1.034360;1.040028;1.118024;-1.034343;0.155156;0.786694;0.879943;1.034343;
2.000981;1.030854;1.043940;1.118630;-1.030837;0.154630;0.790736;0.893462;1.030837;
2.001109;1.027690;1.047196;1.119143;-1.027674;0.154155;0.794156;0.905464;1.027674;
2.001237;1.024832;1.049861;1.119573;-1.024815;0.153727;0.797018;0.916115;1.024815;
2.001365;1.022243;1.051994;1.119927;-1.022227;0.153338;0.799380;0.925563;1.022227;
2.001493;1.019893;1.053646;1.120214;-1.019876;0.152986;0.801293;0.933943;1.019876;
2.001621;1.017752;1.054863;1.120440;-1.017735;0.152664;0.802801;0.941371;1.017735;
2.001877;1.013966;1.056189;1.120740;-1.013949;0.152097;0.804800;0.953903;1.013949;
2.002108;1.011049;1.056250;1.120854;-1.011033;0.151659;0.805562;0.962853;1.011033;
2.002338;1.008489;1.055402;1.120845;-1.008472;0.151275;0.805504;0.970026;1.008472;
2.002462;1.007222;1.054624;1.120798;-1.007206;0.151085;0.805186;0.973294;1.007206;
2.002463;1.007213;1.054617;1.120797;-1.007196;0.151083;0.805182;0.973319;1.007196;
2.002464;1.007203;1.054609;1.120797;-1.007186;0.151082;0.805179;0.973343;1.007186;
2.002466;1.007183;1.054595;1.120796;-1.007167;0.151079;0.805172;0.973391;1.007167;
2.002470;1.007144;1.054565;1.120793;-1.007128;0.151073;0.805157;0.973487;1.007128;
2.002478;1.007067;1.054505;1.120789;-1.007050;0.151062;0.805128;0.973678;1.007050;
2.002494;1.006912;1.054382;1.120780;-1.006895;0.151038;0.805066;0.974056;1.006895;
2.002526;1.006605;1.054126;1.120760;-1.006589;0.150992;0.804935;0.974795;1.006589;
2.002590;1.006003;1.053577;1.120716;-1.005987;0.150902;0.804639;0.976208;1.005987;
2.002718;1.004840;1.052334;1.120608;-1.004823;0.150728;0.803920;0.978792;1.004823;
2.002974;1.002637;1.049325;1.120324;-1.002620;0.150397;0.802030;0.983134;1.002620;
2.003230;1.000563;1.045683;1.119959;-1.000547;0.150086;0.799596;0.986530;1.000547;
2.003486;0.998573;1.041489;1.119524;-0.998557;0.149788;0.796694;0.989168;0.998557;
2.003742;0.996630;1.036811;1.119027;-0.996614;0.149496;0.793386;0.991207;0.996614;
2.003998;0.994705;1.031706;1.118478;-0.994689;0.149207;0.789726;0.992776;0.994689;
2.004254;0.992776;1.026224;1.117883;-0.992760;0.148918;0.785757;0.993977;0.992760;
2.004766;0.988834;1.014324;1.116579;-0.988818;0.148327;0.777066;0.995651;0.988818;
2.005278;0.984742;1.001325;1.115144;-0.984726;0.147713;0.767496;0.996594;0.984726;
2.005790;0.980465;0.987413;1.113599;-0.980450;0.147072;0.757199;0.997081;0.980450;
2.006302;0.975992;0.972738;1.111963;-0.975977;0.146401;0.746296;0.997297;0.975977;
2.006814;0.971328;0.957424;1.110251;-0.971313;0.145701;0.734881;0.997359;0.971313;
2.007838;0.961511;0.925378;1.106651;-0.961497;0.144229;0.710886;0.997317;0.961497;
2.008862;0.951152;0.891842;1.102860;-0.951138;0.142675;0.685615;0.997165;0.951138;
2.009886;0.940409;0.857323;1.098932;-0.940395;0.141064;0.659428;0.997009;0.940395;
2.010678;0.931938;0.830248;1.095831;-0.931925;0.139794;0.638758;0.996913;0.931925;
2.010678;0.931937;0.830248;1.095831;-0.931924;0.139793;0.638758;0.996913;0.931924;
2.010679;0.931926;0.830213;1.095827;-0.931913;0.139792;0.638732;0.996913;0.931913;
2.010680;0.931915;0.830179;1.095823;-0.931902;0.139790;0.638705;0.996912;0.931902;
2.010682;0.931894;0.830110;1.095815;-0.931881;0.139787;0.638653;0.996912;0.931881;
2.010686;0.931850;0.829972;1.095799;-0.931838;0.139780;0.638547;0.996912;0.931838;
2.010694;0.931764;0.829697;1.095767;-0.931751;0.139768;0.638336;0.996911;0.931751;
2.010710;0.931591;0.829146;1.095704;-0.931578;0.139742;0.637914;0.996909;0.931578;
2.010742;0.931245;0.828045;1.095578;-0.931232;0.139690;0.637071;0.996906;0.931232;
2.010806;0.930553;0.825847;1.095325;-0.930541;0.139586;0.635388;0.996899;0.930541;
2.010934;0.929171;0.821466;1.094822;-0.929158;0.139379;0.632031;0.996886;0.929158;
2.011190;0.926409;0.812767;1.093821;-0.926396;0.138964;0.625359;0.996863;0.926396;
2.011702;0.920903;0.795618;1.091844;-0.920891;0.138139;0.612182;0.996825;0.920891;
2.011835;0.919476;0.791208;1.091335;-0.919463;0.137925;0.608788;0.996817;0.919463;
2.011836;0.919465;0.791175;1.091331;-0.919453;0.137923;0.608763;0.996817;0.919453;
2.011837;0.919454;0.791142;1.091327;-0.919442;0.137921;0.608737;0.996817;0.919442;
2.011839;0.919433;0.791076;1.091319;-0.919421;0.137918;0.608686;0.996817;0.919421;
2.011843;0.919390;0.790944;1.091304;-0.919378;0.137912;0.608585;0.996817;0.919378;
2.011851;0.919304;0.790680;1.091274;-0.919292;0.137899;0.608382;0.996817;0.919292;
2.011867;0.919134;0.790153;1.091213;-0.919122;0.137873;0.607975;0.996816;0.919122;
2.011899;0.918794;0.789099;1.091091;-0.918782;0.137822;0.607163;0.996816;0.918782;
2.011963;0.918119;0.786996;1.090848;-0.918107;0.137721;0.605541;0.996817;0.918107;
2.012091;0.916792;0.782807;1.090362;-0.916780;0.137522;0.602304;0.996827;0.916780;
2.012347;0.914227;0.774499;1.089395;-0.914215;0.137137;0.595859;0.996877;0.914215;
2.012859;0.909437;0.758149;1.087478;-0.909426;0.136419;0.583080;0.997052;0.909426;
2.013883;0.901134;0.726474;1.083710;-0.901123;0.135174;0.557959;0.997557;0.901123;
2.014907;0.894404;0.696123;1.080031;-0.894393;0.134164;0.533436;0.998147;0.894393;
2.015931;0.889071;0.667058;1.076446;-0.889060;0.133365;0.509537;0.998725;0.889060;
2.016955;0.884964;0.639254;1.072959;-0.884954;0.132749;0.486297;0.999247;0.884954;
2.017979;0.881930;0.612687;1.069577;-0.881920;0.132294;0.463748;0.999704;0.881920;
2.019003;0.879829;0.587334;1.066302;-0.879819;0.131979;0.441917;1.000097;0.879819;
2.020027;0.878538;0.563168;1.063137;-0.878529;0.131786;0.420821;1.000435;0.878529;
2.021051;0.877951;0.540159;1.060085;-0.877941;0.131698;0.400473;1.000725;0.877941;
2.022075;0.878039;0.518889;1.057226;-0.878030;0.131711;0.381416;1.000972;0.878030;
2.023099;0.878747;0.499581;1.054595;-0.878738;0.131818;0.363882;1.001182;0.878738;
2.024123;0.880005;0.482185;1.052193;-0.879996;0.132007;0.347864;1.001360;0.879996;
2.026171;0.883795;0.452390;1.047993;-0.883786;0.132575;0.319870;1.001636;0.883786;
2.027948;0.888234;0.431326;1.044940;-0.888225;0.133241;0.299517;1.001800;0.888225;
2.029725;0.893445;0.413949;1.042350;-0.893436;0.134023;0.282254;1.001907;0.893436;
2.031502;0.899194;0.399643;1.040154;-0.899185;0.134886;0.267610;1.001968;0.899185;
2.033280;0.905291;0.387888;1.038289;-0.905282;0.135801;0.255180;1.001991;0.905282;
2.034426;0.909325;0.381431;1.037235;-0.909316;0.136406;0.248155;1.001990;0.909316;
2.034427;0.909328;0.381426;1.037235;-0.909319;0.136406;0.248150;1.001990;0.909319;
2.034428;0.909332;0.381421;1.037234;-0.909323;0.136407;0.248144;1.001990;0.909323;
2.034430;0.909339;0.381411;1.037232;-0.909330;0.136408;0.248132;1.001990;0.909330;
2.034434;0.909353;0.381390;1.037228;-0.909344;0.136410;0.248109;1.001990;0.909344;
2.034442;0.909382;0.381348;1.037222;-0.909373;0.136414;0.248064;1.001990;0.909373;
2.034458;0.909439;0.381266;1.037208;-0.909430;0.136423;0.247972;1.001990;0.909430;
2.034490;0.909553;0.381101;1.037180;-0.909544;0.136440;0.247789;1.001990;0.909544;
2.034554;0.909782;0.380772;1.037126;-0.909773;0.136474;0.247425;1.001989;0.909773;
2.034682;0.910237;0.380122;1.037018;-0.910228;0.136543;0.246704;1.001986;0.910228;
2.034938;0.911142;0.378848;1.036805;-0.911133;0.136679;0.245288;1.001978;0.911133;
2.035450;0.912929;0.376405;1.036395;-0.912920;0.136947;0.242555;1.001956;0.912920;
2.036474;0.916412;0.371909;1.035633;-0.916403;0.137469;0.237470;1.001893;0.916403;
2.038522;0.923028;0.364284;1.034308;-0.923019;0.138462;0.228638;1.001750;0.923019;
2.040570;0.929195;0.358250;1.033219;-0.929186;0.139387;0.221379;1.001604;0.929186;
2.042618;0.934938;0.353514;1.032326;-0.934929;0.140248;0.215428;1.001469;0.934929;
2.044666;0.940279;0.349823;1.031594;-0.940270;0.141050;0.210547;1.001347;0.940270;
2.046714;0.945241;0.346968;1.030993;-0.945232;0.141794;0.206538;1.001237;0.945232;
2.048762;0.949843;0.344774;1.030498;-0.949834;0.142484;0.203240;1.001136;0.949834;
2.050810;0.954105;0.343105;1.030090;-0.954095;0.143124;0.200518;1.001043;0.954095;
2.052616;0.957597;0.341976;1.029788;-0.957587;0.143648;0.198507;1.000967;0.957587;
2.052616;0.957597;0.341975;1.029788;-0.957587;0.143648;0.198507;1.000967;0.957587;
2.052617;0.957598;0.341974;1.029788;-0.957588;0.143648;0.198506;1.000967;0.957588;
2.052618;0.957600;0.341974;1.029788;-0.957590;0.143648;0.198505;1.000967;0.957590;
2.052620;0.957603;0.341973;1.029787;-0.957594;0.143649;0.198503;1.000967;0.957594;
2.052624;0.957611;0.341971;1.029787;-0.957601;0.143650;0.198499;1.000967;0.957601;
2.052632;0.957626;0.341966;1.029786;-0.957616;0.143652;0.198491;1.000967;0.957616;
2.052648;0.957655;0.341958;1.029783;-0.957646;0.143656;0.198475;1.000966;0.957646;
2.052680;0.957715;0.341941;1.029778;-0.957705;0.143665;0.198443;1.000965;0.957705;
2.052744;0.957834;0.341908;1.029769;-0.957824;0.143683;0.198379;1.000962;0.957824;
2.052872;0.958070;0.341841;1.029750;-0.958061;0.143719;0.198252;1.000957;0.958061;
2.052911;0.958143;0.341821;1.029744;-0.958134;0.143730;0.198213;1.000955;0.958134;
2.052912;0.958145;0.341821;1.029744;-0.958135;0.143730;0.198212;1.000955;0.958135;
2.052913;0.958147;0.341820;1.029744;-0.958137;0.143730;0.198212;1.000955;0.958137;
2.052915;0.958151;0.341819;1.029743;-0.958141;0.143731;0.198210;1.000955;0.958141;
2.052919;0.958158;0.341817;1.029743;-0.958148;0.143732;0.198206;1.000955;0.958148;
2.052927;0.958173;0.341813;1.029742;-0.958163;0.143734;0.198198;1.000955;0.958163;
2.052943;0.958202;0.341805;1.029739;-0.958193;0.143738;0.198182;1.000954;0.958193;
2.052975;0.958261;0.341789;1.029735;-0.958251;0.143747;0.198151;1.000953;0.958251;
2.053039;0.958378;0.341757;1.029725;-0.958369;0.143765;0.198089;1.000950;0.958369;
2.053167;0.958612;0.341693;1.029707;-0.958603;0.143800;0.197965;1.000945;0.958603;
2.053423;0.959077;0.341570;1.029670;-0.959067;0.143870;0.197723;1.000935;0.959067;
2.053935;0.959992;0.341336;1.029600;-0.959982;0.144007;0.197254;1.000915;0.959982;
2.054959;0.961768;0.340918;1.029468;-0.961758;0.144273;0.196375;1.000876;0.961758;
2.057007;0.965111;0.340247;1.029236;-0.965101;0.144775;0.194828;1.000803;0.965101;
2.061103;0.971036;0.339390;1.028871;-0.971027;0.145664;0.192392;1.000673;0.971027;
2.061836;0.971999;0.339287;1.028817;-0.971989;0.145808;0.192030;1.000652;0.971989;
2.061836;0.971999;0.339287;1.028816;-0.971989;0.145808;0.192030;1.000652;0.971989;
2.061837;0.972000;0.339287;1.028816;-0.971990;0.145808;0.192029;1.000652;0.971990;
2.061838;0.972001;0.339287;1.028816;-0.971991;0.145809;0.192029;1.000652;0.971991;
2.061840;0.972004;0.339287;1.028816;-0.971994;0.145809;0.192028;1.000652;0.971994;
2.061844;0.972009;0.339286;1.028816;-0.971999;0.145810;0.192026;1.000652;0.971999;
2.061852;0.972019;0.339286;1.028815;-0.972009;0.145811;0.192023;1.000652;0.972009;
2.061868;0.972040;0.339284;1.028814;-0.972030;0.145814;0.192015;1.000651;0.972030;
2.061900;0.972080;0.339281;1.028812;-0.972071;0.145820;0.192001;1.000650;0.972071;
2.061964;0.972162;0.339274;1.028808;-0.972152;0.145833;0.191972;1.000648;0.972152;
2.062092;0.972324;0.339262;1.028799;-0.972315;0.145857;0.191916;1.000645;0.972315;
2.062348;0.972647;0.339238;1.028783;-0.972637;0.145905;0.191804;1.000638;0.972637;
2.062860;0.973281;0.339194;1.028750;-0.973271;0.146001;0.191587;1.000624;0.973271;
2.063884;0.974510;0.339120;1.028689;-0.974500;0.146185;0.191179;1.000596;0.974500;
2.065932;0.976812;0.339025;1.028580;-0.976802;0.146530;0.190451;1.000545;0.976802;
2.070028;0.980864;0.338975;1.028404;-0.980854;0.147138;0.189278;1.000454;0.980854;
2.071164;0.981870;0.338985;1.028363;-0.981860;0.147289;0.189007;1.000431;0.981860;
2.071165;0.981870;0.338984;1.028363;-0.981860;0.147289;0.189006;1.000431;0.981860;
2.071166;0.981871;0.338984;1.028363;-0.981861;0.147289;0.189006;1.000431;0.981861;
2.071168;0.981873;0.338984;1.028363;-0.981863;0.147289;0.189006;1.000431;0.981863;
2.071172;0.981876;0.338985;1.028363;-0.981866;0.147290;0.189005;1.000431;0.981866;
2.071180;0.981883;0.338985;1.028363;-0.981873;0.147291;0.189003;1.000431;0.981873;
2.071196;0.981897;0.338985;1.028362;-0.981887;0.147293;0.189000;1.000431;0.981887;
2.071228;0.981924;0.338986;1.028361;-0.981914;0.147297;0.188993;1.000430;0.981914;
2.071292;0.981978;0.338987;1.028359;-0.981968;0.147305;0.188979;1.000428;0.981968;
2.071420;0.982084;0.338990;1.028355;-0.982074;0.147321;0.188952;1.000425;0.982074;
2.071676;0.982290;0.338995;1.028347;-0.982280;0.147352;0.188899;1.000417;0.982280;
2.072188;0.982680;0.339005;1.028332;-0.982670;0.147410;0.188800;1.000398;0.982670;
2.073212;0.983369;0.339027;1.028306;-0.983359;0.147514;0.188629;1.000351;0.983359;
2.075260;0.984403;0.339080;1.028271;-0.984393;0.147669;0.188390;1.000248;0.984393;
2.079356;0.985227;0.339224;1.028256;-0.985217;0.147793;0.188295;1.000051;0.985217;
2.083452;0.984559;0.339401;1.028310;-0.984549;0.147692;0.188650;0.999879;0.984549;
2.087548;0.982612;0.339594;1.028419;-0.982602;0.147400;0.189377;0.999735;0.982602;
2.091644;0.979584;0.339788;1.028573;-0.979574;0.146946;0.190403;0.999615;0.979574;
2.095740;0.975650;0.339975;1.028763;-0.975640;0.146356;0.191671;0.999516;0.975640;
2.099836;0.970961;0.340151;1.028982;-0.970951;0.145652;0.193132;0.999433;0.970951;
2.103932;0.965646;0.340315;1.029224;-0.965636;0.144855;0.194747;0.999365;0.965636;
2.108028;0.959812;0.340467;1.029484;-0.959802;0.143980;0.196482;0.999309;0.959802;
2.112124;0.953550;0.340608;1.029759;-0.953541;0.143041;0.198312;0.999263;0.953541;
2.120316;0.940104;0.340863;1.030335;-0.940095;0.141024;0.202155;0.999192;0.940095;
2.127689;0.927145;0.341063;1.030876;-0.927136;0.139080;0.205764;0.999150;0.927136;
2.135062;0.913620;0.341241;1.031429;-0.913611;0.137051;0.209447;0.999120;0.913611;
2.142435;0.899699;0.341400;1.031985;-0.899690;0.134962;0.213158;0.999101;0.899690;
2.146906;0.891125;0.341490;1.032323;-0.891117;0.133676;0.215407;0.999092;0.891117;
2.146907;0.891123;0.341491;1.032323;-0.891115;0.133676;0.215408;0.999092;0.891115;
2.146908;0.891121;0.341491;1.032323;-0.891113;0.133676;0.215408;0.999092;0.891113;
2.146910;0.891117;0.341491;1.032323;-0.891109;0.133675;0.215409;0.999092;0.891109;
2.146914;0.891110;0.341491;1.032323;-0.891101;0.133674;0.215411;0.999092;0.891101;
2.146922;0.891094;0.341491;1.032324;-0.891086;0.133671;0.215415;0.999092;0.891086;
2.146938;0.891063;0.341491;1.032325;-0.891055;0.133667;0.215423;0.999092;0.891055;
2.146970;0.891001;0.341492;1.032327;-0.890993;0.133658;0.215439;0.999092;0.890993;
2.147034;0.890877;0.341493;1.032332;-0.890869;0.133639;0.215472;0.999092;0.890869;
2.147162;0.890630;0.341495;1.032342;-0.890621;0.133602;0.215536;0.999091;0.890621;
2.147418;0.890134;0.341500;1.032361;-0.890126;0.133527;0.215665;0.999091;0.890126;
2.147930;0.889143;0.341510;1.032400;-0.889135;0.133379;0.215923;0.999090;0.889135;
2.148954;0.887158;0.341530;1.032477;-0.887149;0.133081;0.216438;0.999089;0.887149;
2.151002;0.883177;0.341568;1.032631;-0.883169;0.132484;0.217467;0.999086;0.883169;
2.155098;0.875183;0.341644;1.032939;-0.875175;0.131285;0.219517;0.999081;0.875175;
2.163290;0.859091;0.341793;1.033548;-0.859084;0.128871;0.223581;0.999074;0.859084;
2.171482;0.842892;0.341939;1.034150;-0.842884;0.126441;0.227592;0.999070;0.842884;
2.179674;0.826618;0.342086;1.034742;-0.826611;0.123999;0.231542;0.999068;0.826611;
2.187866;0.810294;0.342233;1.035325;-0.810287;0.121550;0.235426;0.999067;0.810287;
2.196058;0.793938;0.342383;1.035897;-0.793931;0.119097;0.239240;0.999066;0.793931;
2.204250;0.777560;0.342535;1.036458;-0.777553;0.116640;0.242982;0.999066;0.777553;
2.212442;0.761169;0.342688;1.037008;-0.761163;0.114181;0.246650;0.999067;0.761163;
2.213128;0.759795;0.342701;1.037054;-0.759789;0.113975;0.246954;0.999067;0.759789;
2.213129;0.759793;0.342702;1.037054;-0.759787;0.113975;0.246955;0.999067;0.759787;
2.213130;0.759791;0.342702;1.037054;-0.759785;0.113974;0.246955;0.999067;0.759785;
2.213132;0.759787;0.342702;1.037054;-0.759781;0.113974;0.246956;0.999067;0.759781;
2.213136;0.759779;0.342702;1.037054;-0.759773;0.113973;0.246958;0.999067;0.759773;
2.213144;0.759763;0.342702;1.037055;-0.759757;0.113970;0.246961;0.999067;0.759757;
2.213160;0.759731;0.342702;1.037056;-0.759725;0.113965;0.246968;0.999067;0.759725;
2.213192;0.759667;0.342703;1.037058;-0.759661;0.113956;0.246982;0.999067;0.759661;
2.213256;0.759539;0.342704;1.037062;-0.759533;0.113937;0.247011;0.999067;0.759533;
2.213384;0.759283;0.342707;1.037071;-0.759277;0.113898;0.247067;0.999067;0.759277;
2.213640;0.758771;0.342711;1.037088;-0.758764;0.113821;0.247180;0.999067;0.758764;
2.214152;0.757747;0.342721;1.037122;-0.757740;0.113668;0.247406;0.999067;0.757740;
2.214664;0.756725;0.342731;1.037155;-0.756718;0.113514;0.247632;0.999068;0.756718;
2.215688;0.754696;0.342752;1.037222;-0.754690;0.113210;0.248079;0.999073;0.754690;
2.215862;0.754354;0.342755;1.037234;-0.754348;0.113159;0.248154;0.999075;0.754348;
2.215863;0.754352;0.342755;1.037234;-0.754346;0.113158;0.248155;0.999075;0.754346;
2.215864;0.754350;0.342755;1.037234;-0.754344;0.113158;0.248155;0.999075;0.754344;
2.215866;0.754346;0.342755;1.037234;-0.754340;0.113158;0.248156;0.999075;0.754340;
2.215870;0.754338;0.342755;1.037234;-0.754332;0.113156;0.248158;0.999075;0.754332;
2.215878;0.754323;0.342756;1.037235;-0.754316;0.113154;0.248161;0.999075;0.754316;
2.215894;0.754291;0.342756;1.037236;-0.754285;0.113149;0.248168;0.999075;0.754285;
2.215926;0.754228;0.342757;1.037238;-0.754222;0.113140;0.248182;0.999075;0.754222;
2.215990;0.754102;0.342758;1.037242;-0.754096;0.113121;0.248210;0.999076;0.754096;
2.216118;0.753851;0.342761;1.037250;-0.753845;0.113083;0.248265;0.999077;0.753845;
2.216374;0.753351;0.342766;1.037267;-0.753344;0.113008;0.248376;0.999080;0.753344;
2.216886;0.752357;0.342777;1.037300;-0.752351;0.112859;0.248595;0.999086;0.752351;
2.217910;0.750408;0.342800;1.037364;-0.750402;0.112567;0.249025;0.999104;0.750402;
2.219958;0.746704;0.342848;1.037487;-0.746698;0.112011;0.249844;0.999155;0.746698;
2.222006;0.743304;0.342899;1.037600;-0.743298;0.111501;0.250598;0.999223;0.743298;
2.226102;0.737619;0.342999;1.037790;-0.737613;0.110648;0.251865;0.999389;0.737613;
2.229788;0.733839;0.343086;1.037919;-0.733833;0.110081;0.252722;0.999557;0.733833;
2.233475;0.731360;0.343170;1.038006;-0.731354;0.109709;0.253307;0.999726;0.731354;
2.237161;0.730141;0.343251;1.038055;-0.730135;0.109527;0.253630;0.999887;0.730135;
2.240848;0.730098;0.343331;1.038067;-0.730092;0.109520;0.253713;1.000034;0.730092;
2.244534;0.731118;0.343411;1.038047;-0.731112;0.109673;0.253580;1.000167;0.731112;
2.248220;0.733081;0.343494;1.037999;-0.733075;0.109968;0.253256;1.000283;0.733075;
2.251907;0.735870;0.343580;1.037925;-0.735864;0.110386;0.252765;1.000384;0.735864;
2.253602;0.737392;0.343621;1.037884;-0.737385;0.110614;0.252490;1.000426;0.737385;
2.253603;0.737392;0.343621;1.037884;-0.737386;0.110614;0.252490;1.000426;0.737386;
2.253604;0.737393;0.343621;1.037884;-0.737387;0.110614;0.252490;1.000426;0.737387;
2.253606;0.737395;0.343621;1.037884;-0.737389;0.110615;0.252490;1.000426;0.737389;
2.253610;0.737399;0.343621;1.037884;-0.737393;0.110615;0.252489;1.000426;0.737393;
2.253618;0.737407;0.343621;1.037884;-0.737401;0.110616;0.252488;1.000426;0.737401;
2.253634;0.737422;0.343622;1.037883;-0.737416;0.110619;0.252485;1.000427;0.737416;
2.253666;0.737453;0.343623;1.037882;-0.737447;0.110623;0.252479;1.000428;0.737447;
2.253730;0.737514;0.343624;1.037881;-0.737508;0.110633;0.252468;1.000429;0.737508;
2.253858;0.737637;0.343627;1.037877;-0.737631;0.110651;0.252446;1.000432;0.737631;
2.254114;0.737886;0.343634;1.037870;-0.737880;0.110688;0.252400;1.000438;0.737880;
2.254626;0.738393;0.343646;1.037857;-0.738387;0.110764;0.252308;1.000450;0.738387;
2.255650;0.739441;0.343672;1.037828;-0.739435;0.110922;0.252115;1.000472;0.739435;
2.256674;0.740530;0.343697;1.037798;-0.740524;0.111085;0.251914;1.000492;0.740524;
2.258722;0.742806;0.343749;1.037734;-0.742800;0.111426;0.251492;1.000525;0.742800;
2.260770;0.745187;0.343801;1.037667;-0.745181;0.111784;0.251046;1.000550;0.745181;
2.264866;0.750080;0.343909;1.037529;-0.750074;0.112518;0.250126;1.000574;0.750074;
2.268962;0.754990;0.344022;1.037390;-0.754983;0.113254;0.249199;1.000570;0.754983;
2.273058;0.759718;0.344139;1.037257;-0.759712;0.113963;0.248309;1.000543;0.759712;
2.277154;0.764103;0.344262;1.037134;-0.764096;0.114621;0.247490;1.000498;0.764096;
2.281250;0.768018;0.344390;1.037026;-0.768011;0.115208;0.246772;1.000439;0.768011;
2.285346;0.771374;0.344523;1.036937;-0.771368;0.115712;0.246173;1.000372;0.771368;
2.289442;0.774116;0.344658;1.036867;-0.774109;0.116123;0.245708;1.000299;0.774109;
2.293538;0.776215;0.344796;1.036818;-0.776209;0.116438;0.245381;1.000224;0.776209;
2.297634;0.777673;0.344936;1.036790;-0.777666;0.116657;0.245195;1.000150;0.777666;
2.305826;0.778825;0.345214;1.036791;-0.778818;0.116830;0.245204;1.000014;0.778818;
2.313199;0.778075;0.345463;1.036851;-0.778068;0.116717;0.245598;0.999913;0.778068;
2.320571;0.775997;0.345706;1.036952;-0.775990;0.116405;0.246276;0.999836;0.775990;
2.327944;0.772987;0.345942;1.037083;-0.772980;0.115954;0.247147;0.999785;0.772980;
2.335317;0.769439;0.346171;1.037229;-0.769433;0.115422;0.248125;0.999760;0.769433;
2.342690;0.765711;0.346393;1.037380;-0.765704;0.114862;0.249130;0.999757;0.765704;
2.350063;0.762096;0.346608;1.037526;-0.762089;0.114320;0.250101;0.999772;0.762089;
2.357435;0.758814;0.346819;1.037660;-0.758808;0.113828;0.250993;0.999799;0.758808;
2.364808;0.756006;0.347026;1.037777;-0.756000;0.113407;0.251779;0.999832;0.756000;
2.372181;0.753735;0.347230;1.037878;-0.753729;0.113066;0.252447;0.999869;0.753729;
2.379554;0.752003;0.347435;1.037961;-0.751997;0.112806;0.253001;0.999903;0.751997;
2.386927;0.750764;0.347640;1.038028;-0.750758;0.112620;0.253451;0.999934;0.750758;
2.394299;0.749935;0.347846;1.038083;-0.749929;0.112496;0.253816;0.999958;0.749929;
2.401672;0.749418;0.348054;1.038128;-0.749411;0.112418;0.254117;0.999976;0.749411;
2.409045;0.749105;0.348263;1.038167;-0.749099;0.112371;0.254377;0.999986;0.749099;
2.423791;0.748630;0.348686;1.038241;-0.748624;0.112300;0.254869;0.999991;0.748624;
2.438536;0.748060;0.349113;1.038318;-0.748054;0.112215;0.255385;0.999982;0.748054;
2.453282;0.747134;0.349542;1.038407;-0.747128;0.112076;0.255976;0.999966;0.747128;
2.468027;0.745794;0.349970;1.038508;-0.745788;0.111875;0.256652;0.999952;0.745788;
2.482773;0.744131;0.350395;1.038619;-0.744125;0.111625;0.257392;0.999942;0.744125;
2.497519;0.742303;0.350817;1.038735;-0.742296;0.111351;0.258162;0.999939;0.742296;
2.512264;0.740462;0.351235;1.038850;-0.740456;0.111075;0.258930;0.999941;0.740456;
2.527010;0.738718;0.351651;1.038962;-0.738711;0.110813;0.259675;0.999945;0.738711;
2.541755;0.737113;0.352065;1.039069;-0.737107;0.110572;0.260388;0.999951;0.737107;
2.556501;0.735643;0.352477;1.039171;-0.735637;0.110352;0.261071;0.999955;0.735637;
2.571247;0.734266;0.352887;1.039271;-0.734260;0.110145;0.261733;0.999957;0.734260;
2.585992;0.732933;0.353296;1.039368;-0.732926;0.109945;0.262384;0.999958;0.732926;
2.600738;0.731599;0.353703;1.039465;-0.731593;0.109745;0.263033;0.999957;0.731593;
2.615483;0.730240;0.354108;1.039563;-0.730234;0.109541;0.263685;0.999956;0.730234;
2.630229;0.728844;0.354512;1.039662;-0.728838;0.109332;0.264342;0.999955;0.728838;
2.644975;0.727416;0.354913;1.039761;-0.727410;0.109118;0.265003;0.999954;0.727410;
2.659720;0.725967;0.355312;1.039860;-0.725961;0.108900;0.265665;0.999953;0.725961;
2.674466;0.724510;0.355709;1.039959;-0.724504;0.108682;0.266327;0.999953;0.724504;
2.689211;0.723055;0.356104;1.040058;-0.723049;0.108463;0.266985;0.999953;0.723049;
2.703957;0.721608;0.356497;1.040156;-0.721602;0.108246;0.267639;0.999954;0.721602;
2.733448;0.718741;0.357276;1.040350;-0.718735;0.107816;0.268933;0.999954;0.718735;
2.759990;0.716183;0.357971;1.040523;-0.716177;0.107433;0.270085;0.999955;0.716177;
2.786532;0.713643;0.358658;1.040694;-0.713637;0.107052;0.271225;0.999955;0.713637;
2.813074;0.711126;0.359339;1.040863;-0.711120;0.106674;0.272352;0.999955;0.711120;
2.839617;0.708643;0.360014;1.041030;-0.708637;0.106301;0.273464;0.999956;0.708637;
2.866159;0.706210;0.360681;1.041194;-0.706205;0.105936;0.274558;0.999957;0.706205;
2.892701;0.703843;0.361343;1.041355;-0.703838;0.105581;0.275632;0.999958;0.703838;
2.919243;0.701556;0.361998;1.041513;-0.701550;0.105238;0.276682;0.999960;0.701550;
2.945785;0.699359;0.362647;1.041666;-0.699353;0.104909;0.277707;0.999961;0.699353;
2.972327;0.697264;0.363289;1.041816;-0.697258;0.104594;0.278705;0.999963;0.697258;
2.998869;0.695280;0.363925;1.041962;-0.695275;0.104297;0.279675;0.999965;0.695275;
3.025411;0.693418;0.364555;1.042102;-0.693412;0.104017;0.280614;0.999968;0.693412;
3.051953;0.691685;0.365180;1.042239;-0.691679;0.103757;0.281522;0.999970;0.691679;
3.078495;0.690088;0.365798;1.042370;-0.690082;0.103518;0.282397;0.999972;0.690082;
3.105037;0.688633;0.366411;1.042496;-0.688627;0.103300;0.283239;0.999975;0.688627;
3.131579;0.687325;0.367017;1.042617;-0.687319;0.103103;0.284047;0.999978;0.687319;
3.158121;0.686167;0.367618;1.042733;-0.686161;0.102930;0.284821;0.999980;0.686161;
3.184664;0.685160;0.368213;1.042844;-0.685155;0.102779;0.285560;0.999983;0.685155;
3.211206;0.684306;0.368803;1.042950;-0.684301;0.102651;0.286264;0.999986;0.684301;
3.237748;0.683605;0.369387;1.043050;-0.683599;0.102545;0.286934;0.999988;0.683599;
3.264290;0.683053;0.369965;1.043146;-0.683048;0.102463;0.287571;0.999991;0.683048;
3.290832;0.682650;0.370538;1.043236;-0.682644;0.102402;0.288174;0.999993;0.682644;
3.317374;0.682391;0.371105;1.043322;-0.682385;0.102363;0.288745;0.999996;0.682385;
3.343916;0.682272;0.371667;1.043403;-0.682266;0.102345;0.289285;0.999998;0.682266;
3.370458;0.682288;0.372223;1.043479;-0.682282;0.102348;0.289793;1.000001;0.682282;
3.397000;0.682433;0.372774;1.043551;-0.682428;0.102370;0.290273;1.000003;0.682428;
3.423542;0.682702;0.373320;1.043619;-0.682696;0.102410;0.290724;1.000005;0.682696;
3.450084;0.683086;0.373860;1.043683;-0.683080;0.102467;0.291148;1.000007;0.683080;
3.476626;0.683578;0.374394;1.043742;-0.683573;0.102541;0.291547;1.000009;0.683573;
3.500514;0.684108;0.374871;1.043793;-0.684102;0.102621;0.291885;1.000010;0.684102;
3.524402;0.684713;0.375343;1.043841;-0.684708;0.102712;0.292205;1.000012;0.684708;
3.548290;0.685389;0.375810;1.043886;-0.685383;0.102813;0.292507;1.000013;0.685383;
3.572178;0.686127;0.376274;1.043929;-0.686121;0.102924;0.292793;1.000014;0.686121;
3.596066;0.686921;0.376732;1.043970;-0.686915;0.103043;0.293065;1.000015;0.686915;
3.619954;0.687764;0.377187;1.044009;-0.687759;0.103169;0.293323;1.000016;0.687759;
3.643842;0.688650;0.377637;1.044046;-0.688644;0.103302;0.293568;1.000017;0.688644;
3.667729;0.689572;0.378083;1.044081;-0.689566;0.103440;0.293803;1.000017;0.689566;
3.715505;0.691488;0.378961;1.044147;-0.691483;0.103728;0.294245;1.000018;0.691483;
3.763281;0.693464;0.379822;1.044209;-0.693458;0.104024;0.294659;1.000019;0.693458;
3.811057;0.695448;0.380665;1.044269;-0.695443;0.104322;0.295053;1.000019;0.695443;
3.858832;0.697391;0.381490;1.044326;-0.697386;0.104613;0.295439;1.000018;0.697386;
3.906608;0.699246;0.382298;1.044384;-0.699240;0.104891;0.295824;1.000017;0.699240;
3.954384;0.700966;0.383088;1.044443;-0.700961;0.105150;0.296218;1.000015;0.700961;
4.002160;0.702516;0.383861;1.044505;-0.702510;0.105382;0.296628;1.000013;0.702510;
4.045158;0.703738;0.384541;1.044563;-0.703733;0.105565;0.297015;1.000012;0.703733;
4.088156;0.704777;0.385207;1.044624;-0.704771;0.105721;0.297425;1.000010;0.704771;
4.126854;0.705544;0.385794;1.044683;-0.705538;0.105836;0.297815;1.000008;0.705538;
4.165553;0.706145;0.386370;1.044745;-0.706139;0.105926;0.298227;1.000006;0.706139;
4.200381;0.706540;0.386878;1.044803;-0.706534;0.105986;0.298617;1.000004;0.706534;
4.235210;0.706799;0.387378;1.044864;-0.706793;0.106025;0.299025;1.000002;0.706793;
4.266555;0.706917;0.387819;1.044922;-0.706912;0.106042;0.299407;1.000000;0.706912;
4.297901;0.706931;0.388254;1.044981;-0.706925;0.106044;0.299803;0.999999;0.706925;
4.329247;0.706845;0.388681;1.045042;-0.706839;0.106031;0.300212;0.999997;0.706839;
4.360592;0.706665;0.389101;1.045105;-0.706659;0.106004;0.300632;0.999996;0.706659;
4.391938;0.706399;0.389514;1.045170;-0.706393;0.105964;0.301062;0.999995;0.706393;
4.423284;0.706055;0.389920;1.045236;-0.706049;0.105913;0.301502;0.999994;0.706049;
4.454629;0.705642;0.390319;1.045303;-0.705636;0.105851;0.301948;0.999993;0.705636;
4.485975;0.705169;0.390712;1.045371;-0.705163;0.105780;0.302399;0.999992;0.705163;
4.517321;0.704646;0.391097;1.045439;-0.704640;0.105702;0.302854;0.999991;0.704640;
4.548666;0.704083;0.391476;1.045507;-0.704077;0.105617;0.303311;0.999991;0.704077;
4.580012;0.703491;0.391849;1.045576;-0.703485;0.105528;0.303767;0.999991;0.703485;
4.642703;0.702267;0.392576;1.045711;-0.702261;0.105345;0.304669;0.999990;0.702261;
4.705395;0.701040;0.393277;1.045843;-0.701034;0.105160;0.305549;0.999990;0.701034;
4.768086;0.699872;0.393956;1.045970;-0.699866;0.104985;0.306395;0.999991;0.699866;
4.824508;0.698915;0.394546;1.046079;-0.698909;0.104842;0.307120;0.999992;0.698909;
4.875288;0.698159;0.395062;1.046171;-0.698153;0.104728;0.307737;0.999993;0.698153;
4.920990;0.697579;0.395514;1.046250;-0.697573;0.104641;0.308262;0.999994;0.697573;
4.962122;0.697148;0.395911;1.046317;-0.697142;0.104577;0.308708;0.999995;0.697142;
5.003254;0.696808;0.396299;1.046380;-0.696802;0.104526;0.309128;0.999996;0.696802;
5.044386;0.696560;0.396678;1.046439;-0.696554;0.104488;0.309522;0.999997;0.696554;
5.081404;0.696417;0.397011;1.046489;-0.696411;0.104467;0.309855;0.999998;0.696411;
5.118423;0.696346;0.397338;1.046536;-0.696341;0.104456;0.310167;0.999999;0.696341;
5.155441;0.696347;0.397658;1.046580;-0.696341;0.104456;0.310459;1.000000;0.696341;
5.192460;0.696414;0.397971;1.046621;-0.696408;0.104466;0.310733;1.000001;0.696408;
5.229479;0.696543;0.398277;1.046659;-0.696537;0.104486;0.310988;1.000002;0.696537;
5.266497;0.696727;0.398576;1.046695;-0.696722;0.104514;0.311227;1.000002;0.696722;
5.303516;0.696962;0.398869;1.046728;-0.696956;0.104549;0.311450;1.000003;0.696956;
5.340534;0.697239;0.399155;1.046760;-0.697233;0.104590;0.311658;1.000003;0.697233;
5.377553;0.697552;0.399435;1.046789;-0.697546;0.104637;0.311855;1.000004;0.697546;
5.414572;0.697892;0.399709;1.046817;-0.697886;0.104688;0.312039;1.000004;0.697886;
5.451590;0.698252;0.399976;1.046843;-0.698246;0.104742;0.312215;1.000004;0.698246;
5.525627;0.698994;0.400491;1.046892;-0.698988;0.104853;0.312544;1.000004;0.698988;
5.599665;0.699727;0.400982;1.046939;-0.699721;0.104963;0.312852;1.000004;0.699721;
5.673702;0.700404;0.401448;1.046983;-0.700398;0.105065;0.313148;1.000004;0.700398;
5.739535;0.700928;0.401842;1.047022;-0.700922;0.105144;0.313408;1.000003;0.700922;
5.798784;0.701316;0.402182;1.047057;-0.701311;0.105202;0.313643;1.000002;0.701311;
5.852109;0.701588;0.402475;1.047090;-0.701582;0.105243;0.313859;1.000002;0.701582;
5.900101;0.701763;0.402728;1.047119;-0.701758;0.105269;0.314057;1.000001;0.701758;
5.948094;0.701873;0.402972;1.047150;-0.701867;0.105285;0.314259;1.000001;0.701867;
5.991287;0.701916;0.403184;1.047177;-0.701910;0.105292;0.314444;1.000000;0.701910;
5.999999;0.701914;0.403225;1.047183;-0.701908;0.105292;0.314482;1.000000;0.701908;
6.000000;0.701914;0.403225;1.047183;-0.701908;0.105291;0.314482;0.999998;0.701908;
6.000001;0.701913;0.403227;1.047183;-0.701908;0.105294;0.314482;1.000007;0.701907;
6.000003;0.701911;0.403232;1.047183;-0.701908;0.105300;0.314482;1.000026;0.701905;
6.000007;0.701907;0.403240;1.047183;-0.701908;0.105313;0.314482;1.000063;0.701901;
6.000015;0.701899;0.403258;1.047183;-0.701908;0.105338;0.314482;1.000138;0.701893;
6.000031;0.701884;0.403292;1.047183;-0.701908;0.105388;0.314481;1.000285;0.701878;
6.000063;0.701854;0.403360;1.047183;-0.701910;0.105489;0.314478;1.000572;0.701848;
6.000127;0.701796;0.403489;1.047181;-0.701915;0.105691;0.314466;1.001122;0.701790;
6.000255;0.701689;0.403723;1.047173;-0.701935;0.106096;0.314419;1.002131;0.701683;
6.000511;0.701509;0.404115;1.047146;-0.702008;0.106911;0.314246;1.003835;0.701503;
6.000539;0.701491;0.404152;1.047143;-0.702019;0.107001;0.314222;1.004000;0.701486;
6.000540;0.701491;0.404153;1.047143;-0.702019;0.107004;0.314221;1.004006;0.701485;
6.000541;0.701490;0.404155;1.047142;-0.702019;0.107008;0.314220;1.004011;0.701484;
6.000543;0.701489;0.404157;1.047142;-0.702020;0.107014;0.314218;1.004023;0.701483;
6.000547;0.701487;0.404162;1.047142;-0.702022;0.107027;0.314214;1.004045;0.701481;
6.000555;0.701482;0.404172;1.047140;-0.702025;0.107052;0.314207;1.004090;0.701476;
6.000571;0.701473;0.404192;1.047138;-0.702031;0.107104;0.314192;1.004178;0.701467;
6.000575;0.701470;0.404197;1.047137;-0.702033;0.107116;0.314188;1.004200;0.701464;
6.000576;0.701470;0.404198;1.047137;-0.702033;0.107120;0.314187;1.004205;0.701464;
6.000577;0.701469;0.404199;1.047137;-0.702034;0.107123;0.314186;1.004211;0.701463;
6.000579;0.701468;0.404202;1.047137;-0.702035;0.107129;0.314184;1.004222;0.701462;
6.000583;0.701466;0.404207;1.047136;-0.702036;0.107142;0.314180;1.004244;0.701460;
6.000591;0.701461;0.404217;1.047135;-0.702040;0.107168;0.314172;1.004287;0.701455;
6.000607;0.701452;0.404236;1.047132;-0.702046;0.107219;0.314156;1.004372;0.701446;
6.000639;0.701434;0.404273;1.047127;-0.702060;0.107321;0.314123;1.004540;0.701428;
6.000703;0.701400;0.404344;1.047116;-0.702090;0.107527;0.314054;1.004860;0.701394;
6.000831;0.701338;0.404474;1.047093;-0.702154;0.107939;0.313902;1.005447;0.701332;
6.001087;0.701232;0.404687;1.047038;-0.702301;0.108765;0.313552;1.006440;0.701226;
6.001599;0.701078;0.404979;1.046906;-0.702652;0.110426;0.312719;1.007879;0.701072;
6.002111;0.700982;0.405135;1.046751;-0.703059;0.112096;0.311751;1.008772;0.700976;
6.002623;0.700923;0.405206;1.046581;-0.703501;0.113770;0.310696;1.009311;0.700917;
6.003135;0.700887;0.405224;1.046400;-0.703964;0.115448;0.309588;1.009630;0.700881;
6.003647;0.700865;0.405212;1.046212;-0.704439;0.117128;0.308448;1.009817;0.700859;
6.004671;0.700839;0.405152;1.045823;-0.705401;0.120489;0.306131;1.010017;0.700833;
6.005695;0.700828;0.405066;1.045418;-0.706370;0.123851;0.303784;1.010078;0.700822;
6.006719;0.700821;0.404977;1.045002;-0.707335;0.127212;0.301430;1.010085;0.700815;
6.008767;0.700807;0.404817;1.044141;-0.709241;0.133930;0.296730;1.010083;0.700801;
6.012863;0.700739;0.404607;1.042305;-0.712925;0.147344;0.287404;1.010062;0.700733;
6.016959;0.700622;0.404459;1.040307;-0.716442;0.160725;0.278100;1.010050;0.700617;
6.021055;0.700453;0.404355;1.038145;-0.719789;0.174072;0.268806;1.010042;0.700449;
6.029247;0.699985;0.404209;1.033321;-0.725997;0.200659;0.250194;1.010029;0.699979;
6.037439;0.699297;0.404137;1.027838;-0.731520;0.227081;0.231577;1.010010;0.699291;
6.045631;0.698385;0.404107;1.021695;-0.736355;0.253324;0.212951;1.009994;0.698378;
6.062015;0.696036;0.404082;1.007440;-0.744114;0.305220;0.175657;1.009969;0.696030;
6.076760;0.693474;0.404081;0.992387;-0.749078;0.351189;0.142094;1.009955;0.693469;
6.091506;0.690697;0.404083;0.975254;-0.752342;0.396391;0.108547;1.009947;0.690692;
6.106252;0.687865;0.404086;0.956067;-0.754062;0.440753;0.075027;1.009944;0.687859;
6.120997;0.685071;0.404089;0.934860;-0.754329;0.484194;0.041555;1.009943;0.685065;
6.135743;0.682347;0.404096;0.911674;-0.753177;0.526626;0.008176;1.009943;0.682341;
6.150488;0.679679;0.404107;0.886559;-0.750604;0.567957;-0.025045;1.009942;0.679674;
6.165234;0.677035;0.404121;0.859569;-0.746593;0.608096;-0.058028;1.009940;0.677030;
6.179980;0.674381;0.404138;0.830765;-0.741135;0.646953;-0.090689;1.009937;0.674375;
6.194725;0.671693;0.404157;0.800209;-0.734235;0.684444;-0.122949;1.009934;0.671688;
6.224216;0.666227;0.404202;0.734105;-0.716220;0.755018;-0.186017;1.009929;0.666221;
6.250759;0.661262;0.404248;0.669298;-0.695404;0.813111;-0.240839;1.009926;0.661257;
6.277301;0.656336;0.404298;0.599905;-0.670471;0.865662;-0.293552;1.009925;0.656331;
6.303843;0.651512;0.404351;0.526392;-0.641647;0.912312;-0.343911;1.009926;0.651506;
6.330385;0.646817;0.404406;0.449252;-0.609150;0.952741;-0.391665;1.009927;0.646811;
6.356927;0.642261;0.404463;0.369011;-0.573202;0.986666;-0.436564;1.009928;0.642255;
6.383469;0.637826;0.404501;0.286216;-0.534020;1.013847;-0.478357;1.009929;0.637877;
6.410011;0.633508;0.404527;0.201435;-0.491861;1.034094;-0.516810;1.009931;0.633618;
6.436553;0.629321;0.404548;0.115245;-0.447006;1.047262;-0.551730;1.009933;0.629488;
6.463095;0.625289;0.404569;0.028234;-0.399739;1.053258;-0.582955;1.009936;0.625506;
6.489637;0.621423;0.404584;-0.059005;-0.350342;1.052032;-0.610338;1.009939;0.621689;
6.499999;0.619963;0.404585;-0.092960;-0.330561;1.049594;-0.619946;1.009940;0.620246;
6.499999;0.619958;0.404585;-0.092997;-0.330539;1.049591;-0.619953;1.009884;0.619953;
6.500000;0.619959;0.404583;-0.092997;-0.330537;1.049591;-0.619954;1.009875;0.619954;
6.500001;0.619960;0.404581;-0.092997;-0.330535;1.049591;-0.619955;1.009866;0.619955;
6.500003;0.619962;0.404577;-0.092998;-0.330532;1.049590;-0.619957;1.009847;0.619957;
6.500007;0.619965;0.404570;-0.092998;-0.330524;1.049589;-0.619960;1.009810;0.619960;
6.500015;0.619972;0.404554;-0.092999;-0.330509;1.049587;-0.619967;1.009736;0.619967;
6.500031;0.619986;0.404524;-0.093001;-0.330479;1.049582;-0.619981;1.009590;0.619981;
6.500063;0.620013;0.404465;-0.093005;-0.330421;1.049573;-0.620009;1.009304;0.620009;
6.500127;0.620065;0.404353;-0.093013;-0.330310;1.049557;-0.620060;1.008757;0.620060;
6.500255;0.620158;0.404149;-0.093027;-0.330109;1.049526;-0.620153;1.007754;0.620153;
6.500511;0.620310;0.403809;-0.093050;-0.329774;1.049476;-0.620305;1.006060;0.620305;
6.500871;0.620465;0.403447;-0.093073;-0.329418;1.049423;-0.620460;1.004200;0.620460;
6.500872;0.620465;0.403446;-0.093073;-0.329417;1.049423;-0.620460;1.004196;0.620460;
6.500873;0.620466;0.403445;-0.093073;-0.329416;1.049423;-0.620461;1.004192;0.620461;
6.500875;0.620466;0.403444;-0.093073;-0.329415;1.049422;-0.620461;1.004184;0.620461;
6.500879;0.620468;0.403441;-0.093074;-0.329412;1.049422;-0.620463;1.004168;0.620463;
6.500887;0.620470;0.403435;-0.093074;-0.329406;1.049421;-0.620465;1.004136;0.620465;
6.500903;0.620475;0.403423;-0.093075;-0.329394;1.049419;-0.620470;1.004073;0.620470;
6.500922;0.620480;0.403409;-0.093075;-0.329381;1.049417;-0.620475;1.004000;0.620475;
6.500923;0.620480;0.403409;-0.093076;-0.329381;1.049417;-0.620476;1.003996;0.620476;
6.500924;0.620481;0.403408;-0.093076;-0.329380;1.049417;-0.620476;1.003993;0.620476;
6.500926;0.620481;0.403407;-0.093076;-0.329378;1.049417;-0.620476;1.003985;0.620476;
6.500930;0.620482;0.403404;-0.093076;-0.329376;1.049417;-0.620478;1.003970;0.620478;
6.500938;0.620485;0.403398;-0.093076;-0.329370;1.049416;-0.620480;1.003939;0.620480;
6.500954;0.620489;0.403387;-0.093077;-0.329359;1.049414;-0.620484;1.003879;0.620484;
6.500986;0.620498;0.403365;-0.093078;-0.329338;1.049411;-0.620493;1.003761;0.620493;
6.501050;0.620514;0.403324;-0.093081;-0.329298;1.049405;-0.620509;1.003535;0.620509;
6.501178;0.620542;0.403249;-0.093085;-0.329225;1.049394;-0.620537;1.003122;0.620537;
6.501434;0.620584;0.403129;-0.093091;-0.329108;1.049376;-0.620579;1.002423;0.620579;
6.501946;0.620626;0.402971;-0.093097;-0.328958;1.049354;-0.620621;1.001409;0.620621;
6.502970;0.620611;0.402852;-0.093095;-0.328852;1.049338;-0.620606;1.000293;0.620606;
6.503994;0.620517;0.402884;-0.093081;-0.328896;1.049345;-0.620512;0.999902;0.620512;
6.506042;0.620275;0.403043;-0.093045;-0.329082;1.049372;-0.620271;0.999665;0.620271;
6.510138;0.619770;0.403371;-0.092969;-0.329467;1.049430;-0.619765;0.999837;0.619765;
6.514234;0.619328;0.403599;-0.092903;-0.329748;1.049472;-0.619323;0.999878;0.619323;
6.518330;0.618944;0.403767;-0.092845;-0.329966;1.049505;-0.618939;0.999894;0.618939;
6.526522;0.618318;0.404017;-0.092751;-0.330300;1.049555;-0.618313;0.999915;0.618313;
6.534714;0.617920;0.404168;-0.092691;-0.330504;1.049586;-0.617915;0.999930;0.617915;
6.542906;0.617753;0.404262;-0.092666;-0.330618;1.049603;-0.617748;0.999946;0.617748;
6.559290;0.617982;0.404397;-0.092701;-0.330702;1.049616;-0.617977;0.999972;0.617977;
6.575674;0.618770;0.404497;-0.092819;-0.330660;1.049609;-0.618765;0.999990;0.618765;
6.592058;0.619870;0.404590;-0.092984;-0.330559;1.049594;-0.619865;1.000000;0.619865;
6.608442;0.621089;0.404683;-0.093167;-0.330436;1.049576;-0.621085;1.000004;0.621085;
6.624826;0.622325;0.404774;-0.093352;-0.330310;1.049557;-0.622321;1.000006;0.622321;
6.641210;0.623552;0.404861;-0.093536;-0.330181;1.049537;-0.623547;1.000009;0.623547;
6.657594;0.624791;0.404944;-0.093722;-0.330045;1.049517;-0.624786;1.000012;0.624786;
6.673978;0.626086;0.405023;-0.093916;-0.329896;1.049495;-0.626081;1.000016;0.626081;
6.690362;0.627469;0.405097;-0.094124;-0.329727;1.049469;-0.627464;1.000021;0.627464;
6.706746;0.628952;0.405168;-0.094346;-0.329537;1.049441;-0.628947;1.000026;0.628947;
6.723130;0.630531;0.405236;-0.094583;-0.329327;1.049409;-0.630526;1.000031;0.630526;
6.739514;0.632185;0.405301;-0.094831;-0.329101;1.049375;-0.632180;1.000034;0.632180;
6.755898;0.633889;0.405364;-0.095087;-0.328864;1.049340;-0.633884;1.000037;0.633884;
6.772282;0.635621;0.405424;-0.095347;-0.328618;1.049303;-0.635615;1.000038;0.635615;
6.805050;0.639107;0.405539;-0.095870;-0.328116;1.049228;-0.639102;1.000041;0.639102;
6.834541;0.642257;0.405635;-0.096342;-0.327653;1.049158;-0.642252;1.000042;0.642252;
6.864032;0.645403;0.405726;-0.096814;-0.327182;1.049088;-0.645398;1.000043;0.645398;
6.893524;0.648537;0.405812;-0.097284;-0.326706;1.049016;-0.648532;1.000044;0.648532;
6.923015;0.651648;0.405894;-0.097751;-0.326228;1.048945;-0.651642;1.000044;0.651642;
6.952506;0.654720;0.405971;-0.098212;-0.325750;1.048873;-0.654714;1.000044;0.654714;
6.981997;0.657740;0.406045;-0.098665;-0.325275;1.048802;-0.657734;1.000044;0.657734;
7.011488;0.660697;0.406115;-0.099108;-0.324806;1.048731;-0.660691;1.000043;0.660691;
7.038031;0.663299;0.406175;-0.099499;-0.324391;1.048669;-0.663294;1.000043;0.663294;
7.064573;0.665842;0.406233;-0.099880;-0.323981;1.048608;-0.665837;1.000042;0.665837;
7.088461;0.668077;0.406283;-0.100216;-0.323619;1.048553;-0.668072;1.000041;0.668072;
7.112348;0.670261;0.406332;-0.100543;-0.323264;1.048500;-0.670255;1.000040;0.670255;
7.136236;0.672391;0.406379;-0.100863;-0.322915;1.048448;-0.672386;1.000040;0.672386;
7.160124;0.674467;0.406424;-0.101174;-0.322574;1.048397;-0.674462;1.000039;0.674462;
7.184012;0.676488;0.406467;-0.101477;-0.322240;1.048347;-0.676482;1.000038;0.676482;
7.207900;0.678450;0.406509;-0.101772;-0.321914;1.048298;-0.678445;1.000037;0.678445;
7.231788;0.680355;0.406549;-0.102057;-0.321597;1.048250;-0.680349;1.000036;0.680349;
7.255676;0.682200;0.406588;-0.102334;-0.321289;1.048204;-0.682194;1.000034;0.682194;
7.279563;0.683984;0.406625;-0.102602;-0.320989;1.048159;-0.683978;1.000033;0.683978;
7.327339;0.687363;0.406695;-0.103109;-0.320419;1.048074;-0.687357;1.000031;0.687357;
7.375115;0.690484;0.406760;-0.103577;-0.319889;1.047994;-0.690478;1.000029;0.690478;
7.422891;0.693338;0.406819;-0.104005;-0.319403;1.047921;-0.693332;1.000026;0.693332;
7.470666;0.695916;0.406872;-0.104392;-0.318961;1.047855;-0.695910;1.000023;0.695910;
7.518442;0.698211;0.406921;-0.104736;-0.318567;1.047796;-0.698205;1.000021;0.698205;
7.566218;0.700215;0.406964;-0.105037;-0.318223;1.047744;-0.700209;1.000018;0.700209;
7.609216;0.701768;0.406998;-0.105270;-0.317956;1.047704;-0.701762;1.000015;0.701762;
7.652214;0.703080;0.407028;-0.105466;-0.317731;1.047670;-0.703074;1.000013;0.703074;
7.690913;0.704058;0.407052;-0.105613;-0.317564;1.047645;-0.704052;1.000010;0.704052;
7.725741;0.704775;0.407070;-0.105721;-0.317443;1.047627;-0.704769;1.000008;0.704769;
7.760570;0.705341;0.407086;-0.105806;-0.317348;1.047613;-0.705335;1.000006;0.705335;
7.791915;0.705726;0.407098;-0.105863;-0.317284;1.047604;-0.705720;1.000005;0.705720;
7.823261;0.705997;0.407108;-0.105904;-0.317241;1.047597;-0.705991;1.000003;0.705991;
7.851472;0.706148;0.407115;-0.105927;-0.317218;1.047594;-0.706142;1.000002;0.706142;
7.879683;0.706215;0.407121;-0.105937;-0.317211;1.047592;-0.706209;1.000000;0.706209;
7.907894;0.706205;0.407125;-0.105935;-0.317216;1.047593;-0.706199;0.999999;0.706199;
7.936105;0.706121;0.407128;-0.105923;-0.317235;1.047596;-0.706115;0.999998;0.706115;
7.964317;0.705969;0.407129;-0.105900;-0.317265;1.047601;-0.705963;0.999997;0.705963;
7.992528;0.705757;0.407129;-0.105868;-0.317306;1.047607;-0.705751;0.999996;0.705751;
8.020739;0.705489;0.407127;-0.105828;-0.317356;1.047614;-0.705483;0.999995;0.705483;
8.048950;0.705172;0.407124;-0.105780;-0.317415;1.047623;-0.705166;0.999994;0.705166;
8.077161;0.704814;0.407119;-0.105727;-0.317480;1.047633;-0.704808;0.999994;0.704808;
8.105372;0.704420;0.407114;-0.105667;-0.317551;1.047644;-0.704414;0.999993;0.704414;
8.161794;0.703560;0.407099;-0.105538;-0.317703;1.047666;-0.703554;0.999993;0.703554;
8.218216;0.702638;0.407080;-0.105400;-0.317863;1.047690;-0.702632;0.999992;0.702632;
8.274639;0.701699;0.407057;-0.105259;-0.318023;1.047714;-0.701693;0.999992;0.701693;
8.331061;0.700785;0.407030;-0.105122;-0.318174;1.047737;-0.700779;0.999993;0.700779;
8.387483;0.699933;0.406999;-0.104994;-0.318309;1.047757;-0.699927;0.999993;0.699927;
8.443905;0.699172;0.406966;-0.104880;-0.318425;1.047775;-0.699166;0.999994;0.699166;
8.494685;0.698583;0.406933;-0.104792;-0.318507;1.047787;-0.698577;0.999995;0.698577;
8.545465;0.698100;0.406898;-0.104719;-0.318568;1.047796;-0.698094;0.999996;0.698094;
8.591167;0.697760;0.406865;-0.104668;-0.318603;1.047801;-0.697754;0.999997;0.697754;
8.636869;0.697515;0.406831;-0.104632;-0.318618;1.047804;-0.697509;0.999998;0.697509;
8.682571;0.697362;0.406795;-0.104609;-0.318614;1.047803;-0.697356;0.999999;0.697356;
8.728273;0.697299;0.406757;-0.104599;-0.318592;1.047800;-0.697294;1.000000;0.697294;
8.773975;0.697322;0.406718;-0.104603;-0.318553;1.047794;-0.697316;1.000001;0.697316;
8.819677;0.697422;0.406678;-0.104618;-0.318497;1.047785;-0.697416;1.000001;0.697416;
8.865379;0.697591;0.406637;-0.104643;-0.318427;1.047775;-0.697585;1.000002;0.697585;
8.911081;0.697819;0.406595;-0.104677;-0.318345;1.047763;-0.697814;1.000003;0.697814;
8.956783;0.698096;0.406551;-0.104719;-0.318252;1.047749;-0.698090;1.000003;0.698090;
9.002485;0.698410;0.406506;-0.104766;-0.318151;1.047733;-0.698404;1.000003;0.698404;
9.048187;0.698750;0.406461;-0.104817;-0.318044;1.047717;-0.698744;1.000004;0.698744;
9.093889;0.699103;0.406413;-0.104870;-0.317933;1.047701;-0.699097;1.000004;0.699097;
9.153266;0.699564;0.406351;-0.104939;-0.317788;1.047679;-0.699558;1.000004;0.699558;
9.212643;0.700007;0.406286;-0.105005;-0.317644;1.047657;-0.700001;1.000003;0.700001;
9.272020;0.700415;0.406219;-0.105067;-0.317505;1.047637;-0.700409;1.000003;0.700409;
9.325459;0.700738;0.406157;-0.105115;-0.317386;1.047619;-0.700732;1.000003;0.700732;
9.378898;0.701010;0.406094;-0.105156;-0.317276;1.047602;-0.701004;1.000002;0.701004;
9.426993;0.701205;0.406036;-0.105185;-0.317186;1.047589;-0.701199;1.000002;0.701199;
9.475089;0.701351;0.405977;-0.105207;-0.317104;1.047576;-0.701345;1.000001;0.701345;
9.523184;0.701445;0.405917;-0.105221;-0.317031;1.047565;-0.701439;1.000001;0.701439;
9.571279;0.701488;0.405855;-0.105228;-0.316966;1.047556;-0.701482;1.000000;0.701482;
9.619375;0.701482;0.405793;-0.105227;-0.316910;1.047547;-0.701476;1.000000;0.701476;
9.667470;0.701431;0.405729;-0.105219;-0.316862;1.047540;-0.701425;0.999999;0.701425;
9.715565;0.701340;0.405665;-0.105205;-0.316821;1.047534;-0.701334;0.999999;0.701334;
9.763661;0.701214;0.405600;-0.105187;-0.316786;1.047529;-0.701208;0.999999;0.701208;
9.811756;0.701060;0.405534;-0.105163;-0.316755;1.047524;-0.701054;0.999998;0.701054;
9.859851;0.700883;0.405467;-0.105137;-0.316728;1.047520;-0.700878;0.999998;0.700878;
9.907946;0.700693;0.405400;-0.105108;-0.316703;1.047516;-0.700687;0.999998;0.700687;
10.004137;0.700303;0.405264;-0.105050;-0.316654;1.047509;-0.700297;0.999998;0.700297;
10.100328;0.699932;0.405126;-0.104994;-0.316599;1.047501;-0.699926;0.999998;0.699926;
10.196518;0.699619;0.404987;-0.104947;-0.316532;1.047491;-0.699613;0.999999;0.699613;
10.282318;0.699409;0.404862;-0.104916;-0.316459;1.047480;-0.699403;0.999999;0.699403;
10.359538;0.699287;0.404750;-0.104897;-0.316379;1.047468;-0.699281;1.000000;0.699281;
10.429036;0.699234;0.404649;-0.104890;-0.316297;1.047455;-0.699229;1.000000;0.699229;
10.498533;0.699234;0.404547;-0.104890;-0.316204;1.047441;-0.699228;1.000000;0.699228;
10.568031;0.699281;0.404446;-0.104897;-0.316103;1.047426;-0.699275;1.000001;0.699275;
10.637529;0.699368;0.404345;-0.104910;-0.315994;1.047410;-0.699362;1.000001;0.699362;
10.707027;0.699485;0.404244;-0.104927;-0.315880;1.047393;-0.699479;1.000001;0.699479;
10.776525;0.699622;0.404144;-0.104948;-0.315761;1.047375;-0.699616;1.000001;0.699616;
10.846022;0.699769;0.404044;-0.104970;-0.315642;1.047357;-0.699763;1.000001;0.699763;
10.915520;0.699917;0.403944;-0.104992;-0.315522;1.047339;-0.699911;1.000001;0.699911;
10.997629;0.700077;0.403826;-0.105016;-0.315384;1.047318;-0.700071;1.000001;0.700071;
11.079737;0.700213;0.403709;-0.105036;-0.315251;1.047298;-0.700207;1.000001;0.700207;
11.161846;0.700316;0.403593;-0.105052;-0.315125;1.047280;-0.700310;1.000001;0.700310;
11.243955;0.700381;0.403477;-0.105062;-0.315007;1.047262;-0.700375;1.000000;0.700375;
11.326064;0.700407;0.403362;-0.105066;-0.314897;1.047245;-0.700402;1.000000;0.700402;
11.408172;0.700397;0.403248;-0.105064;-0.314794;1.047230;-0.700391;1.000000;0.700391;
11.490281;0.700355;0.403135;-0.105058;-0.314699;1.047216;-0.700349;1.000000;0.700349;
11.572390;0.700289;0.403022;-0.105048;-0.314609;1.047202;-0.700283;1.000000;0.700283;
11.654498;0.700206;0.402911;-0.105035;-0.314523;1.047189;-0.700200;1.000000;0.700200;
11.736607;0.700116;0.402801;-0.105022;-0.314440;1.047177;-0.700110;1.000000;0.700110;
11.818716;0.700028;0.402693;-0.105009;-0.314358;1.047164;-0.700022;1.000000;0.700022;
11.923267;0.699929;0.402557;-0.104994;-0.314252;1.047149;-0.699923;1.000000;0.699923;
12.027818;0.699854;0.402423;-0.104982;-0.314145;1.047132;-0.699848;1.000000;0.699848;
12.132370;0.699809;0.402291;-0.104976;-0.314033;1.047116;-0.699803;1.000000;0.699803;
12.236921;0.699796;0.402163;-0.104974;-0.313918;1.047098;-0.699790;1.000000;0.699790;
12.341472;0.699822;0.402038;-0.104978;-0.313799;1.047081;-0.699816;1.000000;0.699816;
12.426205;0.699855;0.401939;-0.104983;-0.313702;1.047066;-0.699849;1.000000;0.699849;
12.502465;0.699890;0.401851;-0.104988;-0.313615;1.047053;-0.699884;1.000000;0.699884;
12.571098;0.699923;0.401774;-0.104993;-0.313538;1.047041;-0.699917;1.000000;0.699917;
12.639732;0.699956;0.401697;-0.104998;-0.313462;1.047030;-0.699950;1.000000;0.699950;
12.708366;0.699986;0.401622;-0.105002;-0.313387;1.047019;-0.699981;1.000000;0.699981;
12.845633;0.700039;0.401474;-0.105010;-0.313242;1.046997;-0.700034;1.000000;0.700034;
12.969173;0.700072;0.401345;-0.105015;-0.313117;1.046978;-0.700067;1.000000;0.700067;
13.166397;0.700075;0.401152;-0.105016;-0.312940;1.046952;-0.700069;1.000000;0.700069;
13.343897;0.700059;0.400986;-0.105013;-0.312792;1.046930;-0.700053;1.000000;0.700053;
13.487704;0.700040;0.400857;-0.105010;-0.312677;1.046912;-0.700034;1.000000;0.700034;
13.617130;0.700022;0.400745;-0.105008;-0.312579;1.046898;-0.700016;1.000000;0.700016;
13.746555;0.700007;0.400637;-0.105006;-0.312483;1.046883;-0.700002;1.000000;0.700002;
13.875981;0.699997;0.400534;-0.105004;-0.312390;1.046869;-0.699991;1.000000;0.699991;
14.005407;0.699991;0.400434;-0.105003;-0.312301;1.046856;-0.699985;1.000000;0.699985;
14.264258;0.699992;0.400252;-0.105003;-0.312134;1.046831;-0.699987;1.000000;0.699987;
14.523110;0.699998;0.400085;-0.105004;-0.311980;1.046808;-0.699992;1.000000;0.699992;
14.781961;0.700004;0.399933;-0.105005;-0.311840;1.046787;-0.699998;1.000000;0.699998;
15.299664;0.700010;0.399662;-0.105006;-0.311590;1.046749;-0.700004;1.000000;0.700004;
15.817367;0.700007;0.399459;-0.105006;-0.311405;1.046722;-0.700002;1.000000;0.700002;
16.852772;0.700006;0.399200;-0.105005;-0.311169;1.046686;-0.700000;1.000000;0.700000;
17.784638;0.700006;0.399053;-0.105005;-0.311034;1.046666;-0.700000;1.000000;0.700000;
18.716503;0.700006;0.398969;-0.105005;-0.310958;1.046654;-0.700000;1.000000;0.700000;
20.000000;0.700006;0.398923;-0.105005;-0.310915;1.046648;-0.700000;1.000000;0.700000;
