time;WT4A_WT_pQCalculus_PWtPu;WT4A_WT_pQCalculus_QWtPu;WT4A_WT_control4A_UWTPu;WT4A_WT_terminal_V_re;WT4A_WT_terminal_V_im;WT4A_WT_terminal_i_re;WT4A_WT_terminal_i_im;
0.000000;1.000164;-0.210035;1.000164;0.976169;0.217767;-0.930285;-0.422694;
0.001000;1.000161;-0.210036;1.000164;0.976169;0.217767;-0.930282;-0.422694;
0.001000;1.000161;-0.210036;1.000164;0.976169;0.217767;-0.930282;-0.422694;
0.025999;1.000074;-0.210077;1.000156;0.976166;0.217745;-0.930203;-0.422699;
0.075997;1.000017;-0.210097;1.000153;0.976166;0.217731;-0.930152;-0.422695;
0.175993;1.000002;-0.210094;1.000155;0.976169;0.217728;-0.930139;-0.422684;
0.375985;1.000001;-0.210078;1.000160;0.976174;0.217727;-0.930137;-0.422664;
0.775969;1.000000;-0.210051;1.000169;0.976183;0.217726;-0.930136;-0.422631;
1.575937;1.000000;-0.210022;1.000178;0.976192;0.217725;-0.930135;-0.422597;
2.000000;1.000000;-0.210018;1.000179;0.976194;0.217725;-0.930135;-0.422591;
2.000000;1.000000;-0.210018;1.000179;0.976194;0.217725;-0.930135;-0.422591;
2.003376;0.995774;-0.210563;1.000256;0.976511;0.216653;-0.926291;-0.421139;
2.010129;0.978496;-0.211779;1.000867;0.978105;0.212238;-0.910545;-0.414097;
2.016882;0.956801;-0.212727;1.001787;0.980244;0.206679;-0.890750;-0.404751;
2.023634;0.933114;-0.213416;1.002830;0.982569;0.200604;-0.869113;-0.394583;
2.037140;0.885815;-0.214436;1.004861;0.987028;0.188473;-0.825860;-0.374953;
2.050645;0.841641;-0.215210;1.006622;0.990900;0.177152;-0.785416;-0.357689;
2.077657;0.769673;-0.216388;1.009189;0.996628;0.158730;-0.719448;-0.331704;
2.101345;0.718036;-0.217109;1.010786;1.000255;0.145529;-0.672048;-0.314828;
2.125033;0.676177;-0.217609;1.011945;1.002921;0.134837;-0.633583;-0.302161;
2.148721;0.642341;-0.217941;1.012800;1.004906;0.126200;-0.602466;-0.292542;
2.172409;0.615012;-0.218148;1.013444;1.006405;0.119227;-0.577316;-0.285159;
2.196097;0.592940;-0.218264;1.013936;1.007551;0.113597;-0.556991;-0.279431;
2.219785;0.575112;-0.218312;1.014319;1.008439;0.109051;-0.540567;-0.274944;
2.243474;0.560832;-0.218295;1.014571;1.009034;0.105412;-0.527393;-0.271776;
2.267162;0.549275;-0.218245;1.014824;1.009596;0.102464;-0.516739;-0.268917;
2.314538;0.533456;-0.218066;1.015223;1.010441;0.098423;-0.502158;-0.264726;
2.361914;0.522700;-0.217816;1.015486;1.010967;0.095675;-0.492228;-0.262051;
2.409291;0.515407;-0.217517;1.015698;1.011354;0.093808;-0.485491;-0.260128;
2.456667;0.510460;-0.217189;1.015876;1.011650;0.092538;-0.480917;-0.258698;
2.551419;0.505382;-0.216494;1.016163;1.012060;0.091223;-0.476209;-0.256838;
2.646172;0.502773;-0.215801;1.016405;1.012365;0.090538;-0.473779;-0.255535;
2.835677;0.500969;-0.214566;1.016790;1.012795;0.090041;-0.472074;-0.253824;
3.025182;0.500343;-0.213528;1.017098;1.013122;0.089850;-0.471463;-0.252574;
3.404193;0.500079;-0.212150;1.017499;1.013534;0.089741;-0.471174;-0.251036;
4.162213;0.500013;-0.210903;1.017858;1.013899;0.089686;-0.471072;-0.249681;
5.678255;0.500002;-0.210229;1.018052;1.014096;0.089663;-0.471040;-0.248955;
5.999999;0.500002;-0.210208;1.018058;1.014102;0.089662;-0.471039;-0.248932;
5.999999;0.368203;-0.135471;0.736401;0.729837;0.098101;-0.471039;-0.248932;
6.000091;0.368000;-0.136590;0.735986;0.729422;0.098077;-0.470819;-0.250564;
6.000277;0.367659;-0.138603;0.735237;0.728671;0.098040;-0.470452;-0.253511;
6.000462;0.367378;-0.140401;0.734567;0.727998;0.098015;-0.470153;-0.256159;
6.000793;0.367081;-0.142928;0.733618;0.727041;0.098012;-0.469857;-0.259930;
6.000793;0.367082;-0.142928;0.733618;0.727041;0.098012;-0.469857;-0.259930;
6.000793;0.367082;-0.142931;0.733617;0.727040;0.098012;-0.469857;-0.259934;
6.000793;0.367082;-0.142931;0.733617;0.727040;0.098012;-0.469857;-0.259934;
6.000793;0.367082;-0.142931;0.733617;0.727040;0.098012;-0.469857;-0.259934;
6.000793;0.367082;-0.142931;0.733617;0.727040;0.098012;-0.469857;-0.259934;
6.001003;0.366908;-0.144355;0.733082;0.726500;0.098008;-0.469682;-0.262061;
6.001424;0.366672;-0.146406;0.732308;0.725720;0.098007;-0.469446;-0.265137;
6.001844;0.366535;-0.147757;0.731797;0.725204;0.098012;-0.469314;-0.267175;
6.002685;0.366602;-0.148280;0.731595;0.724994;0.098054;-0.469414;-0.268012;
6.003205;0.366817;-0.147567;0.731860;0.725256;0.098097;-0.469663;-0.266995;
6.003205;0.366816;-0.147567;0.731860;0.725256;0.098097;-0.469661;-0.266994;
6.003523;0.366948;-0.147132;0.732021;0.725415;0.098123;-0.469815;-0.266374;
6.003987;0.367243;-0.145930;0.732469;0.725860;0.098175;-0.470150;-0.264634;
6.003987;0.367242;-0.145931;0.732469;0.725860;0.098175;-0.470148;-0.264634;
6.004325;0.367476;-0.144960;0.732831;0.726220;0.098215;-0.470413;-0.263227;
6.005001;0.368071;-0.142368;0.733796;0.727181;0.098312;-0.471082;-0.259470;
6.005340;0.368455;-0.140682;0.734421;0.727803;0.098375;-0.471514;-0.257036;
6.005340;0.368449;-0.140687;0.734421;0.727803;0.098373;-0.471507;-0.257034;
6.005367;0.368477;-0.140565;0.734466;0.727848;0.098378;-0.471538;-0.256858;
6.005367;0.368477;-0.140565;0.734466;0.727848;0.098378;-0.471538;-0.256858;
6.005368;0.368478;-0.140562;0.734467;0.727849;0.098378;-0.471539;-0.256853;
6.005368;0.368478;-0.140562;0.734467;0.727849;0.098378;-0.471539;-0.256853;
6.005368;0.368478;-0.140562;0.734467;0.727849;0.098378;-0.471539;-0.256853;
6.005368;0.368478;-0.140562;0.734467;0.727849;0.098378;-0.471539;-0.256853;
6.005368;0.368478;-0.140562;0.734467;0.727849;0.098378;-0.471539;-0.256853;
6.005368;0.368478;-0.140562;0.734467;0.727849;0.098378;-0.471539;-0.256853;
6.005531;0.368649;-0.139815;0.734744;0.728125;0.098406;-0.471731;-0.255776;
6.005531;0.368648;-0.139816;0.734744;0.728125;0.098405;-0.471731;-0.255776;
6.005531;0.368648;-0.139815;0.734744;0.728125;0.098405;-0.471731;-0.255775;
6.005531;0.368648;-0.139815;0.734744;0.728125;0.098405;-0.471731;-0.255775;
6.005958;0.369166;-0.137437;0.735626;0.729003;0.098486;-0.472308;-0.252334;
6.006811;0.370480;-0.131150;0.737947;0.731319;0.098682;-0.473767;-0.243262;
6.008518;0.373736;-0.115620;0.743614;0.736971;0.099170;-0.477369;-0.221122;
6.009766;0.376352;-0.103572;0.747938;0.741279;0.099580;-0.480265;-0.204261;
6.009766;0.376333;-0.103591;0.747937;0.741279;0.099574;-0.480243;-0.204257;
6.009768;0.376337;-0.103572;0.747944;0.741286;0.099575;-0.480247;-0.204229;
6.009768;0.376337;-0.103572;0.747944;0.741286;0.099575;-0.480247;-0.204229;
6.009768;0.376337;-0.103572;0.747944;0.741286;0.099575;-0.480247;-0.204229;
6.009768;0.376337;-0.103572;0.747944;0.741286;0.099575;-0.480247;-0.204229;
6.009768;0.376337;-0.103572;0.747944;0.741286;0.099575;-0.480247;-0.204229;
6.009768;0.376337;-0.103572;0.747944;0.741286;0.099575;-0.480247;-0.204229;
6.010258;0.377428;-0.098470;0.749762;0.743098;0.099744;-0.481451;-0.197136;
6.011237;0.379845;-0.087032;0.753806;0.747128;0.100114;-0.484105;-0.181357;
6.013195;0.385175;-0.061761;0.762580;0.755871;0.100933;-0.489931;-0.147130;
6.015153;0.390719;-0.035838;0.771365;0.764617;0.101806;-0.495967;-0.112905;
6.019068;0.400945;0.009895;0.786365;0.779523;0.103506;-0.507092;-0.054639;
6.022593;0.409058;0.043697;0.797076;0.790136;0.104953;-0.515949;-0.013228;
6.026117;0.415897;0.069308;0.804981;0.797934;0.106281;-0.523498;0.017126;
6.029641;0.421552;0.087349;0.810435;0.803275;0.107491;-0.529853;0.037825;
6.033165;0.426230;0.099132;0.813932;0.806654;0.108601;-0.535233;0.050819;
6.036690;0.430166;0.106168;0.815974;0.808575;0.109635;-0.539880;0.058086;
6.040214;0.433579;0.109863;0.817005;0.809482;0.110615;-0.544011;0.061370;
6.047262;0.439453;0.111202;0.817247;0.809470;0.112473;-0.551333;0.060771;
6.054311;0.444996;0.110445;0.816855;0.808819;0.114296;-0.558330;0.057665;
6.068407;0.456055;0.108939;0.816053;0.807486;0.117935;-0.572281;0.051329;
6.096601;0.478621;0.108918;0.815304;0.805625;0.125258;-0.600601;0.041816;
6.112493;0.491402;0.109522;0.815031;0.804686;0.129387;-0.616602;0.036892;
6.112493;0.491415;0.109512;0.815039;0.804703;0.129391;-0.616622;0.036954;
6.112493;0.491415;0.109512;0.815039;0.804703;0.129391;-0.616622;0.036954;
6.112493;0.491416;0.109522;0.815039;0.804703;0.129391;-0.616622;0.036954;
6.112493;0.491416;0.109522;0.815039;0.804703;0.129391;-0.616622;0.036954;
6.112493;0.491416;0.109522;0.815039;0.804703;0.129391;-0.616622;0.036954;
6.112493;0.491416;0.109522;0.815039;0.804703;0.129391;-0.616622;0.036954;
6.112493;0.491416;0.109522;0.815039;0.804703;0.129391;-0.616622;0.036954;
6.112493;0.491416;0.109522;0.815039;0.804703;0.129391;-0.616622;0.036954;
6.112493;0.491416;0.109522;0.815039;0.804703;0.129391;-0.616622;0.036954;
6.121682;0.495341;0.109474;0.814881;0.804337;0.130667;-0.621545;0.035132;
6.140061;0.498250;0.109442;0.814764;0.804064;0.131613;-0.625193;0.033777;
6.158439;0.499343;0.109470;0.814733;0.803975;0.131967;-0.626562;0.033321;
6.195196;0.499848;0.109511;0.814726;0.803941;0.132130;-0.627194;0.033137;
6.231953;0.499965;0.109525;0.814726;0.803935;0.132167;-0.627340;0.033102;
6.249999;0.499973;0.109526;0.814726;0.803934;0.132170;-0.627349;0.033100;
6.249999;0.681991;0.115510;1.101051;1.093769;0.126416;-0.627349;0.033099;
6.250093;0.681945;0.115697;1.101098;1.093819;0.126399;-0.627300;0.033284;
6.250283;0.681689;0.115616;1.101083;1.093811;0.126336;-0.627067;0.033273;
6.250472;0.681278;0.115096;1.100963;1.093701;0.126246;-0.626707;0.032895;
6.250851;0.679892;0.112437;1.100337;1.093102;0.125969;-0.625530;0.030775;
6.251230;0.677998;0.108287;1.099352;1.092153;0.125606;-0.623941;0.027395;
6.251988;0.672567;0.095016;1.096177;1.089072;0.124604;-0.619433;0.016374;
6.252746;0.665857;0.077692;1.091997;1.085003;0.123394;-0.613895;0.001789;
6.253504;0.658172;0.057110;1.086999;1.080127;0.122030;-0.607576;-0.015713;
6.253798;0.654766;0.047653;1.084652;1.077833;0.121438;-0.604782;-0.023962;
6.253798;0.654736;0.047619;1.084653;1.077835;0.121430;-0.604756;-0.023953;
6.253798;0.654735;0.047618;1.084653;1.077835;0.121430;-0.604756;-0.023953;
6.253798;0.654735;0.047618;1.084653;1.077835;0.121430;-0.604756;-0.023953;
6.253930;0.653359;0.043925;1.083744;1.076947;0.121187;-0.603623;-0.027140;
6.253930;0.653358;0.043923;1.083744;1.076947;0.121187;-0.603622;-0.027139;
6.253930;0.653354;0.043912;1.083742;1.076945;0.121186;-0.603619;-0.027149;
6.253930;0.653354;0.043912;1.083742;1.076945;0.121186;-0.603619;-0.027149;
6.253930;0.653354;0.043912;1.083742;1.076945;0.121186;-0.603619;-0.027149;
6.253930;0.653354;0.043912;1.083742;1.076945;0.121186;-0.603619;-0.027149;
6.254156;0.650972;0.037543;1.082171;1.075412;0.120764;-0.601656;-0.032653;
6.254607;0.646106;0.024696;1.078990;1.072308;0.119898;-0.597641;-0.043794;
6.255510;0.636181;-0.001052;1.072561;1.066037;0.118120;-0.589426;-0.066297;
6.257315;0.616684;-0.050638;1.059958;1.053744;0.114609;-0.573223;-0.110401;
6.259120;0.598461;-0.096637;1.047970;1.042039;0.111330;-0.558030;-0.152411;
6.259500;0.594967;-0.105419;1.045625;1.039748;0.110702;-0.555108;-0.160639;
6.259500;0.594883;-0.105567;1.045627;1.039753;0.110683;-0.555041;-0.160616;
6.259825;0.591829;-0.112974;1.043666;1.037839;0.110126;-0.552480;-0.167479;
6.260475;0.586186;-0.125675;1.040291;1.034558;0.109068;-0.547711;-0.179219;
6.261774;0.576408;-0.144871;1.035170;1.029610;0.107152;-0.539347;-0.196835;
6.263074;0.567912;-0.159446;1.031259;1.025856;0.105425;-0.532002;-0.210126;
6.264373;0.560456;-0.170632;1.028254;1.022995;0.103863;-0.525500;-0.220188;
6.266973;0.548586;-0.184867;1.024460;1.019443;0.101268;-0.515027;-0.232503;
6.269572;0.539153;-0.194031;1.022022;1.017201;0.099143;-0.506629;-0.240142;
6.272171;0.531567;-0.200061;1.020433;1.015774;0.097393;-0.499829;-0.244899;
6.277370;0.521269;-0.206193;1.018861;1.014427;0.094956;-0.490531;-0.249177;
6.282568;0.514325;-0.209407;1.018056;1.013773;0.093285;-0.484230;-0.251120;
6.287767;0.509641;-0.211145;1.017633;1.013452;0.092145;-0.479965;-0.251988;
6.298164;0.504860;-0.212450;1.017337;1.013261;0.090967;-0.475595;-0.252366;
6.308561;0.502444;-0.212946;1.017233;1.013211;0.090367;-0.473383;-0.252389;
6.318958;0.501230;-0.213117;1.017203;1.013208;0.090063;-0.472268;-0.252318;
6.339752;0.500418;-0.213125;1.017213;1.013237;0.089857;-0.471519;-0.252156;
6.360546;0.500148;-0.213046;1.017240;1.013270;0.089785;-0.471267;-0.252015;
6.402134;0.500040;-0.212846;1.017299;1.013332;0.089752;-0.471161;-0.251777;
6.485311;0.500015;-0.212474;1.017407;1.013442;0.089734;-0.471126;-0.251371;
6.651664;0.500010;-0.211888;1.017575;1.013612;0.089715;-0.471102;-0.250740;
6.984369;0.500006;-0.211151;1.017787;1.013827;0.089692;-0.471074;-0.249946;
7.649781;0.500003;-0.210495;1.017976;1.014018;0.089671;-0.471050;-0.249240;
8.980603;0.500001;-0.210132;1.018080;1.014124;0.089659;-0.471036;-0.248850;
11.642249;0.500000;-0.210020;1.018112;1.014157;0.089656;-0.471032;-0.248729;
11.999998;0.500000;-0.210019;1.018112;1.014157;0.089656;-0.471032;-0.248728;
11.999998;0.288617;-0.110578;0.580238;0.576068;0.069437;-0.471032;-0.248728;
12.000102;0.288459;-0.111838;0.579881;0.575711;0.069413;-0.470783;-0.251022;
12.000312;0.288228;-0.114045;0.579253;0.575082;0.069383;-0.470421;-0.255067;
12.000499;0.288163;-0.115519;0.578830;0.574656;0.069386;-0.470324;-0.257815;
12.000499;0.288164;-0.115521;0.578830;0.574656;0.069386;-0.470326;-0.257815;
12.000500;0.288163;-0.115536;0.578825;0.574651;0.069386;-0.470324;-0.257844;
12.000500;0.288163;-0.115536;0.578825;0.574651;0.069386;-0.470324;-0.257844;
12.000500;0.288163;-0.115536;0.578825;0.574651;0.069386;-0.470324;-0.257844;
12.000500;0.288163;-0.115536;0.578825;0.574651;0.069386;-0.470324;-0.257844;
12.000500;0.288163;-0.115536;0.578825;0.574651;0.069386;-0.470324;-0.257844;
12.000500;0.288163;-0.115536;0.578825;0.574651;0.069386;-0.470324;-0.257844;
12.000644;0.288066;-0.116746;0.578479;0.574304;0.069378;-0.470173;-0.260080;
12.000931;0.287922;-0.118686;0.577923;0.573745;0.069366;-0.469950;-0.263680;
12.001505;0.287812;-0.120938;0.577274;0.573091;0.069368;-0.469783;-0.267891;
12.002078;0.287855;-0.121810;0.577021;0.572833;0.069390;-0.469858;-0.269561;
12.003111;0.288381;-0.119773;0.577597;0.573401;0.069497;-0.470700;-0.265933;
12.003111;0.288381;-0.119774;0.577597;0.573401;0.069497;-0.470699;-0.265932;
12.003228;0.288444;-0.119515;0.577670;0.573473;0.069510;-0.470800;-0.265472;
12.003228;0.288444;-0.119515;0.577670;0.573473;0.069510;-0.470800;-0.265472;
12.003228;0.288444;-0.119515;0.577670;0.573473;0.069510;-0.470800;-0.265472;
12.003228;0.288444;-0.119515;0.577670;0.573473;0.069510;-0.470800;-0.265472;
12.003460;0.288602;-0.118732;0.577892;0.573693;0.069540;-0.471053;-0.264059;
12.003761;0.288899;-0.116980;0.578391;0.574189;0.069592;-0.471524;-0.260881;
12.003761;0.288898;-0.116981;0.578391;0.574189;0.069592;-0.471523;-0.260881;
12.003998;0.289143;-0.115517;0.578806;0.574602;0.069635;-0.471911;-0.258228;
12.004471;0.289758;-0.111603;0.579916;0.575707;0.069739;-0.472885;-0.251137;
12.005212;0.291017;-0.103237;0.582271;0.578054;0.069949;-0.474875;-0.236076;
12.005212;0.291013;-0.103248;0.582271;0.578054;0.069948;-0.474869;-0.236075;
12.005213;0.291014;-0.103237;0.582273;0.578057;0.069949;-0.474871;-0.236056;
12.005213;0.291014;-0.103237;0.582273;0.578057;0.069949;-0.474871;-0.236056;
12.005213;0.291014;-0.103237;0.582273;0.578057;0.069949;-0.474871;-0.236056;
12.005213;0.291014;-0.103237;0.582273;0.578057;0.069949;-0.474871;-0.236056;
12.005213;0.291014;-0.103237;0.582273;0.578057;0.069949;-0.474871;-0.236056;
12.005213;0.291014;-0.103237;0.582273;0.578057;0.069949;-0.474871;-0.236056;
12.005454;0.291443;-0.100390;0.583071;0.578852;0.070020;-0.475547;-0.230955;
12.005740;0.292022;-0.096462;0.584167;0.579944;0.070116;-0.476460;-0.223943;
12.005740;0.292021;-0.096467;0.584167;0.579944;0.070116;-0.476458;-0.223943;
12.005748;0.292038;-0.096352;0.584199;0.579976;0.070118;-0.476484;-0.223738;
12.005748;0.292038;-0.096352;0.584199;0.579976;0.070118;-0.476484;-0.223738;
12.005748;0.292038;-0.096349;0.584200;0.579977;0.070118;-0.476485;-0.223733;
12.005748;0.292038;-0.096349;0.584200;0.579977;0.070118;-0.476485;-0.223733;
12.005748;0.292038;-0.096349;0.584200;0.579977;0.070118;-0.476485;-0.223733;
12.005748;0.292038;-0.096349;0.584200;0.579977;0.070118;-0.476485;-0.223733;
12.005985;0.292528;-0.093034;0.585122;0.580896;0.070199;-0.477256;-0.217830;
12.006460;0.293615;-0.085575;0.587187;0.582954;0.070378;-0.478965;-0.204619;
12.007408;0.296146;-0.067989;0.591996;0.587748;0.070791;-0.482927;-0.173843;
12.008357;0.298977;-0.048239;0.597312;0.593047;0.071253;-0.487340;-0.139831;
12.010255;0.305305;-0.003705;0.608923;0.604617;0.072284;-0.497118;-0.065560;
12.012152;0.311999;0.043370;0.620746;0.616394;0.073379;-0.507364;0.010017;
12.014050;0.318740;0.091034;0.632237;0.627834;0.074482;-0.517572;0.083429;
12.015947;0.325295;0.137453;0.643030;0.638576;0.075557;-0.527411;0.152345;
12.017845;0.331502;0.181255;0.652901;0.648394;0.076579;-0.536662;0.215326;
12.019742;0.337260;0.221497;0.661728;0.657170;0.077535;-0.545199;0.271611;
12.021640;0.342517;0.257611;0.669472;0.664863;0.078417;-0.552968;0.320940;
12.023538;0.347258;0.289338;0.676147;0.671490;0.079224;-0.559963;0.363414;
12.025435;0.351494;0.316669;0.681808;0.677103;0.079959;-0.566217;0.399382;
12.027333;0.355255;0.339776;0.686533;0.681782;0.080626;-0.571783;0.429348;
12.029230;0.358583;0.358957;0.690415;0.685619;0.081232;-0.576729;0.453906;
12.033025;0.363818;0.383983;0.695573;0.690693;0.082248;-0.584655;0.486318;
12.036820;0.368136;0.400580;0.698815;0.693852;0.083139;-0.591248;0.506428;
12.040615;0.371747;0.410439;0.700711;0.695666;0.083933;-0.596859;0.517904;
12.044411;0.374886;0.415720;0.701706;0.696580;0.084664;-0.601817;0.523591;
12.052001;0.380331;0.418115;0.702093;0.696804;0.086017;-0.610590;0.524673;
12.059591;0.385500;0.417559;0.701893;0.696439;0.087335;-0.618985;0.521959;
12.074771;0.395778;0.415615;0.701315;0.695521;0.089968;-0.635697;0.515330;
12.105132;0.416689;0.414656;0.700712;0.694203;0.095287;-0.669613;0.505401;
12.135493;0.437707;0.414971;0.700327;0.693061;0.100618;-0.703652;0.496594;
12.149998;0.447750;0.415326;0.700159;0.692501;0.103164;-0.719900;0.492301;
12.149998;0.808445;0.703428;1.228554;1.220283;0.142321;-0.719944;0.492480;
12.150095;0.808367;0.703400;1.228550;1.220281;0.142302;-0.719874;0.492478;
12.150289;0.808052;0.702304;1.228335;1.220071;0.142251;-0.719630;0.491722;
12.150677;0.806835;0.696270;1.227146;1.218890;0.142104;-0.718770;0.487435;
12.151065;0.805090;0.686708;1.225256;1.217009;0.141917;-0.717575;0.480591;
12.151389;0.802924;0.673881;1.222698;1.214458;0.141712;-0.716130;0.471297;
12.151389;0.802912;0.673852;1.222698;1.214458;0.141709;-0.716121;0.471298;
12.151531;0.801995;0.669031;1.221739;1.213504;0.141606;-0.715483;0.467830;
12.151816;0.799622;0.657775;1.219498;1.211284;0.141305;-0.713781;0.459772;
12.152385;0.793052;0.629741;1.213895;1.205750;0.140390;-0.708926;0.439738;
12.152954;0.784989;0.597089;1.207328;1.199274;0.139221;-0.702886;0.416321;
12.153611;0.773321;0.552265;1.198148;1.190235;0.137471;-0.694021;0.383665;
12.153611;0.773270;0.552059;1.198148;1.190236;0.137462;-0.693989;0.383673;
12.153621;0.773098;0.551391;1.198011;1.190101;0.137437;-0.693858;0.383184;
12.153621;0.773098;0.551390;1.198011;1.190101;0.137437;-0.693858;0.383184;
12.153621;0.773097;0.551386;1.198010;1.190101;0.137436;-0.693858;0.383182;
12.153621;0.773097;0.551386;1.198010;1.190101;0.137436;-0.693858;0.383182;
12.153621;0.773097;0.551386;1.198010;1.190101;0.137436;-0.693858;0.383182;
12.153621;0.773097;0.551386;1.198010;1.190101;0.137436;-0.693858;0.383182;
12.153780;0.770437;0.541058;1.195888;1.188010;0.137041;-0.691840;0.375626;
12.154098;0.764807;0.519453;1.191427;1.183617;0.136197;-0.687557;0.359753;
12.154734;0.752597;0.473372;1.181812;1.174150;0.134351;-0.678223;0.325557;
12.155300;0.740834;0.429902;1.172524;1.165007;0.132556;-0.669165;0.292534;
12.155300;0.740756;0.429506;1.172525;1.165010;0.132543;-0.669119;0.292546;
12.155300;0.740755;0.429505;1.172525;1.165009;0.132543;-0.669119;0.292545;
12.155300;0.740755;0.429505;1.172525;1.165009;0.132543;-0.669119;0.292545;
12.155444;0.737902;0.418954;1.170271;1.162790;0.132107;-0.666922;0.284530;
12.155732;0.732158;0.398024;1.165777;1.158368;0.131224;-0.662483;0.268559;
12.156307;0.720617;0.357009;1.156879;1.149617;0.129423;-0.653510;0.236975;
12.157457;0.697888;0.279264;1.139663;1.132698;0.125807;-0.635671;0.175944;
12.158607;0.676066;0.206977;1.123188;1.116511;0.122289;-0.618388;0.117569;
12.159757;0.655409;0.140323;1.107570;1.101167;0.118926;-0.601904;0.062242;
12.160907;0.636092;0.079323;1.092890;1.086742;0.115760;-0.586388;0.010231;
12.162058;0.618212;0.023857;1.079196;1.073283;0.112815;-0.571945;-0.038302;
12.163208;0.601813;-0.026291;1.066510;1.060810;0.110105;-0.558632;-0.083282;
12.164358;0.586892;-0.071401;1.054832;1.049325;0.107636;-0.546468;-0.124705;
12.165446;0.574147;-0.109611;1.044727;1.039382;0.105526;-0.536038;-0.160576;
12.165446;0.574014;-0.110331;1.044728;1.039387;0.105506;-0.535965;-0.160555;
12.165709;0.571090;-0.118796;1.042468;1.037165;0.105014;-0.533559;-0.168562;
12.166234;0.565770;-0.133325;1.038571;1.033342;0.104093;-0.529148;-0.182327;
12.167284;0.556834;-0.155177;1.032669;1.027572;0.102473;-0.521646;-0.203033;
12.168334;0.549308;-0.171556;1.028203;1.023225;0.101050;-0.515251;-0.218580;
12.169384;0.542918;-0.183876;1.024831;1.019961;0.099794;-0.509766;-0.230205;
12.171484;0.533319;-0.198715;1.020792;1.016097;0.097798;-0.501402;-0.243827;
12.173584;0.526080;-0.207479;1.018406;1.013850;0.096221;-0.495011;-0.251633;
12.175684;0.520531;-0.212593;1.017030;1.012586;0.094963;-0.490058;-0.255925;
12.179885;0.513470;-0.216542;1.016016;1.011724;0.093285;-0.483673;-0.258629;
12.184085;0.508934;-0.217849;1.015714;1.011524;0.092169;-0.479531;-0.259062;
12.192486;0.504510;-0.217965;1.015753;1.011664;0.091046;-0.475452;-0.258241;
12.200886;0.502309;-0.217647;1.015881;1.011844;0.090476;-0.473411;-0.257429;
12.209287;0.501203;-0.217342;1.015986;1.011975;0.090185;-0.472381;-0.256868;
12.226089;0.500447;-0.216956;1.016110;1.012118;0.089981;-0.471670;-0.256291;
12.242890;0.500182;-0.216676;1.016194;1.012210;0.089905;-0.471417;-0.255933;
12.276493;0.500067;-0.216229;1.016325;1.012345;0.089862;-0.471296;-0.255427;
12.343698;0.500035;-0.215468;1.016545;1.012568;0.089831;-0.471242;-0.254600;
12.478109;0.500025;-0.214273;1.016889;1.012917;0.089792;-0.471194;-0.253311;
12.746932;0.500016;-0.212729;1.017333;1.013367;0.089742;-0.471135;-0.251646;
13.284576;0.500008;-0.211270;1.017753;1.013793;0.089696;-0.471080;-0.250074;
14.359865;0.500002;-0.210381;1.018008;1.014052;0.089667;-0.471046;-0.249117;
15.435153;0.500001;-0.210113;1.018085;1.014130;0.089659;-0.471035;-0.248829;
17.585731;0.500000;-0.210019;1.018112;1.014157;0.089656;-0.471032;-0.248729;
19.999996;0.500000;-0.210010;1.018115;1.014160;0.089655;-0.471031;-0.248718;
19.999996;0.500000;-0.210010;1.018115;1.014160;0.089655;-0.471031;-0.248718;
20.003197;0.498330;-0.211831;1.017618;1.014508;0.079097;-0.472037;-0.245599;
20.003197;0.498332;-0.211832;1.017618;1.014539;0.079102;-0.472041;-0.245600;
20.007128;0.496678;-0.213324;1.017214;1.015058;0.066199;-0.473589;-0.241046;
20.011059;0.495618;-0.213864;1.017076;1.015672;0.053409;-0.475583;-0.235572;
20.018921;0.494598;-0.213930;1.017072;1.016685;0.028050;-0.480310;-0.223671;
20.026783;0.494102;-0.213773;1.017125;1.017118;0.002797;-0.485207;-0.211521;
20.042508;0.493769;-0.213435;1.017227;1.016116;-0.047541;-0.494683;-0.186905;
20.058232;0.493641;-0.213161;1.017304;1.012601;-0.097715;-0.503122;-0.161968;
20.089681;0.493616;-0.212679;1.017447;0.998158;-0.197180;-0.516464;-0.111048;
20.152579;0.493621;-0.211942;1.017658;0.940204;-0.389414;-0.527834;-0.006806;
20.278375;0.493635;-0.210975;1.017933;0.717972;-0.721598;-0.488972;0.197576;
20.529966;0.493440;-0.210047;1.018137;-0.007691;-1.018120;-0.202817;0.486404;
20.655761;0.493585;-0.209826;1.018232;-0.399114;-0.936755;0.000359;0.526837;
20.907353;0.493446;-0.209628;1.018257;-0.946524;-0.375450;0.374675;0.370288;
20.938802;0.493667;-0.209696;1.018303;-0.978977;-0.280259;0.409397;0.331400;
20.999996;0.493661;-0.209663;1.018311;-1.013980;-0.087967;0.464936;0.246898;
20.999996;0.493657;-0.209673;1.018310;-1.014497;-0.088030;0.465167;0.247040;
21.002259;0.494903;-0.208195;1.018714;-1.014880;-0.088302;0.466268;0.245712;
21.002259;0.494904;-0.208197;1.018714;-1.014879;-0.088303;0.466269;0.245714;
21.006256;0.496644;-0.206480;1.019179;-1.015312;-0.088694;0.467819;0.244233;
21.006844;0.496766;-0.206429;1.019192;-1.015323;-0.088723;0.467929;0.244204;
21.006844;0.496766;-0.206429;1.019192;-1.015323;-0.088723;0.467929;0.244204;
21.010837;0.497835;-0.205837;1.019345;-1.015454;-0.088977;0.468897;0.243791;
21.018824;0.498880;-0.205742;1.019356;-1.015442;-0.089240;0.469858;0.243906;
21.034796;0.499581;-0.206061;1.019254;-1.015323;-0.089429;0.470516;0.244393;
21.050769;0.499820;-0.206372;1.019161;-1.015224;-0.089499;0.470747;0.244776;
21.082714;0.499930;-0.206866;1.019018;-1.015076;-0.089542;0.470864;0.245329;
21.146605;0.499963;-0.207631;1.018798;-1.014852;-0.089574;0.470919;0.246157;
21.274386;0.499977;-0.208648;1.018506;-1.014557;-0.089608;0.470966;0.247251;
21.529948;0.499989;-0.209619;1.018227;-1.014274;-0.089641;0.471009;0.248296;
22.041072;0.499997;-0.210120;1.018083;-1.014128;-0.089658;0.471032;0.248837;
22.552196;0.500000;-0.210183;1.018065;-1.014109;-0.089661;0.471037;0.248904;
23.574443;0.500000;-0.210099;1.018089;-1.014134;-0.089658;0.471035;0.248815;
25.000000;0.500000;-0.210035;1.018108;-1.014152;-0.089656;0.471032;0.248746;
