time;SM_generator_IRotorPu;SM_generator_IStatorPu;SM_generator_omegaPu;SM_generator_PGenPu;SM_generator_QGenPu;SM_generator_theta;SM_generator_UPu;SM_generator_efdPu;SM_generator_PmPu;
0.000000;2.678816;4.309139;1.000000;3.999998;2.000029;0.781862;1.037829;2.678807;0.892857;
0.008872;2.678817;4.309139;1.000000;3.999999;2.000028;0.781862;1.037829;2.678824;0.892857;
0.017744;2.678817;4.309139;1.000000;4.000000;2.000026;0.781862;1.037829;2.678834;0.892857;
0.035488;2.678819;4.309140;1.000000;4.000001;2.000025;0.781862;1.037828;2.678843;0.892857;
0.070975;2.678820;4.309141;1.000000;4.000004;2.000023;0.781862;1.037828;2.678837;0.892857;
0.141951;2.678821;4.309143;1.000000;4.000006;2.000022;0.781862;1.037828;2.678831;0.892857;
0.283901;2.678823;4.309143;1.000000;4.000004;2.000027;0.781861;1.037829;2.678844;0.892857;
0.567802;2.678827;4.309145;1.000000;4.000001;2.000041;0.781859;1.037829;2.678859;0.892857;
1.000000;2.678834;4.309152;1.000000;4.000000;2.000062;0.781857;1.037829;2.678867;0.892857;
1.000000;5.833703;22.210413;1.000000;-0.000000;3.329792;0.781857;0.149920;0.386977;0.892857;
1.000000;5.833704;22.210409;1.000000;0.000000;3.329790;0.781857;0.149920;0.386977;0.892857;
1.000000;5.833705;22.210406;1.000000;-0.000000;3.329789;0.781857;0.149920;0.386977;0.892857;
1.000000;5.833706;22.210400;1.000000;-0.000000;3.329788;0.781857;0.149920;0.386977;0.892857;
1.000000;5.833708;22.210388;1.000000;0.000000;3.329784;0.781857;0.149920;0.386977;0.892857;
1.000000;5.833712;22.210364;1.000000;0.000000;3.329777;0.781857;0.149920;0.386977;0.892857;
1.000000;5.833720;22.210316;1.000000;-0.000000;3.329762;0.781857;0.149920;0.386978;0.892857;
1.000001;5.833730;22.210260;1.000000;-0.000000;3.329746;0.781857;0.149919;0.386981;0.892857;
1.000001;5.833730;22.210260;1.000000;-0.000000;3.329746;0.781857;0.149919;0.386981;0.892857;
1.000001;5.833730;22.210257;1.000000;0.000000;3.329745;0.781857;0.149919;0.386981;0.892857;
1.000001;5.833731;22.210254;1.000000;0.000000;3.329744;0.781857;0.149919;0.386981;0.892857;
1.000001;5.833732;22.210248;1.000000;0.000000;3.329742;0.781857;0.149919;0.386982;0.892857;
1.000001;5.833734;22.210235;1.000000;0.000000;3.329738;0.781857;0.149919;0.386982;0.892857;
1.000001;5.833738;22.210210;1.000000;0.000000;3.329731;0.781857;0.149919;0.386984;0.892857;
1.000001;5.833747;22.210160;1.000000;0.000000;3.329716;0.781857;0.149919;0.386987;0.892857;
1.000001;5.833757;22.210104;1.000000;0.000000;3.329699;0.781857;0.149918;0.386990;0.892857;
1.000001;5.833757;22.210104;1.000000;0.000000;3.329699;0.781857;0.149918;0.386990;0.892857;
1.000001;5.833757;22.210101;1.000000;-0.000000;3.329698;0.781857;0.149918;0.386991;0.892857;
1.000001;5.833758;22.210097;1.000000;-0.000000;3.329697;0.781857;0.149918;0.386991;0.892857;
1.000001;5.833759;22.210091;1.000000;0.000000;3.329695;0.781857;0.149918;0.386991;0.892857;
1.000001;5.833761;22.210078;1.000000;0.000000;3.329691;0.781857;0.149918;0.386992;0.892857;
1.000002;5.833766;22.210051;1.000000;-0.000000;3.329683;0.781857;0.149918;0.386994;0.892857;
1.000002;5.833775;22.209999;1.000000;-0.000000;3.329667;0.781857;0.149917;0.386997;0.892857;
1.000002;5.833793;22.209893;1.000000;-0.000000;3.329636;0.781857;0.149917;0.387003;0.892857;
1.000003;5.833829;22.209683;1.000000;0.000000;3.329573;0.781857;0.149915;0.387017;0.892857;
1.000004;5.833865;22.209472;1.000000;0.000000;3.329509;0.781857;0.149914;0.387030;0.892857;
1.000005;5.833901;22.209262;1.000000;0.000000;3.329446;0.781857;0.149913;0.387043;0.892857;
1.000006;5.833937;22.209051;1.000000;0.000000;3.329383;0.781857;0.149911;0.387056;0.892857;
1.000007;5.833973;22.208841;1.000001;-0.000000;3.329320;0.781857;0.149910;0.387069;0.892857;
1.000008;5.834010;22.208630;1.000001;-0.000000;3.329257;0.781857;0.149908;0.387082;0.892857;
1.000009;5.834046;22.208420;1.000001;0.000000;3.329194;0.781857;0.149907;0.387095;0.892857;
1.000010;5.834082;22.208209;1.000001;-0.000000;3.329131;0.781857;0.149905;0.387108;0.892857;
1.000011;5.834118;22.207999;1.000001;0.000000;3.329068;0.781857;0.149904;0.387121;0.892857;
1.000013;5.834190;22.207578;1.000001;0.000000;3.328941;0.781857;0.149901;0.387147;0.892857;
1.000015;5.834255;22.207199;1.000001;-0.000000;3.328828;0.781857;0.149899;0.387170;0.892857;
1.000017;5.834321;22.206820;1.000001;0.000000;3.328714;0.781857;0.149896;0.387193;0.892857;
1.000019;5.834386;22.206441;1.000001;0.000000;3.328601;0.781857;0.149893;0.387217;0.892857;
1.000020;5.834451;22.206063;1.000001;0.000000;3.328487;0.781857;0.149891;0.387240;0.892857;
1.000022;5.834516;22.205684;1.000002;-0.000000;3.328374;0.781857;0.149888;0.387264;0.892857;
1.000024;5.834581;22.205305;1.000002;0.000000;3.328260;0.781857;0.149886;0.387287;0.892857;
1.000026;5.834646;22.204926;1.000002;0.000000;3.328147;0.781857;0.149883;0.387310;0.892857;
1.000028;5.834711;22.204548;1.000002;0.000000;3.328033;0.781857;0.149881;0.387334;0.892857;
1.000029;5.834776;22.204169;1.000002;0.000000;3.327920;0.781857;0.149878;0.387357;0.892857;
1.000031;5.834841;22.203790;1.000002;-0.000000;3.327806;0.781857;0.149876;0.387381;0.892857;
1.000033;5.834906;22.203412;1.000002;-0.000000;3.327693;0.781857;0.149873;0.387404;0.892857;
1.000037;5.835036;22.202654;1.000003;-0.000000;3.327466;0.781857;0.149868;0.387451;0.892857;
1.000040;5.835166;22.201897;1.000003;0.000000;3.327239;0.781857;0.149863;0.387497;0.892857;
1.000044;5.835296;22.201140;1.000003;0.000000;3.327012;0.781857;0.149858;0.387544;0.892857;
1.000047;5.835426;22.200383;1.000003;0.000000;3.326785;0.781857;0.149853;0.387591;0.892857;
1.000051;5.835556;22.199626;1.000004;-0.000000;3.326558;0.781857;0.149847;0.387637;0.892857;
1.000055;5.835686;22.198869;1.000004;-0.000000;3.326331;0.781857;0.149842;0.387684;0.892857;
1.000058;5.835816;22.198113;1.000004;0.000000;3.326104;0.781857;0.149837;0.387731;0.892857;
1.000065;5.836075;22.196599;1.000005;-0.000000;3.325651;0.781857;0.149827;0.387824;0.892857;
1.000073;5.836335;22.195086;1.000005;-0.000000;3.325198;0.781857;0.149817;0.387917;0.892857;
1.000080;5.836595;22.193574;1.000006;0.000000;3.324744;0.781857;0.149807;0.388010;0.892857;
1.000087;5.836854;22.192061;1.000006;-0.000000;3.324291;0.781857;0.149796;0.388104;0.892857;
1.000101;5.837373;22.189038;1.000007;-0.000000;3.323385;0.781857;0.149776;0.388290;0.892857;
1.000130;5.838409;22.182996;1.000009;0.000000;3.321576;0.781857;0.149735;0.388661;0.892857;
1.000188;5.840477;22.170933;1.000013;-0.000000;3.317964;0.781857;0.149654;0.389400;0.892857;
1.000303;5.844595;22.146883;1.000021;0.000000;3.310770;0.781858;0.149491;0.390866;0.892857;
1.000435;5.849272;22.119487;1.000030;-0.000000;3.302584;0.781859;0.149307;0.392517;0.892857;
1.000435;5.849272;22.119487;1.000030;-0.000000;3.302584;0.781859;0.149307;0.392517;0.892857;
1.000438;5.849395;22.118769;1.000031;-0.000000;3.302370;0.781859;0.149302;0.392563;0.892857;
1.000442;5.849518;22.118051;1.000031;0.000000;3.302155;0.781859;0.149297;0.392606;0.892857;
1.000448;5.849763;22.116615;1.000031;-0.000000;3.301726;0.781859;0.149287;0.392693;0.892857;
1.000462;5.850254;22.113744;1.000032;-0.000000;3.300869;0.781860;0.149268;0.392866;0.892857;
1.000490;5.851235;22.108005;1.000034;-0.000000;3.299156;0.781860;0.149229;0.393213;0.892857;
1.000545;5.853194;22.096541;1.000038;-0.000000;3.295736;0.781860;0.149152;0.393903;0.892857;
1.000655;5.857099;22.073668;1.000046;0.000000;3.288916;0.781862;0.148997;0.395275;0.892857;
1.000876;5.864859;22.028141;1.000061;0.000000;3.275363;0.781866;0.148690;0.397981;0.892857;
1.001318;5.880179;21.937956;1.000092;0.000000;3.248599;0.781876;0.148081;0.403252;0.892857;
1.002201;5.910035;21.760997;1.000154;-0.000000;3.196402;0.781910;0.146887;0.413248;0.892857;
1.003084;5.938864;21.588505;1.000215;-0.000000;3.145929;0.781962;0.145722;0.422550;0.892857;
1.003968;5.966691;21.420369;1.000277;0.000000;3.097117;0.782030;0.144587;0.431200;0.892857;
1.004851;5.993544;21.256475;1.000339;-0.000000;3.049905;0.782115;0.143481;0.439238;0.892857;
1.005734;6.019448;21.096714;1.000400;-0.000000;3.004231;0.782218;0.142403;0.446703;0.892857;
1.006618;6.044429;20.940975;1.000462;0.000000;2.960040;0.782337;0.141352;0.453629;0.892857;
1.007501;6.068513;20.789152;1.000524;-0.000000;2.917275;0.782474;0.140327;0.460052;0.892857;
1.008384;6.091723;20.641142;1.000585;0.000000;2.875883;0.782628;0.139328;0.466002;0.892857;
1.009267;6.114083;20.496842;1.000647;0.000000;2.835813;0.782799;0.138354;0.471509;0.892857;
1.010151;6.135617;20.356152;1.000709;0.000000;2.797017;0.782987;0.137404;0.476601;0.892857;
1.011034;6.156348;20.218975;1.000770;-0.000000;2.759447;0.783192;0.136478;0.481304;0.892857;
1.011917;6.176296;20.085217;1.000832;-0.000000;2.723058;0.783415;0.135575;0.485642;0.892857;
1.013684;6.213960;19.827499;1.000955;-0.000000;2.653625;0.783910;0.133836;0.493329;0.892857;
1.015274;6.245394;19.606337;1.001066;0.000000;2.594757;0.784415;0.132343;0.499216;0.892857;
1.016864;6.274616;19.394862;1.001177;-0.000000;2.539085;0.784975;0.130915;0.504240;0.892857;
1.018454;6.301731;19.192614;1.001288;0.000000;2.486406;0.785591;0.129550;0.508495;0.892857;
1.020044;6.326840;18.999140;1.001399;-0.000000;2.436529;0.786262;0.128244;0.512065;0.892857;
1.021633;6.350044;18.814008;1.001510;-0.000000;2.389277;0.786988;0.126995;0.515027;0.892857;
1.023223;6.371436;18.636803;1.001620;-0.000000;2.344480;0.787770;0.125798;0.517449;0.892857;
1.024813;6.391107;18.467128;1.001731;0.000000;2.301985;0.788607;0.124653;0.519393;0.892857;
1.026403;6.409141;18.304605;1.001842;-0.000000;2.261645;0.789499;0.123556;0.520912;0.892857;
1.027993;6.425621;18.148875;1.001953;0.000000;2.223326;0.790447;0.122505;0.522057;0.892857;
1.029583;6.440623;17.999592;1.002064;-0.000000;2.186901;0.791450;0.121497;0.522869;0.892857;
1.031173;6.454223;17.856431;1.002174;-0.000000;2.152252;0.792509;0.120531;0.523388;0.892857;
1.032763;6.466489;17.719081;1.002285;0.000000;2.119269;0.793622;0.119604;0.523648;0.892857;
1.034353;6.477489;17.587244;1.002396;0.000000;2.087850;0.794791;0.118714;0.523680;0.892857;
1.037533;6.496014;17.338781;1.002618;0.000000;2.029275;0.797296;0.117037;0.523181;0.892857;
1.040395;6.508957;17.131362;1.002817;-0.000000;1.981014;0.799739;0.115637;0.522197;0.892857;
1.043256;6.518704;16.937819;1.003016;0.000000;1.936506;0.802361;0.114330;0.520819;0.892857;
1.046118;6.525528;16.756924;1.003215;-0.000000;1.895363;0.805162;0.113109;0.519130;0.892857;
1.048980;6.529688;16.587539;1.003414;-0.000000;1.857238;0.808142;0.111966;0.517202;0.892857;
1.051842;6.531422;16.428623;1.003614;0.000000;1.821823;0.811302;0.110893;0.515092;0.892857;
1.054704;6.530950;16.279225;1.003813;0.000000;1.788839;0.814640;0.109885;0.512848;0.892857;
1.057566;6.528472;16.138482;1.004012;-0.000000;1.758042;0.818157;0.108935;0.510508;0.892857;
1.060427;6.524170;16.005610;1.004211;0.000000;1.729212;0.821854;0.108038;0.508102;0.892857;
1.063289;6.518211;15.879897;1.004410;-0.000000;1.702155;0.825729;0.107189;0.505654;0.892857;
1.066151;6.510747;15.760700;1.004609;0.000000;1.676698;0.829783;0.106385;0.503184;0.892857;
1.069013;6.501918;15.647434;1.004808;-0.000000;1.652685;0.834016;0.105620;0.500706;0.892857;
1.074737;6.480791;15.436226;1.005205;-0.000000;1.608370;0.843019;0.104195;0.495782;0.892857;
1.080460;6.455588;15.243048;1.005603;-0.000000;1.568366;0.852736;0.102891;0.490938;0.892857;
1.086184;6.427013;15.064958;1.006000;0.000000;1.531932;0.863168;0.101688;0.486206;0.892857;
1.091908;6.395675;14.899459;1.006398;-0.000000;1.498459;0.874315;0.100571;0.481603;0.892857;
1.097632;6.362091;14.744511;1.006795;-0.000000;1.467454;0.886175;0.099525;0.477138;0.892857;
1.103355;6.326693;14.598426;1.007192;0.000000;1.438520;0.898750;0.098539;0.472811;0.892857;
1.109079;6.289841;14.459813;1.007588;-0.000000;1.411332;0.912038;0.097604;0.468616;0.892857;
1.114803;6.251833;14.327526;1.007985;0.000000;1.385626;0.926039;0.096711;0.464546;0.892857;
1.120526;6.212919;14.200621;1.008381;0.000000;1.361189;0.940754;0.095854;0.460591;0.892857;
1.126250;6.173303;14.078320;1.008778;0.000000;1.337844;0.956181;0.095029;0.456742;0.892857;
1.137697;6.092781;13.844472;1.009570;0.000000;1.293769;0.989172;0.093450;0.449319;0.892857;
1.149145;6.011111;13.623058;1.010361;0.000000;1.252717;1.025010;0.091956;0.442214;0.892857;
1.160592;5.928976;13.411226;1.011152;0.000000;1.214062;1.063694;0.090526;0.435377;0.892857;
1.172040;5.846882;13.206793;1.011942;0.000000;1.177331;1.105221;0.089146;0.428763;0.892857;
1.183487;5.765180;13.008454;1.012732;-0.000000;1.142234;1.149589;0.087807;0.422338;0.892857;
1.194934;5.684112;12.815241;1.013521;-0.000000;1.108555;1.196795;0.086503;0.416077;0.892857;
1.206382;5.603838;12.626464;1.014309;0.000000;1.076136;1.246838;0.085229;0.409959;0.892857;
1.217829;5.524461;12.441626;1.015097;-0.000000;1.044860;1.299715;0.083981;0.403969;0.892857;
1.219260;5.514602;12.418282;1.015196;0.000000;1.040943;1.306524;0.083823;0.403190;0.892857;
1.222122;5.494929;12.372777;1.015392;-0.000000;1.033328;1.320274;0.083516;0.400779;0.892857;
1.224984;5.475309;12.327476;1.015589;0.000000;1.025775;1.334202;0.083210;0.396968;0.892857;
1.227846;5.455737;12.282367;1.015786;0.000000;1.018282;1.348306;0.082906;0.391779;0.892857;
1.231925;5.427904;12.218368;1.016066;-0.000000;1.007697;1.368718;0.082474;0.382370;0.892857;
1.236005;5.400143;12.154701;1.016347;-0.000000;0.997223;1.389489;0.082044;0.371042;0.892857;
1.240084;5.372443;12.091340;1.016627;-0.000000;0.986853;1.410620;0.081617;0.358273;0.892857;
1.241000;5.366236;12.077159;1.016690;-0.000000;0.984540;1.415410;0.081521;0.355266;0.892857;
1.241000;4.306707;15.925763;1.016690;9.216892;-7.560706;1.415410;0.748549;3.262164;0.892857;
1.241000;4.306707;15.925762;1.016690;9.216892;-7.560706;1.415410;0.748549;3.262164;0.892857;
1.241000;4.306707;15.925760;1.016690;9.216892;-7.560705;1.415410;0.748549;3.262164;0.892857;
1.241000;4.306707;15.925758;1.016690;9.216892;-7.560704;1.415410;0.748549;3.262163;0.892857;
1.241000;4.306707;15.925753;1.016690;9.216891;-7.560701;1.415410;0.748549;3.262163;0.892857;
1.241000;4.306707;15.925742;1.016690;9.216891;-7.560695;1.415411;0.748550;3.262162;0.892857;
1.241000;4.306707;15.925722;1.016690;9.216891;-7.560684;1.415411;0.748550;3.262160;0.892857;
1.241000;4.306707;15.925681;1.016690;9.216890;-7.560662;1.415413;0.748551;3.262155;0.892857;
1.241001;4.306708;15.925598;1.016690;9.216889;-7.560619;1.415417;0.748553;3.262147;0.892857;
1.241002;4.306708;15.925448;1.016690;9.216886;-7.560539;1.415423;0.748557;3.262132;0.892857;
1.241002;4.306708;15.925448;1.016690;9.216886;-7.560539;1.415423;0.748557;3.262132;0.892857;
1.241002;4.306708;15.925446;1.016690;9.216886;-7.560538;1.415423;0.748557;3.262132;0.892857;
1.241002;4.306708;15.925444;1.016690;9.216886;-7.560537;1.415423;0.748557;3.262132;0.892857;
1.241002;4.306708;15.925441;1.016690;9.216886;-7.560535;1.415423;0.748557;3.262131;0.892857;
1.241002;4.306708;15.925433;1.016690;9.216886;-7.560531;1.415423;0.748557;3.262131;0.892857;
1.241002;4.306708;15.925418;1.016690;9.216886;-7.560523;1.415424;0.748558;3.262129;0.892857;
1.241003;4.306708;15.925388;1.016690;9.216885;-7.560507;1.415425;0.748558;3.262126;0.892857;
1.241003;4.306708;15.925328;1.016690;9.216884;-7.560475;1.415428;0.748560;3.262120;0.892857;
1.241003;4.306708;15.925298;1.016690;9.216883;-7.560459;1.415429;0.748561;3.262117;0.892857;
1.241003;4.306708;15.925298;1.016690;9.216883;-7.560459;1.415429;0.748561;3.262117;0.892857;
1.241003;4.306708;15.925296;1.016690;9.216883;-7.560458;1.415429;0.748561;3.262117;0.892857;
1.241003;4.306708;15.925294;1.016690;9.216883;-7.560456;1.415429;0.748561;3.262117;0.892857;
1.241003;4.306708;15.925289;1.016690;9.216883;-7.560454;1.415429;0.748561;3.262116;0.892857;
1.241004;4.306708;15.925280;1.016690;9.216883;-7.560449;1.415430;0.748561;3.262115;0.892857;
1.241004;4.306708;15.925263;1.016690;9.216883;-7.560440;1.415430;0.748562;3.262113;0.892857;
1.241004;4.306709;15.925227;1.016690;9.216882;-7.560421;1.415432;0.748562;3.262110;0.892857;
1.241005;4.306709;15.925157;1.016690;9.216881;-7.560384;1.415435;0.748564;3.262095;0.892857;
1.241006;4.306709;15.925015;1.016689;9.216879;-7.560308;1.415441;0.748568;3.262018;0.892857;
1.241007;4.306709;15.924874;1.016689;9.216876;-7.560233;1.415446;0.748571;3.261884;0.892857;
1.241008;4.306710;15.924732;1.016689;9.216874;-7.560158;1.415452;0.748575;3.261696;0.892857;
1.241009;4.306710;15.924591;1.016689;9.216871;-7.560082;1.415458;0.748578;3.261459;0.892857;
1.241010;4.306710;15.924450;1.016689;9.216869;-7.560007;1.415464;0.748582;3.261177;0.892857;
1.241011;4.306711;15.924370;1.016689;9.216867;-7.559965;1.415467;0.748584;3.261001;0.892857;
1.241011;4.306711;15.924370;1.016689;9.216867;-7.559965;1.415467;0.748584;3.261001;0.892857;
1.241011;4.306711;15.924365;1.016689;9.216867;-7.559962;1.415467;0.748584;3.260988;0.892857;
1.241011;4.306711;15.924360;1.016689;9.216867;-7.559959;1.415468;0.748584;3.260976;0.892857;
1.241011;4.306711;15.924349;1.016689;9.216867;-7.559953;1.415468;0.748584;3.260950;0.892857;
1.241011;4.306711;15.924327;1.016689;9.216867;-7.559942;1.415469;0.748585;3.260900;0.892857;
1.241011;4.306711;15.924283;1.016689;9.216866;-7.559919;1.415471;0.748586;3.260800;0.892857;
1.241012;4.306711;15.924196;1.016689;9.216864;-7.559872;1.415474;0.748588;3.260599;0.892857;
1.241013;4.306711;15.924022;1.016689;9.216861;-7.559779;1.415481;0.748593;3.260197;0.892857;
1.241015;4.306712;15.923848;1.016689;9.216858;-7.559687;1.415489;0.748597;3.259795;0.892857;
1.241018;4.306713;15.923499;1.016688;9.216852;-7.559501;1.415503;0.748606;3.258992;0.892857;
1.241018;4.306713;15.923425;1.016688;9.216851;-7.559462;1.415506;0.748607;3.258822;0.892857;
1.241018;4.306713;15.923425;1.016688;9.216851;-7.559462;1.415506;0.748607;3.258822;0.892857;
1.241018;4.306713;15.923413;1.016688;9.216851;-7.559455;1.415507;0.748608;3.258793;0.892857;
1.241018;4.306713;15.923401;1.016688;9.216850;-7.559449;1.415507;0.748608;3.258765;0.892857;
1.241019;4.306713;15.923376;1.016688;9.216850;-7.559435;1.415508;0.748609;3.258707;0.892857;
1.241019;4.306713;15.923326;1.016688;9.216849;-7.559409;1.415510;0.748610;3.258593;0.892857;
1.241020;4.306713;15.923227;1.016688;9.216847;-7.559356;1.415514;0.748612;3.258364;0.892857;
1.241021;4.306714;15.923028;1.016688;9.216844;-7.559250;1.415522;0.748617;3.257905;0.892857;
1.241024;4.306715;15.922630;1.016688;9.216837;-7.559038;1.415539;0.748627;3.256988;0.892857;
1.241028;4.306716;15.922232;1.016687;9.216830;-7.558826;1.415555;0.748637;3.256072;0.892857;
1.241031;4.306717;15.921835;1.016687;9.216823;-7.558615;1.415572;0.748647;3.255155;0.892857;
1.241034;4.306718;15.921437;1.016687;9.216816;-7.558403;1.415588;0.748657;3.254239;0.892857;
1.241037;4.306718;15.921040;1.016687;9.216810;-7.558191;1.415604;0.748667;3.253323;0.892857;
1.241040;4.306719;15.920642;1.016686;9.216803;-7.557979;1.415621;0.748677;3.252406;0.892857;
1.241043;4.306720;15.920245;1.016686;9.216796;-7.557767;1.415637;0.748687;3.251490;0.892857;
1.241046;4.306721;15.919848;1.016686;9.216789;-7.557556;1.415654;0.748697;3.250575;0.892857;
1.241053;4.306723;15.919053;1.016685;9.216775;-7.557132;1.415686;0.748717;3.248743;0.892857;
1.241059;4.306725;15.918259;1.016685;9.216762;-7.556709;1.415719;0.748736;3.246912;0.892857;
1.241065;4.306727;15.917464;1.016684;9.216748;-7.556285;1.415752;0.748756;3.245082;0.892857;
1.241071;4.306729;15.916670;1.016684;9.216735;-7.555861;1.415785;0.748776;3.243252;0.892857;
1.241084;4.306733;15.915082;1.016682;9.216708;-7.555014;1.415850;0.748816;3.239593;0.892857;
1.241109;4.306741;15.911909;1.016680;9.216654;-7.553321;1.415981;0.748895;3.232287;0.892857;
1.241134;4.306749;15.908739;1.016678;9.216601;-7.551628;1.416112;0.748974;3.224988;0.892857;
1.241184;4.306765;15.902407;1.016673;9.216496;-7.548244;1.416375;0.749132;3.210423;0.892857;
1.241284;4.306798;15.889782;1.016664;9.216290;-7.541483;1.416898;0.749448;3.181422;0.892857;
1.241384;4.306833;15.877196;1.016656;9.216093;-7.534725;1.417422;0.749763;3.152544;0.892857;
1.241584;4.306908;15.852173;1.016638;9.215718;-7.521239;1.418468;0.750390;3.095298;0.892857;
1.241784;4.306988;15.827310;1.016620;9.215380;-7.507765;1.419513;0.751014;3.038535;0.892857;
1.241984;4.307074;15.802608;1.016602;9.215078;-7.494304;1.420557;0.751636;2.982249;0.892857;
1.242281;4.307208;15.766296;1.016575;9.214711;-7.474372;1.422100;0.752552;2.899580;0.892857;
1.242281;4.307208;15.766296;1.016575;9.214711;-7.474372;1.422100;0.752552;2.899580;0.892857;
1.242284;4.307210;15.765873;1.016575;9.214707;-7.474139;1.422118;0.752562;2.898617;0.892857;
1.242288;4.307211;15.765450;1.016575;9.214703;-7.473905;1.422136;0.752573;2.897653;0.892857;
1.242294;4.307214;15.764603;1.016574;9.214696;-7.473439;1.422172;0.752595;2.895727;0.892857;
1.242308;4.307221;15.762912;1.016573;9.214681;-7.472505;1.422245;0.752637;2.891877;0.892857;
1.242336;4.307234;15.759530;1.016570;9.214653;-7.470638;1.422389;0.752723;2.884182;0.892857;
1.242392;4.307261;15.752776;1.016565;9.214598;-7.466906;1.422678;0.752894;2.868819;0.892857;
1.242502;4.307315;15.739304;1.016555;9.214496;-7.459443;1.423255;0.753235;2.838203;0.892857;
1.242724;4.307428;15.712506;1.016535;9.214324;-7.444533;1.424408;0.753914;2.777403;0.892857;
1.242731;4.307432;15.711734;1.016535;9.214319;-7.444102;1.424441;0.753934;2.775655;0.892857;
1.242731;4.307432;15.711734;1.016535;9.214319;-7.444102;1.424441;0.753934;2.775655;0.892857;
1.242734;4.307434;15.711284;1.016535;9.214317;-7.443851;1.424461;0.753945;2.774634;0.892857;
1.242738;4.307436;15.710833;1.016534;9.214314;-7.443599;1.424480;0.753956;2.773613;0.892857;
1.242746;4.307440;15.709932;1.016534;9.214309;-7.443096;1.424519;0.753979;2.771571;0.892857;
1.242761;4.307448;15.708130;1.016532;9.214299;-7.442090;1.424597;0.754025;2.767489;0.892857;
1.242791;4.307464;15.704529;1.016530;9.214280;-7.440077;1.424753;0.754117;2.759333;0.892857;
1.242851;4.307496;15.697338;1.016524;9.214244;-7.436054;1.425064;0.754299;2.743053;0.892857;
1.242970;4.307562;15.682998;1.016513;9.214182;-7.428011;1.425686;0.754664;2.710616;0.892857;
1.243210;4.307700;15.654486;1.016492;9.214094;-7.411942;1.426929;0.755390;2.646237;0.892857;
1.243690;4.307999;15.598127;1.016449;9.214062;-7.379872;1.429410;0.756831;2.519431;0.892857;
1.244649;4.308692;15.488031;1.016363;9.214564;-7.316023;1.434353;0.759666;2.273409;0.892857;
1.245608;4.309510;15.381361;1.016277;9.215786;-7.252600;1.439270;0.762440;2.037286;0.892857;
1.246567;4.310456;15.278035;1.016191;9.217693;-7.189641;1.444161;0.765153;1.810722;0.892857;
1.247526;4.311530;15.177968;1.016105;9.220253;-7.127179;1.449026;0.767807;1.593365;0.892857;
1.248485;4.312732;15.081077;1.016019;9.223433;-7.065247;1.453865;0.770402;1.384870;0.892857;
1.249444;4.314063;14.987280;1.015933;9.227202;-7.003873;1.458678;0.772941;1.184901;0.892857;
1.250403;4.315522;14.896496;1.015847;9.231531;-6.943084;1.463466;0.775423;0.993131;0.892857;
1.251362;4.317110;14.808646;1.015761;9.236390;-6.882903;1.468227;0.777850;0.809244;0.892857;
1.252321;4.318825;14.723652;1.015674;9.241752;-6.823352;1.472963;0.780223;0.632935;0.892857;
1.253280;4.320666;14.641438;1.015588;9.247590;-6.764453;1.477672;0.782544;0.463910;0.892857;
1.254239;4.322633;14.561929;1.015501;9.253878;-6.706224;1.482355;0.784812;0.301882;0.892857;
1.255198;4.324723;14.485051;1.015415;9.260589;-6.648680;1.487012;0.787029;0.146577;0.892857;
1.256157;4.326935;14.410731;1.015328;9.267700;-6.591837;1.491643;0.789196;-0.002270;0.892857;
1.257116;4.329268;14.338898;1.015241;9.275187;-6.535709;1.496248;0.791314;-0.144915;0.892857;
1.258075;4.331719;14.269483;1.015154;9.283027;-6.480308;1.500827;0.793384;-0.281605;0.892857;
1.259034;4.334286;14.202417;1.015067;9.291196;-6.425644;1.505379;0.795406;-0.412579;0.892857;
1.259993;4.336967;14.137634;1.014979;9.299675;-6.371727;1.509905;0.797383;-0.538066;0.892857;
1.260952;4.339758;14.075067;1.014892;9.308440;-6.318564;1.514405;0.799314;-0.658286;0.892857;
1.261911;4.342659;14.014652;1.014804;9.317474;-6.266163;1.518879;0.801200;-0.773452;0.892857;
1.262870;4.345665;13.956325;1.014716;9.326755;-6.214530;1.523326;0.803043;-0.883770;0.892857;
1.263829;4.348773;13.900026;1.014628;9.336264;-6.163668;1.527746;0.804843;-0.989436;0.892857;
1.264788;4.351982;13.845693;1.014540;9.345984;-6.113583;1.532140;0.806602;-1.090640;0.892857;
1.265747;4.355287;13.793266;1.014452;9.355896;-6.064276;1.536507;0.808319;-1.187565;0.892857;
1.266706;4.358686;13.742688;1.014363;9.365983;-6.015750;1.540848;0.809996;-1.280387;0.892857;
1.267665;4.362175;13.693902;1.014275;9.376228;-5.968006;1.545162;0.811634;-1.369274;0.892857;
1.268624;4.365752;13.646852;1.014186;9.386615;-5.921044;1.549449;0.813233;-1.454389;0.892857;
1.270542;4.373147;13.557728;1.014008;9.407780;-5.829425;1.557944;0.816321;-1.614168;0.892857;
1.272268;4.380066;13.482916;1.013847;9.427159;-5.749632;1.565496;0.818975;-1.746545;0.892857;
1.273994;4.387210;13.412919;1.013685;9.446777;-5.672338;1.572961;0.821517;-1.868970;0.892857;
1.275720;4.394562;13.347450;1.013523;9.466542;-5.597535;1.580339;0.823950;-1.982136;0.892857;
1.277447;4.402099;13.286243;1.013360;9.486385;-5.525198;1.587628;0.826278;-2.086723;0.892857;
1.279173;4.409801;13.229040;1.013197;9.506240;-5.455294;1.594829;0.828505;-2.183373;0.892857;
1.280899;4.417646;13.175595;1.013032;9.526041;-5.387792;1.601941;0.830636;-2.272678;0.892857;
1.282625;4.425615;13.125668;1.012868;9.545729;-5.322653;1.608964;0.832673;-2.355189;0.892857;
1.284352;4.433686;13.079034;1.012702;9.565247;-5.259838;1.615897;0.834621;-2.431419;0.892857;
1.286078;4.441839;13.035476;1.012537;9.584542;-5.199301;1.622740;0.836483;-2.501842;0.892857;
1.289530;4.458285;12.956717;1.012203;9.622356;-5.084732;1.636156;0.839966;-2.627534;0.892857;
1.292983;4.474812;12.887885;1.011867;9.658726;-4.978677;1.649209;0.843147;-2.734871;0.892857;
1.296435;4.491274;12.827606;1.011529;9.693325;-4.880770;1.661896;0.846047;-2.826423;0.892857;
1.299887;4.507531;12.774633;1.011189;9.725887;-4.790600;1.674216;0.848691;-2.904486;0.892857;
1.303340;4.523447;12.727818;1.010847;9.756174;-4.707741;1.686165;0.851098;-2.971042;0.892857;
1.306792;4.538895;12.686130;1.010502;9.783991;-4.631761;1.697742;0.853291;-3.027798;0.892857;
1.310245;4.553755;12.648639;1.010157;9.809170;-4.562228;1.708945;0.855287;-3.076215;0.892857;
1.313697;4.567917;12.614509;1.009809;9.831574;-4.498717;1.719772;0.857104;-3.117538;0.892857;
1.317149;4.581279;12.582991;1.009461;9.851093;-4.440810;1.730222;0.858761;-3.152830;0.892857;
1.320602;4.593746;12.553413;1.009111;9.867636;-4.388098;1.740293;0.860271;-3.182997;0.892857;
1.324054;4.605235;12.525173;1.008760;9.881135;-4.340186;1.749984;0.861650;-3.208810;0.892857;
1.327507;4.615665;12.497734;1.008408;9.891539;-4.296691;1.759295;0.862911;-3.230925;0.892857;
1.330959;4.624968;12.470616;1.008056;9.898814;-4.257245;1.768223;0.864068;-3.249903;0.892857;
1.334412;4.633081;12.443391;1.007703;9.902940;-4.221493;1.776769;0.865133;-3.266221;0.892857;
1.337864;4.639946;12.415680;1.007350;9.903909;-4.189098;1.784932;0.866116;-3.280285;0.892857;
1.341316;4.645514;12.387143;1.006997;9.901723;-4.159736;1.792713;0.867028;-3.292442;0.892857;
1.348221;4.652541;12.326410;1.006291;9.888274;-4.108434;1.807125;0.868688;-3.312488;0.892857;
1.354436;4.654051;12.266220;1.005658;9.865498;-4.069772;1.818789;0.870030;-3.326450;0.892857;
1.360650;4.650843;12.199656;1.005027;9.832856;-4.036698;1.829220;0.871271;-3.337621;0.892857;
1.366864;4.642803;12.125811;1.004399;9.790589;-4.007873;1.838422;0.872450;-3.346795;0.892857;
1.371351;4.633948;12.067535;1.003949;9.754258;-3.988961;1.844308;0.873283;-3.352556;0.892857;
1.371351;4.633950;12.067555;1.003949;9.754289;-3.988942;1.844308;0.873284;-3.352555;0.892857;
1.371513;4.633578;12.065367;1.003933;9.752874;-3.988299;1.844509;0.873313;-3.352748;0.892857;
1.371675;4.633205;12.063173;1.003917;9.751452;-3.987657;1.844708;0.873343;-3.352938;0.892857;
1.371999;4.632452;12.058772;1.003885;9.748595;-3.986375;1.845106;0.873402;-3.353317;0.892857;
1.372648;4.630906;12.049900;1.003820;9.742808;-3.983828;1.845890;0.873520;-3.354068;0.892857;
1.373946;4.627652;12.031881;1.003690;9.730944;-3.978792;1.847421;0.873758;-3.355543;0.892857;
1.376542;4.620493;11.994708;1.003432;9.706052;-3.968921;1.850324;0.874233;-3.358399;0.892857;
1.381733;4.603565;11.915717;1.002919;9.651708;-3.949716;1.855504;0.875197;-3.363819;0.892857;
1.392115;4.559306;11.738568;1.001909;9.525491;-3.911570;1.863387;0.877223;-3.374039;0.892857;
1.402497;4.501305;11.535187;1.000924;9.376288;-3.871954;1.868023;0.879422;-3.383942;0.892857;
1.412879;4.429796;11.305227;0.999966;9.204961;-3.828577;1.869495;0.881842;-3.394082;0.892857;
1.423261;4.345103;11.048776;0.999041;9.012318;-3.779625;1.867899;0.884513;-3.404832;0.892857;
1.425903;4.321513;10.979366;0.998811;8.960002;-3.766118;1.867022;0.885236;-3.407698;0.892857;
1.425903;4.321515;10.979401;0.998811;8.960130;-3.765982;1.867022;0.885239;-3.407689;0.892857;
1.425909;4.321457;10.979232;0.998810;8.960002;-3.765949;1.867019;0.885240;-3.407697;0.892857;
1.425909;4.321457;10.979234;0.998810;8.960003;-3.765951;1.867019;0.885240;-3.407718;0.892857;
1.425909;4.321456;10.979233;0.998810;8.960002;-3.765950;1.867019;0.885240;-3.407718;0.892857;
1.425909;4.321456;10.979233;0.998810;8.960002;-3.765950;1.867019;0.885240;-3.407718;0.892857;
1.426101;4.319708;10.974122;0.998794;8.956137;-3.764966;1.866947;0.885293;-3.407925;0.892857;
1.426292;4.317955;10.969004;0.998777;8.952266;-3.763978;1.866873;0.885346;-3.408133;0.892857;
1.426676;4.314439;10.958746;0.998744;8.944507;-3.761998;1.866724;0.885452;-3.408549;0.892857;
1.427442;4.307355;10.938125;0.998678;8.928907;-3.758005;1.866413;0.885665;-3.409387;0.892857;
1.428974;4.292983;10.896464;0.998546;8.897382;-3.749896;1.865744;0.886096;-3.411077;0.892857;
1.432039;4.263422;10.811462;0.998286;8.833017;-3.733167;1.864219;0.886976;-3.414522;0.892857;
1.435104;4.232779;10.724231;0.998028;8.766904;-3.715754;1.862445;0.887881;-3.418052;0.892857;
1.441234;4.168312;10.543212;0.997525;8.629516;-3.678807;1.858168;0.889762;-3.425371;0.892857;
1.447363;4.099680;10.353591;0.997036;8.485235;-3.639062;1.852936;0.891735;-3.433025;0.892857;
1.453493;4.026995;10.155601;0.996563;8.334103;-3.596545;1.846780;0.893795;-3.440999;0.892857;
1.459623;3.950381;9.949505;0.996106;8.176172;-3.551315;1.839728;0.895937;-3.449274;0.892857;
1.462879;3.908136;9.836847;0.995870;8.089532;-3.526242;1.835631;0.897104;-3.453782;0.892857;
1.462879;3.908137;9.836848;0.995870;8.089562;-3.526199;1.835631;0.897105;-3.453779;0.892857;
1.463037;3.906055;9.831308;0.995859;8.085296;-3.524960;1.835425;0.897163;-3.454007;0.892857;
1.463195;3.903968;9.825762;0.995847;8.081025;-3.523719;1.835219;0.897220;-3.454229;0.892857;
1.463512;3.899789;9.814659;0.995825;8.072471;-3.521233;1.834804;0.897335;-3.454672;0.892857;
1.464146;3.891401;9.792392;0.995780;8.055311;-3.516241;1.833969;0.897565;-3.455561;0.892857;
1.465412;3.874508;9.747620;0.995690;8.020778;-3.506177;1.832271;0.898028;-3.457347;0.892857;
1.467946;3.840256;9.657121;0.995513;7.950862;-3.485731;1.828770;0.898962;-3.460952;0.892857;
1.473013;3.769927;9.472416;0.995168;7.807657;-3.443614;1.821355;0.900863;-3.468280;0.892857;
1.483148;3.622342;9.089099;0.994518;7.508060;-3.354926;1.804959;0.904769;-3.483335;0.892857;
1.493282;3.466011;8.688530;0.993923;7.190981;-3.261234;1.786595;0.908777;-3.498779;0.892857;
1.502751;3.312721;8.300487;0.993419;6.879428;-3.170303;1.767812;0.912571;-3.513392;0.892857;
1.502751;3.312729;8.300499;0.993419;6.879532;-3.170165;1.767812;0.912574;-3.513380;0.892857;
1.502868;3.310798;8.295615;0.993413;6.875583;-3.169021;1.767570;0.912621;-3.513584;0.892857;
1.502986;3.308855;8.290726;0.993407;6.871629;-3.167875;1.767327;0.912669;-3.513766;0.892857;
1.503220;3.304968;8.280944;0.993395;6.863716;-3.165582;1.766841;0.912763;-3.514128;0.892857;
1.503688;3.297183;8.261360;0.993372;6.847865;-3.160993;1.765867;0.912952;-3.514856;0.892857;
1.503760;3.295997;8.258376;0.993368;6.845448;-3.160294;1.765718;0.912980;-3.514967;0.892857;
1.503760;3.295997;8.258376;0.993368;6.845448;-3.160294;1.765718;0.912980;-3.514967;0.892857;
1.503878;3.294035;8.253443;0.993362;6.841453;-3.159138;1.765473;0.913028;-3.515150;0.892857;
1.503996;3.292072;8.248509;0.993356;6.837456;-3.157982;1.765227;0.913075;-3.515333;0.892857;
1.504231;3.288145;8.238636;0.993344;6.829457;-3.155669;1.764734;0.913170;-3.515699;0.892857;
1.504703;3.280278;8.218869;0.993321;6.813431;-3.151040;1.763746;0.913360;-3.516431;0.892857;
1.505646;3.264498;8.179255;0.993275;6.781278;-3.141767;1.761760;0.913740;-3.517894;0.892857;
1.506633;3.247916;8.137672;0.993227;6.747472;-3.132041;1.759667;0.914138;-3.519425;0.892857;
1.506633;3.247916;8.137672;0.993227;6.747472;-3.132041;1.759667;0.914138;-3.519425;0.892857;
1.506748;3.245977;8.132813;0.993221;6.743519;-3.130905;1.759422;0.914185;-3.519527;0.892857;
1.506864;3.244037;8.127952;0.993216;6.739563;-3.129768;1.759176;0.914231;-3.519553;0.892857;
1.507094;3.240155;8.118227;0.993205;6.731646;-3.127495;1.758685;0.914324;-3.519427;0.892857;
1.507555;3.232382;8.098759;0.993183;6.715789;-3.122945;1.757700;0.914509;-3.518294;0.892857;
1.508476;3.216802;8.059757;0.993139;6.683985;-3.113833;1.755720;0.914880;-3.512604;0.892857;
1.510318;3.185536;7.981519;0.993053;6.620050;-3.095560;1.751724;0.915621;-3.488261;0.892857;
1.512161;3.154167;7.903010;0.992969;6.555716;-3.077225;1.747678;0.916361;-3.447766;0.892857;
1.514004;3.122744;7.824286;0.992887;6.491034;-3.058829;1.743585;0.917100;-3.392664;0.892857;
1.515846;3.091311;7.745402;0.992808;6.426054;-3.040375;1.739445;0.917836;-3.324523;0.892857;
1.517689;3.059910;7.666411;0.992730;6.360826;-3.021868;1.735259;0.918571;-3.244872;0.892857;
1.519531;3.028576;7.587361;0.992655;6.295394;-3.003311;1.731030;0.919304;-3.155179;0.892857;
1.521374;2.997340;7.508298;0.992581;6.229799;-2.984709;1.726757;0.920034;-3.056839;0.892857;
1.523217;2.966227;7.429265;0.992510;6.164081;-2.966067;1.722442;0.920761;-2.951164;0.892857;
1.525059;2.935259;7.350300;0.992441;6.098275;-2.947390;1.718087;0.921484;-2.839383;0.892857;
1.526902;2.904454;7.271440;0.992374;6.032413;-2.928684;1.713692;0.922205;-2.722635;0.892857;
1.528744;2.873827;7.192717;0.992309;5.966524;-2.909954;1.709259;0.922922;-2.601971;0.892857;
1.530587;2.843389;7.114162;0.992247;5.900637;-2.891207;1.704789;0.923635;-2.478349;0.892857;
1.530910;2.838068;7.100398;0.992236;5.889078;-2.887916;1.704002;0.923760;-2.456443;0.892857;
1.530910;2.838068;7.100398;0.992236;5.889078;-2.887916;1.704002;0.923760;-2.456443;0.892857;
1.530937;2.837622;7.099244;0.992235;5.888109;-2.887639;1.703935;0.923770;-2.454609;0.892857;
1.530964;2.837176;7.098090;0.992234;5.887140;-2.887362;1.703869;0.923781;-2.452770;0.892857;
1.531019;2.836284;7.095781;0.992232;5.885201;-2.886810;1.703737;0.923802;-2.449100;0.892857;
1.531127;2.834501;7.091165;0.992229;5.881323;-2.885706;1.703472;0.923843;-2.441805;0.892857;
1.531344;2.830937;7.081935;0.992222;5.873567;-2.883498;1.702942;0.923927;-2.427385;0.892857;
1.531778;2.823816;7.063482;0.992207;5.858056;-2.879081;1.701881;0.924094;-2.399230;0.892857;
1.532646;2.809601;7.026608;0.992179;5.827035;-2.870246;1.699753;0.924427;-2.345602;0.892857;
1.534381;2.781262;6.952975;0.992124;5.764989;-2.852583;1.695474;0.925091;-2.248587;0.892857;
1.536117;2.753017;6.879484;0.992071;5.702918;-2.834935;1.691166;0.925750;-2.164584;0.892857;
1.537852;2.724833;6.806121;0.992020;5.640801;-2.817314;1.686829;0.926405;-2.092677;0.892857;
1.539587;2.696680;6.732872;0.991971;5.578619;-2.799730;1.682466;0.927056;-2.031914;0.892857;
1.541323;2.668529;6.659726;0.991924;5.516351;-2.782194;1.678076;0.927703;-1.981341;0.892857;
1.543058;2.640357;6.586674;0.991878;5.453983;-2.764717;1.673660;0.928345;-1.940014;0.892857;
1.544794;2.612143;6.513708;0.991835;5.391498;-2.747310;1.669221;0.928981;-1.907015;0.892857;
1.546529;2.583868;6.440822;0.991793;5.328884;-2.729981;1.664758;0.929613;-1.881460;0.892857;
1.548265;2.555518;6.368014;0.991754;5.266131;-2.712742;1.660273;0.930239;-1.862504;0.892857;
1.550000;2.527081;6.295282;0.991716;5.203231;-2.695602;1.655767;0.930860;-1.849346;0.892857;
1.551736;2.498548;6.222626;0.991680;5.140176;-2.678570;1.651242;0.931475;-1.841234;0.892857;
1.553471;2.469912;6.150050;0.991646;5.076964;-2.661655;1.646697;0.932084;-1.837465;0.892857;
1.555207;2.441169;6.077558;0.991615;5.013591;-2.644865;1.642134;0.932687;-1.837389;0.892857;
1.556942;2.412315;6.005155;0.991585;4.950057;-2.628209;1.637554;0.933283;-1.840405;0.892857;
1.560413;2.354280;5.860664;0.991530;4.822516;-2.595339;1.628350;0.934457;-1.852977;0.892857;
1.563537;2.301687;5.731028;0.991488;4.707213;-2.566292;1.620018;0.935489;-1.870039;0.892857;
1.566661;2.248775;5.601856;0.991453;4.591458;-2.537795;1.611649;0.936499;-1.890261;0.892857;
1.569784;2.195577;5.473232;0.991423;4.475303;-2.509886;1.603248;0.937484;-1.911853;0.892857;
1.572908;2.142134;5.345255;0.991400;4.358807;-2.482602;1.594822;0.938445;-1.933412;0.892857;
1.576032;2.088494;5.218029;0.991384;4.242041;-2.455976;1.586375;0.939379;-1.953884;0.892857;
1.579156;2.034707;5.091670;0.991374;4.125083;-2.430039;1.577916;0.940287;-1.972512;0.892857;
1.582280;1.980825;4.966298;0.991370;4.008018;-2.404820;1.569450;0.941167;-1.988790;0.892857;
1.585403;1.926904;4.842038;0.991373;3.890936;-2.380344;1.560984;0.942020;-2.002421;0.892857;
1.588527;1.872997;4.719022;0.991382;3.773929;-2.356636;1.552524;0.942844;-2.013268;0.892857;
1.591651;1.819158;4.597384;0.991398;3.657095;-2.333718;1.544076;0.943639;-2.021324;0.892857;
1.594775;1.765440;4.477266;0.991420;3.540528;-2.311618;1.535646;0.944404;-2.026681;0.892857;
1.601023;1.658619;4.242230;0.991483;3.308714;-2.269909;1.518876;0.945844;-2.030182;0.892857;
1.607270;1.552868;4.014985;0.991572;3.079199;-2.231633;1.502257;0.947164;-2.025200;0.892857;
1.613518;1.448518;3.796666;0.991685;2.852761;-2.196848;1.485838;0.948361;-2.013339;0.892857;
1.619766;1.345885;3.588437;0.991824;2.630177;-2.165589;1.469666;0.949437;-1.996133;0.892857;
1.626013;1.245257;3.391464;0.991986;2.412197;-2.137865;1.453789;0.950393;-1.974887;0.892857;
1.632261;1.146903;3.206893;0.992172;2.199545;-2.113651;1.438254;0.951231;-1.950623;0.892857;
1.638508;1.051069;3.035823;0.992381;1.992916;-2.092889;1.423107;0.951954;-1.924076;0.892857;
1.644756;0.957984;2.879264;0.992613;1.792962;-2.075491;1.408391;0.952568;-1.895734;0.892857;
1.651004;0.867862;2.738091;0.992866;1.600298;-2.061337;1.394151;0.953076;-1.865890;0.892857;
1.657251;0.780898;2.612982;0.993139;1.415493;-2.050280;1.380426;0.953485;-1.834708;0.892857;
1.669747;0.617374;2.412344;0.993743;1.071901;-2.036600;1.354730;0.954034;-1.768593;0.892857;
1.678587;0.510568;2.309628;0.994213;0.851199;-2.032914;1.338073;0.954233;-1.718959;0.892857;
1.678587;0.510567;2.309740;0.994213;0.851138;-2.033048;1.338073;0.954230;-1.718949;0.892857;
1.678607;0.510332;2.309543;0.994214;0.850657;-2.033045;1.338037;0.954230;-1.720557;0.892857;
1.678627;0.510098;2.309346;0.994215;0.850177;-2.033043;1.338000;0.954231;-1.722165;0.892857;
1.678667;0.509629;2.308952;0.994217;0.849217;-2.033039;1.337927;0.954231;-1.725375;0.892857;
1.678747;0.508690;2.308166;0.994222;0.847297;-2.033030;1.337782;0.954232;-1.731775;0.892857;
1.678908;0.506813;2.306603;0.994231;0.843459;-2.033015;1.337491;0.954234;-1.744499;0.892857;
1.679229;0.503054;2.303503;0.994248;0.835792;-2.032992;1.336910;0.954238;-1.769628;0.892857;
1.679870;0.495524;2.297420;0.994284;0.820497;-2.032972;1.335754;0.954245;-1.818620;0.892857;
1.681154;0.480421;2.285714;0.994356;0.790065;-2.033039;1.333464;0.954257;-1.911564;0.892857;
1.682437;0.465274;2.274622;0.994429;0.759854;-2.033245;1.331203;0.954264;-1.997849;0.892857;
1.685004;0.434942;2.254275;0.994576;0.700158;-2.034052;1.326771;0.954268;-2.151134;0.892857;
1.687308;0.407736;2.238079;0.994711;0.647446;-2.035206;1.322894;0.954260;-2.267567;0.892857;
1.689612;0.380654;2.223811;0.994847;0.595644;-2.036740;1.319114;0.954241;-2.365257;0.892857;
1.691916;0.353778;2.211429;0.994986;0.544817;-2.038627;1.315435;0.954212;-2.445492;0.892857;
1.694221;0.327185;2.200881;0.995127;0.495033;-2.040841;1.311857;0.954173;-2.509730;0.892857;
1.696525;0.300945;2.192102;0.995269;0.446352;-2.043359;1.308381;0.954126;-2.559494;0.892857;
1.698829;0.275119;2.185019;0.995414;0.398834;-2.046155;1.305009;0.954071;-2.596331;0.892857;
1.701134;0.249762;2.179548;0.995560;0.352530;-2.049204;1.301743;0.954008;-2.621770;0.892857;
1.703438;0.224921;2.175601;0.995708;0.307490;-2.052484;1.298583;0.953939;-2.637293;0.892857;
1.705742;0.200634;2.173082;0.995859;0.263756;-2.055973;1.295531;0.953863;-2.644307;0.892857;
1.708046;0.176934;2.171890;0.996010;0.221363;-2.059647;1.292588;0.953782;-2.644066;0.892857;
1.710351;0.153849;2.171926;0.996164;0.180350;-2.063490;1.289756;0.953695;-2.637839;0.892857;
1.712655;0.131403;2.173085;0.996319;0.140743;-2.067479;1.287035;0.953605;-2.626751;0.892857;
1.714959;0.109612;2.175263;0.996475;0.102568;-2.071597;1.284427;0.953510;-2.611799;0.892857;
1.717263;0.088490;2.178355;0.996633;0.065846;-2.075825;1.281933;0.953412;-2.593866;0.892857;
1.719568;0.068045;2.182260;0.996793;0.030593;-2.080147;1.279554;0.953311;-2.573721;0.892857;
1.724176;0.029217;2.192100;0.997116;-0.035442;-2.088994;1.275145;0.953102;-2.529983;0.892857;
1.728324;-0.003375;2.202778;0.997411;-0.089752;-2.097125;1.271581;0.952908;-2.488460;0.892857;
1.732471;-0.033740;2.214658;0.997709;-0.139183;-2.105334;1.268402;0.952711;-2.447063;0.892857;
1.736619;-0.061891;2.227284;0.998011;-0.183729;-2.113547;1.265615;0.952513;-2.407222;0.892857;
1.740767;-0.087848;2.240247;0.998316;-0.223400;-2.121695;1.263223;0.952316;-2.369810;0.892857;
1.744914;-0.111635;2.253191;0.998623;-0.258219;-2.129716;1.261230;0.952122;-2.335262;0.892857;
1.749062;-0.133279;2.265806;0.998933;-0.288217;-2.137550;1.259639;0.951932;-2.303678;0.892857;
1.753210;-0.152806;2.277828;0.999245;-0.313437;-2.145142;1.258452;0.951748;-2.274941;0.892857;
1.757357;-0.170238;2.289042;0.999558;-0.333921;-2.152441;1.257673;0.951572;-2.248802;0.892857;
1.761505;-0.185599;2.299274;0.999872;-0.349719;-2.159403;1.257302;0.951404;-2.224935;0.892857;
1.769800;-0.210198;2.316246;1.000503;-0.367515;-2.172109;1.257792;0.951099;-2.182218;0.892857;
1.778096;-0.226723;2.328124;1.001134;-0.367226;-2.183004;1.259926;0.950841;-2.144562;0.892857;
1.786391;-0.235282;2.334789;1.001764;-0.349295;-2.191872;1.263701;0.950634;-2.110072;0.892857;
1.794686;-0.235982;2.336602;1.002389;-0.314181;-2.198562;1.269110;0.950481;-2.077396;0.892857;
1.802982;-0.228929;2.334381;1.003008;-0.262354;-2.202992;1.276139;0.950384;-2.045715;0.892857;
1.811277;-0.214238;2.329372;1.003618;-0.194294;-2.205155;1.284767;0.950341;-2.014621;0.892857;
1.819572;-0.192041;2.323239;1.004216;-0.110497;-2.205120;1.294968;0.950349;-1.983975;0.892857;
1.836163;-0.126069;2.316249;1.005367;0.101384;-2.199234;1.319895;0.950489;-1.924068;0.892857;
1.852753;-0.032307;2.333383;1.006448;0.369367;-2.187463;1.350609;0.950735;-1.865680;0.892857;
1.869344;0.087478;2.396889;1.007443;0.688846;-2.172844;1.386707;0.950991;-1.807748;0.892857;
1.880997;0.185861;2.480247;1.008082;0.940801;-2.163263;1.414996;0.951109;-1.766219;0.892857;
1.880997;0.185670;2.479617;1.008082;0.940486;-2.162779;1.414996;0.951121;-1.766250;0.892857;
1.881016;0.185838;2.479779;1.008083;0.940910;-2.162762;1.415044;0.951121;-1.764578;0.892857;
1.881035;0.186006;2.479941;1.008084;0.941335;-2.162746;1.415091;0.951121;-1.762908;0.892857;
1.881072;0.186343;2.480265;1.008086;0.942186;-2.162713;1.415186;0.951122;-1.759572;0.892857;
1.881147;0.187018;2.480915;1.008090;0.943888;-2.162646;1.415377;0.951122;-1.752926;0.892857;
1.881297;0.188373;2.482220;1.008098;0.947299;-2.162514;1.415758;0.951124;-1.739725;0.892857;
1.881596;0.191104;2.484854;1.008114;0.954146;-2.162248;1.416522;0.951126;-1.713689;0.892857;
1.882196;0.196643;2.490216;1.008145;0.967941;-2.161712;1.418055;0.951132;-1.663069;0.892857;
1.882795;0.202260;2.495693;1.008176;0.981836;-2.161174;1.419594;0.951138;-1.613896;0.892857;
1.883394;0.207951;2.501285;1.008208;0.995830;-2.160635;1.421139;0.951143;-1.566160;0.892857;
1.884593;0.219505;2.512795;1.008270;1.024045;-2.159557;1.424243;0.951153;-1.474026;0.892857;
1.885791;0.231319;2.524764;1.008331;1.052613;-2.158479;1.427369;0.951163;-1.387077;0.892857;
1.886990;0.243399;2.537212;1.008392;1.081548;-2.157404;1.430517;0.951172;-1.305588;0.892857;
1.889387;0.268294;2.563565;1.008512;1.140483;-2.155283;1.436881;0.951188;-1.158480;0.892857;
1.891544;0.291483;2.588973;1.008617;1.194690;-2.153425;1.442685;0.951198;-1.043387;0.892857;
1.893701;0.315336;2.615999;1.008721;1.249933;-2.151638;1.448560;0.951204;-0.943488;0.892857;
1.895859;0.339789;2.644655;1.008823;1.306154;-2.149945;1.454505;0.951206;-0.857650;0.892857;
1.898016;0.364780;2.674944;1.008922;1.363293;-2.148366;1.460518;0.951203;-0.784638;0.892857;
1.898114;0.365929;2.676361;1.008927;1.365913;-2.148297;1.460793;0.951202;-0.781592;0.892857;
1.898114;0.365929;2.676361;1.008927;1.365913;-2.148297;1.460793;0.951202;-0.781592;0.892857;
1.898141;0.366249;2.676755;1.008928;1.366643;-2.148277;1.460870;0.951202;-0.780762;0.892857;
1.898169;0.366569;2.677151;1.008929;1.367373;-2.148258;1.460946;0.951202;-0.779937;0.892857;
1.898223;0.367210;2.677942;1.008932;1.368834;-2.148220;1.461099;0.951202;-0.778302;0.892857;
1.898333;0.368493;2.679528;1.008937;1.371757;-2.148144;1.461406;0.951202;-0.775095;0.892857;
1.898551;0.371062;2.682712;1.008947;1.377609;-2.147992;1.462020;0.951201;-0.768942;0.892857;
1.898988;0.376213;2.689130;1.008966;1.389338;-2.147694;1.463250;0.951200;-0.757672;0.892857;
1.899862;0.386564;2.702164;1.009006;1.412893;-2.147115;1.465718;0.951196;-0.739161;0.892857;
1.901611;0.407429;2.729007;1.009083;1.460352;-2.146042;1.470685;0.951185;-0.717327;0.892857;
1.903359;0.428472;2.756866;1.009159;1.508231;-2.145091;1.475695;0.951169;-0.714525;0.892857;
1.905107;0.449636;2.785710;1.009234;1.556470;-2.144275;1.480746;0.951149;-0.729069;0.892857;
1.906855;0.470873;2.815503;1.009307;1.605009;-2.143608;1.485837;0.951124;-0.759247;0.892857;
1.908604;0.492138;2.846208;1.009379;1.653792;-2.143100;1.490969;0.951094;-0.803371;0.892857;
1.910352;0.513390;2.877787;1.009449;1.702767;-2.142763;1.496139;0.951058;-0.859804;0.892857;
1.912100;0.534596;2.910198;1.009518;1.751882;-2.142608;1.501347;0.951016;-0.926970;0.892857;
1.913849;0.555725;2.943401;1.009585;1.801094;-2.142642;1.506593;0.950968;-1.003369;0.892857;
1.915597;0.576754;2.977354;1.009651;1.850360;-2.142876;1.511875;0.950915;-1.087579;0.892857;
1.917345;0.597661;3.012015;1.009715;1.899642;-2.143314;1.517193;0.950855;-1.178268;0.892857;
1.919093;0.618432;3.047343;1.009778;1.948903;-2.143964;1.522546;0.950789;-1.274189;0.892857;
1.920842;0.639052;3.083299;1.009839;1.998114;-2.144832;1.527933;0.950716;-1.374190;0.892857;
1.922590;0.659514;3.119843;1.009899;2.047246;-2.145923;1.533353;0.950637;-1.477209;0.892857;
1.924338;0.679810;3.156939;1.009957;2.096272;-2.147240;1.538806;0.950551;-1.582278;0.892857;
1.926087;0.699936;3.194549;1.010014;2.145170;-2.148787;1.544290;0.950459;-1.688521;0.892857;
1.927835;0.719893;3.232639;1.010069;2.193921;-2.150568;1.549805;0.950360;-1.795149;0.892857;
1.929583;0.739679;3.271177;1.010123;2.242506;-2.152586;1.555350;0.950254;-1.901462;0.892857;
1.931331;0.759298;3.310130;1.010175;2.290910;-2.154841;1.560924;0.950142;-2.006843;0.892857;
1.933080;0.778753;3.349470;1.010226;2.339119;-2.157337;1.566526;0.950022;-2.110753;0.892857;
1.933212;0.780218;3.352459;1.010230;2.342755;-2.157535;1.566951;0.950013;-2.118531;0.892857;
1.933212;0.780218;3.352459;1.010230;2.342755;-2.157535;1.566951;0.950013;-2.118531;0.892857;
1.933237;0.780497;3.353030;1.010231;2.343449;-2.157573;1.567032;0.950011;-2.120016;0.892857;
1.933262;0.780777;3.353601;1.010231;2.344144;-2.157611;1.567113;0.950009;-2.121498;0.892857;
1.933313;0.781336;3.354744;1.010233;2.345533;-2.157687;1.567276;0.950006;-2.124454;0.892857;
1.933414;0.782454;3.357031;1.010236;2.348310;-2.157841;1.567600;0.949999;-2.130330;0.892857;
1.933616;0.784688;3.361608;1.010241;2.353864;-2.158150;1.568250;0.949984;-2.141936;0.892857;
1.934020;0.789150;3.370777;1.010253;2.364962;-2.158778;1.569551;0.949955;-2.164561;0.892857;
1.934828;0.798054;3.389172;1.010276;2.387128;-2.160072;1.572156;0.949896;-2.207520;0.892857;
1.936444;0.815794;3.426192;1.010320;2.431346;-2.162814;1.577385;0.949774;-2.284682;0.892857;
1.938060;0.833465;3.463516;1.010363;2.475426;-2.165760;1.582635;0.949645;-2.350721;0.892857;
1.939676;0.851093;3.501142;1.010405;2.519383;-2.168909;1.587907;0.949511;-2.406410;0.892857;
1.941292;0.868703;3.539071;1.010446;2.563233;-2.172259;1.593200;0.949371;-2.452546;0.892857;
1.942908;0.886318;3.577302;1.010485;2.606989;-2.175812;1.598513;0.949226;-2.489923;0.892857;
1.944525;0.903956;3.615834;1.010524;2.650665;-2.179565;1.603846;0.949074;-2.519322;0.892857;
1.946141;0.921637;3.654668;1.010561;2.694271;-2.183521;1.609199;0.948917;-2.541499;0.892857;
1.947757;0.939374;3.693802;1.010597;2.737817;-2.187678;1.614569;0.948754;-2.557183;0.892857;
1.949373;0.957180;3.733235;1.010631;2.781312;-2.192038;1.619958;0.948585;-2.567068;0.892857;
1.952605;0.993049;3.812996;1.010697;2.868180;-2.201375;1.630785;0.948229;-2.572798;0.892857;
1.955514;1.025648;3.885771;1.010752;2.946231;-2.210483;1.640585;0.947888;-2.564214;0.892857;
1.958423;1.058571;3.959456;1.010803;3.024170;-2.220268;1.650433;0.947527;-2.545706;0.892857;
1.961332;1.091830;4.034019;1.010850;3.101994;-2.230741;1.660326;0.947147;-2.519872;0.892857;
1.964241;1.125422;4.109421;1.010893;3.179690;-2.241911;1.670261;0.946746;-2.488910;0.892857;
1.967150;1.159338;4.185618;1.010932;3.257235;-2.253789;1.680233;0.946325;-2.454641;0.892857;
1.970059;1.193557;4.262559;1.010968;3.334599;-2.266385;1.690239;0.945882;-2.418533;0.892857;
1.972968;1.228054;4.340190;1.010999;3.411742;-2.279711;1.700275;0.945419;-2.381737;0.892857;
1.975877;1.262799;4.418452;1.011027;3.488619;-2.293775;1.710339;0.944935;-2.345124;0.892857;
1.978786;1.297758;4.497284;1.011050;3.565184;-2.308587;1.720425;0.944429;-2.309344;0.892857;
1.981694;1.332896;4.576617;1.011070;3.641379;-2.324154;1.730532;0.943902;-2.274790;0.892857;
1.984603;1.368180;4.656388;1.011087;3.717153;-2.340481;1.740655;0.943353;-2.241719;0.892857;
1.987512;1.403573;4.736530;1.011099;3.792450;-2.357575;1.750792;0.942782;-2.210259;0.892857;
1.993330;1.474516;4.897619;1.011112;3.941338;-2.394080;1.771085;0.941576;-2.152050;0.892857;
1.999148;1.545492;5.059379;1.011111;4.087622;-2.433679;1.791388;0.940284;-2.099432;0.892857;
2.004966;1.616270;5.221293;1.011095;4.230867;-2.476359;1.811675;0.938906;-2.051220;0.892857;
2.010784;1.686639;5.382863;1.011065;4.370653;-2.522086;1.831920;0.937445;-2.006034;0.892857;
2.016602;1.756408;5.543619;1.011021;4.506582;-2.570809;1.852097;0.935903;-1.962516;0.892857;
2.022420;1.825410;5.703115;1.010963;4.638286;-2.622456;1.872181;0.934282;-1.919481;0.892857;
2.028238;1.893497;5.860939;1.010893;4.765427;-2.676935;1.892150;0.932586;-1.875988;0.892857;
2.034056;1.960536;6.016706;1.010810;4.887696;-2.734139;1.911978;0.930817;-1.831366;0.892857;
2.039874;2.026409;6.170059;1.010715;5.004820;-2.793941;1.931643;0.928981;-1.785187;0.892857;
2.051509;2.154155;6.468074;1.010492;5.222583;-2.920670;1.970377;0.925126;-1.687394;0.892857;
2.063145;2.276065;6.752839;1.010228;5.417271;-3.055902;2.008213;0.921058;-1.582753;0.892857;
2.074781;2.391581;7.022558;1.009927;5.587897;-3.198213;2.045016;0.916819;-1.472155;0.892857;
2.086417;2.500265;7.275819;1.009594;5.733951;-3.346059;2.080663;0.912454;-1.356832;0.892857;
2.098053;2.601768;7.511559;1.009234;5.855353;-3.497845;2.115048;0.908009;-1.238052;0.892857;
2.109688;2.695854;7.729076;1.008852;5.952464;-3.651961;2.148082;0.903530;-1.116958;0.892857;
2.121324;2.782419;7.928006;1.008452;6.026038;-3.806838;2.179691;0.899062;-0.994520;0.892857;
2.132960;2.861447;8.108291;1.008040;6.077160;-3.960991;2.209821;0.894647;-0.871547;0.892857;
2.144596;2.933014;8.270138;1.007620;6.107192;-4.113047;2.238434;0.890321;-0.748725;0.892857;
2.156232;2.997300;8.413992;1.007195;6.117709;-4.261771;2.265504;0.886120;-0.626642;0.892857;
2.167867;3.054537;8.540490;1.006769;6.110432;-4.406090;2.291024;0.882072;-0.505804;0.892857;
2.179503;3.104992;8.650418;1.006346;6.087167;-4.545092;2.314997;0.878201;-0.386645;0.892857;
2.191139;3.149031;8.744685;1.005930;6.049769;-4.678032;2.337439;0.874527;-0.269525;0.892857;
2.202775;3.187036;8.824292;1.005521;6.000078;-4.804337;2.358374;0.871064;-0.154730;0.892857;
2.214411;3.219302;8.890274;1.005124;5.939870;-4.923590;2.377840;0.867821;-0.042475;0.892857;
2.226047;3.246283;8.943688;1.004739;5.870868;-5.035493;2.395877;0.864805;0.067087;0.892857;
2.237682;3.268564;8.985657;1.004369;5.794720;-5.139909;2.412537;0.862018;0.173877;0.892857;
2.249318;3.286226;9.017238;1.004014;5.712860;-5.236854;2.427874;0.859457;0.277867;0.892857;
2.260954;3.299456;9.039345;1.003677;5.626624;-5.326315;2.441947;0.857120;0.379049;0.892857;
2.267672;3.305772;9.048322;1.003490;5.575506;-5.374597;2.449525;0.855871;0.436220;0.892857;
2.267672;3.305875;9.048497;1.003490;5.575625;-5.374659;2.449525;0.855868;0.436211;0.892857;
2.267734;3.305926;9.048566;1.003488;5.575148;-5.375093;2.449593;0.855857;0.436736;0.892857;
2.267796;3.305976;9.048635;1.003487;5.574670;-5.375527;2.449660;0.855846;0.437266;0.892857;
2.267920;3.306077;9.048771;1.003483;5.573715;-5.376394;2.449796;0.855824;0.438334;0.892857;
2.268167;3.306277;9.049041;1.003476;5.571804;-5.378126;2.450066;0.855779;0.440513;0.892857;
2.268661;3.306672;9.049570;1.003463;5.567979;-5.381579;2.450605;0.855690;0.445046;0.892857;
2.269650;3.307447;9.050589;1.003436;5.560319;-5.388449;2.451677;0.855514;0.454782;0.892857;
2.271628;3.308935;9.052475;1.003383;5.544961;-5.402035;2.453795;0.855165;0.476716;0.892857;
2.273606;3.310350;9.054166;1.003330;5.529562;-5.415423;2.455880;0.854821;0.501648;0.892857;
2.275584;3.311703;9.055677;1.003277;5.514131;-5.428617;2.457933;0.854484;0.529193;0.892857;
2.277562;3.313003;9.057022;1.003225;5.498680;-5.441623;2.459953;0.854151;0.558968;0.892857;
2.279539;3.314258;9.058211;1.003174;5.483217;-5.454444;2.461942;0.853824;0.590613;0.892857;
2.281517;3.315475;9.059257;1.003123;5.467752;-5.467086;2.463898;0.853502;0.623790;0.892857;
2.283495;3.316660;9.060169;1.003073;5.452292;-5.479551;2.465824;0.853185;0.658183;0.892857;
2.287451;3.318954;9.061636;1.002974;5.421422;-5.503970;2.469581;0.852566;0.729187;0.892857;
2.291011;3.320940;9.062579;1.002887;5.393723;-5.525378;2.472860;0.852024;0.794711;0.892857;
2.294571;3.322864;9.063204;1.002801;5.366134;-5.546262;2.476041;0.851496;0.860532;0.892857;
2.298131;3.324730;9.063540;1.002718;5.338681;-5.566639;2.479128;0.850982;0.925783;0.892857;
2.301691;3.326537;9.063611;1.002635;5.311385;-5.586518;2.482122;0.850482;0.989761;0.892857;
2.305251;3.328281;9.063437;1.002555;5.284262;-5.605910;2.485025;0.849995;1.051947;0.892857;
2.308811;3.329958;9.063031;1.002476;5.257328;-5.624823;2.487840;0.849520;1.111985;0.892857;
2.312371;3.331560;9.062407;1.002399;5.230594;-5.643266;2.490567;0.849059;1.169659;0.892857;
2.315932;3.333081;9.061573;1.002324;5.204072;-5.661245;2.493208;0.848610;1.224867;0.892857;
2.319492;3.334513;9.060538;1.002250;5.177771;-5.678767;2.495766;0.848173;1.277596;0.892857;
2.326612;3.337078;9.057886;1.002107;5.125860;-5.712461;2.500641;0.847335;1.376051;0.892857;
2.333732;3.339225;9.054500;1.001970;5.074912;-5.744400;2.505205;0.846545;1.465964;0.892857;
2.340852;3.340935;9.050424;1.001840;5.024971;-5.774636;2.509470;0.845800;1.548531;0.892857;
2.347972;3.342201;9.045703;1.001716;4.976079;-5.803222;2.513450;0.845100;1.624999;0.892857;
2.355093;3.343031;9.040385;1.001598;4.928274;-5.830211;2.517160;0.844442;1.696519;0.892857;
2.362213;3.343445;9.034521;1.001485;4.881591;-5.855664;2.520611;0.843826;1.764068;0.892857;
2.369333;3.343469;9.028167;1.001379;4.836063;-5.879639;2.523817;0.843249;1.828415;0.892857;
2.376453;3.343135;9.021379;1.001278;4.791719;-5.902200;2.526791;0.842710;1.890134;0.892857;
2.383573;3.342479;9.014216;1.001182;4.748584;-5.923410;2.529545;0.842206;1.949634;0.892857;
2.390694;3.341536;9.006734;1.001092;4.706680;-5.943333;2.532091;0.841736;2.007200;0.892857;
2.404934;3.338964;8.991082;1.000926;4.626629;-5.979607;2.536619;0.840891;2.117420;0.892857;
2.419174;3.335655;8.974837;1.000779;4.551645;-6.011516;2.540452;0.840158;2.221696;0.892857;
2.433415;3.331837;8.958370;1.000651;4.481752;-6.039528;2.543670;0.839524;2.320813;0.892857;
2.447655;3.327723;8.942025;1.000539;4.416926;-6.064092;2.546349;0.838978;2.415517;0.892857;
2.461896;3.323510;8.926128;1.000442;4.357102;-6.085643;2.548561;0.838506;2.506544;0.892857;
2.476136;3.319379;8.910976;1.000360;4.302184;-6.104590;2.550372;0.838096;2.594611;0.892857;
2.490376;3.315498;8.896844;1.000291;4.252048;-6.121321;2.551842;0.837737;2.680374;0.892857;
2.504617;3.312018;8.883983;1.000233;4.206550;-6.136199;2.553029;0.837420;2.764412;0.892857;
2.518857;3.309082;8.872627;1.000187;4.165533;-6.149566;2.553982;0.837133;2.847210;0.892857;
2.547338;3.305466;8.855470;1.000120;4.096006;-6.173303;2.555414;0.836610;3.010925;0.892857;
2.575819;3.305375;8.846631;1.000084;4.042226;-6.194539;2.556394;0.836109;3.173388;0.892857;
2.604300;3.309428;8.847106;1.000071;4.002794;-6.215023;2.557147;0.835583;3.335975;0.892857;
2.632780;3.318100;8.857674;1.000075;3.976291;-6.236238;2.557845;0.834988;3.499619;0.892857;
2.661261;3.331708;8.878873;1.000089;3.961340;-6.259380;2.558608;0.834291;3.664872;0.892857;
2.689742;3.350423;8.910960;1.000108;3.956625;-6.285342;2.559506;0.833469;3.831959;0.892857;
2.698914;3.357543;8.923612;1.000114;3.957023;-6.294435;2.559829;0.833173;3.886150;0.892857;
2.698914;3.357543;8.923593;1.000114;3.957015;-6.294425;2.559829;0.833173;3.886130;0.892857;
2.699088;3.357683;8.923845;1.000114;3.957035;-6.294600;2.559835;0.833168;3.887156;0.892857;
2.699263;3.357824;8.924097;1.000114;3.957055;-6.294775;2.559842;0.833162;3.888170;0.892857;
2.699612;3.358106;8.924603;1.000115;3.957097;-6.295125;2.559854;0.833151;3.890177;0.892857;
2.700310;3.358673;8.925619;1.000115;3.957184;-6.295828;2.559879;0.833128;3.894088;0.892857;
2.701705;3.359813;8.927668;1.000116;3.957371;-6.297238;2.559930;0.833081;3.901510;0.892857;
2.704497;3.362121;8.931837;1.000118;3.957802;-6.300083;2.560033;0.832988;3.914882;0.892857;
2.710080;3.366814;8.940414;1.000122;3.958859;-6.305847;2.560244;0.832797;3.936696;0.892857;
2.715663;3.371576;8.949272;1.000126;3.960150;-6.311698;2.560462;0.832604;3.952993;0.892857;
2.721247;3.376369;8.958358;1.000130;3.961641;-6.317612;2.560687;0.832407;3.965026;0.892857;
2.726830;3.381165;8.967628;1.000134;3.963300;-6.323574;2.560918;0.832208;3.973816;0.892857;
2.737996;3.390685;8.986531;1.000141;3.966991;-6.335564;2.561399;0.831806;3.985300;0.892857;
2.749162;3.400071;9.005782;1.000147;3.971079;-6.347595;2.561902;0.831401;3.990868;0.892857;
2.760329;3.409290;9.025213;1.000152;3.975439;-6.359604;2.562424;0.830996;3.992961;0.892857;
2.771495;3.418332;9.044695;1.000156;3.979972;-6.371547;2.562964;0.830591;3.993117;0.892857;
2.772481;3.419122;9.046413;1.000156;3.980377;-6.372597;2.563012;0.830555;3.993081;0.892857;
2.772481;3.419122;9.046413;1.000156;3.980377;-6.372597;2.563012;0.830555;3.993081;0.892857;
2.772727;3.419319;9.046843;1.000156;3.980479;-6.372859;2.563024;0.830546;3.993059;0.892857;
2.772974;3.419516;9.047273;1.000157;3.980581;-6.373121;2.563036;0.830538;3.993039;0.892857;
2.773466;3.419910;9.048132;1.000157;3.980785;-6.373646;2.563060;0.830520;3.992999;0.892857;
2.774451;3.420696;9.049851;1.000157;3.981194;-6.374694;2.563109;0.830484;3.992914;0.892857;
2.776420;3.422265;9.053287;1.000158;3.982014;-6.376788;2.563206;0.830413;3.992733;0.892857;
2.780360;3.425385;9.060149;1.000159;3.983656;-6.380964;2.563402;0.830271;3.992331;0.892857;
2.784299;3.428485;9.066996;1.000160;3.985304;-6.385125;2.563599;0.830130;3.991881;0.892857;
2.792177;3.434625;9.080634;1.000162;3.988602;-6.393398;2.563997;0.829848;3.990879;0.892857;
2.800056;3.440687;9.094185;1.000163;3.991897;-6.401600;2.564399;0.829569;3.989771;0.892857;
2.807934;3.446674;9.107635;1.000164;3.995177;-6.409729;2.564804;0.829291;3.988595;0.892857;
2.815812;3.452587;9.120973;1.000164;3.998432;-6.417779;2.565210;0.829017;3.987376;0.892857;
2.823691;3.458428;9.134188;1.000164;4.001653;-6.425748;2.565616;0.828744;3.986134;0.892857;
2.831569;3.464198;9.147269;1.000164;4.004835;-6.433632;2.566022;0.828475;3.984881;0.892857;
2.839448;3.469896;9.160208;1.000163;4.007971;-6.441428;2.566427;0.828208;3.983626;0.892857;
2.847326;3.475523;9.172998;1.000162;4.011056;-6.449133;2.566829;0.827944;3.982375;0.892857;
2.863083;3.486560;9.198096;1.000158;4.017060;-6.464254;2.567619;0.827425;3.979904;0.892857;
2.878840;3.497300;9.222523;1.000152;4.022831;-6.478976;2.568385;0.826920;3.977482;0.892857;
2.894597;3.507736;9.246240;1.000145;4.028362;-6.493277;2.569120;0.826429;3.975122;0.892857;
2.910353;3.517857;9.269212;1.000137;4.033651;-6.507135;2.569817;0.825952;3.972829;0.892857;
2.926110;3.527654;9.291408;1.000127;4.038704;-6.520529;2.570469;0.825491;3.970610;0.892857;
2.957624;3.546226;9.333337;1.000103;4.048163;-6.545806;2.571599;0.824618;3.966415;0.892857;
2.989137;3.562755;9.370332;1.000072;4.056614;-6.567987;2.572336;0.823850;3.962720;0.892857;
3.020651;3.577748;9.403598;1.000037;4.064599;-6.587690;2.572720;0.823165;3.959423;0.892857;
3.052165;3.591190;9.433085;0.999997;4.072344;-6.604790;2.572713;0.822566;3.956541;0.892857;
3.115192;3.614240;9.482657;0.999908;4.087978;-6.632198;2.571621;0.821591;3.951854;0.892857;
3.178219;3.631015;9.516755;0.999801;4.104716;-6.648129;2.568632;0.820996;3.948989;0.892857;
3.241246;3.640907;9.533710;0.999675;4.123964;-6.650799;2.563340;0.820836;3.948221;0.892857;
3.304274;3.643268;9.531695;0.999525;4.147029;-6.638278;2.555299;0.821173;3.949842;0.892857;
3.367301;3.637224;9.508290;0.999346;4.174993;-6.608202;2.543986;0.822080;3.954206;0.892857;
3.430328;3.621548;9.460180;0.999133;4.208523;-6.557575;2.528776;0.823651;3.961760;0.892857;
3.493355;3.594550;9.382885;0.998881;4.247623;-6.482609;2.508931;0.826000;3.973058;0.892857;
3.556383;3.553972;9.270532;0.998582;4.291216;-6.378633;2.483604;0.829267;3.988777;0.892857;
3.619410;3.496934;9.115732;0.998236;4.336557;-6.240134;2.451872;0.833615;4.009691;0.892857;
3.682437;3.419974;8.909704;0.997842;4.378468;-6.061070;2.412806;0.839213;4.036615;0.892857;
3.739087;3.330807;8.671630;0.997455;4.405322;-5.860293;2.370795;0.845450;4.066616;0.892857;
3.784905;3.243112;8.440051;0.997128;4.414953;-5.669028;2.331743;0.851343;4.094961;0.892857;
3.826141;3.151193;8.198214;0.996833;4.409535;-5.473235;2.292605;0.857325;4.123734;0.892857;
3.863253;3.057504;7.952441;0.996575;4.389637;-5.277991;2.254187;0.863237;4.152172;0.892857;
3.900365;2.953473;7.680398;0.996337;4.352459;-5.065901;2.212907;0.869599;4.182770;0.892857;
3.937477;2.839846;7.383800;0.996129;4.295775;-4.838987;2.169058;0.876332;4.215158;0.892857;
3.974589;2.718035;7.066059;0.995965;4.218417;-4.600361;2.123078;0.883330;4.248818;0.892857;
4.011701;2.590241;6.732561;0.995858;4.120927;-4.354162;2.075557;0.890458;4.283103;0.892857;
4.048813;2.459546;6.390701;0.995820;4.006026;-4.105360;2.027225;0.897561;4.317275;0.892857;
4.085926;2.329772;6.049660;0.995860;3.878898;-3.859373;1.978933;0.904481;4.350563;0.892857;
4.109407;2.250055;5.840354;0.995926;3.798259;-3.706700;1.948721;0.908712;4.370909;0.892857;
4.132889;2.172831;5.635618;0.996027;3.715062;-3.558173;1.919090;0.912793;4.390530;0.892857;
4.156371;2.100286;5.440423;0.996161;3.633893;-3.415515;1.890331;0.916671;4.409185;0.892857;
4.176808;2.041613;5.281083;0.996303;3.567779;-3.296925;1.866202;0.919860;4.424526;0.892857;
4.176808;2.041604;5.281105;0.996303;3.567795;-3.296935;1.866202;0.919860;4.424526;0.892857;
4.177168;2.040604;5.278389;0.996306;3.566671;-3.294895;1.865784;0.919914;4.424787;0.892857;
4.177528;2.039610;5.275676;0.996309;3.565550;-3.292855;1.865367;0.919969;4.425049;0.892857;
4.178248;2.037625;5.270257;0.996314;3.563310;-3.288779;1.864533;0.920078;4.425574;0.892857;
4.179688;2.033674;5.259462;0.996325;3.558853;-3.280648;1.862868;0.920295;4.426619;0.892857;
4.182567;2.025847;5.238043;0.996348;3.550028;-3.264472;1.859555;0.920727;4.428697;0.892857;
4.188325;2.010508;5.195921;0.996394;3.532764;-3.232472;1.852990;0.921579;4.432797;0.892857;
4.194084;1.995600;5.154778;0.996442;3.516044;-3.200948;1.846510;0.922417;4.436825;0.892857;
4.199843;1.981138;5.114649;0.996492;3.499908;-3.169909;1.840119;0.923239;4.440778;0.892857;
4.205601;1.967135;5.075565;0.996543;3.484392;-3.139362;1.833819;0.924045;4.444657;0.892857;
4.211360;1.953606;5.037559;0.996596;3.469532;-3.109313;1.827614;0.924836;4.448460;0.892857;
4.222877;1.928034;4.964914;0.996705;3.441942;-3.050740;1.815498;0.926370;4.455837;0.892857;
4.234394;1.904508;4.896916;0.996820;3.417385;-2.994219;1.803789;0.927840;4.462908;0.892857;
4.245911;1.883110;4.833752;0.996940;3.396102;-2.939772;1.792504;0.929246;4.469672;0.892857;
4.257428;1.863912;4.775589;0.997063;3.378308;-2.887407;1.781659;0.930588;4.476129;0.892857;
4.268945;1.846973;4.722561;0.997190;3.364191;-2.837122;1.771265;0.931867;4.482282;0.892857;
4.291979;1.820041;4.632218;0.997448;3.347519;-2.742679;1.751875;0.934241;4.493697;0.892857;
4.315013;1.802441;4.563123;0.997710;3.346835;-2.656207;1.734366;0.936374;4.503961;0.892857;
4.338048;1.794091;4.515212;0.997969;3.362377;-2.577338;1.718730;0.938281;4.513131;0.892857;
4.361082;1.794688;4.487912;0.998218;3.393811;-2.505597;1.704919;0.939975;4.521282;0.892857;
4.374893;1.799088;4.480901;0.998359;3.419860;-2.465725;1.697470;0.940898;4.525719;0.892857;
4.374893;1.799058;4.480810;0.998359;3.419749;-2.465734;1.697470;0.940898;4.525719;0.892857;
4.375429;1.799308;4.480700;0.998365;3.420882;-2.464246;1.697195;0.940932;4.525883;0.892857;
4.375965;1.799550;4.480601;0.998370;3.422025;-2.462760;1.696920;0.940966;4.526046;0.892857;
4.377036;1.800045;4.480426;0.998381;3.424328;-2.459795;1.696374;0.941034;4.526372;0.892857;
4.379179;1.801088;4.480194;0.998403;3.429026;-2.453902;1.695292;0.941168;4.527019;0.892857;
4.383465;1.803377;4.480202;0.998445;3.438783;-2.442270;1.693170;0.941433;4.528291;0.892857;
4.392036;1.808756;4.482073;0.998527;3.459713;-2.419605;1.689093;0.941944;4.530749;0.892857;
4.400607;1.815174;4.486356;0.998607;3.482470;-2.397724;1.685233;0.942431;4.533094;0.892857;
4.409179;1.822585;4.492952;0.998682;3.506961;-2.376595;1.681580;0.942896;4.535332;0.892857;
4.417750;1.830937;4.501748;0.998754;3.533082;-2.356188;1.678127;0.943340;4.537466;0.892857;
4.426321;1.840176;4.512623;0.998822;3.560719;-2.336466;1.674861;0.943764;4.539503;0.892857;
4.428683;1.842867;4.515961;0.998840;3.568578;-2.331148;1.673992;0.943877;4.540048;0.892857;
4.428683;1.842867;4.515961;0.998840;3.568578;-2.331148;1.673992;0.943877;4.540048;0.892857;
4.428993;1.843227;4.516412;0.998842;3.569620;-2.330452;1.673879;0.943892;4.540119;0.892857;
4.429304;1.843588;4.516868;0.998845;3.570667;-2.329758;1.673766;0.943906;4.540190;0.892857;
4.429925;1.844313;4.517787;0.998849;3.572764;-2.328372;1.673541;0.943936;4.540331;0.892857;
4.431168;1.845776;4.519653;0.998858;3.576980;-2.325610;1.673094;0.943994;4.540613;0.892857;
4.433653;1.848750;4.523501;0.998877;3.585492;-2.320125;1.672210;0.944110;4.541170;0.892857;
4.438623;1.854890;4.531649;0.998912;3.602834;-2.309308;1.670483;0.944337;4.542263;0.892857;
4.448563;1.867892;4.549637;0.998978;3.638677;-2.288256;1.667185;0.944775;4.544366;0.892857;
4.468443;1.896352;4.591372;0.999090;3.714096;-2.248229;1.661128;0.945588;4.548280;0.892857;
4.488324;1.927516;4.639469;0.999175;3.793304;-2.210674;1.655675;0.946330;4.551850;0.892857;
4.508204;1.960571;4.691978;0.999233;3.874587;-2.175125;1.650662;0.947016;4.555145;0.892857;
4.517365;1.976157;4.716970;0.999250;3.912141;-2.159249;1.648443;0.947317;4.556597;0.892857;
4.517365;1.976151;4.716931;0.999250;3.912123;-2.159214;1.648443;0.947318;4.556598;0.892857;
4.517734;1.976795;4.717964;0.999250;3.913652;-2.158584;1.648356;0.947330;4.556637;0.892857;
4.518104;1.977435;4.718998;0.999251;3.915181;-2.157956;1.648269;0.947342;4.556653;0.892857;
4.518843;1.978715;4.721067;0.999252;3.918238;-2.156699;1.648095;0.947366;4.556640;0.892857;
4.520321;1.981276;4.725208;0.999254;3.924348;-2.154191;1.647748;0.947413;4.556396;0.892857;
4.523277;1.986400;4.733501;0.999257;3.936547;-2.149194;1.647057;0.947507;4.555142;0.892857;
4.529189;1.996629;4.750083;0.999263;3.960818;-2.139273;1.645682;0.947693;4.550333;0.892857;
4.535101;2.006804;4.766608;0.999266;3.984873;-2.129442;1.644314;0.947877;4.543387;0.892857;
4.546925;2.026860;4.799159;0.999264;4.032039;-2.109987;1.641577;0.948241;4.528364;0.892857;
4.557566;2.044514;4.827671;0.999254;4.073240;-2.092666;1.639093;0.948565;4.516129;0.892857;
4.568208;2.061730;4.855161;0.999237;4.113038;-2.075441;1.636564;0.948889;4.507705;0.892857;
4.578849;2.078468;4.881399;0.999212;4.151266;-2.058232;1.633966;0.949216;4.504050;0.892857;
4.589491;2.094694;4.906185;0.999181;4.187785;-2.040954;1.631274;0.949547;4.505124;0.892857;
4.600132;2.110366;4.929331;0.999143;4.222467;-2.023525;1.628465;0.949884;4.510367;0.892857;
4.621415;2.139793;4.969858;0.999049;4.285771;-1.987782;1.622392;0.950593;4.530625;0.892857;
4.633133;2.154786;4.988567;0.998988;4.316965;-1.967441;1.618746;0.951006;4.546643;0.892857;
4.633133;2.154786;4.988567;0.998988;4.316965;-1.967441;1.618746;0.951006;4.546643;0.892857;
4.633615;2.155387;4.989292;0.998985;4.318199;-1.966601;1.618592;0.951023;4.547375;0.892857;
4.634098;2.155986;4.990007;0.998982;4.319425;-1.965756;1.618438;0.951040;4.548095;0.892857;
4.635062;2.157181;4.991425;0.998977;4.321867;-1.964064;1.618129;0.951075;4.549500;0.892857;
4.636992;2.159551;4.994206;0.998966;4.326694;-1.960668;1.617505;0.951144;4.552145;0.892857;
4.640851;2.164206;4.999531;0.998944;4.336116;-1.953828;1.616238;0.951285;4.556857;0.892857;
4.648569;2.173142;5.009184;0.998897;4.353985;-1.939947;1.613619;0.951574;4.564443;0.892857;
4.656287;2.181545;5.017450;0.998848;4.370502;-1.925783;1.610885;0.951873;4.570105;0.892857;
4.671723;2.196553;5.029474;0.998745;4.399182;-1.896536;1.605042;0.952501;4.578276;0.892857;
4.687159;2.209033;5.035198;0.998634;4.421818;-1.865989;1.598680;0.953173;4.583747;0.892857;
4.693960;2.213684;5.035617;0.998584;4.429788;-1.852090;1.595702;0.953484;4.585784;0.892857;
4.693960;2.213684;5.035617;0.998584;4.429788;-1.852090;1.595702;0.953484;4.585784;0.892857;
4.694570;2.214076;5.035593;0.998579;4.430443;-1.850833;1.595431;0.953512;4.585936;0.892857;
4.695179;2.214463;5.035556;0.998575;4.431086;-1.849572;1.595158;0.953541;4.586086;0.892857;
4.696398;2.215227;5.035456;0.998566;4.432347;-1.847046;1.594610;0.953598;4.586386;0.892857;
4.698835;2.216703;5.035129;0.998547;4.434749;-1.841966;1.593504;0.953712;4.586986;0.892857;
4.703710;2.219450;5.033966;0.998510;4.439069;-1.831698;1.591250;0.953946;4.588188;0.892857;
4.713460;2.224105;5.029565;0.998435;4.445745;-1.810724;1.586570;0.954427;4.590619;0.892857;
4.723210;2.227639;5.022384;0.998358;4.449790;-1.789159;1.581657;0.954927;4.593099;0.892857;
4.732960;2.230052;5.012414;0.998282;4.451200;-1.766999;1.576511;0.955448;4.595644;0.892857;
4.742710;2.231347;4.999667;0.998205;4.449986;-1.744244;1.571130;0.955988;4.598267;0.892857;
4.752460;2.231538;4.984170;0.998129;4.446172;-1.720901;1.565515;0.956547;4.600972;0.892857;
4.771960;2.228717;4.945259;0.997980;4.431031;-1.672525;1.553598;0.957721;4.606634;0.892857;
4.785939;2.224176;4.911134;0.997877;4.414236;-1.636535;1.544509;0.958605;4.610890;0.892857;
4.785939;2.224180;4.911144;0.997877;4.414247;-1.636533;1.544509;0.958605;4.610890;0.892857;
4.786677;2.223873;4.909184;0.997872;4.413210;-1.634599;1.544015;0.958653;4.611119;0.892857;
4.787415;2.223564;4.907209;0.997866;4.412160;-1.632662;1.543520;0.958701;4.611350;0.892857;
4.788892;2.222934;4.903227;0.997856;4.410027;-1.628779;1.542528;0.958796;4.611811;0.892857;
4.791845;2.221607;4.895102;0.997835;4.405605;-1.620981;1.540528;0.958990;4.612740;0.892857;
4.797752;2.218696;4.878217;0.997793;4.396151;-1.605254;1.536472;0.959380;4.614616;0.892857;
4.809564;2.211877;4.842011;0.997714;4.374880;-1.573312;1.528136;0.960176;4.618446;0.892857;
4.833189;2.194674;4.760974;0.997570;4.323863;-1.507752;1.510654;0.961821;4.626358;0.892857;
4.856815;2.173339;4.670020;0.997450;4.262902;-1.440377;1.492207;0.963522;4.634543;0.892857;
4.880440;2.148824;4.571600;0.997356;4.194142;-1.371794;1.472975;0.965260;4.642901;0.892857;
4.904065;2.122191;4.468466;0.997292;4.120046;-1.302619;1.453163;0.967013;4.651333;0.892857;
4.927690;2.094562;4.363512;0.997258;4.043243;-1.233454;1.432993;0.968761;4.659743;0.892857;
4.951316;2.067080;4.259662;0.997256;3.966448;-1.164821;1.412694;0.970487;4.668046;0.892857;
4.974941;2.040861;4.159760;0.997285;3.892351;-1.097136;1.392496;0.972176;4.676171;0.892857;
4.983766;2.031661;4.124135;0.997304;3.866020;-1.072166;1.385033;0.972795;4.679148;0.892857;
4.983766;2.031636;4.124244;0.997304;3.866145;-1.072126;1.385033;0.972796;4.679148;0.892857;
4.984265;2.031116;4.122234;0.997305;3.864656;-1.070713;1.384610;0.972831;4.679316;0.892857;
4.984765;2.030597;4.120226;0.997306;3.863170;-1.069301;1.384188;0.972866;4.679485;0.892857;
4.985764;2.029563;4.116220;0.997309;3.860206;-1.066477;1.383343;0.972936;4.679821;0.892857;
4.987762;2.027508;4.108249;0.997314;3.854310;-1.060837;1.381655;0.973075;4.680491;0.892857;
4.991758;2.023463;4.092483;0.997324;3.842665;-1.049588;1.378289;0.973353;4.681827;0.892857;
4.999750;2.015646;4.061708;0.997348;3.820010;-1.027220;1.371602;0.973903;4.684476;0.892857;
5.007743;2.008218;4.032004;0.997374;3.798260;-1.005025;1.364977;0.974447;4.687092;0.892857;
5.015735;2.001211;4.003451;0.997404;3.777497;-0.983004;1.358424;0.974985;4.689676;0.892857;
5.023727;1.994658;3.976126;0.997437;3.757797;-0.961159;1.351949;0.975515;4.692228;0.892857;
5.031719;1.988587;3.950101;0.997472;3.739235;-0.939486;1.345558;0.976039;4.694747;0.892857;
5.047704;1.978031;3.902274;0.997549;3.705847;-0.896644;1.333065;0.977066;4.699685;0.892857;
5.063688;1.969706;3.860354;0.997635;3.677730;-0.854434;1.320983;0.978066;4.704496;0.892857;
5.079673;1.963752;3.824669;0.997728;3.655227;-0.812795;1.309349;0.979040;4.709184;0.892857;
5.095657;1.960276;3.795456;0.997826;3.638589;-0.771653;1.298194;0.979991;4.713757;0.892857;
5.127627;1.960989;3.756679;0.998030;3.623228;-0.690429;1.277410;0.981831;4.722608;0.892857;
5.139965;1.963953;3.748559;0.998110;3.623555;-0.659306;1.269936;0.982523;4.725937;0.892857;
5.139965;1.963954;3.748527;0.998110;3.623525;-0.659302;1.269936;0.982524;4.725938;0.892857;
5.139965;1.963954;3.748527;0.998110;3.623525;-0.659302;1.269936;0.982524;4.725938;0.892857;
5.139965;1.963957;3.748527;0.998110;3.623525;-0.659302;1.269936;0.982524;4.725938;0.892857;
5.140856;1.964233;3.748115;0.998116;3.623705;-0.657074;1.269409;0.982573;4.726175;0.892857;
5.141746;1.964518;3.747722;0.998121;3.623903;-0.654847;1.268883;0.982622;4.726412;0.892857;
5.143527;1.965105;3.746983;0.998133;3.624342;-0.650390;1.267836;0.982720;4.726885;0.892857;
5.147088;1.966374;3.745739;0.998156;3.625435;-0.641480;1.265761;0.982916;4.727828;0.892857;
5.154211;1.969281;3.744183;0.998203;3.628473;-0.623667;1.261688;0.983307;4.729706;0.892857;
5.161334;1.972680;3.743862;0.998249;3.632641;-0.605862;1.257718;0.983695;4.731572;0.892857;
5.175580;1.980907;3.746782;0.998339;3.644227;-0.570240;1.250081;0.984464;4.735273;0.892857;
5.189825;1.990976;3.754266;0.998425;3.659968;-0.534568;1.242837;0.985226;4.738938;0.892857;
5.191932;1.992612;3.755734;0.998438;3.662623;-0.529286;1.241798;0.985338;4.739478;0.892857;
5.191932;1.992612;3.755734;0.998438;3.662623;-0.529286;1.241798;0.985338;4.739478;0.892857;
5.192461;1.993032;3.756124;0.998441;3.663309;-0.527960;1.241539;0.985366;4.739613;0.892857;
5.192989;1.993454;3.756522;0.998444;3.664003;-0.526636;1.241280;0.985395;4.739748;0.892857;
5.194047;1.994303;3.757332;0.998450;3.665402;-0.523985;1.240764;0.985451;4.740018;0.892857;
5.196162;1.996031;3.759020;0.998462;3.668262;-0.518680;1.239739;0.985563;4.740558;0.892857;
5.200393;1.999595;3.762662;0.998487;3.674223;-0.508062;1.237711;0.985787;4.741636;0.892857;
5.208854;2.007155;3.770988;0.998534;3.687082;-0.486785;1.233751;0.986234;4.743786;0.892857;
5.220509;2.018440;3.784534;0.998595;3.706651;-0.457365;1.228489;0.986849;4.746741;0.892857;
5.220509;2.018440;3.784534;0.998595;3.706651;-0.457365;1.228489;0.986849;4.746741;0.892857;
5.220509;2.018440;3.784534;0.998595;3.706651;-0.457365;1.228489;0.986849;4.746741;0.892857;
5.220509;2.018440;3.784534;0.998595;3.706651;-0.457365;1.228489;0.986849;4.746741;0.892857;
5.220509;2.018440;3.784534;0.998595;3.706651;-0.457365;1.228489;0.986849;4.746741;0.892857;
5.220509;2.018440;3.784534;0.998595;3.706651;-0.457365;1.228489;0.986849;4.746741;0.892857;
5.221075;2.019016;3.785259;0.998598;3.707662;-0.455933;1.228240;0.986878;4.746835;0.892857;
5.221640;2.019594;3.785991;0.998601;3.708678;-0.454504;1.227991;0.986908;4.746877;0.892857;
5.222771;2.020755;3.787467;0.998607;3.710722;-0.451644;1.227496;0.986967;4.746848;0.892857;
5.225033;2.023101;3.790480;0.998618;3.714862;-0.445922;1.226510;0.987086;4.746253;0.892857;
5.229556;2.027875;3.796731;0.998641;3.723338;-0.434470;1.224563;0.987323;4.743211;0.892857;
5.238603;2.037682;3.810033;0.998683;3.740964;-0.411568;1.220758;0.987796;4.731803;0.892857;
5.247649;2.047771;3.824271;0.998722;3.759358;-0.388693;1.217069;0.988266;4.715726;0.892857;
5.256696;2.058074;3.839285;0.998759;3.778358;-0.365869;1.213488;0.988734;4.697726;0.892857;
5.265743;2.068553;3.854933;0.998792;3.797826;-0.343110;1.210006;0.989198;4.679759;0.892857;
5.274789;2.079187;3.871091;0.998823;3.817643;-0.320413;1.206615;0.989660;4.662963;0.892857;
5.283836;2.089960;3.887650;0.998850;3.837704;-0.297773;1.203305;0.990120;4.647817;0.892857;
5.301929;2.111842;3.921432;0.998895;3.878059;-0.252588;1.196884;0.991035;4.622184;0.892857;
5.320022;2.134046;3.955601;0.998927;3.918252;-0.207496;1.190678;0.991946;4.601637;0.892857;
5.338116;2.156368;3.989440;0.998947;3.957606;-0.162424;1.184618;0.992856;4.585105;0.892857;
5.356209;2.178587;4.022250;0.998954;3.995458;-0.117299;1.178635;0.993767;4.572200;0.892857;
5.374302;2.200487;4.053393;0.998950;4.031197;-0.072056;1.172663;0.994683;4.563139;0.892857;
5.410489;2.242448;4.108035;0.998912;4.093785;0.019225;1.160430;0.996542;4.558685;0.892857;
5.443056;2.277670;4.147171;0.998847;4.138663;0.102496;1.148891;0.998254;4.571058;0.892857;
5.475624;2.310015;4.175368;0.998760;4.171235;0.187287;1.136590;1.000017;4.599075;0.892857;
5.508192;2.339314;4.192155;0.998659;4.190913;0.274007;1.123343;1.001838;4.641600;0.892857;
5.540760;2.365657;4.197897;0.998550;4.197874;0.363002;1.109039;1.003726;4.696630;0.892857;
5.573328;2.389356;4.193697;0.998441;4.192967;0.454542;1.093634;1.005684;4.761555;0.892857;
5.592961;2.402613;4.187206;0.998377;4.185003;0.510971;1.083830;1.006896;4.803978;0.892857;
5.592961;2.402619;4.187241;0.998377;4.185036;0.511017;1.083830;1.006897;4.803964;0.892857;
5.593744;2.403124;4.186904;0.998375;4.184622;0.513295;1.083430;1.006946;4.805677;0.892857;
5.594528;2.403632;4.186562;0.998372;4.184203;0.515573;1.083030;1.006995;4.807334;0.892857;
5.596095;2.404644;4.185869;0.998367;4.183349;0.520135;1.082227;1.007093;4.810524;0.892857;
5.599230;2.406651;4.184430;0.998357;4.181573;0.529275;1.080614;1.007290;4.816336;0.892857;
5.604508;2.409971;4.181848;0.998341;4.178370;0.544708;1.077876;1.007623;4.824716;0.892857;
5.604508;2.409971;4.181848;0.998341;4.178370;0.544708;1.077876;1.007623;4.824716;0.892857;
5.605356;2.410496;4.181412;0.998338;4.177828;0.547191;1.077433;1.007676;4.825865;0.892857;
5.606203;2.411019;4.180970;0.998335;4.177279;0.549675;1.076990;1.007730;4.826978;0.892857;
5.607898;2.412060;4.180075;0.998330;4.176164;0.554648;1.076102;1.007837;4.829124;0.892857;
5.611289;2.414114;4.178220;0.998320;4.173849;0.564605;1.074318;1.008052;4.833049;0.892857;
5.618069;2.418108;4.174255;0.998300;4.168881;0.584560;1.070717;1.008483;4.839717;0.892857;
5.618675;2.418456;4.173884;0.998298;4.168416;0.586343;1.070394;1.008522;4.840260;0.892857;
5.618675;2.418456;4.173884;0.998298;4.168416;0.586343;1.070394;1.008522;4.840260;0.892857;
5.619678;2.419030;4.173260;0.998295;4.167633;0.589300;1.069856;1.008586;4.841008;0.892857;
5.620682;2.419600;4.172628;0.998292;4.166839;0.592258;1.069317;1.008650;4.841666;0.892857;
5.622689;2.420732;4.171345;0.998286;4.165226;0.598178;1.068238;1.008778;4.842788;0.892857;
5.626703;2.422946;4.168687;0.998275;4.161877;0.610022;1.066069;1.009034;4.844226;0.892857;
5.634731;2.427173;4.162993;0.998252;4.154684;0.633711;1.061689;1.009547;4.845042;0.892857;
5.642760;2.431131;4.156800;0.998231;4.146835;0.657383;1.057255;1.010060;4.844233;0.892857;
5.650788;2.434830;4.150129;0.998211;4.138347;0.681021;1.052770;1.010573;4.842982;0.892857;
5.666845;2.441580;4.135562;0.998175;4.119670;0.728157;1.043660;1.011598;4.841757;0.892857;
5.682902;2.447616;4.119642;0.998145;4.098992;0.775103;1.034383;1.012620;4.842376;0.892857;
5.698958;2.453135;4.102779;0.998120;4.076719;0.821858;1.024969;1.013639;4.844475;0.892857;
5.715015;2.458318;4.085407;0.998102;4.053285;0.868428;1.015447;1.014654;4.847258;0.892857;
5.731072;2.463325;4.067960;0.998090;4.029129;0.914817;1.005852;1.015664;4.850111;0.892857;
5.747129;2.468304;4.050864;0.998086;4.004685;0.961034;0.996215;1.016668;4.852767;0.892857;
5.779242;2.478902;4.019814;0.998096;3.957103;1.053029;0.977000;1.018659;4.857579;0.892857;
5.808144;2.489688;3.996868;0.998128;3.917279;1.135466;0.959904;1.020430;4.861637;0.892857;
5.837046;2.502334;3.980516;0.998178;3.882308;1.217770;0.943175;1.022184;4.865657;0.892857;
5.865949;2.517415;3.972181;0.998244;3.853782;1.300200;0.926975;1.023922;4.869692;0.892857;
5.894851;2.535262;3.972739;0.998322;3.832762;1.382971;0.911421;1.025650;4.873730;0.892857;
5.923753;2.556095;3.982607;0.998408;3.819839;1.466322;0.896605;1.027370;4.877755;0.892857;
5.939406;2.568663;3.991840;0.998457;3.816272;1.511791;0.888913;1.028300;4.879930;0.892857;
5.939406;2.568650;3.991795;0.998457;3.816247;1.511713;0.888913;1.028298;4.879922;0.892857;
5.940392;2.569465;3.992471;0.998460;3.816110;1.514579;0.888436;1.028357;4.880020;0.892857;
5.941379;2.570291;3.993159;0.998463;3.815982;1.517449;0.887959;1.028415;4.880076;0.892857;
5.943353;2.571952;3.994562;0.998470;3.815749;1.523193;0.887009;1.028532;4.880092;0.892857;
5.947300;2.575312;3.997491;0.998482;3.815395;1.534691;0.885120;1.028766;4.879657;0.892857;
5.955195;2.582175;4.003827;0.998508;3.815117;1.557718;0.881388;1.029234;4.877123;0.892857;
5.970984;2.596382;4.018275;0.998559;3.816171;1.603812;0.874113;1.030166;4.867159;0.892857;
5.986774;2.611148;4.034889;0.998609;3.819209;1.649879;0.867089;1.031092;4.852660;0.892857;
6.002563;2.626386;4.053417;0.998658;3.824019;1.695832;0.860310;1.032012;4.835688;0.892857;
6.018353;2.642034;4.073617;0.998706;3.830388;1.741607;0.853770;1.032925;4.817448;0.892857;
6.034142;2.658037;4.095255;0.998751;3.838105;1.787159;0.847460;1.033829;4.798456;0.892857;
6.065721;2.690815;4.141668;0.998835;3.856429;1.877453;0.835474;1.035611;4.759065;0.892857;
6.097300;2.724287;4.191101;0.998908;3.877538;1.966454;0.824258;1.037358;4.718473;0.892857;
6.128878;2.758005;4.241993;0.998969;3.899899;2.053948;0.813703;1.039066;4.678080;0.892857;
6.160457;2.791569;4.292933;0.999019;3.922073;2.139789;0.803694;1.040737;4.639439;0.892857;
6.192036;2.824641;4.342755;0.999056;3.942818;2.223897;0.794113;1.042370;4.603810;0.892857;
6.223615;2.856960;4.390551;0.999083;3.961128;2.306249;0.784852;1.043968;4.571970;0.892857;
6.255193;2.888339;4.435685;0.999100;3.976262;2.386863;0.775815;1.045531;4.544230;0.892857;
6.286772;2.918654;4.477781;0.999111;3.987747;2.465783;0.766921;1.047063;4.520515;0.892857;
6.318351;2.947844;4.516696;0.999116;3.995371;2.543063;0.758109;1.048565;4.500443;0.892857;
6.381509;3.002935;4.585843;0.999121;3.999802;2.693090;0.740582;1.051485;4.467450;0.892857;
6.438350;3.048966;4.639612;0.999127;3.993322;2.822663;0.724934;1.054010;4.442060;0.892857;
6.495192;3.092030;4.687685;0.999142;3.979949;2.946960;0.709509;1.056434;4.415435;0.892857;
6.552034;3.132496;4.732363;0.999172;3.963094;3.065531;0.694508;1.058741;4.382959;0.892857;
6.608876;3.170609;4.775538;0.999217;3.946061;3.177655;0.680192;1.060916;4.341068;0.892857;
6.665718;3.206429;4.818398;0.999278;3.931565;3.282410;0.666823;1.062939;4.287691;0.892857;
6.722559;3.239818;4.861323;0.999350;3.921434;3.378785;0.654630;1.064787;4.222392;0.892857;
6.779401;3.270482;4.903951;0.999429;3.916499;3.465803;0.643773;1.066445;4.146204;0.892857;
6.836243;3.298042;4.945367;0.999511;3.916657;3.542646;0.634333;1.067899;4.061260;0.892857;
6.893085;3.322077;4.984342;0.999590;3.921084;3.608718;0.626311;1.069139;3.970279;0.892857;
6.949927;3.342217;5.019617;0.999664;3.928427;3.663875;0.619633;1.070167;3.876094;0.892857;
7.006768;3.358204;5.049867;0.999730;3.937230;3.707830;0.614189;1.070980;3.781483;0.892857;
7.063610;3.370009;5.074313;0.999788;3.946120;3.741054;0.609849;1.071591;3.688587;0.892857;
7.120452;3.377484;5.092531;0.999837;3.954209;3.763975;0.606468;1.072009;3.597988;0.892857;
7.177294;3.380764;5.104226;0.999880;3.960605;3.777200;0.603912;1.072247;3.510644;0.892857;
7.234136;3.380015;5.109520;0.999917;3.964990;3.781357;0.602076;1.072319;3.426859;0.892857;
7.290977;3.375490;5.108841;0.999951;3.967452;3.777098;0.600885;1.072235;3.346162;0.892857;
7.347819;3.367470;5.102782;0.999984;3.968438;3.764930;0.600292;1.072005;3.267714;0.892857;
7.404661;3.356330;5.092031;1.000015;3.968179;3.745777;0.600278;1.071646;3.191394;0.892857;
7.518345;3.325979;5.059683;1.000080;3.967397;3.687862;0.601979;1.070560;3.041775;0.892857;
7.616180;3.292293;5.022163;1.000136;3.967371;3.618980;0.605292;1.069263;2.916750;0.892857;
7.714016;3.253014;4.978017;1.000190;3.968955;3.534905;0.610282;1.067674;2.796277;0.892857;
7.811851;3.209456;4.928928;1.000239;3.972084;3.438196;0.616833;1.065839;2.682222;0.892857;
7.909687;3.162689;4.876115;1.000283;3.976194;3.331225;0.624795;1.063800;2.576239;0.892857;
8.007522;3.113763;4.820684;1.000319;3.980546;3.216483;0.633979;1.061606;2.479647;0.892857;
8.105358;3.063502;4.763675;1.000349;3.984639;3.096158;0.644192;1.059296;2.392870;0.892857;
8.203193;3.012928;4.706106;1.000373;3.987935;2.972652;0.655233;1.056916;2.316520;0.892857;
8.301029;2.962808;4.649168;1.000391;3.990550;2.847921;0.666931;1.054504;2.249792;0.892857;
8.398864;2.913778;4.593880;1.000406;3.992682;2.723612;0.679146;1.052090;2.192033;0.892857;
8.496700;2.866399;4.541134;1.000417;3.994626;2.601077;0.691757;1.049700;2.142648;0.892857;
8.594535;2.821085;4.491579;1.000424;3.996589;2.481441;0.704655;1.047356;2.101197;0.892857;
8.692371;2.778155;4.445635;1.000428;3.998685;2.365611;0.717731;1.045077;2.067352;0.892857;
8.790206;2.737824;4.403490;1.000429;4.000906;2.254326;0.730871;1.042878;2.040861;0.892857;
8.888042;2.700222;4.365156;1.000425;4.003166;2.148187;0.743962;1.040772;2.021508;0.892857;
8.985877;2.665413;4.330527;1.000418;4.005351;2.047668;0.756888;1.038770;2.009042;0.892857;
9.181548;2.604306;4.271719;1.000394;4.009007;1.865386;0.781697;1.035120;2.003147;0.892857;
9.357652;2.558663;4.229634;1.000362;4.011688;1.723001;0.802485;1.032252;2.017163;0.892857;
9.533756;2.521453;4.196481;1.000324;4.013765;1.601615;0.821354;1.029795;2.047152;0.892857;
9.709860;2.492263;4.171001;1.000280;4.015249;1.501422;0.837945;1.027758;2.090690;0.892857;
9.885964;2.470323;4.152038;1.000231;4.016384;1.421528;0.852001;1.026129;2.145209;0.892857;
10.000000;2.459730;4.142779;1.000198;4.017010;1.380270;0.859675;1.025285;2.185505;0.892857;
