time;Converter250_control_omegaPu;Converter250_converter_IConvPu;Converter500_control_omegaPu;Converter500_converter_IConvPu;Converter1000_control_omegaPu;Converter1000_converter_IConvPu;
0.0000;1.0000;0.6154;1.0000;0.5958;1.0000;0.6301;
0.0000;1.0000;0.6154;1.0000;0.5958;1.0000;0.6301;
0.0000;1.0000;0.6154;1.0000;0.5957;1.0000;0.6301;
0.0000;1.0000;0.6155;1.0000;0.5956;1.0000;0.6302;
0.0000;1.0000;0.6155;1.0000;0.5956;1.0000;0.6302;
0.0001;1.0000;0.6157;1.0000;0.5955;1.0000;0.6304;
0.0001;1.0000;0.6160;1.0000;0.5954;1.0000;0.6306;
0.0001;1.0000;0.6163;1.0000;0.5953;1.0000;0.6308;
0.0002;1.0000;0.6166;1.0000;0.5952;1.0000;0.6311;
0.0002;1.0000;0.6170;1.0000;0.5952;1.0000;0.6314;
0.0002;1.0000;0.6175;1.0000;0.5950;0.9999;0.6318;
0.0003;1.0000;0.6180;1.0000;0.5949;0.9999;0.6321;
0.0003;1.0000;0.6185;1.0000;0.5948;0.9999;0.6325;
0.0003;1.0000;0.6191;1.0000;0.5946;0.9999;0.6329;
0.0004;1.0000;0.6197;1.0000;0.5943;0.9999;0.6334;
0.0004;1.0000;0.6203;1.0000;0.5941;0.9999;0.6338;
0.0005;1.0000;0.6216;1.0000;0.5934;0.9999;0.6348;
0.0005;1.0000;0.6228;1.0000;0.5928;0.9999;0.6356;
0.0006;1.0000;0.6239;1.0000;0.5921;0.9999;0.6364;
0.0006;1.0000;0.6251;1.0000;0.5913;0.9999;0.6372;
0.0007;1.0000;0.6262;1.0000;0.5906;0.9999;0.6380;
0.0007;1.0000;0.6273;1.0000;0.5899;0.9999;0.6388;
0.0008;1.0000;0.6283;1.0000;0.5892;0.9999;0.6394;
0.0009;1.0000;0.6293;1.0000;0.5885;0.9999;0.6401;
0.0009;1.0000;0.6302;1.0000;0.5879;0.9999;0.6406;
0.0010;1.0000;0.6310;1.0000;0.5874;0.9999;0.6411;
0.0010;1.0000;0.6317;1.0000;0.5870;0.9999;0.6416;
0.0011;1.0000;0.6323;1.0000;0.5867;0.9999;0.6420;
0.0011;1.0000;0.6328;1.0000;0.5864;0.9999;0.6423;
0.0012;1.0000;0.6333;1.0000;0.5863;0.9998;0.6425;
0.0013;1.0000;0.6337;1.0000;0.5862;0.9998;0.6427;
0.0013;1.0000;0.6340;1.0000;0.5863;0.9998;0.6429;
0.0014;1.0000;0.6343;1.0000;0.5864;0.9998;0.6430;
0.0015;1.0000;0.6347;1.0000;0.5867;0.9998;0.6431;
0.0016;1.0000;0.6350;1.0000;0.5872;0.9998;0.6431;
0.0017;1.0000;0.6354;1.0000;0.5876;0.9998;0.6432;
0.0018;1.0000;0.6357;1.0000;0.5879;0.9998;0.6432;
0.0019;1.0000;0.6361;1.0000;0.5880;0.9998;0.6433;
0.0020;1.0000;0.6365;1.0000;0.5881;0.9998;0.6434;
0.0021;1.0000;0.6371;1.0000;0.5879;0.9997;0.6436;
0.0022;1.0000;0.6377;1.0000;0.5875;0.9997;0.6438;
0.0023;1.0000;0.6383;1.0000;0.5871;0.9997;0.6441;
0.0024;1.0000;0.6390;1.0000;0.5865;0.9997;0.6443;
0.0026;1.0000;0.6404;1.0000;0.5851;0.9997;0.6449;
0.0028;1.0000;0.6418;1.0000;0.5839;0.9997;0.6454;
0.0030;1.0000;0.6430;1.0000;0.5829;0.9997;0.6457;
0.0032;1.0000;0.6441;1.0000;0.5821;0.9997;0.6460;
0.0034;1.0000;0.6451;1.0000;0.5815;0.9997;0.6461;
0.0036;0.9999;0.6460;1.0000;0.5811;0.9997;0.6462;
0.0040;0.9999;0.6477;1.0000;0.5806;0.9997;0.6462;
0.0044;0.9999;0.6494;1.0001;0.5802;0.9997;0.6461;
0.0049;0.9999;0.6509;1.0001;0.5800;0.9997;0.6459;
0.0057;0.9999;0.6537;1.0001;0.5804;0.9997;0.6452;
0.0065;0.9999;0.6561;1.0000;0.5818;0.9997;0.6441;
0.0073;0.9998;0.6582;1.0000;0.5841;0.9997;0.6426;
0.0081;0.9998;0.6599;1.0000;0.5872;0.9998;0.6409;
0.0089;0.9998;0.6612;1.0000;0.5911;0.9998;0.6390;
0.0098;0.9997;0.6623;1.0000;0.5955;0.9998;0.6368;
0.0106;0.9997;0.6630;1.0000;0.6005;0.9999;0.6345;
0.0114;0.9997;0.6634;1.0000;0.6060;0.9999;0.6320;
0.0122;0.9997;0.6635;1.0000;0.6117;1.0000;0.6295;
0.0130;0.9996;0.6633;1.0000;0.6176;1.0000;0.6269;
0.0139;0.9996;0.6629;0.9999;0.6237;1.0001;0.6242;
0.0147;0.9996;0.6621;0.9999;0.6299;1.0002;0.6216;
0.0155;0.9996;0.6612;0.9999;0.6359;1.0002;0.6190;
0.0163;0.9995;0.6600;0.9999;0.6419;1.0003;0.6164;
0.0171;0.9995;0.6586;0.9999;0.6477;1.0003;0.6140;
0.0179;0.9995;0.6570;0.9998;0.6532;1.0004;0.6117;
0.0188;0.9995;0.6552;0.9998;0.6584;1.0004;0.6095;
0.0196;0.9995;0.6533;0.9998;0.6633;1.0004;0.6075;
0.0204;0.9995;0.6512;0.9998;0.6677;1.0005;0.6057;
0.0212;0.9995;0.6490;0.9998;0.6718;1.0005;0.6041;
0.0220;0.9995;0.6467;0.9998;0.6754;1.0005;0.6027;
0.0228;0.9995;0.6443;0.9998;0.6785;1.0006;0.6016;
0.0237;0.9995;0.6419;0.9998;0.6812;1.0006;0.6007;
0.0245;0.9995;0.6394;0.9997;0.6834;1.0006;0.6000;
0.0253;0.9995;0.6369;0.9997;0.6851;1.0006;0.5996;
0.0261;0.9995;0.6344;0.9997;0.6863;1.0006;0.5994;
0.0269;0.9995;0.6319;0.9997;0.6871;1.0006;0.5995;
0.0278;0.9995;0.6294;0.9997;0.6874;1.0006;0.5998;
0.0286;0.9996;0.6269;0.9997;0.6872;1.0006;0.6004;
0.0294;0.9996;0.6245;0.9997;0.6867;1.0006;0.6011;
0.0302;0.9996;0.6222;0.9997;0.6858;1.0005;0.6021;
0.0310;0.9996;0.6199;0.9997;0.6844;1.0005;0.6032;
0.0318;0.9996;0.6177;0.9997;0.6828;1.0005;0.6045;
0.0327;0.9996;0.6157;0.9997;0.6808;1.0005;0.6059;
0.0335;0.9997;0.6137;0.9997;0.6786;1.0004;0.6075;
0.0343;0.9997;0.6119;0.9998;0.6761;1.0004;0.6091;
0.0351;0.9997;0.6102;0.9998;0.6735;1.0004;0.6109;
0.0359;0.9997;0.6086;0.9998;0.6706;1.0003;0.6127;
0.0367;0.9998;0.6071;0.9998;0.6676;1.0003;0.6145;
0.0376;0.9998;0.6058;0.9998;0.6645;1.0003;0.6163;
0.0384;0.9998;0.6047;0.9998;0.6614;1.0002;0.6181;
0.0392;0.9998;0.6037;0.9998;0.6582;1.0002;0.6199;
0.0400;0.9999;0.6028;0.9998;0.6550;1.0002;0.6217;
0.0408;0.9999;0.6021;0.9998;0.6518;1.0001;0.6234;
0.0417;0.9999;0.6015;0.9998;0.6488;1.0001;0.6250;
0.0425;0.9999;0.6011;0.9998;0.6458;1.0001;0.6266;
0.0433;0.9999;0.6008;0.9999;0.6429;1.0000;0.6280;
0.0441;1.0000;0.6007;0.9999;0.6402;1.0000;0.6294;
0.0449;1.0000;0.6007;0.9999;0.6376;1.0000;0.6306;
0.0457;1.0000;0.6008;0.9999;0.6352;1.0000;0.6317;
0.0474;1.0000;0.6015;0.9999;0.6313;0.9999;0.6333;
0.0488;1.0001;0.6024;0.9999;0.6285;0.9999;0.6344;
0.0503;1.0001;0.6036;0.9999;0.6265;0.9999;0.6350;
0.0518;1.0001;0.6050;0.9999;0.6253;0.9999;0.6352;
0.0533;1.0001;0.6066;0.9999;0.6247;0.9999;0.6350;
0.0547;1.0001;0.6083;0.9999;0.6248;0.9999;0.6346;
0.0562;1.0001;0.6101;0.9999;0.6253;0.9999;0.6338;
0.0577;1.0001;0.6119;0.9999;0.6264;0.9999;0.6329;
0.0591;1.0001;0.6137;0.9999;0.6278;1.0000;0.6317;
0.0606;1.0001;0.6154;0.9999;0.6294;1.0000;0.6305;
0.0621;1.0001;0.6170;0.9999;0.6312;1.0000;0.6292;
0.0636;1.0001;0.6186;0.9999;0.6330;1.0000;0.6280;
0.0650;1.0001;0.6200;0.9999;0.6348;1.0001;0.6267;
0.0665;1.0001;0.6212;0.9999;0.6364;1.0001;0.6256;
0.0680;1.0001;0.6223;0.9999;0.6379;1.0001;0.6246;
0.0694;1.0001;0.6232;0.9999;0.6392;1.0001;0.6237;
0.0709;1.0001;0.6239;0.9999;0.6402;1.0001;0.6230;
0.0724;1.0000;0.6245;0.9999;0.6409;1.0001;0.6225;
0.0739;1.0000;0.6249;0.9999;0.6413;1.0001;0.6222;
0.0753;1.0000;0.6251;0.9999;0.6414;1.0001;0.6221;
0.0783;1.0000;0.6250;0.9999;0.6407;1.0001;0.6224;
0.0812;1.0000;0.6245;0.9999;0.6391;1.0001;0.6233;
0.0842;1.0000;0.6238;0.9999;0.6371;1.0001;0.6245;
0.0871;1.0000;0.6229;0.9999;0.6348;1.0001;0.6259;
0.0901;1.0000;0.6219;0.9999;0.6326;1.0000;0.6272;
0.0930;1.0000;0.6211;0.9999;0.6307;1.0000;0.6284;
0.0959;1.0000;0.6203;0.9999;0.6291;1.0000;0.6294;
0.0989;1.0000;0.6198;0.9999;0.6279;1.0000;0.6301;
0.1018;1.0000;0.6195;0.9999;0.6272;1.0000;0.6305;
0.1048;1.0000;0.6194;0.9999;0.6268;1.0000;0.6307;
0.1077;1.0000;0.6195;0.9999;0.6267;1.0000;0.6307;
0.1136;1.0000;0.6202;0.9999;0.6269;1.0000;0.6304;
0.1189;1.0000;0.6210;0.9999;0.6271;1.0000;0.6301;
0.1242;1.0000;0.6217;0.9999;0.6270;1.0000;0.6299;
0.1295;1.0000;0.6223;0.9999;0.6266;1.0000;0.6300;
0.1348;1.0000;0.6227;0.9999;0.6260;1.0000;0.6302;
0.1454;1.0000;0.6230;0.9999;0.6248;1.0000;0.6307;
0.1560;1.0000;0.6231;0.9999;0.6239;1.0000;0.6311;
0.1666;0.9999;0.6231;0.9999;0.6232;1.0000;0.6315;
0.1878;0.9999;0.6232;0.9999;0.6224;1.0000;0.6318;
0.2090;0.9999;0.6234;0.9999;0.6217;0.9999;0.6321;
0.2514;0.9999;0.6235;0.9999;0.6210;0.9999;0.6325;
0.2937;0.9999;0.6236;0.9999;0.6205;0.9999;0.6327;
0.3361;0.9999;0.6237;0.9999;0.6203;0.9999;0.6328;
0.4209;0.9999;0.6238;0.9999;0.6202;0.9999;0.6329;
0.5000;0.9999;0.6238;0.9999;0.6201;0.9999;0.6330;
0.5000;0.9999;0.6238;0.9999;0.6201;0.9999;0.6330;
0.5000;0.9999;0.6238;0.9999;0.6201;0.9999;0.6330;
0.5000;0.9999;0.6238;0.9999;0.6201;0.9999;0.6330;
0.5000;0.9999;0.6238;0.9999;0.6201;0.9999;0.6330;
0.5000;0.9999;0.6238;0.9999;0.6201;0.9999;0.6329;
0.5000;0.9999;0.6238;0.9999;0.6201;0.9999;0.6328;
0.5000;0.9999;0.6238;0.9999;0.6201;0.9999;0.6326;
0.5000;0.9999;0.6238;0.9999;0.6200;0.9999;0.6324;
0.5001;0.9999;0.6238;0.9999;0.6199;0.9999;0.6322;
0.5001;0.9999;0.6239;0.9999;0.6199;1.0000;0.6319;
0.5001;0.9999;0.6239;0.9999;0.6198;1.0000;0.6316;
0.5001;0.9999;0.6240;0.9999;0.6196;1.0000;0.6307;
0.5001;0.9999;0.6241;0.9999;0.6194;1.0000;0.6298;
0.5002;0.9999;0.6243;0.9999;0.6192;1.0000;0.6287;
0.5002;0.9999;0.6245;0.9999;0.6190;1.0000;0.6274;
0.5002;0.9999;0.6247;0.9999;0.6188;1.0001;0.6261;
0.5002;0.9999;0.6250;0.9999;0.6185;1.0001;0.6246;
0.5003;0.9999;0.6254;0.9999;0.6183;1.0001;0.6229;
0.5003;0.9999;0.6258;0.9999;0.6181;1.0001;0.6212;
0.5003;0.9999;0.6264;0.9999;0.6179;1.0001;0.6194;
0.5004;0.9999;0.6269;0.9999;0.6177;1.0002;0.6174;
0.5004;0.9999;0.6276;0.9999;0.6175;1.0002;0.6154;
0.5004;0.9999;0.6284;0.9999;0.6173;1.0002;0.6133;
0.5004;0.9999;0.6292;0.9999;0.6172;1.0003;0.6112;
0.5005;0.9999;0.6301;0.9999;0.6171;1.0003;0.6091;
0.5005;0.9999;0.6310;0.9999;0.6170;1.0003;0.6069;
0.5005;0.9999;0.6321;0.9999;0.6170;1.0003;0.6046;
0.5005;0.9999;0.6332;0.9999;0.6169;1.0004;0.6024;
0.5006;0.9999;0.6344;0.9999;0.6170;1.0004;0.6002;
0.5006;0.9999;0.6357;0.9999;0.6170;1.0004;0.5979;
0.5006;0.9999;0.6370;0.9999;0.6171;1.0005;0.5957;
0.5006;0.9999;0.6384;0.9999;0.6173;1.0005;0.5936;
0.5007;0.9999;0.6399;0.9999;0.6175;1.0005;0.5914;
0.5007;0.9999;0.6413;0.9999;0.6177;1.0006;0.5893;
0.5007;0.9999;0.6429;0.9999;0.6179;1.0006;0.5873;
0.5007;0.9999;0.6444;0.9999;0.6182;1.0007;0.5853;
0.5008;0.9999;0.6460;0.9999;0.6185;1.0007;0.5833;
0.5008;0.9999;0.6477;0.9999;0.6189;1.0007;0.5814;
0.5008;0.9999;0.6493;0.9999;0.6192;1.0008;0.5796;
0.5008;0.9999;0.6510;0.9999;0.6196;1.0008;0.5778;
0.5009;0.9999;0.6526;0.9999;0.6200;1.0009;0.5761;
0.5009;0.9999;0.6543;0.9999;0.6205;1.0009;0.5745;
0.5009;0.9999;0.6559;0.9999;0.6209;1.0009;0.5730;
0.5010;0.9999;0.6591;0.9999;0.6219;1.0010;0.5701;
0.5010;0.9999;0.6619;0.9999;0.6228;1.0011;0.5678;
0.5011;0.9999;0.6646;0.9999;0.6236;1.0012;0.5657;
0.5011;0.9999;0.6671;0.9999;0.6245;1.0012;0.5639;
0.5011;0.9999;0.6696;0.9999;0.6254;1.0013;0.5622;
0.5012;0.9999;0.6719;0.9999;0.6262;1.0014;0.5607;
0.5012;0.9999;0.6741;0.9999;0.6271;1.0014;0.5594;
0.5013;0.9999;0.6761;0.9999;0.6279;1.0015;0.5582;
0.5013;0.9999;0.6781;0.9999;0.6286;1.0015;0.5571;
0.5014;0.9999;0.6799;0.9999;0.6294;1.0016;0.5561;
0.5014;0.9999;0.6817;0.9999;0.6301;1.0017;0.5552;
0.5015;0.9999;0.6835;0.9999;0.6308;1.0017;0.5543;
0.5015;0.9999;0.6852;0.9999;0.6315;1.0018;0.5535;
0.5016;0.9999;0.6869;0.9999;0.6322;1.0018;0.5526;
0.5016;0.9999;0.6887;0.9999;0.6329;1.0019;0.5518;
0.5017;0.9999;0.6905;0.9999;0.6337;1.0019;0.5509;
0.5017;0.9999;0.6924;0.9999;0.6345;1.0020;0.5499;
0.5017;0.9999;0.6944;0.9999;0.6353;1.0020;0.5489;
0.5018;0.9999;0.6964;0.9999;0.6362;1.0021;0.5479;
0.5018;0.9999;0.6986;0.9999;0.6371;1.0021;0.5467;
0.5019;0.9999;0.7010;0.9999;0.6381;1.0022;0.5454;
0.5020;0.9999;0.7062;0.9999;0.6403;1.0023;0.5426;
0.5021;0.9999;0.7115;0.9999;0.6426;1.0024;0.5397;
0.5021;0.9999;0.7172;0.9999;0.6452;1.0025;0.5366;
0.5022;0.9999;0.7234;0.9999;0.6479;1.0026;0.5332;
0.5023;0.9999;0.7299;0.9999;0.6509;1.0027;0.5297;
0.5024;0.9999;0.7367;0.9999;0.6541;1.0027;0.5261;
0.5025;0.9999;0.7437;0.9999;0.6573;1.0028;0.5224;
0.5026;0.9999;0.7509;0.9999;0.6607;1.0029;0.5187;
0.5026;0.9999;0.7581;0.9999;0.6642;1.0030;0.5150;
0.5027;0.9998;0.7654;0.9999;0.6677;1.0031;0.5113;
0.5028;0.9998;0.7727;0.9998;0.6712;1.0032;0.5077;
0.5029;0.9998;0.7799;0.9998;0.6747;1.0033;0.5042;
0.5030;0.9998;0.7871;0.9998;0.6782;1.0034;0.5007;
0.5031;0.9998;0.7941;0.9998;0.6817;1.0035;0.4974;
0.5032;0.9998;0.8080;0.9998;0.6887;1.0036;0.4910;
0.5034;0.9998;0.8217;0.9998;0.6956;1.0038;0.4847;
0.5035;0.9998;0.8354;0.9998;0.7026;1.0040;0.4786;
0.5037;0.9997;0.8491;0.9998;0.7097;1.0042;0.4725;
0.5039;0.9997;0.8629;0.9997;0.7170;1.0043;0.4664;
0.5040;0.9997;0.8768;0.9997;0.7243;1.0045;0.4602;
0.5042;0.9997;0.8908;0.9997;0.7318;1.0047;0.4540;
0.5044;0.9996;0.9049;0.9997;0.7394;1.0048;0.4477;
0.5045;0.9996;0.9190;0.9997;0.7470;1.0050;0.4414;
0.5047;0.9996;0.9330;0.9996;0.7547;1.0051;0.4350;
0.5049;0.9995;0.9470;0.9996;0.7623;1.0053;0.4287;
0.5050;0.9995;0.9608;0.9996;0.7698;1.0054;0.4224;
0.5052;0.9995;0.9745;0.9996;0.7774;1.0056;0.4161;
0.5054;0.9994;0.9880;0.9996;0.7848;1.0057;0.4098;
0.5055;0.9994;1.0012;0.9995;0.7921;1.0059;0.4035;
0.5056;0.9994;1.0062;0.9995;0.7951;1.0059;0.4010;
0.5057;0.9993;1.0109;0.9995;0.7981;1.0060;0.3984;
0.5057;0.9993;1.0154;0.9995;0.8010;1.0060;0.3959;
0.5058;0.9993;1.0196;0.9995;0.8039;1.0061;0.3934;
0.5059;0.9993;1.0237;0.9995;0.8068;1.0061;0.3908;
0.5059;0.9993;1.0277;0.9995;0.8097;1.0062;0.3883;
0.5060;0.9992;1.0315;0.9995;0.8126;1.0063;0.3858;
0.5061;0.9992;1.0352;0.9995;0.8155;1.0063;0.3832;
0.5061;0.9992;1.0387;0.9995;0.8183;1.0064;0.3807;
0.5062;0.9992;1.0421;0.9995;0.8212;1.0064;0.3781;
0.5063;0.9992;1.0453;0.9994;0.8240;1.0065;0.3756;
0.5063;0.9992;1.0484;0.9994;0.8269;1.0065;0.3730;
0.5064;0.9991;1.0512;0.9994;0.8298;1.0066;0.3704;
0.5065;0.9991;1.0539;0.9994;0.8326;1.0066;0.3678;
0.5065;0.9991;1.0563;0.9994;0.8355;1.0067;0.3652;
0.5066;0.9991;1.0585;0.9994;0.8384;1.0067;0.3626;
0.5067;0.9991;1.0604;0.9994;0.8413;1.0067;0.3599;
0.5067;0.9990;1.0620;0.9994;0.8442;1.0068;0.3573;
0.5068;0.9990;1.0634;0.9994;0.8471;1.0068;0.3547;
0.5069;0.9990;1.0645;0.9994;0.8501;1.0069;0.3520;
0.5070;0.9990;1.0654;0.9994;0.8531;1.0069;0.3494;
0.5070;0.9990;1.0660;0.9994;0.8561;1.0069;0.3467;
0.5071;0.9989;1.0663;0.9993;0.8592;1.0070;0.3441;
0.5072;0.9989;1.0664;0.9993;0.8622;1.0070;0.3415;
0.5072;0.9989;1.0663;0.9993;0.8653;1.0070;0.3389;
0.5073;0.9989;1.0660;0.9993;0.8685;1.0071;0.3363;
0.5074;0.9988;1.0655;0.9993;0.8716;1.0071;0.3338;
0.5074;0.9988;1.0648;0.9993;0.8748;1.0071;0.3313;
0.5075;0.9988;1.0640;0.9993;0.8780;1.0071;0.3289;
0.5076;0.9988;1.0631;0.9993;0.8812;1.0072;0.3265;
0.5076;0.9988;1.0621;0.9993;0.8845;1.0072;0.3241;
0.5077;0.9987;1.0609;0.9993;0.8877;1.0072;0.3219;
0.5078;0.9987;1.0597;0.9993;0.8910;1.0072;0.3196;
0.5078;0.9987;1.0584;0.9993;0.8942;1.0072;0.3175;
0.5079;0.9987;1.0571;0.9993;0.8975;1.0073;0.3154;
0.5080;0.9986;1.0557;0.9992;0.9008;1.0073;0.3133;
0.5080;0.9986;1.0543;0.9992;0.9040;1.0073;0.3114;
0.5081;0.9986;1.0528;0.9992;0.9073;1.0073;0.3095;
0.5082;0.9986;1.0513;0.9992;0.9105;1.0073;0.3077;
0.5082;0.9986;1.0498;0.9992;0.9137;1.0073;0.3059;
0.5083;0.9985;1.0483;0.9992;0.9169;1.0073;0.3042;
0.5084;0.9985;1.0468;0.9992;0.9201;1.0073;0.3026;
0.5084;0.9985;1.0452;0.9992;0.9232;1.0074;0.3011;
0.5085;0.9985;1.0436;0.9992;0.9264;1.0074;0.2997;
0.5086;0.9985;1.0421;0.9992;0.9295;1.0074;0.2983;
0.5086;0.9984;1.0405;0.9992;0.9326;1.0074;0.2970;
0.5087;0.9984;1.0389;0.9991;0.9356;1.0074;0.2957;
0.5088;0.9984;1.0373;0.9991;0.9386;1.0074;0.2946;
0.5088;0.9984;1.0357;0.9991;0.9416;1.0074;0.2934;
0.5089;0.9984;1.0341;0.9991;0.9446;1.0074;0.2924;
0.5090;0.9983;1.0325;0.9991;0.9475;1.0074;0.2914;
0.5090;0.9983;1.0309;0.9991;0.9504;1.0074;0.2905;
0.5091;0.9983;1.0292;0.9991;0.9532;1.0074;0.2896;
0.5092;0.9983;1.0260;0.9991;0.9588;1.0074;0.2881;
0.5094;0.9982;1.0233;0.9991;0.9634;1.0074;0.2869;
0.5095;0.9982;1.0206;0.9990;0.9680;1.0074;0.2859;
0.5096;0.9982;1.0179;0.9990;0.9724;1.0074;0.2849;
0.5097;0.9981;1.0154;0.9990;0.9766;1.0074;0.2841;
0.5098;0.9981;1.0130;0.9990;0.9807;1.0074;0.2834;
0.5099;0.9981;1.0106;0.9990;0.9846;1.0073;0.2827;
0.5101;0.9981;1.0084;0.9990;0.9883;1.0073;0.2821;
0.5102;0.9980;1.0064;0.9990;0.9919;1.0073;0.2816;
0.5103;0.9980;1.0045;0.9989;0.9953;1.0073;0.2811;
0.5104;0.9980;1.0027;0.9989;0.9985;1.0073;0.2806;
0.5105;0.9979;1.0011;0.9989;1.0014;1.0073;0.2801;
0.5106;0.9979;0.9995;0.9989;1.0039;1.0073;0.2797;
0.5108;0.9979;0.9980;0.9989;1.0061;1.0073;0.2793;
0.5109;0.9979;0.9966;0.9989;1.0081;1.0073;0.2789;
0.5110;0.9978;0.9952;0.9989;1.0098;1.0073;0.2785;
0.5111;0.9978;0.9939;0.9989;1.0114;1.0073;0.2782;
0.5112;0.9978;0.9927;0.9989;1.0127;1.0073;0.2778;
0.5113;0.9977;0.9915;0.9989;1.0139;1.0073;0.2775;
0.5115;0.9977;0.9905;0.9989;1.0148;1.0072;0.2773;
0.5116;0.9977;0.9894;0.9989;1.0155;1.0072;0.2771;
0.5117;0.9977;0.9884;0.9988;1.0159;1.0072;0.2770;
0.5118;0.9976;0.9874;0.9988;1.0162;1.0072;0.2769;
0.5119;0.9976;0.9864;0.9988;1.0162;1.0072;0.2770;
0.5121;0.9976;0.9854;0.9988;1.0160;1.0072;0.2772;
0.5122;0.9976;0.9844;0.9988;1.0156;1.0072;0.2774;
0.5123;0.9975;0.9833;0.9988;1.0151;1.0072;0.2778;
0.5124;0.9975;0.9823;0.9988;1.0144;1.0071;0.2783;
0.5125;0.9975;0.9812;0.9988;1.0136;1.0071;0.2789;
0.5126;0.9975;0.9802;0.9988;1.0128;1.0071;0.2796;
0.5128;0.9974;0.9792;0.9988;1.0119;1.0071;0.2803;
0.5129;0.9974;0.9782;0.9988;1.0109;1.0071;0.2812;
0.5130;0.9974;0.9773;0.9988;1.0100;1.0070;0.2821;
0.5131;0.9974;0.9764;0.9988;1.0090;1.0070;0.2831;
0.5132;0.9973;0.9755;0.9988;1.0080;1.0070;0.2842;
0.5133;0.9973;0.9747;0.9988;1.0070;1.0070;0.2853;
0.5135;0.9973;0.9739;0.9988;1.0061;1.0069;0.2865;
0.5136;0.9973;0.9732;0.9988;1.0051;1.0069;0.2877;
0.5137;0.9972;0.9724;0.9988;1.0042;1.0069;0.2889;
0.5138;0.9972;0.9717;0.9988;1.0032;1.0068;0.2902;
0.5139;0.9972;0.9710;0.9988;1.0023;1.0068;0.2915;
0.5140;0.9972;0.9704;0.9988;1.0014;1.0068;0.2928;
0.5142;0.9971;0.9697;0.9988;1.0005;1.0068;0.2941;
0.5144;0.9971;0.9684;0.9988;0.9986;1.0067;0.2969;
0.5146;0.9970;0.9672;0.9988;0.9965;1.0066;0.2996;
0.5149;0.9970;0.9660;0.9989;0.9943;1.0066;0.3023;
0.5151;0.9970;0.9648;0.9989;0.9920;1.0065;0.3050;
0.5153;0.9969;0.9638;0.9989;0.9896;1.0065;0.3077;
0.5156;0.9969;0.9628;0.9989;0.9871;1.0064;0.3104;
0.5158;0.9968;0.9620;0.9989;0.9843;1.0064;0.3132;
0.5163;0.9967;0.9607;0.9989;0.9780;1.0062;0.3186;
0.5167;0.9967;0.9599;0.9989;0.9711;1.0061;0.3241;
0.5172;0.9966;0.9596;0.9990;0.9636;1.0060;0.3294;
0.5177;0.9965;0.9598;0.9990;0.9557;1.0059;0.3347;
0.5181;0.9964;0.9606;0.9990;0.9474;1.0058;0.3399;
0.5186;0.9964;0.9620;0.9990;0.9387;1.0057;0.3449;
0.5191;0.9963;0.9639;0.9991;0.9298;1.0056;0.3499;
0.5196;0.9962;0.9664;0.9991;0.9205;1.0055;0.3547;
0.5200;0.9961;0.9695;0.9991;0.9110;1.0054;0.3594;
0.5205;0.9961;0.9731;0.9992;0.9014;1.0053;0.3640;
0.5210;0.9960;0.9773;0.9992;0.8916;1.0052;0.3683;
0.5214;0.9959;0.9819;0.9993;0.8816;1.0052;0.3725;
0.5219;0.9959;0.9870;0.9993;0.8716;1.0051;0.3765;
0.5224;0.9958;0.9926;0.9993;0.8615;1.0050;0.3804;
0.5228;0.9957;0.9986;0.9994;0.8514;1.0049;0.3840;
0.5230;0.9957;1.0009;0.9994;0.8475;1.0049;0.3854;
0.5232;0.9957;1.0030;0.9994;0.8435;1.0049;0.3867;
0.5234;0.9956;1.0047;0.9994;0.8400;1.0048;0.3879;
0.5235;0.9956;1.0064;0.9994;0.8365;1.0048;0.3891;
0.5237;0.9956;1.0079;0.9994;0.8330;1.0048;0.3903;
0.5239;0.9956;1.0093;0.9994;0.8295;1.0048;0.3915;
0.5240;0.9955;1.0105;0.9994;0.8261;1.0047;0.3928;
0.5242;0.9955;1.0116;0.9995;0.8226;1.0047;0.3941;
0.5243;0.9955;1.0124;0.9995;0.8192;1.0047;0.3954;
0.5245;0.9955;1.0130;0.9995;0.8158;1.0047;0.3967;
0.5247;0.9954;1.0134;0.9995;0.8124;1.0046;0.3981;
0.5248;0.9954;1.0136;0.9995;0.8091;1.0046;0.3996;
0.5250;0.9954;1.0137;0.9995;0.8058;1.0046;0.4010;
0.5252;0.9954;1.0136;0.9995;0.8025;1.0046;0.4025;
0.5253;0.9953;1.0134;0.9995;0.7992;1.0045;0.4040;
0.5255;0.9953;1.0131;0.9995;0.7960;1.0045;0.4056;
0.5258;0.9953;1.0124;0.9996;0.7896;1.0044;0.4086;
0.5261;0.9952;1.0117;0.9996;0.7840;1.0044;0.4113;
0.5264;0.9952;1.0110;0.9996;0.7785;1.0043;0.4139;
0.5267;0.9952;1.0103;0.9996;0.7731;1.0043;0.4164;
0.5270;0.9951;1.0096;0.9996;0.7678;1.0042;0.4189;
0.5273;0.9951;1.0090;0.9996;0.7626;1.0042;0.4213;
0.5276;0.9951;1.0084;0.9996;0.7576;1.0041;0.4235;
0.5279;0.9950;1.0078;0.9997;0.7527;1.0041;0.4256;
0.5282;0.9950;1.0073;0.9997;0.7479;1.0041;0.4276;
0.5284;0.9949;1.0069;0.9997;0.7433;1.0040;0.4295;
0.5287;0.9949;1.0066;0.9997;0.7388;1.0040;0.4312;
0.5290;0.9949;1.0063;0.9997;0.7344;1.0040;0.4328;
0.5296;0.9948;1.0059;0.9997;0.7263;1.0039;0.4355;
0.5302;0.9948;1.0057;0.9997;0.7188;1.0038;0.4377;
0.5308;0.9947;1.0057;0.9998;0.7120;1.0038;0.4394;
0.5314;0.9946;1.0057;0.9998;0.7060;1.0038;0.4408;
0.5320;0.9946;1.0057;0.9998;0.7007;1.0038;0.4418;
0.5326;0.9945;1.0057;0.9998;0.6961;1.0037;0.4425;
0.5331;0.9945;1.0057;0.9998;0.6922;1.0037;0.4429;
0.5337;0.9944;1.0057;0.9998;0.6891;1.0037;0.4431;
0.5343;0.9944;1.0056;0.9998;0.6867;1.0037;0.4431;
0.5349;0.9944;1.0055;0.9998;0.6849;1.0037;0.4428;
0.5355;0.9943;1.0053;0.9998;0.6838;1.0038;0.4424;
0.5361;0.9943;1.0051;0.9998;0.6833;1.0038;0.4419;
0.5367;0.9942;1.0049;0.9998;0.6834;1.0038;0.4412;
0.5372;0.9942;1.0046;0.9998;0.6839;1.0038;0.4404;
0.5378;0.9942;1.0043;0.9998;0.6849;1.0038;0.4395;
0.5384;0.9941;1.0040;0.9998;0.6863;1.0038;0.4386;
0.5390;0.9941;1.0037;0.9998;0.6880;1.0039;0.4376;
0.5396;0.9941;1.0034;0.9998;0.6900;1.0039;0.4366;
0.5402;0.9940;1.0031;0.9998;0.6922;1.0039;0.4356;
0.5408;0.9940;1.0028;0.9998;0.6945;1.0039;0.4346;
0.5414;0.9940;1.0025;0.9998;0.6969;1.0039;0.4336;
0.5419;0.9939;1.0022;0.9997;0.6995;1.0040;0.4327;
0.5425;0.9939;1.0019;0.9997;0.7020;1.0040;0.4319;
0.5431;0.9939;1.0015;0.9997;0.7045;1.0040;0.4311;
0.5437;0.9939;1.0012;0.9997;0.7069;1.0040;0.4304;
0.5443;0.9938;1.0009;0.9997;0.7092;1.0040;0.4299;
0.5449;0.9938;1.0007;0.9997;0.7114;1.0040;0.4294;
0.5455;0.9938;1.0004;0.9997;0.7134;1.0040;0.4291;
0.5460;0.9938;1.0001;0.9997;0.7152;1.0040;0.4289;
0.5466;0.9937;0.9998;0.9997;0.7169;1.0040;0.4289;
0.5472;0.9937;0.9994;0.9997;0.7183;1.0040;0.4290;
0.5478;0.9937;0.9989;0.9997;0.7195;1.0040;0.4293;
0.5484;0.9937;0.9982;0.9997;0.7205;1.0040;0.4298;
0.5490;0.9937;0.9974;0.9997;0.7213;1.0040;0.4304;
0.5496;0.9937;0.9964;0.9997;0.7218;1.0040;0.4313;
0.5507;0.9936;0.9935;0.9997;0.7220;1.0039;0.4337;
0.5517;0.9936;0.9906;0.9997;0.7216;1.0039;0.4361;
0.5526;0.9936;0.9871;0.9997;0.7206;1.0038;0.4388;
0.5536;0.9936;0.9832;0.9997;0.7192;1.0038;0.4419;
0.5546;0.9936;0.9789;0.9997;0.7174;1.0037;0.4452;
0.5555;0.9936;0.9741;0.9997;0.7152;1.0036;0.4487;
0.5565;0.9936;0.9690;0.9997;0.7126;1.0036;0.4523;
0.5574;0.9936;0.9636;0.9997;0.7099;1.0035;0.4559;
0.5584;0.9936;0.9580;0.9997;0.7069;1.0034;0.4595;
0.5593;0.9937;0.9523;0.9998;0.7039;1.0034;0.4631;
0.5603;0.9937;0.9464;0.9998;0.7009;1.0033;0.4665;
0.5612;0.9937;0.9405;0.9998;0.6979;1.0032;0.4697;
0.5622;0.9938;0.9346;0.9998;0.6950;1.0032;0.4728;
0.5632;0.9938;0.9287;0.9998;0.6922;1.0031;0.4757;
0.5641;0.9939;0.9229;0.9998;0.6896;1.0031;0.4784;
0.5651;0.9939;0.9172;0.9998;0.6872;1.0030;0.4810;
0.5660;0.9940;0.9116;0.9998;0.6850;1.0030;0.4833;
0.5679;0.9941;0.9007;0.9998;0.6817;1.0029;0.4872;
0.5696;0.9942;0.8913;0.9998;0.6795;1.0028;0.4903;
0.5714;0.9943;0.8822;0.9998;0.6782;1.0028;0.4930;
0.5731;0.9945;0.8734;0.9998;0.6775;1.0027;0.4954;
0.5748;0.9946;0.8648;0.9998;0.6774;1.0027;0.4976;
0.5765;0.9947;0.8562;0.9998;0.6777;1.0026;0.4997;
0.5782;0.9949;0.8478;0.9998;0.6784;1.0026;0.5018;
0.5800;0.9950;0.8394;0.9998;0.6791;1.0026;0.5039;
0.5817;0.9952;0.8311;0.9998;0.6799;1.0025;0.5061;
0.5834;0.9953;0.8227;0.9998;0.6807;1.0025;0.5084;
0.5851;0.9955;0.8144;0.9998;0.6813;1.0024;0.5108;
0.5868;0.9957;0.8062;0.9998;0.6818;1.0024;0.5132;
0.5886;0.9958;0.7981;0.9998;0.6820;1.0023;0.5158;
0.5903;0.9960;0.7901;0.9998;0.6820;1.0023;0.5183;
0.5920;0.9962;0.7825;0.9998;0.6817;1.0022;0.5209;
0.5937;0.9963;0.7751;0.9998;0.6812;1.0022;0.5234;
0.5954;0.9965;0.7680;0.9998;0.6805;1.0021;0.5259;
0.5971;0.9966;0.7614;0.9998;0.6796;1.0021;0.5284;
0.5989;0.9968;0.7552;0.9998;0.6785;1.0020;0.5307;
0.6006;0.9969;0.7495;0.9999;0.6773;1.0020;0.5329;
0.6023;0.9971;0.7442;0.9999;0.6760;1.0020;0.5351;
0.6040;0.9972;0.7394;0.9999;0.6747;1.0019;0.5372;
0.6057;0.9974;0.7350;0.9999;0.6732;1.0019;0.5391;
0.6092;0.9976;0.7278;0.9999;0.6703;1.0018;0.5428;
0.6123;0.9978;0.7221;0.9999;0.6676;1.0018;0.5459;
0.6154;0.9980;0.7171;0.9999;0.6650;1.0017;0.5489;
0.6185;0.9982;0.7126;0.9999;0.6624;1.0016;0.5518;
0.6216;0.9984;0.7085;0.9999;0.6598;1.0016;0.5546;
0.6277;0.9987;0.7012;0.9999;0.6550;1.0015;0.5597;
0.6339;0.9989;0.6947;1.0000;0.6503;1.0014;0.5645;
0.6401;0.9991;0.6892;1.0000;0.6458;1.0013;0.5688;
0.6463;0.9993;0.6847;1.0000;0.6414;1.0012;0.5728;
0.6525;0.9995;0.6810;1.0000;0.6371;1.0012;0.5765;
0.6587;0.9996;0.6782;1.0000;0.6328;1.0011;0.5799;
0.6649;0.9997;0.6760;1.0000;0.6286;1.0010;0.5831;
0.6711;0.9998;0.6744;1.0001;0.6245;1.0010;0.5860;
0.6772;0.9999;0.6732;1.0001;0.6205;1.0009;0.5886;
0.6834;1.0000;0.6724;1.0001;0.6168;1.0009;0.5911;
0.6896;1.0000;0.6717;1.0001;0.6132;1.0008;0.5934;
0.7020;1.0001;0.6709;1.0001;0.6069;1.0008;0.5974;
0.7131;1.0001;0.6704;1.0001;0.6018;1.0007;0.6005;
0.7243;1.0001;0.6701;1.0002;0.5972;1.0007;0.6033;
0.7354;1.0002;0.6698;1.0002;0.5932;1.0006;0.6057;
0.7465;1.0002;0.6696;1.0002;0.5895;1.0006;0.6078;
0.7577;1.0002;0.6694;1.0002;0.5863;1.0005;0.6097;
0.7688;1.0002;0.6692;1.0002;0.5834;1.0005;0.6113;
0.7800;1.0002;0.6690;1.0002;0.5808;1.0005;0.6127;
0.7911;1.0002;0.6688;1.0002;0.5785;1.0005;0.6140;
0.8134;1.0002;0.6684;1.0002;0.5747;1.0004;0.6160;
0.8356;1.0002;0.6681;1.0002;0.5715;1.0004;0.6175;
0.8579;1.0003;0.6678;1.0003;0.5689;1.0004;0.6187;
0.8802;1.0003;0.6675;1.0003;0.5667;1.0003;0.6196;
0.9025;1.0003;0.6674;1.0003;0.5649;1.0003;0.6203;
0.9247;1.0003;0.6672;1.0003;0.5633;1.0003;0.6209;
0.9693;1.0003;0.6670;1.0003;0.5609;1.0003;0.6215;
1.0138;1.0003;0.6669;1.0003;0.5591;1.0003;0.6219;
1.0584;1.0003;0.6668;1.0003;0.5576;1.0003;0.6221;
1.1029;1.0003;0.6667;1.0003;0.5564;1.0003;0.6221;
1.1920;1.0003;0.6667;1.0003;0.5547;1.0003;0.6221;
1.2811;1.0003;0.6667;1.0003;0.5535;1.0003;0.6220;
1.3702;1.0003;0.6667;1.0003;0.5527;1.0003;0.6219;
1.4593;1.0003;0.6666;1.0003;0.5520;1.0003;0.6218;
1.5000;1.0003;0.6666;1.0003;0.5519;1.0003;0.6218;
1.5000;1.0003;0.6666;1.0003;0.5519;1.0003;0.6218;
1.5000;1.0003;0.6666;1.0003;0.5519;1.0003;0.6218;
1.5000;1.0003;0.6666;1.0003;0.5519;1.0003;0.6218;
1.5000;1.0003;0.6667;1.0003;0.5519;1.0003;0.6218;
1.5000;1.0003;0.6667;1.0003;0.5520;1.0003;0.6219;
1.5000;1.0003;0.6670;1.0002;0.5523;1.0003;0.6222;
1.5000;1.0003;0.6675;1.0002;0.5528;1.0003;0.6226;
1.5000;1.0003;0.6681;1.0002;0.5534;1.0003;0.6232;
1.5000;1.0003;0.6689;1.0001;0.5542;1.0002;0.6240;
1.5000;1.0003;0.6698;1.0001;0.5551;1.0002;0.6249;
1.5000;1.0003;0.6709;1.0001;0.5562;1.0002;0.6259;
1.5000;1.0003;0.6721;1.0000;0.5575;1.0002;0.6271;
1.5000;1.0003;0.6735;1.0000;0.5589;1.0001;0.6284;
1.5001;1.0003;0.6751;1.0000;0.5605;1.0001;0.6299;
1.5001;1.0003;0.6768;1.0000;0.5622;1.0001;0.6315;
1.5001;1.0003;0.6786;0.9999;0.5641;1.0001;0.6333;
1.5001;1.0003;0.6807;0.9999;0.5662;1.0000;0.6352;
1.5001;1.0003;0.6829;0.9999;0.5684;1.0000;0.6373;
1.5001;1.0003;0.6852;0.9999;0.5708;0.9999;0.6395;
1.5001;1.0003;0.6877;0.9999;0.5734;0.9999;0.6418;
1.5001;1.0003;0.6903;0.9999;0.5761;0.9999;0.6443;
1.5001;1.0003;0.6931;0.9998;0.5789;0.9998;0.6469;
1.5001;1.0003;0.6994;0.9998;0.5853;0.9997;0.6526;
1.5002;1.0003;0.7053;0.9998;0.5913;0.9996;0.6581;
1.5002;1.0003;0.7118;0.9998;0.5979;0.9996;0.6640;
1.5002;1.0003;0.7186;0.9998;0.6049;0.9995;0.6703;
1.5002;1.0003;0.7260;0.9998;0.6123;0.9994;0.6769;
1.5002;1.0003;0.7337;0.9998;0.6202;0.9993;0.6839;
1.5002;1.0003;0.7419;0.9998;0.6285;0.9992;0.6912;
1.5002;1.0003;0.7504;0.9998;0.6372;0.9992;0.6989;
1.5003;1.0003;0.7594;0.9999;0.6462;0.9991;0.7069;
1.5003;1.0003;0.7687;0.9999;0.6557;0.9990;0.7151;
1.5003;1.0003;0.7784;0.9999;0.6655;0.9990;0.7237;
1.5003;1.0003;0.7884;1.0000;0.6756;0.9989;0.7325;
1.5003;1.0003;0.7987;1.0000;0.6861;0.9988;0.7416;
1.5003;1.0003;0.8094;1.0000;0.6969;0.9988;0.7510;
1.5003;1.0003;0.8203;1.0001;0.7079;0.9987;0.7605;
1.5004;1.0003;0.8315;1.0001;0.7193;0.9987;0.7703;
1.5004;1.0003;0.8430;1.0002;0.7309;0.9986;0.7803;
1.5004;1.0003;0.8547;1.0002;0.7427;0.9986;0.7904;
1.5004;1.0003;0.8667;1.0003;0.7547;0.9986;0.8008;
1.5004;1.0003;0.8788;1.0003;0.7670;0.9985;0.8112;
1.5004;1.0003;0.8912;1.0004;0.7794;0.9985;0.8219;
1.5004;1.0003;0.9037;1.0005;0.7920;0.9985;0.8326;
1.5005;1.0003;0.9163;1.0005;0.8047;0.9985;0.8434;
1.5005;1.0003;0.9291;1.0006;0.8176;0.9985;0.8543;
1.5005;1.0003;0.9421;1.0006;0.8306;0.9985;0.8653;
1.5005;1.0003;0.9551;1.0007;0.8436;0.9986;0.8764;
1.5005;1.0003;0.9682;1.0008;0.8568;0.9986;0.8875;
1.5005;1.0003;0.9813;1.0008;0.8699;0.9986;0.8986;
1.5006;1.0003;0.9945;1.0009;0.8832;0.9987;0.9097;
1.5006;1.0003;1.0077;1.0009;0.8964;0.9987;0.9208;
1.5006;1.0003;1.0206;1.0010;0.9097;0.9988;0.9319;
1.5006;1.0003;1.0333;1.0011;0.9229;0.9989;0.9430;
1.5006;1.0003;1.0458;1.0011;0.9362;0.9989;0.9541;
1.5006;1.0003;1.0581;1.0012;0.9494;0.9990;0.9651;
1.5006;1.0003;1.0701;1.0012;0.9625;0.9991;0.9760;
1.5007;1.0003;1.0819;1.0013;0.9756;0.9992;0.9868;
1.5007;1.0003;1.0934;1.0013;0.9886;0.9993;0.9976;
1.5007;1.0003;1.1046;1.0014;1.0014;0.9994;1.0081;
1.5007;1.0003;1.1155;1.0014;1.0140;0.9996;1.0183;
1.5007;1.0004;1.1261;1.0014;1.0263;0.9997;1.0283;
1.5007;1.0004;1.1364;1.0015;1.0382;0.9999;1.0380;
1.5007;1.0004;1.1464;1.0015;1.0498;1.0000;1.0474;
1.5008;1.0004;1.1561;1.0016;1.0611;1.0002;1.0565;
1.5008;1.0004;1.1654;1.0016;1.0720;1.0004;1.0654;
1.5008;1.0004;1.1744;1.0016;1.0826;1.0006;1.0739;
1.5008;1.0004;1.1831;1.0016;1.0928;1.0008;1.0822;
1.5008;1.0004;1.1914;1.0017;1.1027;1.0011;1.0902;
1.5008;1.0004;1.1994;1.0017;1.1122;1.0013;1.0980;
1.5008;1.0004;1.2070;1.0017;1.1214;1.0016;1.1054;
1.5009;1.0004;1.2142;1.0017;1.1302;1.0018;1.1126;
1.5009;1.0005;1.2211;1.0017;1.1387;1.0021;1.1195;
1.5009;1.0005;1.2276;1.0017;1.1468;1.0024;1.1261;
1.5009;1.0005;1.2338;1.0018;1.1546;1.0027;1.1324;
1.5009;1.0005;1.2396;1.0018;1.1620;1.0030;1.1384;
1.5009;1.0005;1.2451;1.0018;1.1691;1.0033;1.1442;
1.5010;1.0005;1.2501;1.0018;1.1758;1.0036;1.1497;
1.5010;1.0005;1.2549;1.0018;1.1822;1.0039;1.1549;
1.5010;1.0005;1.2593;1.0018;1.1883;1.0042;1.1599;
1.5010;1.0005;1.2633;1.0018;1.1940;1.0045;1.1646;
1.5010;1.0006;1.2671;1.0018;1.1994;1.0049;1.1690;
1.5010;1.0006;1.2704;1.0018;1.2044;1.0052;1.1731;
1.5010;1.0006;1.2735;1.0018;1.2091;1.0055;1.1770;
1.5011;1.0006;1.2763;1.0018;1.2136;1.0058;1.1807;
1.5011;1.0006;1.2787;1.0018;1.2177;1.0061;1.1841;
1.5011;1.0006;1.2809;1.0018;1.2215;1.0065;1.1872;
1.5011;1.0006;1.2828;1.0018;1.2250;1.0068;1.1901;
1.5011;1.0006;1.2844;1.0018;1.2282;1.0071;1.1928;
1.5011;1.0006;1.2857;1.0018;1.2312;1.0074;1.1952;
1.5011;1.0007;1.2868;1.0018;1.2339;1.0077;1.1975;
1.5012;1.0007;1.2877;1.0018;1.2363;1.0080;1.1995;
1.5012;1.0007;1.2884;1.0018;1.2385;1.0083;1.2013;
1.5012;1.0007;1.2889;1.0018;1.2405;1.0085;1.2029;
1.5012;1.0007;1.2891;1.0018;1.2422;1.0088;1.2043;
1.5012;1.0007;1.2892;1.0018;1.2437;1.0090;1.2055;
1.5012;1.0007;1.2891;1.0018;1.2450;1.0093;1.2066;
1.5012;1.0008;1.2889;1.0018;1.2461;1.0095;1.2075;
1.5013;1.0008;1.2885;1.0019;1.2470;1.0097;1.2082;
1.5013;1.0008;1.2881;1.0019;1.2478;1.0100;1.2088;
1.5013;1.0008;1.2874;1.0019;1.2484;1.0102;1.2092;
1.5013;1.0008;1.2867;1.0019;1.2488;1.0103;1.2095;
1.5013;1.0008;1.2859;1.0019;1.2492;1.0105;1.2097;
1.5013;1.0008;1.2850;1.0019;1.2493;1.0107;1.2097;
1.5013;1.0008;1.2841;1.0019;1.2494;1.0109;1.2097;
1.5014;1.0009;1.2831;1.0019;1.2494;1.0110;1.2095;
1.5014;1.0009;1.2820;1.0019;1.2492;1.0111;1.2093;
1.5014;1.0009;1.2809;1.0019;1.2490;1.0112;1.2089;
1.5014;1.0009;1.2797;1.0019;1.2487;1.0114;1.2085;
1.5014;1.0009;1.2786;1.0018;1.2484;1.0115;1.2080;
1.5014;1.0009;1.2773;1.0018;1.2479;1.0115;1.2074;
1.5015;1.0009;1.2761;1.0018;1.2475;1.0116;1.2068;
1.5015;1.0009;1.2749;1.0018;1.2469;1.0117;1.2061;
1.5015;1.0009;1.2736;1.0018;1.2464;1.0118;1.2053;
1.5015;1.0010;1.2723;1.0018;1.2458;1.0118;1.2045;
1.5015;1.0010;1.2711;1.0018;1.2452;1.0119;1.2037;
1.5015;1.0010;1.2698;1.0018;1.2445;1.0119;1.2028;
1.5015;1.0010;1.2685;1.0018;1.2439;1.0119;1.2019;
1.5016;1.0010;1.2673;1.0017;1.2432;1.0119;1.2009;
1.5016;1.0010;1.2660;1.0017;1.2425;1.0120;1.1999;
1.5016;1.0010;1.2648;1.0017;1.2418;1.0120;1.1989;
1.5016;1.0010;1.2635;1.0017;1.2411;1.0120;1.1978;
1.5016;1.0010;1.2623;1.0017;1.2404;1.0120;1.1967;
1.5016;1.0010;1.2610;1.0016;1.2397;1.0120;1.1956;
1.5016;1.0010;1.2598;1.0016;1.2390;1.0119;1.1945;
1.5017;1.0011;1.2586;1.0016;1.2383;1.0119;1.1933;
1.5017;1.0011;1.2573;1.0016;1.2376;1.0119;1.1921;
1.5017;1.0011;1.2561;1.0016;1.2369;1.0119;1.1909;
1.5017;1.0011;1.2549;1.0015;1.2362;1.0119;1.1896;
1.5017;1.0011;1.2537;1.0015;1.2355;1.0118;1.1883;
1.5017;1.0011;1.2525;1.0015;1.2348;1.0118;1.1870;
1.5017;1.0011;1.2514;1.0015;1.2341;1.0118;1.1857;
1.5018;1.0011;1.2502;1.0014;1.2334;1.0118;1.1843;
1.5018;1.0011;1.2490;1.0014;1.2328;1.0117;1.1829;
1.5018;1.0011;1.2478;1.0014;1.2321;1.0117;1.1814;
1.5018;1.0011;1.2467;1.0014;1.2314;1.0117;1.1800;
1.5018;1.0011;1.2455;1.0013;1.2307;1.0116;1.1784;
1.5018;1.0011;1.2444;1.0013;1.2300;1.0116;1.1769;
1.5019;1.0011;1.2433;1.0013;1.2293;1.0116;1.1753;
1.5019;1.0011;1.2421;1.0013;1.2286;1.0115;1.1737;
1.5019;1.0011;1.2410;1.0013;1.2279;1.0115;1.1720;
1.5019;1.0011;1.2399;1.0013;1.2272;1.0115;1.1703;
1.5019;1.0012;1.2388;1.0012;1.2265;1.0114;1.1686;
1.5019;1.0012;1.2377;1.0012;1.2258;1.0114;1.1668;
1.5019;1.0012;1.2366;1.0012;1.2251;1.0114;1.1649;
1.5020;1.0012;1.2356;1.0012;1.2244;1.0114;1.1631;
1.5020;1.0012;1.2345;1.0012;1.2236;1.0113;1.1612;
1.5020;1.0012;1.2335;1.0012;1.2229;1.0113;1.1592;
1.5020;1.0012;1.2324;1.0012;1.2222;1.0113;1.1572;
1.5020;1.0012;1.2314;1.0012;1.2214;1.0113;1.1552;
1.5020;1.0012;1.2304;1.0012;1.2207;1.0113;1.1531;
1.5020;1.0012;1.2295;1.0012;1.2199;1.0113;1.1509;
1.5021;1.0012;1.2285;1.0012;1.2191;1.0112;1.1488;
1.5021;1.0012;1.2275;1.0012;1.2183;1.0112;1.1466;
1.5021;1.0012;1.2266;1.0012;1.2176;1.0112;1.1443;
1.5021;1.0012;1.2257;1.0012;1.2168;1.0112;1.1420;
1.5021;1.0012;1.2248;1.0013;1.2160;1.0112;1.1397;
1.5021;1.0012;1.2239;1.0013;1.2152;1.0112;1.1373;
1.5021;1.0012;1.2230;1.0013;1.2144;1.0112;1.1349;
1.5022;1.0012;1.2222;1.0013;1.2136;1.0112;1.1325;
1.5022;1.0013;1.2213;1.0013;1.2127;1.0112;1.1300;
1.5022;1.0013;1.2205;1.0014;1.2119;1.0112;1.1275;
1.5022;1.0013;1.2197;1.0014;1.2111;1.0112;1.1249;
1.5022;1.0013;1.2188;1.0014;1.2103;1.0112;1.1223;
1.5022;1.0013;1.2180;1.0014;1.2094;1.0112;1.1197;
1.5023;1.0013;1.2172;1.0015;1.2086;1.0112;1.1171;
1.5023;1.0013;1.2164;1.0015;1.2077;1.0112;1.1144;
1.5023;1.0013;1.2156;1.0015;1.2069;1.0112;1.1117;
1.5023;1.0013;1.2148;1.0016;1.2060;1.0112;1.1090;
1.5023;1.0013;1.2140;1.0016;1.2051;1.0113;1.1062;
1.5023;1.0013;1.2132;1.0016;1.2043;1.0113;1.1034;
1.5023;1.0014;1.2124;1.0017;1.2034;1.0113;1.1006;
1.5024;1.0014;1.2115;1.0017;1.2025;1.0113;1.0978;
1.5024;1.0014;1.2107;1.0018;1.2016;1.0113;1.0949;
1.5024;1.0014;1.2098;1.0018;1.2006;1.0114;1.0921;
1.5024;1.0014;1.2089;1.0018;1.1997;1.0114;1.0892;
1.5024;1.0014;1.2080;1.0019;1.1988;1.0114;1.0863;
1.5024;1.0014;1.2070;1.0019;1.1978;1.0114;1.0834;
1.5024;1.0014;1.2060;1.0020;1.1968;1.0115;1.0804;
1.5025;1.0015;1.2050;1.0020;1.1958;1.0115;1.0775;
1.5025;1.0015;1.2039;1.0020;1.1948;1.0115;1.0745;
1.5025;1.0015;1.2028;1.0021;1.1938;1.0115;1.0716;
1.5025;1.0015;1.2017;1.0021;1.1927;1.0116;1.0686;
1.5025;1.0015;1.2005;1.0021;1.1916;1.0116;1.0656;
1.5025;1.0015;1.1992;1.0022;1.1905;1.0116;1.0626;
1.5025;1.0015;1.1979;1.0022;1.1894;1.0116;1.0596;
1.5026;1.0016;1.1965;1.0023;1.1882;1.0117;1.0566;
1.5026;1.0016;1.1951;1.0023;1.1870;1.0117;1.0536;
1.5026;1.0016;1.1936;1.0023;1.1858;1.0117;1.0506;
1.5026;1.0016;1.1921;1.0024;1.1846;1.0118;1.0476;
1.5026;1.0016;1.1905;1.0024;1.1833;1.0118;1.0445;
1.5026;1.0016;1.1888;1.0024;1.1819;1.0118;1.0415;
1.5027;1.0016;1.1870;1.0025;1.1806;1.0118;1.0385;
1.5027;1.0017;1.1852;1.0025;1.1792;1.0118;1.0355;
1.5027;1.0017;1.1832;1.0025;1.1777;1.0119;1.0325;
1.5027;1.0017;1.1812;1.0025;1.1762;1.0119;1.0295;
1.5027;1.0017;1.1792;1.0026;1.1747;1.0119;1.0265;
1.5027;1.0017;1.1770;1.0026;1.1731;1.0119;1.0235;
1.5027;1.0017;1.1748;1.0026;1.1715;1.0119;1.0205;
1.5028;1.0018;1.1725;1.0026;1.1698;1.0119;1.0176;
1.5028;1.0018;1.1701;1.0027;1.1681;1.0120;1.0146;
1.5028;1.0018;1.1676;1.0027;1.1663;1.0120;1.0117;
1.5028;1.0018;1.1650;1.0027;1.1645;1.0120;1.0088;
1.5028;1.0018;1.1624;1.0027;1.1626;1.0120;1.0059;
1.5028;1.0018;1.1596;1.0027;1.1607;1.0120;1.0030;
1.5028;1.0019;1.1568;1.0027;1.1587;1.0120;1.0002;
1.5029;1.0019;1.1539;1.0028;1.1567;1.0120;0.9973;
1.5029;1.0019;1.1510;1.0028;1.1546;1.0119;0.9944;
1.5029;1.0019;1.1479;1.0028;1.1524;1.0119;0.9915;
1.5029;1.0019;1.1448;1.0028;1.1503;1.0119;0.9886;
1.5029;1.0019;1.1416;1.0028;1.1480;1.0119;0.9857;
1.5029;1.0020;1.1383;1.0028;1.1457;1.0119;0.9828;
1.5029;1.0020;1.1349;1.0028;1.1434;1.0119;0.9799;
1.5030;1.0020;1.1315;1.0028;1.1410;1.0119;0.9770;
1.5030;1.0020;1.1280;1.0028;1.1386;1.0119;0.9742;
1.5030;1.0020;1.1245;1.0028;1.1361;1.0119;0.9713;
1.5030;1.0020;1.1208;1.0028;1.1335;1.0118;0.9685;
1.5030;1.0021;1.1171;1.0028;1.1310;1.0118;0.9658;
1.5030;1.0021;1.1134;1.0028;1.1283;1.0118;0.9630;
1.5031;1.0021;1.1095;1.0028;1.1257;1.0118;0.9603;
1.5031;1.0021;1.1057;1.0028;1.1229;1.0118;0.9577;
1.5031;1.0021;1.1017;1.0028;1.1202;1.0117;0.9551;
1.5031;1.0021;1.0977;1.0028;1.1174;1.0117;0.9525;
1.5031;1.0022;1.0937;1.0028;1.1145;1.0117;0.9500;
1.5031;1.0022;1.0896;1.0028;1.1116;1.0116;0.9476;
1.5031;1.0022;1.0854;1.0028;1.1087;1.0116;0.9452;
1.5032;1.0022;1.0812;1.0028;1.1057;1.0116;0.9429;
1.5032;1.0022;1.0770;1.0028;1.1027;1.0116;0.9406;
1.5032;1.0022;1.0727;1.0028;1.0997;1.0115;0.9385;
1.5032;1.0023;1.0683;1.0028;1.0966;1.0115;0.9364;
1.5032;1.0023;1.0639;1.0028;1.0935;1.0115;0.9344;
1.5032;1.0023;1.0595;1.0028;1.0904;1.0114;0.9325;
1.5032;1.0023;1.0551;1.0028;1.0872;1.0114;0.9307;
1.5033;1.0023;1.0506;1.0028;1.0840;1.0113;0.9289;
1.5033;1.0023;1.0461;1.0028;1.0808;1.0113;0.9273;
1.5033;1.0023;1.0415;1.0027;1.0776;1.0113;0.9257;
1.5033;1.0024;1.0370;1.0027;1.0743;1.0112;0.9243;
1.5033;1.0024;1.0324;1.0027;1.0710;1.0112;0.9229;
1.5033;1.0024;1.0278;1.0027;1.0677;1.0112;0.9217;
1.5033;1.0024;1.0231;1.0027;1.0644;1.0111;0.9205;
1.5034;1.0024;1.0185;1.0027;1.0611;1.0111;0.9195;
1.5034;1.0024;1.0138;1.0027;1.0577;1.0110;0.9185;
1.5034;1.0024;1.0091;1.0027;1.0544;1.0110;0.9177;
1.5034;1.0024;1.0044;1.0026;1.0510;1.0109;0.9169;
1.5034;1.0025;0.9997;1.0026;1.0476;1.0109;0.9163;
1.5034;1.0025;0.9949;1.0026;1.0442;1.0109;0.9158;
1.5035;1.0025;0.9900;1.0026;1.0408;1.0108;0.9154;
1.5035;1.0025;0.9800;1.0026;1.0340;1.0107;0.9149;
1.5035;1.0025;0.9708;1.0025;1.0279;1.0107;0.9148;
1.5035;1.0025;0.9615;1.0025;1.0218;1.0106;0.9151;
1.5036;1.0026;0.9520;1.0025;1.0157;1.0105;0.9157;
1.5036;1.0026;0.9424;1.0025;1.0097;1.0105;0.9165;
1.5036;1.0026;0.9328;1.0024;1.0037;1.0104;0.9176;
1.5036;1.0026;0.9232;1.0024;0.9977;1.0104;0.9190;
1.5037;1.0026;0.9136;1.0024;0.9916;1.0103;0.9205;
1.5037;1.0027;0.9041;1.0023;0.9854;1.0103;0.9223;
1.5037;1.0027;0.8947;1.0023;0.9792;1.0103;0.9243;
1.5037;1.0027;0.8855;1.0023;0.9730;1.0102;0.9265;
1.5038;1.0027;0.8764;1.0022;0.9667;1.0102;0.9288;
1.5038;1.0027;0.8676;1.0022;0.9605;1.0102;0.9313;
1.5038;1.0028;0.8590;1.0022;0.9544;1.0102;0.9338;
1.5039;1.0028;0.8507;1.0021;0.9483;1.0102;0.9364;
1.5039;1.0028;0.8427;1.0021;0.9423;1.0102;0.9391;
1.5039;1.0028;0.8350;1.0021;0.9364;1.0102;0.9418;
1.5039;1.0028;0.8277;1.0020;0.9307;1.0102;0.9445;
1.5040;1.0028;0.8209;1.0020;0.9252;1.0102;0.9472;
1.5040;1.0028;0.8144;1.0020;0.9198;1.0102;0.9498;
1.5040;1.0029;0.8084;1.0020;0.9147;1.0102;0.9525;
1.5040;1.0029;0.8028;1.0019;0.9098;1.0102;0.9550;
1.5041;1.0029;0.7978;1.0019;0.9052;1.0102;0.9575;
1.5041;1.0029;0.7932;1.0019;0.9008;1.0102;0.9599;
1.5041;1.0029;0.7891;1.0019;0.8968;1.0102;0.9622;
1.5041;1.0029;0.7855;1.0018;0.8930;1.0103;0.9645;
1.5042;1.0029;0.7824;1.0018;0.8896;1.0103;0.9665;
1.5042;1.0029;0.7799;1.0018;0.8865;1.0103;0.9685;
1.5042;1.0030;0.7778;1.0018;0.8838;1.0103;0.9704;
1.5043;1.0030;0.7763;1.0018;0.8814;1.0103;0.9721;
1.5043;1.0030;0.7753;1.0017;0.8793;1.0103;0.9737;
1.5043;1.0030;0.7748;1.0017;0.8776;1.0103;0.9752;
1.5043;1.0030;0.7747;1.0017;0.8763;1.0103;0.9766;
1.5044;1.0030;0.7752;1.0017;0.8754;1.0103;0.9779;
1.5044;1.0030;0.7761;1.0017;0.8748;1.0103;0.9790;
1.5044;1.0030;0.7774;1.0017;0.8746;1.0103;0.9801;
1.5044;1.0031;0.7792;1.0017;0.8748;1.0103;0.9810;
1.5045;1.0031;0.7814;1.0017;0.8753;1.0102;0.9819;
1.5045;1.0031;0.7840;1.0017;0.8762;1.0102;0.9827;
1.5045;1.0031;0.7869;1.0017;0.8774;1.0102;0.9834;
1.5045;1.0031;0.7902;1.0017;0.8789;1.0101;0.9840;
1.5046;1.0031;0.7938;1.0017;0.8808;1.0101;0.9846;
1.5046;1.0031;0.7977;1.0017;0.8830;1.0100;0.9852;
1.5046;1.0032;0.8019;1.0017;0.8854;1.0100;0.9858;
1.5047;1.0032;0.8063;1.0017;0.8882;1.0099;0.9863;
1.5047;1.0032;0.8110;1.0017;0.8912;1.0099;0.9868;
1.5047;1.0032;0.8158;1.0017;0.8944;1.0098;0.9874;
1.5047;1.0032;0.8208;1.0017;0.8979;1.0097;0.9879;
1.5048;1.0032;0.8260;1.0017;0.9016;1.0097;0.9885;
1.5048;1.0032;0.8313;1.0017;0.9055;1.0096;0.9891;
1.5048;1.0032;0.8367;1.0017;0.9096;1.0095;0.9898;
1.5048;1.0033;0.8422;1.0017;0.9139;1.0094;0.9905;
1.5049;1.0033;0.8478;1.0017;0.9183;1.0093;0.9913;
1.5049;1.0033;0.8534;1.0018;0.9228;1.0093;0.9922;
1.5049;1.0033;0.8591;1.0018;0.9274;1.0092;0.9931;
1.5049;1.0033;0.8648;1.0018;0.9322;1.0091;0.9942;
1.5050;1.0033;0.8705;1.0018;0.9370;1.0090;0.9953;
1.5050;1.0033;0.8762;1.0018;0.9419;1.0089;0.9965;
1.5050;1.0034;0.8820;1.0018;0.9469;1.0089;0.9978;
1.5051;1.0034;0.8877;1.0018;0.9519;1.0088;0.9992;
1.5051;1.0034;0.8934;1.0018;0.9569;1.0087;1.0007;
1.5051;1.0034;0.8991;1.0018;0.9620;1.0086;1.0023;
1.5051;1.0034;0.9048;1.0018;0.9670;1.0086;1.0039;
1.5052;1.0034;0.9104;1.0017;0.9721;1.0085;1.0056;
1.5052;1.0034;0.9160;1.0017;0.9772;1.0084;1.0073;
1.5052;1.0034;0.9216;1.0017;0.9822;1.0084;1.0091;
1.5052;1.0035;0.9272;1.0017;0.9873;1.0083;1.0110;
1.5053;1.0035;0.9327;1.0017;0.9923;1.0083;1.0129;
1.5053;1.0035;0.9382;1.0017;0.9973;1.0083;1.0149;
1.5053;1.0035;0.9437;1.0017;1.0022;1.0083;1.0169;
1.5053;1.0035;0.9493;1.0017;1.0069;1.0082;1.0189;
1.5054;1.0035;0.9547;1.0017;1.0115;1.0082;1.0211;
1.5054;1.0035;0.9602;1.0016;1.0159;1.0082;1.0232;
1.5054;1.0035;0.9658;1.0016;1.0202;1.0082;1.0254;
1.5054;1.0035;0.9713;1.0016;1.0244;1.0082;1.0276;
1.5055;1.0035;0.9768;1.0016;1.0284;1.0083;1.0298;
1.5055;1.0036;0.9824;1.0016;1.0323;1.0083;1.0320;
1.5055;1.0036;0.9880;1.0016;1.0361;1.0083;1.0343;
1.5056;1.0036;0.9936;1.0016;1.0398;1.0084;1.0366;
1.5056;1.0036;0.9993;1.0015;1.0434;1.0084;1.0388;
1.5056;1.0036;1.0048;1.0015;1.0469;1.0085;1.0411;
1.5056;1.0036;1.0103;1.0015;1.0504;1.0085;1.0433;
1.5057;1.0036;1.0158;1.0015;1.0537;1.0086;1.0456;
1.5057;1.0036;1.0211;1.0015;1.0571;1.0087;1.0478;
1.5057;1.0036;1.0264;1.0015;1.0603;1.0087;1.0499;
1.5057;1.0036;1.0316;1.0015;1.0635;1.0088;1.0521;
1.5058;1.0036;1.0368;1.0015;1.0667;1.0089;1.0542;
1.5058;1.0036;1.0419;1.0015;1.0699;1.0090;1.0562;
1.5058;1.0037;1.0470;1.0015;1.0730;1.0091;1.0582;
1.5058;1.0037;1.0520;1.0015;1.0761;1.0092;1.0601;
1.5059;1.0037;1.0570;1.0015;1.0791;1.0093;1.0620;
1.5059;1.0037;1.0620;1.0015;1.0822;1.0095;1.0638;
1.5059;1.0037;1.0669;1.0015;1.0852;1.0096;1.0655;
1.5060;1.0037;1.0718;1.0015;1.0882;1.0097;1.0671;
1.5060;1.0037;1.0767;1.0015;1.0912;1.0098;1.0686;
1.5060;1.0037;1.0816;1.0015;1.0941;1.0100;1.0701;
1.5060;1.0037;1.0865;1.0015;1.0970;1.0101;1.0714;
1.5061;1.0037;1.0913;1.0015;1.0999;1.0102;1.0726;
1.5061;1.0037;1.0961;1.0015;1.1028;1.0103;1.0738;
1.5061;1.0037;1.1009;1.0015;1.1056;1.0105;1.0748;
1.5061;1.0037;1.1057;1.0015;1.1083;1.0106;1.0757;
1.5062;1.0037;1.1104;1.0016;1.1111;1.0107;1.0765;
1.5062;1.0037;1.1150;1.0016;1.1137;1.0109;1.0772;
1.5062;1.0038;1.1196;1.0016;1.1163;1.0110;1.0778;
1.5062;1.0038;1.1242;1.0016;1.1188;1.0111;1.0782;
1.5063;1.0038;1.1286;1.0016;1.1212;1.0112;1.0785;
1.5063;1.0038;1.1330;1.0016;1.1236;1.0113;1.0787;
1.5063;1.0038;1.1373;1.0017;1.1259;1.0115;1.0788;
1.5064;1.0038;1.1415;1.0017;1.1280;1.0116;1.0787;
1.5064;1.0038;1.1456;1.0017;1.1301;1.0117;1.0785;
1.5064;1.0038;1.1495;1.0017;1.1321;1.0118;1.0782;
1.5064;1.0038;1.1534;1.0017;1.1339;1.0119;1.0778;
1.5065;1.0038;1.1571;1.0018;1.1356;1.0120;1.0772;
1.5065;1.0038;1.1606;1.0018;1.1373;1.0121;1.0765;
1.5065;1.0038;1.1640;1.0018;1.1387;1.0122;1.0757;
1.5065;1.0039;1.1673;1.0018;1.1401;1.0122;1.0747;
1.5066;1.0039;1.1703;1.0018;1.1413;1.0123;1.0736;
1.5066;1.0039;1.1732;1.0018;1.1424;1.0124;1.0725;
1.5066;1.0039;1.1760;1.0019;1.1433;1.0124;1.0712;
1.5066;1.0039;1.1785;1.0019;1.1442;1.0125;1.0697;
1.5067;1.0039;1.1809;1.0019;1.1448;1.0125;1.0682;
1.5067;1.0039;1.1830;1.0019;1.1454;1.0126;1.0666;
1.5067;1.0039;1.1850;1.0019;1.1457;1.0126;1.0648;
1.5068;1.0040;1.1867;1.0019;1.1460;1.0127;1.0630;
1.5068;1.0040;1.1883;1.0019;1.1461;1.0127;1.0610;
1.5068;1.0040;1.1896;1.0019;1.1461;1.0127;1.0590;
1.5068;1.0040;1.1908;1.0020;1.1459;1.0127;1.0569;
1.5069;1.0040;1.1917;1.0020;1.1456;1.0127;1.0547;
1.5069;1.0040;1.1925;1.0020;1.1451;1.0127;1.0524;
1.5069;1.0040;1.1930;1.0020;1.1446;1.0127;1.0500;
1.5069;1.0040;1.1934;1.0020;1.1439;1.0127;1.0476;
1.5070;1.0041;1.1936;1.0020;1.1431;1.0126;1.0451;
1.5070;1.0041;1.1936;1.0020;1.1421;1.0126;1.0425;
1.5070;1.0041;1.1934;1.0020;1.1411;1.0126;1.0399;
1.5070;1.0041;1.1930;1.0020;1.1399;1.0125;1.0373;
1.5071;1.0041;1.1924;1.0020;1.1386;1.0125;1.0346;
1.5071;1.0041;1.1917;1.0020;1.1373;1.0124;1.0319;
1.5071;1.0041;1.1908;1.0020;1.1358;1.0124;1.0291;
1.5072;1.0042;1.1897;1.0020;1.1342;1.0123;1.0264;
1.5072;1.0042;1.1885;1.0020;1.1326;1.0122;1.0236;
1.5072;1.0042;1.1871;1.0020;1.1309;1.0122;1.0208;
1.5072;1.0042;1.1856;1.0020;1.1290;1.0121;1.0180;
1.5073;1.0042;1.1840;1.0020;1.1272;1.0120;1.0152;
1.5073;1.0042;1.1822;1.0020;1.1252;1.0119;1.0125;
1.5073;1.0042;1.1803;1.0020;1.1232;1.0118;1.0098;
1.5073;1.0043;1.1783;1.0020;1.1211;1.0117;1.0071;
1.5074;1.0043;1.1761;1.0020;1.1190;1.0116;1.0044;
1.5074;1.0043;1.1739;1.0020;1.1168;1.0115;1.0018;
1.5074;1.0043;1.1715;1.0020;1.1146;1.0114;0.9992;
1.5074;1.0043;1.1691;1.0020;1.1124;1.0113;0.9967;
1.5075;1.0043;1.1666;1.0020;1.1101;1.0112;0.9941;
1.5075;1.0043;1.1640;1.0020;1.1078;1.0111;0.9916;
1.5075;1.0044;1.1613;1.0020;1.1054;1.0109;0.9891;
1.5076;1.0044;1.1585;1.0020;1.1031;1.0108;0.9866;
1.5076;1.0044;1.1557;1.0020;1.1007;1.0107;0.9842;
1.5076;1.0044;1.1528;1.0020;1.0984;1.0106;0.9819;
1.5076;1.0044;1.1498;1.0020;1.0960;1.0105;0.9796;
1.5077;1.0044;1.1468;1.0020;1.0936;1.0104;0.9775;
1.5077;1.0044;1.1438;1.0020;1.0913;1.0103;0.9755;
1.5077;1.0045;1.1407;1.0020;1.0889;1.0102;0.9736;
1.5077;1.0045;1.1376;1.0020;1.0866;1.0102;0.9718;
1.5078;1.0045;1.1344;1.0020;1.0843;1.0101;0.9702;
1.5078;1.0045;1.1312;1.0020;1.0820;1.0100;0.9687;
1.5078;1.0045;1.1280;1.0020;1.0797;1.0099;0.9674;
1.5078;1.0045;1.1248;1.0020;1.0775;1.0098;0.9663;
1.5079;1.0045;1.1216;1.0020;1.0753;1.0097;0.9653;
1.5079;1.0046;1.1183;1.0020;1.0732;1.0097;0.9645;
1.5079;1.0046;1.1150;1.0020;1.0711;1.0096;0.9639;
1.5080;1.0046;1.1118;1.0020;1.0690;1.0095;0.9634;
1.5080;1.0046;1.1085;1.0020;1.0671;1.0095;0.9632;
1.5080;1.0046;1.1052;1.0020;1.0651;1.0094;0.9631;
1.5080;1.0046;1.1020;1.0020;1.0632;1.0094;0.9632;
1.5081;1.0047;1.0987;1.0020;1.0614;1.0093;0.9635;
1.5081;1.0047;1.0954;1.0020;1.0597;1.0093;0.9640;
1.5081;1.0047;1.0922;1.0020;1.0580;1.0092;0.9647;
1.5081;1.0047;1.0890;1.0020;1.0564;1.0092;0.9655;
1.5082;1.0047;1.0858;1.0020;1.0549;1.0091;0.9666;
1.5082;1.0047;1.0826;1.0020;1.0535;1.0091;0.9677;
1.5082;1.0047;1.0794;1.0020;1.0521;1.0091;0.9691;
1.5082;1.0048;1.0763;1.0019;1.0508;1.0090;0.9705;
1.5083;1.0048;1.0732;1.0019;1.0496;1.0090;0.9722;
1.5083;1.0048;1.0702;1.0019;1.0485;1.0090;0.9739;
1.5083;1.0048;1.0671;1.0019;1.0475;1.0090;0.9758;
1.5084;1.0048;1.0642;1.0019;1.0466;1.0089;0.9778;
1.5084;1.0048;1.0612;1.0019;1.0458;1.0089;0.9799;
1.5084;1.0048;1.0584;1.0019;1.0450;1.0089;0.9821;
1.5084;1.0049;1.0556;1.0019;1.0444;1.0089;0.9844;
1.5085;1.0049;1.0528;1.0019;1.0438;1.0089;0.9867;
1.5085;1.0049;1.0501;1.0019;1.0434;1.0089;0.9892;
1.5085;1.0049;1.0475;1.0019;1.0430;1.0089;0.9917;
1.5085;1.0049;1.0450;1.0019;1.0428;1.0089;0.9942;
1.5086;1.0049;1.0426;1.0019;1.0426;1.0089;0.9968;
1.5086;1.0049;1.0402;1.0019;1.0426;1.0089;0.9994;
1.5086;1.0050;1.0380;1.0018;1.0426;1.0089;1.0020;
1.5086;1.0050;1.0358;1.0018;1.0427;1.0089;1.0045;
1.5087;1.0050;1.0338;1.0018;1.0429;1.0089;1.0070;
1.5087;1.0050;1.0318;1.0018;1.0433;1.0089;1.0094;
1.5087;1.0050;1.0300;1.0018;1.0437;1.0090;1.0117;
1.5088;1.0050;1.0283;1.0018;1.0441;1.0090;1.0139;
1.5088;1.0050;1.0267;1.0018;1.0447;1.0090;1.0161;
1.5088;1.0051;1.0253;1.0018;1.0454;1.0090;1.0182;
1.5088;1.0051;1.0240;1.0018;1.0461;1.0091;1.0203;
1.5089;1.0051;1.0228;1.0018;1.0469;1.0091;1.0223;
1.5089;1.0051;1.0218;1.0018;1.0478;1.0092;1.0242;
1.5089;1.0051;1.0209;1.0018;1.0488;1.0092;1.0260;
1.5089;1.0051;1.0202;1.0018;1.0498;1.0092;1.0278;
1.5090;1.0051;1.0196;1.0018;1.0509;1.0093;1.0295;
1.5090;1.0051;1.0191;1.0018;1.0520;1.0093;1.0311;
1.5090;1.0052;1.0188;1.0018;1.0545;1.0094;1.0341;
1.5091;1.0052;1.0190;1.0018;1.0568;1.0095;1.0366;
1.5091;1.0052;1.0197;1.0018;1.0593;1.0096;1.0389;
1.5092;1.0052;1.0208;1.0018;1.0618;1.0097;1.0410;
1.5092;1.0052;1.0224;1.0018;1.0643;1.0098;1.0430;
1.5093;1.0052;1.0244;1.0018;1.0669;1.0099;1.0447;
1.5093;1.0053;1.0269;1.0018;1.0695;1.0100;1.0464;
1.5094;1.0053;1.0297;1.0018;1.0720;1.0101;1.0478;
1.5094;1.0053;1.0328;1.0019;1.0745;1.0102;1.0491;
1.5095;1.0053;1.0362;1.0019;1.0769;1.0102;1.0502;
1.5095;1.0053;1.0400;1.0019;1.0792;1.0103;1.0512;
1.5096;1.0053;1.0439;1.0019;1.0813;1.0104;1.0520;
1.5096;1.0053;1.0480;1.0019;1.0834;1.0105;1.0526;
1.5097;1.0054;1.0523;1.0019;1.0852;1.0105;1.0530;
1.5097;1.0054;1.0567;1.0019;1.0870;1.0106;1.0533;
1.5098;1.0054;1.0611;1.0019;1.0885;1.0107;1.0534;
1.5098;1.0054;1.0656;1.0019;1.0899;1.0107;1.0533;
1.5099;1.0054;1.0701;1.0019;1.0910;1.0108;1.0530;
1.5099;1.0054;1.0745;1.0019;1.0920;1.0108;1.0526;
1.5099;1.0055;1.0789;1.0019;1.0928;1.0109;1.0520;
1.5100;1.0055;1.0831;1.0019;1.0934;1.0109;1.0512;
1.5100;1.0055;1.0872;1.0019;1.0938;1.0110;1.0502;
1.5101;1.0055;1.0912;1.0019;1.0940;1.0110;1.0490;
1.5101;1.0055;1.0949;1.0019;1.0941;1.0110;1.0478;
1.5102;1.0055;1.0984;1.0019;1.0939;1.0110;1.0463;
1.5102;1.0056;1.1017;1.0019;1.0937;1.0111;1.0448;
1.5103;1.0056;1.1048;1.0019;1.0932;1.0111;1.0431;
1.5103;1.0056;1.1076;1.0019;1.0927;1.0111;1.0413;
1.5104;1.0056;1.1101;1.0019;1.0920;1.0111;1.0395;
1.5104;1.0056;1.1123;1.0019;1.0912;1.0110;1.0375;
1.5105;1.0057;1.1143;1.0019;1.0902;1.0110;1.0356;
1.5105;1.0057;1.1160;1.0019;1.0892;1.0110;1.0335;
1.5106;1.0057;1.1174;1.0019;1.0882;1.0109;1.0315;
1.5106;1.0057;1.1185;1.0019;1.0871;1.0109;1.0295;
1.5107;1.0057;1.1194;1.0019;1.0859;1.0109;1.0275;
1.5107;1.0057;1.1200;1.0019;1.0847;1.0108;1.0255;
1.5108;1.0058;1.1203;1.0019;1.0835;1.0107;1.0236;
1.5108;1.0058;1.1204;1.0019;1.0823;1.0107;1.0217;
1.5109;1.0058;1.1202;1.0019;1.0811;1.0106;1.0200;
1.5109;1.0058;1.1199;1.0019;1.0799;1.0105;1.0183;
1.5109;1.0058;1.1193;1.0019;1.0787;1.0105;1.0168;
1.5110;1.0059;1.1185;1.0019;1.0776;1.0104;1.0154;
1.5110;1.0059;1.1175;1.0019;1.0766;1.0103;1.0142;
1.5111;1.0059;1.1164;1.0019;1.0756;1.0102;1.0131;
1.5111;1.0059;1.1152;1.0019;1.0747;1.0101;1.0122;
1.5112;1.0059;1.1138;1.0019;1.0739;1.0101;1.0115;
1.5112;1.0060;1.1123;1.0019;1.0731;1.0100;1.0109;
1.5113;1.0060;1.1107;1.0019;1.0725;1.0099;1.0106;
1.5113;1.0060;1.1090;1.0019;1.0720;1.0098;1.0104;
1.5114;1.0060;1.1073;1.0019;1.0715;1.0098;1.0104;
1.5114;1.0060;1.1055;1.0019;1.0712;1.0097;1.0106;
1.5115;1.0060;1.1037;1.0019;1.0710;1.0097;1.0110;
1.5115;1.0061;1.1019;1.0019;1.0709;1.0096;1.0116;
1.5116;1.0061;1.1001;1.0019;1.0709;1.0096;1.0123;
1.5116;1.0061;1.0982;1.0019;1.0710;1.0095;1.0132;
1.5117;1.0061;1.0965;1.0019;1.0711;1.0095;1.0143;
1.5117;1.0061;1.0947;1.0019;1.0714;1.0095;1.0155;
1.5118;1.0062;1.0930;1.0019;1.0718;1.0095;1.0168;
1.5118;1.0062;1.0914;1.0019;1.0723;1.0095;1.0182;
1.5118;1.0062;1.0898;1.0019;1.0728;1.0095;1.0197;
1.5119;1.0062;1.0883;1.0019;1.0734;1.0095;1.0213;
1.5119;1.0062;1.0869;1.0019;1.0741;1.0095;1.0230;
1.5120;1.0062;1.0856;1.0019;1.0748;1.0095;1.0247;
1.5120;1.0063;1.0844;1.0019;1.0756;1.0096;1.0264;
1.5121;1.0063;1.0832;1.0019;1.0764;1.0096;1.0282;
1.5121;1.0063;1.0822;1.0019;1.0772;1.0097;1.0299;
1.5122;1.0063;1.0813;1.0019;1.0780;1.0097;1.0316;
1.5122;1.0063;1.0805;1.0019;1.0788;1.0098;1.0333;
1.5123;1.0063;1.0798;1.0019;1.0797;1.0098;1.0349;
1.5123;1.0064;1.0792;1.0019;1.0805;1.0099;1.0364;
1.5124;1.0064;1.0787;1.0019;1.0812;1.0100;1.0378;
1.5124;1.0064;1.0783;1.0019;1.0820;1.0101;1.0392;
1.5125;1.0064;1.0780;1.0019;1.0827;1.0101;1.0404;
1.5125;1.0064;1.0777;1.0019;1.0833;1.0102;1.0415;
1.5126;1.0064;1.0776;1.0019;1.0839;1.0103;1.0424;
1.5126;1.0065;1.0776;1.0019;1.0844;1.0104;1.0432;
1.5127;1.0065;1.0777;1.0019;1.0849;1.0104;1.0439;
1.5127;1.0065;1.0778;1.0019;1.0853;1.0105;1.0444;
1.5128;1.0065;1.0780;1.0019;1.0856;1.0106;1.0447;
1.5128;1.0065;1.0783;1.0019;1.0858;1.0106;1.0449;
1.5128;1.0065;1.0786;1.0019;1.0859;1.0107;1.0449;
1.5129;1.0066;1.0790;1.0019;1.0860;1.0108;1.0448;
1.5129;1.0066;1.0794;1.0019;1.0860;1.0108;1.0445;
1.5130;1.0066;1.0799;1.0019;1.0859;1.0109;1.0440;
1.5130;1.0066;1.0804;1.0019;1.0857;1.0109;1.0434;
1.5131;1.0066;1.0809;1.0019;1.0854;1.0109;1.0427;
1.5131;1.0066;1.0815;1.0019;1.0851;1.0109;1.0418;
1.5132;1.0066;1.0820;1.0019;1.0847;1.0110;1.0408;
1.5132;1.0067;1.0826;1.0019;1.0843;1.0110;1.0397;
1.5133;1.0067;1.0832;1.0019;1.0838;1.0110;1.0385;
1.5133;1.0067;1.0837;1.0019;1.0832;1.0110;1.0372;
1.5134;1.0067;1.0843;1.0019;1.0826;1.0110;1.0358;
1.5134;1.0067;1.0848;1.0019;1.0820;1.0109;1.0344;
1.5135;1.0067;1.0854;1.0019;1.0813;1.0109;1.0329;
1.5135;1.0068;1.0859;1.0019;1.0806;1.0109;1.0314;
1.5136;1.0068;1.0864;1.0019;1.0799;1.0109;1.0299;
1.5136;1.0068;1.0868;1.0019;1.0792;1.0108;1.0283;
1.5137;1.0068;1.0873;1.0019;1.0785;1.0108;1.0268;
1.5137;1.0068;1.0877;1.0019;1.0778;1.0107;1.0253;
1.5137;1.0068;1.0881;1.0019;1.0771;1.0107;1.0238;
1.5138;1.0068;1.0885;1.0019;1.0765;1.0106;1.0224;
1.5138;1.0069;1.0889;1.0019;1.0758;1.0105;1.0211;
1.5139;1.0069;1.0892;1.0019;1.0752;1.0105;1.0198;
1.5139;1.0069;1.0895;1.0019;1.0747;1.0104;1.0186;
1.5140;1.0069;1.0898;1.0019;1.0742;1.0103;1.0176;
1.5140;1.0069;1.0901;1.0019;1.0738;1.0103;1.0166;
1.5141;1.0069;1.0903;1.0019;1.0734;1.0102;1.0158;
1.5141;1.0069;1.0906;1.0019;1.0731;1.0101;1.0151;
1.5142;1.0070;1.0908;1.0019;1.0728;1.0101;1.0145;
1.5142;1.0070;1.0910;1.0019;1.0726;1.0100;1.0141;
1.5143;1.0070;1.0912;1.0019;1.0725;1.0099;1.0139;
1.5143;1.0070;1.0914;1.0019;1.0725;1.0099;1.0138;
1.5144;1.0070;1.0915;1.0019;1.0725;1.0098;1.0138;
1.5144;1.0070;1.0917;1.0019;1.0726;1.0098;1.0140;
1.5145;1.0071;1.0920;1.0019;1.0731;1.0097;1.0149;
1.5146;1.0071;1.0922;1.0019;1.0737;1.0096;1.0162;
1.5147;1.0071;1.0924;1.0019;1.0745;1.0096;1.0179;
1.5148;1.0071;1.0926;1.0019;1.0754;1.0096;1.0199;
1.5149;1.0072;1.0927;1.0019;1.0765;1.0096;1.0221;
1.5149;1.0072;1.0929;1.0019;1.0776;1.0096;1.0245;
1.5150;1.0072;1.0930;1.0019;1.0788;1.0097;1.0269;
1.5151;1.0072;1.0930;1.0019;1.0799;1.0098;1.0294;
1.5152;1.0073;1.0930;1.0019;1.0810;1.0098;1.0318;
1.5153;1.0073;1.0930;1.0019;1.0821;1.0099;1.0340;
1.5154;1.0073;1.0929;1.0019;1.0830;1.0100;1.0360;
1.5155;1.0073;1.0928;1.0019;1.0837;1.0101;1.0377;
1.5155;1.0074;1.0926;1.0019;1.0843;1.0102;1.0391;
1.5156;1.0074;1.0924;1.0019;1.0848;1.0103;1.0401;
1.5157;1.0074;1.0921;1.0019;1.0850;1.0104;1.0407;
1.5158;1.0074;1.0918;1.0019;1.0850;1.0105;1.0410;
1.5159;1.0075;1.0914;1.0019;1.0849;1.0106;1.0408;
1.5160;1.0075;1.0909;1.0019;1.0846;1.0107;1.0403;
1.5160;1.0075;1.0905;1.0019;1.0841;1.0107;1.0394;
1.5161;1.0075;1.0900;1.0019;1.0835;1.0108;1.0382;
1.5162;1.0076;1.0895;1.0019;1.0827;1.0108;1.0367;
1.5163;1.0076;1.0890;1.0019;1.0819;1.0108;1.0351;
1.5164;1.0076;1.0885;1.0019;1.0809;1.0107;1.0332;
1.5165;1.0076;1.0880;1.0019;1.0800;1.0107;1.0313;
1.5166;1.0077;1.0876;1.0019;1.0791;1.0107;1.0293;
1.5166;1.0077;1.0872;1.0019;1.0781;1.0106;1.0274;
1.5167;1.0077;1.0869;1.0019;1.0773;1.0105;1.0255;
1.5168;1.0077;1.0866;1.0019;1.0765;1.0104;1.0238;
1.5169;1.0077;1.0864;1.0019;1.0758;1.0104;1.0223;
1.5170;1.0078;1.0862;1.0019;1.0752;1.0103;1.0210;
1.5171;1.0078;1.0862;1.0019;1.0748;1.0102;1.0200;
1.5172;1.0078;1.0862;1.0019;1.0745;1.0101;1.0193;
1.5172;1.0078;1.0863;1.0019;1.0744;1.0100;1.0190;
1.5173;1.0079;1.0865;1.0019;1.0745;1.0100;1.0189;
1.5174;1.0079;1.0867;1.0019;1.0747;1.0099;1.0192;
1.5175;1.0079;1.0870;1.0019;1.0750;1.0099;1.0197;
1.5176;1.0079;1.0874;1.0019;1.0755;1.0098;1.0206;
1.5177;1.0079;1.0878;1.0019;1.0761;1.0098;1.0217;
1.5178;1.0080;1.0882;1.0019;1.0767;1.0098;1.0230;
1.5178;1.0080;1.0887;1.0019;1.0775;1.0098;1.0245;
1.5179;1.0080;1.0891;1.0019;1.0783;1.0098;1.0260;
1.5180;1.0080;1.0896;1.0019;1.0791;1.0099;1.0277;
1.5181;1.0080;1.0900;1.0019;1.0799;1.0099;1.0293;
1.5182;1.0081;1.0905;1.0019;1.0806;1.0100;1.0309;
1.5183;1.0081;1.0908;1.0019;1.0813;1.0100;1.0323;
1.5184;1.0081;1.0912;1.0019;1.0819;1.0101;1.0337;
1.5184;1.0081;1.0914;1.0019;1.0825;1.0102;1.0348;
1.5185;1.0081;1.0916;1.0019;1.0829;1.0102;1.0357;
1.5186;1.0082;1.0918;1.0019;1.0832;1.0103;1.0364;
1.5187;1.0082;1.0918;1.0019;1.0833;1.0104;1.0368;
1.5188;1.0082;1.0918;1.0019;1.0833;1.0104;1.0370;
1.5189;1.0082;1.0917;1.0019;1.0833;1.0105;1.0369;
1.5190;1.0082;1.0916;1.0019;1.0830;1.0105;1.0365;
1.5190;1.0083;1.0914;1.0019;1.0827;1.0105;1.0360;
1.5191;1.0083;1.0912;1.0019;1.0823;1.0106;1.0352;
1.5192;1.0083;1.0909;1.0019;1.0818;1.0106;1.0342;
1.5193;1.0083;1.0906;1.0019;1.0812;1.0106;1.0331;
1.5194;1.0083;1.0902;1.0019;1.0806;1.0106;1.0318;
1.5195;1.0084;1.0899;1.0019;1.0799;1.0105;1.0305;
1.5196;1.0084;1.0895;1.0019;1.0793;1.0105;1.0292;
1.5196;1.0084;1.0892;1.0019;1.0786;1.0105;1.0279;
1.5197;1.0084;1.0888;1.0019;1.0780;1.0104;1.0267;
1.5198;1.0084;1.0885;1.0019;1.0775;1.0104;1.0255;
1.5199;1.0085;1.0883;1.0019;1.0770;1.0103;1.0245;
1.5200;1.0085;1.0881;1.0019;1.0766;1.0102;1.0236;
1.5201;1.0085;1.0879;1.0019;1.0763;1.0102;1.0230;
1.5202;1.0085;1.0878;1.0019;1.0761;1.0101;1.0225;
1.5202;1.0085;1.0877;1.0019;1.0761;1.0101;1.0223;
1.5203;1.0086;1.0877;1.0019;1.0761;1.0100;1.0222;
1.5204;1.0086;1.0877;1.0019;1.0762;1.0100;1.0224;
1.5205;1.0086;1.0878;1.0019;1.0764;1.0100;1.0228;
1.5206;1.0086;1.0880;1.0019;1.0768;1.0099;1.0233;
1.5207;1.0086;1.0881;1.0019;1.0771;1.0099;1.0241;
1.5208;1.0086;1.0883;1.0019;1.0776;1.0099;1.0249;
1.5208;1.0087;1.0886;1.0019;1.0781;1.0099;1.0259;
1.5209;1.0087;1.0888;1.0019;1.0786;1.0099;1.0270;
1.5210;1.0087;1.0891;1.0019;1.0792;1.0100;1.0281;
1.5211;1.0087;1.0893;1.0019;1.0797;1.0100;1.0291;
1.5212;1.0087;1.0896;1.0019;1.0802;1.0100;1.0302;
1.5213;1.0087;1.0898;1.0019;1.0807;1.0101;1.0312;
1.5214;1.0088;1.0900;1.0019;1.0811;1.0101;1.0321;
1.5214;1.0088;1.0902;1.0019;1.0815;1.0102;1.0328;
1.5215;1.0088;1.0904;1.0019;1.0818;1.0102;1.0335;
1.5216;1.0088;1.0905;1.0019;1.0820;1.0102;1.0339;
1.5217;1.0088;1.0905;1.0019;1.0821;1.0103;1.0342;
1.5218;1.0089;1.0906;1.0019;1.0821;1.0103;1.0343;
1.5219;1.0089;1.0906;1.0019;1.0821;1.0104;1.0343;
1.5220;1.0089;1.0905;1.0019;1.0819;1.0104;1.0341;
1.5220;1.0089;1.0904;1.0019;1.0817;1.0104;1.0337;
1.5221;1.0089;1.0903;1.0019;1.0814;1.0104;1.0331;
1.5222;1.0089;1.0902;1.0019;1.0811;1.0104;1.0325;
1.5223;1.0090;1.0900;1.0019;1.0807;1.0104;1.0317;
1.5224;1.0090;1.0898;1.0019;1.0803;1.0104;1.0309;
1.5225;1.0090;1.0897;1.0019;1.0799;1.0104;1.0300;
1.5226;1.0090;1.0895;1.0019;1.0794;1.0104;1.0292;
1.5226;1.0090;1.0893;1.0019;1.0790;1.0104;1.0283;
1.5227;1.0090;1.0891;1.0019;1.0786;1.0103;1.0274;
1.5228;1.0090;1.0889;1.0019;1.0782;1.0103;1.0267;
1.5229;1.0091;1.0888;1.0019;1.0779;1.0103;1.0260;
1.5230;1.0091;1.0886;1.0019;1.0776;1.0102;1.0254;
1.5231;1.0091;1.0886;1.0019;1.0774;1.0102;1.0250;
1.5231;1.0091;1.0885;1.0019;1.0773;1.0101;1.0246;
1.5232;1.0091;1.0885;1.0019;1.0772;1.0101;1.0245;
1.5233;1.0091;1.0884;1.0019;1.0773;1.0101;1.0244;
1.5234;1.0092;1.0885;1.0019;1.0773;1.0100;1.0245;
1.5236;1.0092;1.0886;1.0019;1.0777;1.0100;1.0253;
1.5237;1.0092;1.0888;1.0019;1.0782;1.0100;1.0262;
1.5239;1.0092;1.0891;1.0019;1.0788;1.0100;1.0273;
1.5240;1.0093;1.0893;1.0019;1.0794;1.0100;1.0285;
1.5242;1.0093;1.0896;1.0019;1.0799;1.0101;1.0296;
1.5243;1.0093;1.0897;1.0019;1.0804;1.0101;1.0306;
1.5245;1.0093;1.0899;1.0019;1.0807;1.0102;1.0313;
1.5247;1.0094;1.0900;1.0019;1.0809;1.0102;1.0317;
1.5248;1.0094;1.0900;1.0019;1.0810;1.0102;1.0318;
1.5250;1.0094;1.0899;1.0019;1.0809;1.0103;1.0317;
1.5251;1.0094;1.0898;1.0019;1.0806;1.0103;1.0312;
1.5253;1.0095;1.0897;1.0019;1.0803;1.0103;1.0306;
1.5254;1.0095;1.0895;1.0019;1.0800;1.0103;1.0299;
1.5256;1.0095;1.0894;1.0019;1.0796;1.0103;1.0292;
1.5257;1.0095;1.0892;1.0019;1.0792;1.0102;1.0284;
1.5259;1.0096;1.0891;1.0019;1.0789;1.0102;1.0278;
1.5260;1.0096;1.0890;1.0019;1.0787;1.0102;1.0274;
1.5262;1.0096;1.0890;1.0019;1.0786;1.0102;1.0271;
1.5263;1.0096;1.0890;1.0019;1.0786;1.0101;1.0270;
1.5265;1.0097;1.0890;1.0019;1.0787;1.0101;1.0272;
1.5267;1.0097;1.0891;1.0019;1.0788;1.0101;1.0274;
1.5268;1.0097;1.0891;1.0019;1.0791;1.0101;1.0278;
1.5270;1.0097;1.0893;1.0019;1.0793;1.0101;1.0283;
1.5271;1.0097;1.0894;1.0019;1.0795;1.0101;1.0288;
1.5273;1.0098;1.0895;1.0019;1.0798;1.0101;1.0292;
1.5274;1.0098;1.0895;1.0019;1.0800;1.0101;1.0296;
1.5276;1.0098;1.0896;1.0019;1.0801;1.0102;1.0299;
1.5277;1.0098;1.0896;1.0019;1.0802;1.0102;1.0301;
1.5280;1.0099;1.0896;1.0019;1.0801;1.0102;1.0300;
1.5284;1.0099;1.0895;1.0019;1.0799;1.0102;1.0296;
1.5287;1.0100;1.0894;1.0019;1.0797;1.0102;1.0291;
1.5290;1.0100;1.0893;1.0019;1.0795;1.0102;1.0287;
1.5293;1.0100;1.0892;1.0019;1.0794;1.0101;1.0285;
1.5296;1.0101;1.0892;1.0019;1.0794;1.0101;1.0284;
1.5299;1.0101;1.0893;1.0019;1.0795;1.0101;1.0286;
1.5302;1.0101;1.0893;1.0019;1.0796;1.0101;1.0288;
1.5308;1.0102;1.0894;1.0019;1.0797;1.0101;1.0290;
1.5314;1.0103;1.0894;1.0019;1.0798;1.0101;1.0291;
1.5320;1.0103;1.0893;1.0019;1.0797;1.0101;1.0290;
1.5333;1.0105;1.0893;1.0019;1.0798;1.0101;1.0289;
1.5345;1.0106;1.0893;1.0020;1.0798;1.0101;1.0289;
1.5370;1.0108;1.0893;1.0020;1.0799;1.0101;1.0290;
1.5419;1.0111;1.0893;1.0020;1.0800;1.0101;1.0290;
1.5468;1.0113;1.0893;1.0020;1.0802;1.0100;1.0290;
1.5518;1.0115;1.0893;1.0020;1.0804;1.0100;1.0291;
1.5567;1.0116;1.0893;1.0020;1.0806;1.0100;1.0291;
1.5665;1.0117;1.0893;1.0020;1.0810;1.0099;1.0293;
1.5764;1.0118;1.0893;1.0021;1.0814;1.0099;1.0294;
1.5862;1.0119;1.0893;1.0021;1.0818;1.0098;1.0295;
1.5961;1.0119;1.0893;1.0021;1.0822;1.0098;1.0297;
1.6060;1.0119;1.0893;1.0021;1.0827;1.0097;1.0299;
1.6158;1.0118;1.0893;1.0021;1.0832;1.0097;1.0301;
1.6257;1.0118;1.0893;1.0021;1.0837;1.0097;1.0303;
1.6355;1.0118;1.0894;1.0022;1.0842;1.0096;1.0305;
1.6454;1.0118;1.0894;1.0022;1.0847;1.0096;1.0307;
1.6500;1.0118;1.0894;1.0022;1.0849;1.0096;1.0308;
1.6500;1.0118;1.0894;1.0022;1.0849;1.0096;1.0308;
1.6500;1.0118;1.0894;1.0022;1.0849;1.0096;1.0308;
1.6500;1.0118;1.0894;1.0022;1.0849;1.0096;1.0308;
1.6500;1.0118;1.0894;1.0022;1.0849;1.0096;1.0308;
1.6500;1.0118;1.0894;1.0022;1.0849;1.0096;1.0307;
1.6500;1.0118;1.0891;1.0022;1.0846;1.0096;1.0305;
1.6500;1.0118;1.0886;1.0022;1.0843;1.0096;1.0300;
1.6500;1.0118;1.0881;1.0022;1.0839;1.0097;1.0295;
1.6500;1.0118;1.0874;1.0022;1.0833;1.0097;1.0288;
1.6500;1.0118;1.0865;1.0022;1.0827;1.0097;1.0280;
1.6500;1.0118;1.0855;1.0022;1.0819;1.0097;1.0271;
1.6500;1.0118;1.0844;1.0022;1.0810;1.0098;1.0261;
1.6500;1.0118;1.0832;1.0022;1.0801;1.0098;1.0249;
1.6500;1.0118;1.0818;1.0022;1.0790;1.0099;1.0236;
1.6500;1.0118;1.0804;1.0022;1.0778;1.0099;1.0222;
1.6500;1.0118;1.0788;1.0022;1.0766;1.0099;1.0207;
1.6501;1.0118;1.0771;1.0022;1.0752;1.0100;1.0191;
1.6501;1.0118;1.0753;1.0022;1.0737;1.0100;1.0175;
1.6501;1.0118;1.0734;1.0022;1.0722;1.0100;1.0157;
1.6501;1.0118;1.0714;1.0022;1.0706;1.0101;1.0138;
1.6501;1.0118;1.0693;1.0022;1.0689;1.0101;1.0118;
1.6501;1.0118;1.0671;1.0022;1.0671;1.0102;1.0098;
1.6501;1.0118;1.0648;1.0022;1.0652;1.0102;1.0076;
1.6501;1.0118;1.0624;1.0022;1.0633;1.0102;1.0054;
1.6501;1.0118;1.0599;1.0022;1.0612;1.0103;1.0031;
1.6501;1.0118;1.0573;1.0022;1.0591;1.0103;1.0007;
1.6501;1.0118;1.0547;1.0022;1.0569;1.0103;0.9983;
1.6501;1.0118;1.0491;1.0021;1.0523;1.0103;0.9931;
1.6501;1.0118;1.0439;1.0021;1.0479;1.0104;0.9881;
1.6502;1.0118;1.0384;1.0021;1.0433;1.0104;0.9830;
1.6502;1.0118;1.0328;1.0021;1.0385;1.0104;0.9776;
1.6502;1.0118;1.0269;1.0021;1.0336;1.0104;0.9720;
1.6502;1.0118;1.0209;1.0021;1.0285;1.0104;0.9663;
1.6502;1.0118;1.0148;1.0021;1.0232;1.0104;0.9604;
1.6502;1.0118;1.0086;1.0020;1.0178;1.0103;0.9543;
1.6502;1.0117;1.0022;1.0020;1.0122;1.0103;0.9482;
1.6502;1.0117;0.9956;1.0020;1.0065;1.0102;0.9419;
1.6502;1.0117;0.9889;1.0020;1.0007;1.0101;0.9356;
1.6503;1.0117;0.9821;1.0020;0.9948;1.0101;0.9292;
1.6503;1.0117;0.9751;1.0020;0.9886;1.0100;0.9227;
1.6503;1.0117;0.9679;1.0020;0.9823;1.0099;0.9162;
1.6503;1.0117;0.9607;1.0020;0.9759;1.0098;0.9096;
1.6503;1.0117;0.9533;1.0019;0.9693;1.0097;0.9030;
1.6503;1.0117;0.9459;1.0019;0.9626;1.0095;0.8965;
1.6503;1.0117;0.9383;1.0019;0.9558;1.0094;0.8899;
1.6503;1.0117;0.9307;1.0019;0.9488;1.0093;0.8834;
1.6503;1.0117;0.9230;1.0019;0.9418;1.0091;0.8769;
1.6504;1.0117;0.9153;1.0019;0.9347;1.0090;0.8704;
1.6504;1.0117;0.9075;1.0019;0.9275;1.0088;0.8641;
1.6504;1.0117;0.8997;1.0018;0.9202;1.0087;0.8578;
1.6504;1.0117;0.8919;1.0018;0.9129;1.0085;0.8515;
1.6504;1.0117;0.8840;1.0018;0.9056;1.0083;0.8454;
1.6504;1.0117;0.8762;1.0018;0.8982;1.0081;0.8394;
1.6504;1.0117;0.8683;1.0018;0.8908;1.0080;0.8334;
1.6504;1.0117;0.8605;1.0018;0.8834;1.0078;0.8276;
1.6505;1.0117;0.8527;1.0018;0.8759;1.0076;0.8219;
1.6505;1.0117;0.8449;1.0017;0.8685;1.0074;0.8164;
1.6505;1.0117;0.8372;1.0017;0.8611;1.0072;0.8110;
1.6505;1.0117;0.8295;1.0017;0.8537;1.0070;0.8057;
1.6505;1.0117;0.8219;1.0017;0.8463;1.0068;0.8006;
1.6505;1.0116;0.8143;1.0017;0.8389;1.0066;0.7956;
1.6505;1.0116;0.8068;1.0017;0.8316;1.0064;0.7908;
1.6505;1.0116;0.7993;1.0016;0.8244;1.0063;0.7862;
1.6505;1.0116;0.7920;1.0016;0.8172;1.0061;0.7817;
1.6506;1.0116;0.7847;1.0016;0.8101;1.0059;0.7773;
1.6506;1.0116;0.7775;1.0016;0.8030;1.0057;0.7732;
1.6506;1.0116;0.7704;1.0016;0.7960;1.0055;0.7692;
1.6506;1.0116;0.7635;1.0016;0.7891;1.0054;0.7653;
1.6506;1.0116;0.7566;1.0015;0.7823;1.0052;0.7616;
1.6506;1.0116;0.7498;1.0015;0.7756;1.0050;0.7581;
1.6506;1.0116;0.7431;1.0015;0.7690;1.0048;0.7548;
1.6506;1.0116;0.7366;1.0015;0.7624;1.0047;0.7516;
1.6506;1.0116;0.7302;1.0015;0.7560;1.0045;0.7485;
1.6507;1.0116;0.7238;1.0014;0.7497;1.0044;0.7457;
1.6507;1.0116;0.7177;1.0014;0.7435;1.0042;0.7429;
1.6507;1.0116;0.7116;1.0014;0.7374;1.0041;0.7403;
1.6507;1.0115;0.7057;1.0014;0.7315;1.0039;0.7379;
1.6507;1.0115;0.6999;1.0014;0.7257;1.0038;0.7356;
1.6507;1.0115;0.6942;1.0014;0.7200;1.0037;0.7334;
1.6507;1.0115;0.6887;1.0013;0.7144;1.0035;0.7314;
1.6507;1.0115;0.6833;1.0013;0.7089;1.0034;0.7295;
1.6508;1.0115;0.6780;1.0013;0.7036;1.0033;0.7277;
1.6508;1.0115;0.6729;1.0013;0.6985;1.0032;0.7261;
1.6508;1.0115;0.6679;1.0013;0.6934;1.0031;0.7245;
1.6508;1.0115;0.6631;1.0013;0.6885;1.0030;0.7231;
1.6508;1.0115;0.6584;1.0013;0.6837;1.0029;0.7217;
1.6508;1.0115;0.6538;1.0012;0.6791;1.0028;0.7205;
1.6508;1.0115;0.6494;1.0012;0.6746;1.0027;0.7193;
1.6508;1.0115;0.6451;1.0012;0.6703;1.0026;0.7183;
1.6508;1.0115;0.6410;1.0012;0.6661;1.0025;0.7173;
1.6509;1.0114;0.6370;1.0012;0.6620;1.0024;0.7164;
1.6509;1.0114;0.6295;1.0012;0.6544;1.0023;0.7148;
1.6509;1.0114;0.6233;1.0012;0.6480;1.0022;0.7136;
1.6509;1.0114;0.6175;1.0012;0.6422;1.0021;0.7126;
1.6509;1.0114;0.6122;1.0012;0.6367;1.0020;0.7117;
1.6510;1.0114;0.6072;1.0012;0.6316;1.0019;0.7109;
1.6510;1.0114;0.6027;1.0012;0.6269;1.0018;0.7103;
1.6510;1.0113;0.5986;1.0012;0.6227;1.0018;0.7097;
1.6510;1.0113;0.5948;1.0012;0.6188;1.0017;0.7092;
1.6510;1.0113;0.5915;1.0012;0.6152;1.0017;0.7088;
1.6511;1.0113;0.5885;1.0012;0.6120;1.0016;0.7084;
1.6511;1.0113;0.5858;1.0012;0.6092;1.0016;0.7080;
1.6511;1.0113;0.5835;1.0012;0.6067;1.0015;0.7076;
1.6511;1.0113;0.5816;1.0012;0.6045;1.0015;0.7073;
1.6511;1.0112;0.5799;1.0012;0.6026;1.0015;0.7070;
1.6512;1.0112;0.5786;1.0012;0.6009;1.0014;0.7066;
1.6512;1.0112;0.5776;1.0013;0.5996;1.0014;0.7063;
1.6512;1.0112;0.5768;1.0013;0.5985;1.0014;0.7059;
1.6512;1.0112;0.5764;1.0013;0.5977;1.0014;0.7056;
1.6512;1.0112;0.5762;1.0013;0.5971;1.0014;0.7052;
1.6513;1.0112;0.5762;1.0014;0.5967;1.0014;0.7048;
1.6513;1.0112;0.5765;1.0014;0.5965;1.0013;0.7044;
1.6513;1.0111;0.5770;1.0014;0.5966;1.0013;0.7040;
1.6514;1.0111;0.5788;1.0015;0.5973;1.0013;0.7032;
1.6514;1.0111;0.5810;1.0015;0.5985;1.0013;0.7025;
1.6514;1.0111;0.5838;1.0015;0.6001;1.0012;0.7018;
1.6515;1.0111;0.5871;1.0016;0.6021;1.0012;0.7011;
1.6515;1.0110;0.5907;1.0016;0.6044;1.0012;0.7006;
1.6515;1.0110;0.5947;1.0017;0.6069;1.0011;0.7001;
1.6516;1.0110;0.5990;1.0017;0.6097;1.0011;0.6998;
1.6516;1.0110;0.6036;1.0018;0.6126;1.0010;0.6996;
1.6516;1.0109;0.6083;1.0018;0.6157;1.0010;0.6996;
1.6517;1.0109;0.6132;1.0018;0.6188;1.0009;0.6997;
1.6517;1.0109;0.6182;1.0019;0.6219;1.0009;0.7001;
1.6518;1.0109;0.6232;1.0019;0.6251;1.0008;0.7007;
1.6518;1.0109;0.6283;1.0019;0.6283;1.0008;0.7014;
1.6518;1.0108;0.6333;1.0019;0.6314;1.0007;0.7025;
1.6519;1.0108;0.6384;1.0020;0.6345;1.0007;0.7037;
1.6519;1.0108;0.6434;1.0020;0.6374;1.0006;0.7051;
1.6519;1.0108;0.6483;1.0020;0.6403;1.0005;0.7067;
1.6520;1.0108;0.6531;1.0020;0.6431;1.0005;0.7086;
1.6520;1.0108;0.6579;1.0020;0.6458;1.0004;0.7106;
1.6521;1.0107;0.6625;1.0020;0.6484;1.0004;0.7128;
1.6521;1.0107;0.6670;1.0020;0.6508;1.0003;0.7152;
1.6521;1.0107;0.6714;1.0020;0.6532;1.0003;0.7177;
1.6522;1.0107;0.6757;1.0020;0.6554;1.0002;0.7204;
1.6522;1.0107;0.6798;1.0021;0.6576;1.0001;0.7231;
1.6522;1.0106;0.6839;1.0021;0.6597;1.0001;0.7260;
1.6523;1.0106;0.6879;1.0021;0.6617;1.0000;0.7289;
1.6523;1.0106;0.6917;1.0021;0.6636;1.0000;0.7319;
1.6523;1.0106;0.6955;1.0021;0.6654;0.9999;0.7349;
1.6524;1.0106;0.6992;1.0021;0.6673;0.9999;0.7380;
1.6524;1.0105;0.7028;1.0021;0.6691;0.9998;0.7411;
1.6525;1.0105;0.7064;1.0021;0.6709;0.9998;0.7442;
1.6525;1.0105;0.7135;1.0020;0.6745;0.9997;0.7503;
1.6526;1.0104;0.7197;1.0020;0.6779;0.9996;0.7557;
1.6527;1.0104;0.7260;1.0020;0.6815;0.9995;0.7609;
1.6527;1.0104;0.7324;1.0020;0.6854;0.9994;0.7660;
1.6528;1.0103;0.7389;1.0020;0.6896;0.9994;0.7709;
1.6529;1.0103;0.7455;1.0020;0.6942;0.9993;0.7756;
1.6529;1.0102;0.7522;1.0020;0.6991;0.9992;0.7801;
1.6530;1.0102;0.7590;1.0020;0.7044;0.9991;0.7845;
1.6531;1.0102;0.7660;1.0020;0.7101;0.9990;0.7887;
1.6531;1.0101;0.7732;1.0020;0.7161;0.9989;0.7928;
1.6532;1.0101;0.7804;1.0020;0.7226;0.9988;0.7967;
1.6533;1.0100;0.7877;1.0021;0.7293;0.9987;0.8006;
1.6533;1.0100;0.7951;1.0021;0.7364;0.9986;0.8043;
1.6534;1.0099;0.8026;1.0021;0.7438;0.9985;0.8080;
1.6535;1.0099;0.8101;1.0021;0.7514;0.9984;0.8116;
1.6535;1.0099;0.8177;1.0021;0.7591;0.9983;0.8152;
1.6536;1.0098;0.8252;1.0021;0.7671;0.9982;0.8187;
1.6537;1.0098;0.8328;1.0021;0.7752;0.9981;0.8221;
1.6537;1.0097;0.8403;1.0021;0.7834;0.9980;0.8255;
1.6538;1.0097;0.8478;1.0021;0.7916;0.9979;0.8289;
1.6539;1.0096;0.8553;1.0021;0.7999;0.9978;0.8322;
1.6539;1.0096;0.8627;1.0021;0.8082;0.9977;0.8355;
1.6540;1.0095;0.8701;1.0022;0.8166;0.9976;0.8387;
1.6541;1.0095;0.8775;1.0022;0.8249;0.9975;0.8418;
1.6541;1.0094;0.8848;1.0022;0.8332;0.9974;0.8449;
1.6542;1.0094;0.8921;1.0022;0.8414;0.9973;0.8480;
1.6543;1.0093;0.9066;1.0022;0.8579;0.9971;0.8540;
1.6544;1.0092;0.9195;1.0022;0.8727;0.9970;0.8592;
1.6546;1.0091;0.9324;1.0022;0.8874;0.9969;0.8643;
1.6547;1.0090;0.9453;1.0022;0.9021;0.9967;0.8693;
1.6548;1.0089;0.9581;1.0022;0.9169;0.9966;0.8742;
1.6549;1.0088;0.9709;1.0022;0.9316;0.9965;0.8790;
1.6550;1.0087;0.9838;1.0023;0.9464;0.9964;0.8838;
1.6552;1.0087;0.9966;1.0023;0.9613;0.9963;0.8885;
1.6552;1.0086;1.0032;1.0023;0.9691;0.9962;0.8909;
1.6553;1.0086;1.0095;1.0023;0.9770;0.9961;0.8934;
1.6553;1.0085;1.0148;1.0023;0.9841;0.9961;0.8956;
1.6554;1.0085;1.0200;1.0023;0.9912;0.9960;0.8978;
1.6555;1.0084;1.0250;1.0023;0.9983;0.9960;0.9000;
1.6555;1.0084;1.0298;1.0023;1.0051;0.9959;0.9022;
1.6556;1.0083;1.0339;1.0023;1.0109;0.9959;0.9041;
1.6556;1.0083;1.0380;1.0023;1.0165;0.9958;0.9061;
1.6557;1.0083;1.0416;1.0024;1.0213;0.9958;0.9078;
1.6557;1.0082;1.0452;1.0024;1.0260;0.9958;0.9096;
1.6558;1.0082;1.0486;1.0024;1.0305;0.9957;0.9113;
1.6558;1.0081;1.0520;1.0024;1.0349;0.9957;0.9130;
1.6558;1.0081;1.0552;1.0024;1.0391;0.9956;0.9148;
1.6559;1.0081;1.0584;1.0024;1.0432;0.9956;0.9166;
1.6559;1.0080;1.0615;1.0025;1.0472;0.9956;0.9184;
1.6560;1.0080;1.0645;1.0025;1.0511;0.9955;0.9202;
1.6560;1.0080;1.0674;1.0025;1.0549;0.9955;0.9220;
1.6561;1.0079;1.0702;1.0026;1.0585;0.9954;0.9239;
1.6561;1.0079;1.0729;1.0026;1.0620;0.9954;0.9258;
1.6562;1.0078;1.0754;1.0026;1.0653;0.9954;0.9278;
1.6562;1.0078;1.0778;1.0027;1.0685;0.9953;0.9298;
1.6563;1.0078;1.0801;1.0027;1.0715;0.9953;0.9319;
1.6563;1.0077;1.0822;1.0027;1.0743;0.9953;0.9340;
1.6564;1.0077;1.0842;1.0028;1.0769;0.9952;0.9362;
1.6564;1.0077;1.0860;1.0028;1.0794;0.9952;0.9385;
1.6565;1.0076;1.0877;1.0029;1.0816;0.9951;0.9409;
1.6565;1.0076;1.0892;1.0029;1.0836;0.9951;0.9433;
1.6565;1.0076;1.0906;1.0030;1.0854;0.9951;0.9458;
1.6566;1.0075;1.0919;1.0030;1.0870;0.9950;0.9484;
1.6566;1.0075;1.0930;1.0031;1.0884;0.9950;0.9512;
1.6567;1.0074;1.0939;1.0031;1.0895;0.9949;0.9539;
1.6567;1.0074;1.0948;1.0032;1.0904;0.9949;0.9568;
1.6568;1.0074;1.0955;1.0032;1.0911;0.9949;0.9598;
1.6568;1.0073;1.0961;1.0032;1.0916;0.9948;0.9628;
1.6569;1.0073;1.0966;1.0033;1.0918;0.9948;0.9659;
1.6569;1.0073;1.0970;1.0033;1.0919;0.9947;0.9691;
1.6570;1.0072;1.0973;1.0034;1.0917;0.9947;0.9724;
1.6570;1.0072;1.0975;1.0034;1.0914;0.9947;0.9757;
1.6571;1.0072;1.0976;1.0034;1.0909;0.9946;0.9791;
1.6571;1.0071;1.0977;1.0035;1.0902;0.9946;0.9825;
1.6571;1.0071;1.0977;1.0035;1.0893;0.9946;0.9859;
1.6572;1.0070;1.0976;1.0035;1.0883;0.9945;0.9894;
1.6572;1.0070;1.0975;1.0036;1.0872;0.9945;0.9930;
1.6573;1.0070;1.0973;1.0036;1.0860;0.9945;0.9965;
1.6573;1.0069;1.0971;1.0036;1.0846;0.9944;1.0001;
1.6574;1.0069;1.0968;1.0036;1.0831;0.9944;1.0035;
1.6574;1.0069;1.0965;1.0037;1.0816;0.9944;1.0068;
1.6575;1.0068;1.0962;1.0037;1.0799;0.9944;1.0099;
1.6575;1.0068;1.0958;1.0037;1.0782;0.9944;1.0129;
1.6576;1.0068;1.0953;1.0037;1.0764;0.9944;1.0159;
1.6576;1.0067;1.0949;1.0038;1.0746;0.9944;1.0187;
1.6577;1.0067;1.0943;1.0038;1.0728;0.9944;1.0214;
1.6577;1.0067;1.0937;1.0038;1.0708;0.9944;1.0241;
1.6577;1.0066;1.0931;1.0038;1.0689;0.9944;1.0267;
1.6578;1.0066;1.0923;1.0038;1.0669;0.9944;1.0292;
1.6578;1.0066;1.0915;1.0038;1.0649;0.9944;1.0316;
1.6579;1.0065;1.0907;1.0039;1.0629;0.9945;1.0339;
1.6579;1.0065;1.0897;1.0039;1.0608;0.9945;1.0362;
1.6580;1.0065;1.0887;1.0039;1.0588;0.9945;1.0383;
1.6580;1.0064;1.0876;1.0039;1.0567;0.9946;1.0404;
1.6581;1.0064;1.0864;1.0039;1.0545;0.9946;1.0423;
1.6581;1.0064;1.0851;1.0039;1.0523;0.9946;1.0441;
1.6582;1.0063;1.0837;1.0039;1.0501;0.9947;1.0458;
1.6582;1.0063;1.0822;1.0039;1.0479;0.9947;1.0474;
1.6583;1.0063;1.0806;1.0039;1.0455;0.9948;1.0489;
1.6583;1.0063;1.0789;1.0039;1.0432;0.9948;1.0502;
1.6583;1.0062;1.0771;1.0039;1.0408;0.9949;1.0514;
1.6584;1.0062;1.0752;1.0039;1.0383;0.9949;1.0524;
1.6584;1.0062;1.0732;1.0039;1.0358;0.9950;1.0533;
1.6585;1.0061;1.0712;1.0039;1.0332;0.9950;1.0540;
1.6585;1.0061;1.0690;1.0039;1.0306;0.9951;1.0545;
1.6586;1.0061;1.0668;1.0039;1.0279;0.9951;1.0549;
1.6586;1.0061;1.0645;1.0039;1.0251;0.9952;1.0552;
1.6587;1.0060;1.0621;1.0039;1.0223;0.9952;1.0552;
1.6587;1.0060;1.0597;1.0039;1.0194;0.9953;1.0552;
1.6588;1.0060;1.0573;1.0039;1.0164;0.9953;1.0549;
1.6588;1.0060;1.0547;1.0038;1.0134;0.9953;1.0546;
1.6589;1.0059;1.0522;1.0038;1.0103;0.9954;1.0540;
1.6589;1.0059;1.0497;1.0038;1.0072;0.9954;1.0533;
1.6589;1.0059;1.0471;1.0038;1.0040;0.9954;1.0525;
1.6590;1.0058;1.0446;1.0038;1.0008;0.9954;1.0516;
1.6590;1.0058;1.0420;1.0038;0.9977;0.9955;1.0505;
1.6591;1.0058;1.0395;1.0037;0.9943;0.9955;1.0494;
1.6591;1.0058;1.0370;1.0037;0.9906;0.9955;1.0481;
1.6592;1.0057;1.0346;1.0037;0.9869;0.9955;1.0467;
1.6592;1.0057;1.0322;1.0037;0.9830;0.9955;1.0452;
1.6593;1.0057;1.0299;1.0037;0.9791;0.9955;1.0436;
1.6593;1.0057;1.0277;1.0037;0.9752;0.9955;1.0420;
1.6594;1.0056;1.0256;1.0036;0.9712;0.9955;1.0403;
1.6594;1.0056;1.0235;1.0036;0.9673;0.9955;1.0385;
1.6595;1.0056;1.0216;1.0036;0.9635;0.9955;1.0367;
1.6595;1.0055;1.0198;1.0036;0.9597;0.9955;1.0348;
1.6595;1.0055;1.0181;1.0036;0.9560;0.9955;1.0330;
1.6596;1.0055;1.0165;1.0036;0.9525;0.9955;1.0311;
1.6596;1.0055;1.0151;1.0036;0.9490;0.9954;1.0292;
1.6597;1.0054;1.0139;1.0035;0.9457;0.9954;1.0273;
1.6597;1.0054;1.0128;1.0035;0.9425;0.9954;1.0254;
1.6598;1.0054;1.0118;1.0035;0.9395;0.9954;1.0235;
1.6598;1.0053;1.0110;1.0035;0.9366;0.9953;1.0216;
1.6599;1.0053;1.0104;1.0035;0.9339;0.9953;1.0198;
1.6599;1.0053;1.0099;1.0035;0.9313;0.9953;1.0180;
1.6600;1.0053;1.0096;1.0035;0.9289;0.9953;1.0162;
1.6600;1.0052;1.0095;1.0035;0.9267;0.9952;1.0145;
1.6601;1.0052;1.0095;1.0035;0.9246;0.9952;1.0129;
1.6601;1.0052;1.0097;1.0035;0.9227;0.9952;1.0113;
1.6602;1.0051;1.0105;1.0035;0.9193;0.9951;1.0083;
1.6603;1.0051;1.0116;1.0035;0.9167;0.9950;1.0059;
1.6604;1.0050;1.0131;1.0035;0.9144;0.9950;1.0037;
1.6604;1.0050;1.0149;1.0035;0.9125;0.9949;1.0018;
1.6605;1.0049;1.0169;1.0036;0.9107;0.9949;1.0001;
1.6606;1.0049;1.0190;1.0036;0.9092;0.9948;0.9985;
1.6607;1.0048;1.0213;1.0036;0.9079;0.9948;0.9971;
1.6608;1.0048;1.0236;1.0036;0.9068;0.9947;0.9958;
1.6609;1.0047;1.0259;1.0036;0.9058;0.9947;0.9948;
1.6609;1.0047;1.0281;1.0036;0.9050;0.9947;0.9940;
1.6610;1.0046;1.0303;1.0036;0.9043;0.9947;0.9933;
1.6611;1.0046;1.0323;1.0036;0.9037;0.9947;0.9929;
1.6612;1.0045;1.0341;1.0036;0.9031;0.9947;0.9927;
1.6613;1.0045;1.0358;1.0036;0.9027;0.9947;0.9926;
1.6614;1.0044;1.0373;1.0036;0.9024;0.9947;0.9927;
1.6614;1.0044;1.0387;1.0036;0.9021;0.9947;0.9929;
1.6615;1.0043;1.0399;1.0036;0.9018;0.9947;0.9932;
1.6616;1.0043;1.0408;1.0035;0.9016;0.9947;0.9935;
1.6617;1.0042;1.0417;1.0035;0.9015;0.9947;0.9939;
1.6618;1.0042;1.0424;1.0035;0.9014;0.9947;0.9944;
1.6619;1.0041;1.0429;1.0035;0.9013;0.9947;0.9949;
1.6619;1.0041;1.0433;1.0035;0.9013;0.9946;0.9954;
1.6620;1.0041;1.0436;1.0035;0.9012;0.9946;0.9958;
1.6622;1.0040;1.0438;1.0035;0.9014;0.9946;0.9968;
1.6623;1.0039;1.0437;1.0035;0.9016;0.9946;0.9977;
1.6625;1.0038;1.0434;1.0035;0.9020;0.9946;0.9987;
1.6626;1.0037;1.0429;1.0035;0.9027;0.9945;0.9996;
1.6628;1.0036;1.0423;1.0035;0.9035;0.9945;1.0005;
1.6629;1.0036;1.0416;1.0035;0.9046;0.9945;1.0014;
1.6631;1.0035;1.0408;1.0035;0.9059;0.9944;1.0023;
1.6632;1.0034;1.0400;1.0035;0.9073;0.9944;1.0032;
1.6634;1.0033;1.0392;1.0034;0.9090;0.9944;1.0040;
1.6635;1.0032;1.0384;1.0034;0.9107;0.9944;1.0048;
1.6637;1.0032;1.0376;1.0034;0.9126;0.9944;1.0055;
1.6638;1.0031;1.0369;1.0034;0.9145;0.9944;1.0061;
1.6640;1.0030;1.0363;1.0034;0.9165;0.9944;1.0067;
1.6641;1.0029;1.0358;1.0034;0.9185;0.9944;1.0071;
1.6643;1.0029;1.0354;1.0034;0.9204;0.9944;1.0074;
1.6644;1.0028;1.0351;1.0034;0.9224;0.9944;1.0076;
1.6646;1.0027;1.0350;1.0034;0.9243;0.9944;1.0077;
1.6647;1.0026;1.0349;1.0034;0.9262;0.9943;1.0077;
1.6650;1.0025;1.0352;1.0034;0.9301;0.9943;1.0076;
1.6653;1.0024;1.0357;1.0034;0.9337;0.9943;1.0074;
1.6656;1.0022;1.0363;1.0034;0.9373;0.9943;1.0073;
1.6659;1.0021;1.0370;1.0034;0.9410;0.9943;1.0072;
1.6661;1.0020;1.0377;1.0034;0.9448;0.9943;1.0073;
1.6664;1.0019;1.0384;1.0034;0.9486;0.9943;1.0074;
1.6667;1.0018;1.0391;1.0033;0.9523;0.9942;1.0077;
1.6669;1.0016;1.0397;1.0033;0.9559;0.9942;1.0080;
1.6672;1.0015;1.0402;1.0033;0.9595;0.9942;1.0083;
1.6675;1.0014;1.0407;1.0033;0.9628;0.9942;1.0086;
1.6677;1.0013;1.0411;1.0033;0.9660;0.9942;1.0089;
1.6680;1.0012;1.0414;1.0033;0.9690;0.9942;1.0092;
1.6686;1.0010;1.0419;1.0033;0.9741;0.9942;1.0097;
1.6691;1.0008;1.0424;1.0033;0.9783;0.9942;1.0101;
1.6696;1.0006;1.0427;1.0033;0.9818;0.9942;1.0104;
1.6702;1.0004;1.0430;1.0033;0.9844;0.9942;1.0106;
1.6707;1.0002;1.0432;1.0033;0.9862;0.9942;1.0107;
1.6712;1.0000;1.0434;1.0033;0.9873;0.9942;1.0108;
1.6718;0.9998;1.0435;1.0033;0.9878;0.9942;1.0108;
1.6723;0.9996;1.0436;1.0033;0.9876;0.9942;1.0108;
1.6729;0.9995;1.0437;1.0033;0.9869;0.9942;1.0107;
1.6734;0.9993;1.0437;1.0033;0.9856;0.9942;1.0106;
1.6739;0.9992;1.0436;1.0033;0.9839;0.9942;1.0104;
1.6745;0.9990;1.0436;1.0033;0.9818;0.9942;1.0102;
1.6750;0.9989;1.0434;1.0034;0.9793;0.9942;1.0100;
1.6756;0.9987;1.0433;1.0034;0.9766;0.9942;1.0098;
1.6766;0.9985;1.0429;1.0034;0.9702;0.9942;1.0092;
1.6776;0.9982;1.0425;1.0034;0.9641;0.9942;1.0086;
1.6786;0.9980;1.0421;1.0034;0.9576;0.9942;1.0080;
1.6796;0.9978;1.0416;1.0034;0.9510;0.9941;1.0074;
1.6805;0.9976;1.0411;1.0034;0.9444;0.9941;1.0068;
1.6815;0.9974;1.0407;1.0034;0.9378;0.9941;1.0062;
1.6825;0.9973;1.0402;1.0034;0.9313;0.9941;1.0056;
1.6844;0.9970;1.0392;1.0034;0.9189;0.9940;1.0044;
1.6864;0.9967;1.0383;1.0034;0.9068;0.9940;1.0032;
1.6883;0.9964;1.0374;1.0033;0.8952;0.9940;1.0021;
1.6902;0.9962;1.0365;1.0033;0.8839;0.9939;1.0010;
1.6922;0.9960;1.0356;1.0033;0.8726;0.9939;0.9999;
1.6941;0.9958;1.0348;1.0033;0.8606;0.9939;0.9981;
1.6949;0.9957;1.0346;1.0033;0.8553;0.9939;0.9967;
1.6957;0.9956;1.0345;1.0033;0.8492;0.9939;0.9949;
1.6965;0.9955;1.0345;1.0033;0.8424;0.9940;0.9927;
1.6972;0.9955;1.0344;1.0033;0.8350;0.9940;0.9902;
1.6980;0.9954;1.0343;1.0033;0.8269;0.9940;0.9875;
1.6988;0.9954;1.0342;1.0033;0.8183;0.9941;0.9846;
1.6996;0.9953;1.0340;1.0033;0.8093;0.9941;0.9814;
1.7004;0.9952;1.0338;1.0033;0.7997;0.9942;0.9781;
1.7011;0.9952;1.0335;1.0032;0.7899;0.9943;0.9746;
1.7019;0.9951;1.0333;1.0032;0.7797;0.9943;0.9709;
1.7027;0.9951;1.0330;1.0032;0.7693;0.9944;0.9671;
1.7035;0.9950;1.0327;1.0032;0.7587;0.9945;0.9632;
1.7050;0.9949;1.0321;1.0031;0.7374;0.9946;0.9550;
1.7065;0.9949;1.0315;1.0031;0.7183;0.9947;0.9475;
1.7079;0.9948;1.0309;1.0031;0.6998;0.9949;0.9400;
1.7093;0.9947;1.0304;1.0030;0.6818;0.9950;0.9326;
1.7107;0.9947;1.0298;1.0030;0.6647;0.9951;0.9253;
1.7121;0.9946;1.0292;1.0029;0.6486;0.9952;0.9183;
1.7135;0.9946;1.0286;1.0029;0.6335;0.9953;0.9115;
1.7149;0.9945;1.0280;1.0029;0.6195;0.9954;0.9051;
1.7163;0.9945;1.0275;1.0028;0.6064;0.9955;0.8990;
1.7177;0.9944;1.0269;1.0028;0.5944;0.9956;0.8933;
1.7191;0.9944;1.0264;1.0027;0.5832;0.9957;0.8879;
1.7205;0.9943;1.0259;1.0027;0.5728;0.9958;0.8828;
1.7219;0.9943;1.0254;1.0027;0.5630;0.9959;0.8780;
1.7233;0.9943;1.0249;1.0026;0.5538;0.9959;0.8734;
1.7247;0.9942;1.0245;1.0026;0.5449;0.9960;0.8691;
1.7261;0.9942;1.0240;1.0026;0.5363;0.9961;0.8650;
1.7275;0.9942;1.0235;1.0026;0.5279;0.9961;0.8610;
1.7289;0.9941;1.0231;1.0025;0.5196;0.9962;0.8571;
1.7303;0.9941;1.0226;1.0025;0.5113;0.9963;0.8532;
1.7331;0.9940;1.0217;1.0025;0.4945;0.9964;0.8457;
1.7359;0.9940;1.0208;1.0024;0.4776;0.9965;0.8381;
1.7387;0.9940;1.0199;1.0024;0.4605;0.9966;0.8306;
1.7415;0.9939;1.0189;1.0023;0.4436;0.9968;0.8230;
1.7444;0.9939;1.0180;1.0023;0.4271;0.9969;0.8154;
1.7500;0.9938;1.0160;1.0022;0.3968;0.9972;0.8008;
1.7546;0.9938;1.0144;1.0021;0.3744;0.9973;0.7893;
1.7592;0.9937;1.0128;1.0020;0.3547;0.9975;0.7785;
1.7634;0.9937;1.0114;1.0019;0.3392;0.9977;0.7694;
1.7676;0.9937;1.0100;1.0019;0.3255;0.9978;0.7608;
1.7717;0.9937;1.0086;1.0018;0.3135;0.9980;0.7527;
1.7759;0.9936;1.0072;1.0018;0.3032;0.9981;0.7451;
1.7801;0.9936;1.0058;1.0017;0.2945;0.9982;0.7378;
1.7843;0.9936;1.0045;1.0017;0.2874;0.9984;0.7310;
1.7884;0.9936;1.0031;1.0016;0.2818;0.9985;0.7245;
1.7926;0.9936;1.0018;1.0015;0.2778;0.9986;0.7184;
1.7968;0.9936;1.0005;1.0015;0.2752;0.9987;0.7126;
1.7984;0.9936;0.9999;1.0015;0.2746;0.9987;0.7104;
1.7995;0.9936;0.9991;1.0015;0.2742;0.9987;0.7090;
1.8007;0.9936;0.9979;1.0015;0.2740;0.9988;0.7077;
1.8018;0.9936;0.9961;1.0014;0.2738;0.9988;0.7066;
1.8029;0.9936;0.9937;1.0014;0.2737;0.9988;0.7057;
1.8040;0.9937;0.9906;1.0014;0.2737;0.9988;0.7049;
1.8052;0.9937;0.9868;1.0014;0.2738;0.9988;0.7042;
1.8063;0.9937;0.9824;1.0014;0.2742;0.9988;0.7036;
1.8074;0.9937;0.9773;1.0014;0.2747;0.9988;0.7031;
1.8086;0.9938;0.9716;1.0013;0.2755;0.9989;0.7026;
1.8097;0.9938;0.9653;1.0013;0.2765;0.9989;0.7021;
1.8108;0.9939;0.9585;1.0013;0.2779;0.9989;0.7016;
1.8120;0.9939;0.9513;1.0013;0.2796;0.9989;0.7012;
1.8131;0.9940;0.9436;1.0013;0.2816;0.9989;0.7006;
1.8142;0.9941;0.9356;1.0012;0.2840;0.9989;0.7001;
1.8153;0.9942;0.9273;1.0012;0.2868;0.9989;0.6994;
1.8165;0.9943;0.9188;1.0012;0.2899;0.9989;0.6988;
1.8176;0.9944;0.9102;1.0012;0.2934;0.9989;0.6980;
1.8187;0.9945;0.9014;1.0012;0.2972;0.9990;0.6973;
1.8199;0.9946;0.8925;1.0011;0.3013;0.9990;0.6965;
1.8210;0.9947;0.8837;1.0011;0.3057;0.9990;0.6956;
1.8221;0.9948;0.8749;1.0011;0.3103;0.9990;0.6947;
1.8233;0.9949;0.8662;1.0011;0.3151;0.9990;0.6938;
1.8244;0.9951;0.8577;1.0011;0.3200;0.9990;0.6929;
1.8255;0.9952;0.8492;1.0010;0.3250;0.9991;0.6920;
1.8266;0.9954;0.8410;1.0010;0.3300;0.9991;0.6911;
1.8278;0.9955;0.8330;1.0010;0.3351;0.9991;0.6902;
1.8289;0.9956;0.8253;1.0010;0.3401;0.9991;0.6893;
1.8300;0.9958;0.8178;1.0010;0.3450;0.9991;0.6885;
1.8312;0.9959;0.8106;1.0010;0.3498;0.9991;0.6877;
1.8323;0.9961;0.8036;1.0009;0.3544;0.9992;0.6869;
1.8334;0.9962;0.7970;1.0009;0.3589;0.9992;0.6862;
1.8345;0.9963;0.7907;1.0009;0.3633;0.9992;0.6855;
1.8357;0.9965;0.7847;1.0009;0.3674;0.9992;0.6848;
1.8368;0.9966;0.7791;1.0009;0.3713;0.9992;0.6842;
1.8379;0.9967;0.7737;1.0009;0.3750;0.9992;0.6836;
1.8391;0.9969;0.7687;1.0009;0.3785;0.9992;0.6830;
1.8413;0.9971;0.7599;1.0008;0.3846;0.9992;0.6819;
1.8434;0.9974;0.7529;1.0008;0.3896;0.9993;0.6810;
1.8454;0.9976;0.7468;1.0008;0.3940;0.9993;0.6801;
1.8474;0.9978;0.7414;1.0008;0.3980;0.9993;0.6792;
1.8495;0.9979;0.7367;1.0008;0.4016;0.9993;0.6782;
1.8515;0.9981;0.7326;1.0008;0.4049;0.9993;0.6773;
1.8535;0.9983;0.7290;1.0008;0.4081;0.9993;0.6764;
1.8556;0.9984;0.7257;1.0008;0.4111;0.9994;0.6754;
1.8576;0.9986;0.7227;1.0007;0.4140;0.9994;0.6744;
1.8617;0.9988;0.7173;1.0007;0.4198;0.9994;0.6724;
1.8657;0.9991;0.7123;1.0007;0.4256;0.9995;0.6704;
1.8698;0.9993;0.7074;1.0007;0.4314;0.9995;0.6685;
1.8739;0.9994;0.7026;1.0007;0.4371;0.9995;0.6666;
1.8779;0.9996;0.6981;1.0006;0.4426;0.9996;0.6647;
1.8820;0.9998;0.6939;1.0006;0.4478;0.9996;0.6629;
1.8861;0.9999;0.6902;1.0006;0.4526;0.9996;0.6612;
1.8901;1.0000;0.6869;1.0006;0.4570;0.9997;0.6596;
1.8942;1.0001;0.6843;1.0006;0.4609;0.9997;0.6580;
1.8983;1.0002;0.6821;1.0006;0.4645;0.9997;0.6565;
1.9023;1.0003;0.6805;1.0006;0.4677;0.9997;0.6550;
1.9064;1.0004;0.6793;1.0005;0.4706;0.9998;0.6536;
1.9105;1.0004;0.6785;1.0005;0.4733;0.9998;0.6523;
1.9186;1.0005;0.6777;1.0005;0.4780;0.9998;0.6497;
1.9267;1.0005;0.6773;1.0005;0.4822;0.9999;0.6474;
1.9349;1.0006;0.6772;1.0005;0.4860;0.9999;0.6452;
1.9430;1.0006;0.6772;1.0005;0.4895;0.9999;0.6432;
1.9511;1.0006;0.6773;1.0005;0.4927;1.0000;0.6413;
1.9674;1.0006;0.6776;1.0005;0.4983;1.0000;0.6382;
1.9820;1.0005;0.6779;1.0004;0.5026;1.0001;0.6358;
1.9967;1.0005;0.6780;1.0004;0.5065;1.0001;0.6338;
2.0113;1.0005;0.6780;1.0004;0.5099;1.0001;0.6320;
2.0260;1.0005;0.6779;1.0004;0.5130;1.0002;0.6305;
2.0406;1.0004;0.6777;1.0004;0.5158;1.0002;0.6292;
2.0552;1.0004;0.6775;1.0004;0.5183;1.0002;0.6281;
2.0845;1.0004;0.6768;1.0004;0.5225;1.0002;0.6265;
2.1138;1.0004;0.6760;1.0004;0.5260;1.0003;0.6253;
2.1431;1.0004;0.6753;1.0004;0.5290;1.0003;0.6244;
2.1724;1.0004;0.6745;1.0003;0.5315;1.0003;0.6237;
2.2017;1.0004;0.6738;1.0003;0.5337;1.0003;0.6232;
2.2309;1.0003;0.6731;1.0003;0.5357;1.0003;0.6228;
2.2895;1.0003;0.6719;1.0003;0.5387;1.0003;0.6223;
2.3422;1.0003;0.6710;1.0003;0.5410;1.0003;0.6221;
2.3949;1.0003;0.6702;1.0003;0.5429;1.0003;0.6219;
2.4476;1.0003;0.6695;1.0003;0.5446;1.0003;0.6218;
2.5000;1.0003;0.6688;1.0003;0.5460;1.0003;0.6217;
