time;WECCPV_photovoltaics_injector_PInjPu;WECCPV_photovoltaics_injector_QInjPu;WECCPV_photovoltaics_injector_terminal_V_re;WECCPV_photovoltaics_injector_terminal_i_re;WECCPV_photovoltaics_injector_terminal_V_im;WECCPV_photovoltaics_injector_terminal_i_im;WECCPV_photovoltaics_pll_omegaPLLPu;
0.000000;0.700000;0.279500;1.030000;-0.700000;0.105001;0.199999;1.000000;
0.000000;0.700000;0.279500;1.030000;-0.700000;0.105001;0.199999;1.000000;
0.000010;0.700000;0.279500;1.030000;-0.700000;0.105001;0.199999;1.000000;
0.000020;0.700000;0.279500;1.030000;-0.700000;0.105001;0.199999;1.000000;
0.000040;0.700000;0.279500;1.030000;-0.700000;0.105001;0.199999;1.000000;
0.000080;0.700000;0.279500;1.030000;-0.700000;0.105001;0.199999;1.000000;
0.000160;0.700000;0.279500;1.030000;-0.700000;0.105001;0.199999;1.000000;
0.000320;0.700000;0.279500;1.030000;-0.700000;0.105001;0.199999;1.000000;
0.000640;0.700000;0.279500;1.030000;-0.700000;0.105001;0.199999;1.000000;
0.001280;0.700000;0.279500;1.030000;-0.700000;0.105001;0.199999;1.000000;
0.001416;0.700000;0.279500;1.030000;-0.700000;0.105001;0.199999;1.000000;
0.001416;0.700000;0.279500;1.030000;-0.700000;0.105001;0.199999;1.000000;
0.001426;0.700000;0.279500;1.030000;-0.700000;0.105001;0.199999;1.000000;
0.001436;0.700000;0.279500;1.030000;-0.700000;0.105001;0.199999;1.000000;
0.001456;0.700000;0.279500;1.030000;-0.700000;0.105001;0.199999;1.000000;
0.001496;0.700000;0.279500;1.030000;-0.700000;0.105001;0.199999;1.000000;
0.001576;0.700000;0.279500;1.030000;-0.700000;0.105001;0.199999;1.000000;
0.001736;0.700000;0.279500;1.030000;-0.700000;0.105001;0.199999;1.000000;
0.002056;0.700000;0.279500;1.030000;-0.700000;0.105001;0.199999;1.000000;
0.002696;0.700000;0.279500;1.030000;-0.700000;0.105001;0.199999;1.000000;
0.003976;0.700000;0.279500;1.030000;-0.700000;0.105001;0.199999;1.000000;
0.006536;0.700000;0.279500;1.030000;-0.700000;0.105001;0.199999;1.000000;
0.011656;0.700000;0.279500;1.030000;-0.700000;0.105001;0.199999;1.000000;
0.021896;0.700000;0.279500;1.030000;-0.700000;0.105001;0.199999;1.000000;
0.042376;0.700000;0.279500;1.030000;-0.700000;0.105001;0.199999;1.000000;
0.083336;0.700000;0.279500;1.030000;-0.700000;0.105001;0.199999;1.000000;
0.165256;0.700000;0.279500;1.030000;-0.700000;0.105001;0.199999;1.000000;
0.329096;0.700000;0.279500;1.030000;-0.700000;0.105001;0.199999;1.000000;
0.656776;0.700000;0.279500;1.030000;-0.700000;0.105001;0.199999;1.000000;
1.000000;0.700000;0.279500;1.030000;-0.700000;0.105001;0.199999;1.000000;
1.000000;0.350000;0.179500;0.530000;-0.700000;0.105001;0.199999;1.152126;
1.000010;0.350049;0.179353;0.529955;-0.700098;0.105016;0.199698;1.151427;
1.000020;0.350098;0.179206;0.529910;-0.700196;0.105031;0.199399;1.150730;
1.000040;0.350196;0.178914;0.529821;-0.700391;0.105060;0.198804;1.149345;
1.000080;0.350388;0.178339;0.529645;-0.700775;0.105118;0.197633;1.146613;
1.000160;0.350761;0.177228;0.529305;-0.701523;0.105230;0.195363;1.141297;
1.000320;0.351470;0.175148;0.528666;-0.702940;0.105443;0.191101;1.131240;
1.000640;0.352758;0.171516;0.527539;-0.705517;0.105829;0.183592;1.113205;
1.000808;0.353379;0.169867;0.527022;-0.706759;0.106015;0.180143;1.104734;
1.000808;0.353379;0.169867;0.527022;-0.706759;0.106015;0.180143;1.104734;
1.000818;0.353413;0.169774;0.526993;-0.706827;0.106025;0.179950;1.104257;
1.000828;0.353449;0.169683;0.526964;-0.706898;0.106036;0.179759;1.103782;
1.000848;0.353519;0.169503;0.526907;-0.707038;0.106057;0.179380;1.102838;
1.000888;0.353659;0.169150;0.526796;-0.707317;0.106099;0.178635;1.100975;
1.000968;0.353932;0.168469;0.526580;-0.707865;0.106181;0.177196;1.097351;
1.001128;0.354462;0.167211;0.526177;-0.708923;0.106340;0.174512;1.090495;
1.001448;0.355461;0.165070;0.525479;-0.710922;0.106640;0.169860;1.078200;
1.002088;0.357302;0.162056;0.524442;-0.714603;0.107192;0.162948;1.058293;
1.002728;0.359025;0.160482;0.523809;-0.718050;0.107709;0.158725;1.043557;
1.003368;0.360714;0.160042;0.523489;-0.721427;0.108216;0.156589;1.032745;
1.004008;0.362423;0.160487;0.523407;-0.724846;0.108728;0.156046;1.024865;
1.004648;0.364192;0.161624;0.523508;-0.728383;0.109259;0.156715;1.019155;
1.005288;0.366043;0.163305;0.523746;-0.732086;0.109814;0.158304;1.015045;
1.005928;0.367992;0.165417;0.524089;-0.735984;0.110399;0.160593;1.012111;
1.006316;0.369226;0.166867;0.524336;-0.738453;0.110769;0.162241;1.010753;
1.006316;0.369226;0.166867;0.524336;-0.738453;0.110769;0.162241;1.010753;
1.006326;0.369258;0.166903;0.524343;-0.738516;0.110779;0.162281;1.010727;
1.006336;0.369291;0.166943;0.524349;-0.738581;0.110789;0.162328;1.010697;
1.006356;0.369355;0.167023;0.524364;-0.738711;0.110808;0.162421;1.010639;
1.006396;0.369486;0.167185;0.524392;-0.738971;0.110847;0.162611;1.010526;
1.006476;0.369748;0.167517;0.524451;-0.739496;0.110926;0.163004;1.010305;
1.006636;0.370282;0.168213;0.524576;-0.740563;0.111086;0.163840;1.009891;
1.006956;0.371384;0.169731;0.524857;-0.742767;0.111417;0.165710;1.009163;
1.007596;0.373726;0.173231;0.525525;-0.747452;0.112119;0.170167;1.008039;
1.008876;0.378942;0.181863;0.527229;-0.757884;0.113684;0.181522;1.006713;
1.010156;0.384831;0.192430;0.529349;-0.769662;0.115451;0.195659;1.006245;
1.011436;0.391344;0.204637;0.531802;-0.782687;0.117405;0.212008;1.006257;
1.012479;0.397069;0.215602;0.533991;-0.794137;0.119122;0.226601;1.006443;
1.012479;0.397070;0.215601;0.533990;-0.794141;0.119123;0.226597;1.006444;
1.012480;0.397076;0.215612;0.533992;-0.794153;0.119125;0.226612;1.006444;
1.012480;0.397076;0.215612;0.533992;-0.794153;0.119125;0.226612;1.006444;
1.012490;0.397133;0.215722;0.534014;-0.794267;0.119142;0.226758;1.006447;
1.012500;0.397190;0.215832;0.534036;-0.794380;0.119159;0.226904;1.006450;
1.012520;0.397304;0.216053;0.534080;-0.794608;0.119193;0.227196;1.006455;
1.012560;0.397532;0.216494;0.534168;-0.795063;0.119261;0.227781;1.006467;
1.012640;0.397989;0.217377;0.534343;-0.795977;0.119398;0.228952;1.006490;
1.012800;0.398907;0.219152;0.534695;-0.797814;0.119674;0.231299;1.006536;
1.013120;0.400763;0.222727;0.535402;-0.801526;0.120231;0.236008;1.006629;
1.013760;0.404546;0.229971;0.536821;-0.809091;0.121365;0.245473;1.006817;
1.014817;0.410979;0.242147;0.539173;-0.821958;0.123295;0.261147;1.007123;
1.014817;0.410979;0.242147;0.539173;-0.821958;0.123295;0.261147;1.007123;
1.014827;0.411041;0.242264;0.539195;-0.822082;0.123314;0.261296;1.007126;
1.014837;0.411103;0.242380;0.539217;-0.822206;0.123333;0.261445;1.007129;
1.014857;0.411227;0.242614;0.539262;-0.822453;0.123370;0.261743;1.007134;
1.014897;0.411474;0.243080;0.539351;-0.822947;0.123444;0.262338;1.007144;
1.014977;0.411965;0.244014;0.539530;-0.823929;0.123591;0.263532;1.007161;
1.015137;0.412937;0.245881;0.539889;-0.825873;0.123883;0.265924;1.007183;
1.015457;0.414839;0.249617;0.540610;-0.829678;0.124453;0.270732;1.007185;
1.016097;0.418476;0.257096;0.542068;-0.836953;0.125545;0.280447;1.007049;
1.017377;0.425063;0.272066;0.545041;-0.850126;0.127521;0.300266;1.006390;
1.018657;0.430720;0.287021;0.548088;-0.861441;0.129218;0.320582;1.005377;
1.019914;0.435359;0.301639;0.551144;-0.870717;0.130609;0.340956;1.004200;
1.019914;0.435356;0.301639;0.551144;-0.870713;0.130609;0.340957;1.004200;
1.019924;0.435390;0.301755;0.551169;-0.870779;0.130619;0.341121;1.004190;
1.019934;0.435423;0.301871;0.551193;-0.870845;0.130629;0.341285;1.004180;
1.019954;0.435489;0.302104;0.551243;-0.870978;0.130648;0.341613;1.004159;
1.019994;0.435620;0.302568;0.551341;-0.871241;0.130688;0.342269;1.004119;
1.020074;0.435881;0.303495;0.551538;-0.871762;0.130766;0.343582;1.004038;
1.020111;0.436001;0.303926;0.551630;-0.872001;0.130802;0.344193;1.004000;
1.020111;0.436001;0.303926;0.551630;-0.872001;0.130802;0.344193;1.004000;
1.020121;0.436033;0.304042;0.551654;-0.872065;0.130812;0.344357;1.003990;
1.020131;0.436065;0.304158;0.551679;-0.872129;0.130821;0.344521;1.003980;
1.020151;0.436129;0.304390;0.551728;-0.872257;0.130840;0.344850;1.003960;
1.020191;0.436256;0.304854;0.551827;-0.872511;0.130878;0.345508;1.003919;
1.020271;0.436507;0.305780;0.552024;-0.873014;0.130954;0.346824;1.003838;
1.020431;0.436998;0.307632;0.552420;-0.873997;0.131101;0.349461;1.003675;
1.020751;0.437937;0.311327;0.553213;-0.875874;0.131383;0.354750;1.003349;
1.021391;0.439638;0.318685;0.554808;-0.879276;0.131893;0.365378;1.002698;
1.021589;0.440117;0.320946;0.555301;-0.880233;0.132037;0.368670;1.002498;
1.021589;0.440117;0.320946;0.555301;-0.880233;0.132037;0.368670;1.002498;
1.021599;0.440140;0.321061;0.555326;-0.880281;0.132044;0.368837;1.002488;
1.021609;0.440164;0.321175;0.555351;-0.880328;0.132051;0.369004;1.002478;
1.021629;0.440211;0.321404;0.555401;-0.880421;0.132065;0.369338;1.002458;
1.021669;0.440304;0.321861;0.555502;-0.880607;0.132093;0.370006;1.002417;
1.021749;0.440487;0.322775;0.555702;-0.880974;0.132148;0.371342;1.002336;
1.021909;0.440843;0.324600;0.556103;-0.881686;0.132255;0.374018;1.002175;
1.022229;0.441511;0.328239;0.556907;-0.883022;0.132455;0.379378;1.001853;
1.022869;0.442675;0.335470;0.558519;-0.885350;0.132804;0.390124;1.001219;
1.024149;0.444333;0.349715;0.561751;-0.888665;0.133302;0.411668;0.999993;
1.025429;0.445116;0.363634;0.564982;-0.890233;0.133537;0.433208;0.998831;
1.027989;0.444287;0.390291;0.571370;-0.888575;0.133288;0.475795;0.996732;
1.030293;0.440996;0.412797;0.576982;-0.881992;0.132301;0.513204;0.995125;
1.031008;0.439555;0.419465;0.578681;-0.879111;0.131868;0.524534;0.994686;
1.031008;0.439559;0.419469;0.578682;-0.879117;0.131869;0.524538;0.994686;
1.031017;0.439538;0.419555;0.578704;-0.879075;0.131863;0.524685;0.994680;
1.031017;0.439538;0.419555;0.578704;-0.879075;0.131863;0.524685;0.994680;
1.031027;0.439515;0.419648;0.578728;-0.879030;0.131856;0.524844;0.994674;
1.031037;0.439493;0.419740;0.578751;-0.878986;0.131850;0.525002;0.994668;
1.031057;0.439448;0.419925;0.578799;-0.878896;0.131836;0.525319;0.994656;
1.031097;0.439358;0.420294;0.578894;-0.878715;0.131809;0.525953;0.994632;
1.031177;0.439176;0.421033;0.579084;-0.878351;0.131754;0.527222;0.994585;
1.031337;0.438805;0.422511;0.579465;-0.877611;0.131643;0.529762;0.994491;
1.031657;0.438040;0.425466;0.580229;-0.876081;0.131414;0.534852;0.994308;
1.032297;0.436411;0.431369;0.581760;-0.872822;0.130925;0.545060;0.993954;
1.033577;0.432751;0.443117;0.584833;-0.865502;0.129827;0.565548;0.993283;
1.036137;0.423817;0.466193;0.590974;-0.847634;0.127147;0.606487;0.992036;
1.038697;0.413263;0.488525;0.596999;-0.826527;0.123981;0.646654;0.991141;
1.041257;0.401776;0.509865;0.602778;-0.803552;0.120534;0.685177;0.990715;
1.042155;0.397604;0.517061;0.604728;-0.795207;0.119283;0.698176;0.990637;
1.042155;0.397621;0.517094;0.604733;-0.795242;0.119288;0.698211;0.990635;
1.042165;0.397574;0.517174;0.604755;-0.795147;0.119274;0.698355;0.990635;
1.042175;0.397526;0.517253;0.604776;-0.795053;0.119260;0.698499;0.990634;
1.042195;0.397432;0.517413;0.604820;-0.794864;0.119231;0.698787;0.990634;
1.042235;0.397243;0.517731;0.604906;-0.794485;0.119174;0.699362;0.990633;
1.042315;0.396864;0.518365;0.605078;-0.793728;0.119061;0.700510;0.990632;
1.042475;0.396104;0.519626;0.605421;-0.792208;0.118833;0.702794;0.990628;
1.042795;0.394578;0.522124;0.606100;-0.789156;0.118375;0.707321;0.990623;
1.043435;0.391499;0.527015;0.607433;-0.782998;0.117451;0.716212;0.990615;
1.044715;0.385237;0.536402;0.610006;-0.770474;0.115573;0.733363;0.990606;
1.047275;0.372338;0.553694;0.614798;-0.744675;0.111703;0.765311;0.990605;
1.049835;0.358989;0.569133;0.619151;-0.717978;0.107698;0.794327;0.990615;
1.052395;0.345249;0.582892;0.623105;-0.690498;0.103576;0.820686;0.990628;
1.054955;0.331168;0.595141;0.626698;-0.662336;0.099352;0.844644;0.990641;
1.057515;0.316791;0.606038;0.629967;-0.633581;0.095039;0.866433;0.990653;
1.060075;0.302155;0.615729;0.632941;-0.604311;0.090648;0.886259;0.990665;
1.062635;0.287295;0.624344;0.635648;-0.574591;0.086190;0.904306;0.990676;
1.067755;0.257020;0.638942;0.640381;-0.514039;0.077107;0.935859;0.990696;
1.072363;0.229256;0.649427;0.643935;-0.458512;0.068778;0.959555;0.990712;
1.074983;0.213305;0.654492;0.645702;-0.426611;0.063992;0.971334;0.990720;
1.074983;0.213299;0.654492;0.645702;-0.426598;0.063991;0.971335;0.990720;
1.074990;0.213256;0.654504;0.645707;-0.426512;0.063978;0.971365;0.990720;
1.074990;0.213256;0.654504;0.645707;-0.426512;0.063978;0.971365;0.990720;
1.075000;0.213195;0.654522;0.645713;-0.426389;0.063959;0.971407;0.990720;
1.075010;0.213133;0.654540;0.645719;-0.426267;0.063941;0.971449;0.990720;
1.075030;0.213011;0.654575;0.645732;-0.426022;0.063904;0.971533;0.990720;
1.075070;0.212766;0.654645;0.645757;-0.425533;0.063831;0.971701;0.990720;
1.075150;0.212277;0.654785;0.645807;-0.424554;0.063684;0.972036;0.990720;
1.075310;0.211298;0.655063;0.645907;-0.422595;0.063390;0.972701;0.990721;
1.075630;0.209338;0.655608;0.646104;-0.418676;0.062802;0.974013;0.990722;
1.076270;0.205413;0.656658;0.646488;-0.410825;0.061625;0.976571;0.990723;
1.077550;0.197542;0.658606;0.647216;-0.395083;0.059263;0.981423;0.990727;
1.078830;0.189645;0.660360;0.647892;-0.379290;0.056894;0.985936;0.990730;
1.081390;0.174564;0.663363;0.649078;-0.349128;0.052370;0.993839;0.991082;
1.083694;0.162639;0.665528;0.649937;-0.325277;0.048792;0.999568;0.991985;
1.085998;0.152675;0.667200;0.650604;-0.305351;0.045803;1.004012;0.993217;
1.088302;0.144688;0.668465;0.651107;-0.289375;0.043407;1.007367;0.994539;
1.090606;0.138546;0.669353;0.651468;-0.277091;0.041564;1.009774;0.995796;
1.092910;0.134052;0.669911;0.651710;-0.268104;0.040216;1.011384;0.996918;
1.095214;0.130987;0.670197;0.651854;-0.261974;0.039297;1.012347;0.997884;
1.097518;0.129135;0.670263;0.651920;-0.258269;0.038741;1.012788;0.998698;
1.099822;0.128294;0.670152;0.651924;-0.256587;0.038489;1.012812;0.999373;
1.102126;0.128282;0.669903;0.651878;-0.256563;0.038485;1.012504;0.999926;
1.104430;0.128938;0.669549;0.651793;-0.257876;0.038682;1.011938;1.000372;
1.106734;0.130123;0.669119;0.651678;-0.260245;0.039037;1.011174;1.000725;
1.109038;0.131714;0.668636;0.651541;-0.263428;0.039515;1.010260;1.000998;
1.113646;0.135618;0.667595;0.651230;-0.271236;0.040686;1.008184;1.001359;
1.118254;0.140111;0.666536;0.650893;-0.280222;0.042034;1.005937;1.001520;
1.122862;0.144763;0.665523;0.650554;-0.289527;0.043430;1.003681;1.001542;
1.127470;0.149273;0.664609;0.650234;-0.298545;0.044782;1.001546;1.001472;
1.132078;0.153441;0.663818;0.649944;-0.306881;0.046033;0.999612;1.001344;
1.136686;0.157154;0.663160;0.649691;-0.314307;0.047147;0.997924;1.001186;
1.138926;0.158775;0.662888;0.649582;-0.317551;0.047633;0.997199;1.001104;
1.138926;0.158776;0.662891;0.649582;-0.317551;0.047633;0.997202;1.001104;
1.138936;0.158783;0.662889;0.649582;-0.317565;0.047635;0.997199;1.001104;
1.138946;0.158790;0.662888;0.649581;-0.317579;0.047638;0.997195;1.001103;
1.138966;0.158804;0.662886;0.649580;-0.317607;0.047642;0.997189;1.001102;
1.139006;0.158832;0.662881;0.649579;-0.317663;0.047650;0.997177;1.001101;
1.139086;0.158887;0.662872;0.649575;-0.317775;0.047667;0.997152;1.001098;
1.139246;0.158998;0.662854;0.649568;-0.317997;0.047700;0.997103;1.001092;
1.139566;0.159218;0.662818;0.649553;-0.318437;0.047766;0.997006;1.001079;
1.140206;0.159650;0.662749;0.649524;-0.319301;0.047896;0.996815;1.001054;
1.141486;0.160483;0.662617;0.649470;-0.320967;0.048146;0.996450;1.001005;
1.144046;0.162026;0.662381;0.649369;-0.324052;0.048608;0.995781;1.000908;
1.149166;0.164650;0.662010;0.649203;-0.329299;0.049396;0.994672;1.000726;
1.154286;0.166704;0.661756;0.649078;-0.333408;0.050012;0.993843;1.000563;
1.159406;0.168261;0.661598;0.648990;-0.336522;0.050479;0.993252;1.000421;
1.164526;0.169397;0.661513;0.648931;-0.338794;0.050820;0.992857;1.000302;
1.169646;0.170189;0.661482;0.648895;-0.340377;0.051057;0.992616;1.000206;
1.179886;0.171093;0.661505;0.648864;-0.342186;0.051329;0.992412;1.000071;
1.190126;0.171360;0.661592;0.648870;-0.342721;0.051409;0.992453;0.999998;
1.200366;0.171297;0.661690;0.648891;-0.342594;0.051390;0.992592;0.999968;
1.210606;0.171110;0.661773;0.648914;-0.342221;0.051334;0.992744;0.999962;
1.220846;0.170917;0.661829;0.648932;-0.341834;0.051276;0.992865;0.999969;
1.231086;0.170768;0.661862;0.648944;-0.341537;0.051231;0.992944;0.999980;
1.251566;0.170622;0.661885;0.648954;-0.341243;0.051187;0.993010;0.999995;
1.272046;0.170602;0.661878;0.648953;-0.341205;0.051181;0.993007;1.000003;
1.292526;0.170634;0.661866;0.648950;-0.341267;0.051191;0.992983;1.000004;
1.296263;0.170640;0.661864;0.648949;-0.341279;0.051193;0.992980;1.000004;
1.296263;0.170640;0.661864;0.648949;-0.341279;0.051193;0.992980;1.000004;
1.296273;0.170640;0.661864;0.648949;-0.341279;0.051193;0.992980;1.000004;
1.296283;0.170640;0.661864;0.648949;-0.341279;0.051193;0.992980;1.000004;
1.296303;0.170640;0.661864;0.648949;-0.341279;0.051193;0.992980;1.000004;
1.296343;0.170640;0.661864;0.648949;-0.341279;0.051193;0.992979;1.000004;
1.296423;0.170640;0.661864;0.648949;-0.341280;0.051193;0.992979;1.000004;
1.296583;0.170640;0.661864;0.648949;-0.341281;0.051193;0.992979;1.000004;
1.296903;0.170641;0.661864;0.648949;-0.341282;0.051193;0.992979;1.000004;
1.297543;0.170643;0.661863;0.648949;-0.341286;0.051194;0.992978;1.000004;
1.298823;0.170646;0.661862;0.648948;-0.341292;0.051195;0.992976;1.000004;
1.301383;0.170652;0.661861;0.648948;-0.341304;0.051196;0.992973;1.000004;
1.306503;0.170662;0.661859;0.648947;-0.341325;0.051199;0.992967;1.000003;
1.311623;0.170670;0.661858;0.648947;-0.341341;0.051202;0.992964;1.000002;
1.321863;0.170681;0.661856;0.648946;-0.341362;0.051205;0.992959;1.000001;
1.331079;0.170686;0.661856;0.648946;-0.341371;0.051206;0.992957;1.000000;
1.340295;0.170687;0.661856;0.648946;-0.341374;0.051207;0.992957;1.000000;
1.349511;0.170687;0.661856;0.648946;-0.341374;0.051207;0.992958;1.000000;
1.358727;0.170686;0.661857;0.648946;-0.341372;0.051206;0.992959;1.000000;
1.367943;0.170685;0.661857;0.648946;-0.341369;0.051206;0.992959;1.000000;
1.386375;0.170683;0.661858;0.648946;-0.341365;0.051206;0.992960;1.000000;
1.404807;0.170682;0.661858;0.648946;-0.341363;0.051205;0.992961;1.000000;
1.441671;0.170681;0.661858;0.648946;-0.341362;0.051205;0.992961;1.000000;
1.478535;0.170682;0.661858;0.648946;-0.341363;0.051205;0.992961;1.000000;
1.515399;0.170682;0.661858;0.648946;-0.341364;0.051205;0.992961;1.000000;
1.552263;0.170682;0.661858;0.648946;-0.341364;0.051205;0.992961;1.000000;
1.589127;0.170682;0.661858;0.648946;-0.341364;0.051205;0.992961;1.000000;
1.625991;0.170682;0.661858;0.648946;-0.341364;0.051205;0.992961;1.000000;
1.699719;0.170682;0.661858;0.648946;-0.341364;0.051205;0.992961;1.000000;
1.773447;0.170682;0.661858;0.648946;-0.341364;0.051205;0.992961;1.000000;
1.847175;0.170682;0.661858;0.648946;-0.341364;0.051205;0.992961;1.000000;
1.901451;0.170682;0.661858;0.648946;-0.341364;0.051205;0.992961;1.000000;
1.901451;0.170682;0.661858;0.648946;-0.341364;0.051205;0.992961;1.000000;
1.901451;0.170682;0.661858;0.648946;-0.341364;0.051205;0.992961;1.000000;
1.901451;0.170682;0.661858;0.648946;-0.341364;0.051205;0.992961;1.000000;
1.901461;0.170682;0.661858;0.648946;-0.341364;0.051205;0.992961;1.000000;
1.901471;0.170682;0.661858;0.648946;-0.341364;0.051205;0.992961;1.000000;
1.901491;0.170682;0.661858;0.648946;-0.341364;0.051205;0.992961;1.000000;
1.901531;0.170682;0.661858;0.648946;-0.341364;0.051205;0.992961;1.000000;
1.901611;0.170682;0.661858;0.648946;-0.341364;0.051205;0.992961;1.000000;
1.901771;0.170682;0.661858;0.648946;-0.341364;0.051205;0.992961;1.000000;
1.902091;0.170682;0.661858;0.648946;-0.341364;0.051205;0.992961;1.000000;
1.902731;0.170682;0.661858;0.648946;-0.341364;0.051205;0.992961;1.000000;
1.904011;0.170682;0.661858;0.648946;-0.341364;0.051205;0.992961;1.000000;
1.906571;0.170682;0.661858;0.648946;-0.341364;0.051205;0.992961;1.000000;
1.911691;0.170682;0.661858;0.648946;-0.341364;0.051205;0.992961;1.000000;
1.921931;0.170682;0.661858;0.648946;-0.341364;0.051205;0.992961;1.000000;
1.942411;0.170682;0.661858;0.648946;-0.341364;0.051205;0.992961;1.000000;
1.983371;0.170682;0.661858;0.648946;-0.341364;0.051205;0.992961;1.000000;
2.000000;0.170682;0.661858;0.648946;-0.341364;0.051205;0.992961;1.000000;
2.000000;0.341364;1.158338;1.148946;-0.341364;0.051205;0.992961;0.880096;
2.000010;0.340993;1.158465;1.148965;-0.340993;0.051150;0.993088;0.881212;
2.000020;0.340626;1.158590;1.148984;-0.340626;0.051095;0.993213;0.882317;
2.000040;0.339899;1.158835;1.149021;-0.339899;0.050986;0.993459;0.884505;
2.000080;0.338485;1.159306;1.149092;-0.338485;0.050773;0.993933;0.888761;
2.000160;0.335803;1.160168;1.149223;-0.335803;0.050371;0.994806;0.896824;
2.000320;0.330986;1.161596;1.149443;-0.330986;0.049649;0.996276;0.911298;
2.000640;0.323193;1.163433;1.149744;-0.323193;0.048480;0.998279;0.934797;
2.000960;0.317486;1.164105;1.149885;-0.317486;0.047624;0.999218;0.952271;
2.001280;0.313424;1.163812;1.149895;-0.313424;0.047014;0.999288;0.965187;
2.001600;0.310653;1.162709;1.149798;-0.310653;0.046599;0.998639;0.974720;
2.001920;0.308906;1.160915;1.149610;-0.308906;0.046336;0.997383;0.981767;
2.002240;0.307981;1.158520;1.149343;-0.307981;0.046198;0.995605;0.986997;
2.002880;0.307942;1.152238;1.148617;-0.307942;0.046192;0.990769;0.994218;
2.003520;0.309925;1.144182;1.147664;-0.309925;0.046489;0.984412;0.998365;
2.004160;0.313500;1.134590;1.146513;-0.313500;0.047026;0.976742;1.000795;
2.004800;0.318393;1.123655;1.145190;-0.318393;0.047760;0.967917;1.002317;
2.004894;0.319198;1.121943;1.144982;-0.319198;0.047880;0.966530;1.002498;
2.004894;0.319198;1.121943;1.144982;-0.319198;0.047880;0.966530;1.002498;
2.004904;0.319293;1.121763;1.144960;-0.319293;0.047895;0.966384;1.002514;
2.004914;0.319383;1.121578;1.144937;-0.319383;0.047908;0.966234;1.002530;
2.004934;0.319563;1.121208;1.144892;-0.319563;0.047935;0.965934;1.002562;
2.004974;0.319926;1.120465;1.144802;-0.319926;0.047990;0.965331;1.002624;
2.005054;0.320665;1.118966;1.144619;-0.320665;0.048100;0.964113;1.002748;
2.005214;0.322191;1.115915;1.144247;-0.322191;0.048329;0.961631;1.002986;
2.005534;0.325321;1.109606;1.143476;-0.325321;0.048799;0.956496;1.003395;
2.006174;0.331683;1.096213;1.141840;-0.331683;0.049753;0.945588;1.003964;
2.006228;0.332220;1.095045;1.141697;-0.332220;0.049834;0.944637;1.004000;
2.006228;0.332220;1.095045;1.141697;-0.332220;0.049834;0.944637;1.004000;
2.006238;0.332321;1.094826;1.141671;-0.332321;0.049849;0.944458;1.004006;
2.006248;0.332422;1.094607;1.141644;-0.332422;0.049864;0.944280;1.004012;
2.006268;0.332624;1.094168;1.141590;-0.332624;0.049894;0.943922;1.004023;
2.006308;0.333028;1.093288;1.141483;-0.333028;0.049955;0.943204;1.004046;
2.006388;0.333837;1.091516;1.141266;-0.333837;0.050076;0.941760;1.004088;
2.006548;0.335454;1.087928;1.140827;-0.335454;0.050319;0.938835;1.004164;
2.006632;0.336313;1.086002;1.140592;-0.336313;0.050448;0.937264;1.004200;
2.006632;0.336313;1.086002;1.140592;-0.336313;0.050448;0.937264;1.004200;
2.006642;0.336414;1.085774;1.140564;-0.336414;0.050463;0.937078;1.004204;
2.006652;0.336515;1.085545;1.140536;-0.336515;0.050478;0.936892;1.004208;
2.006672;0.336717;1.085088;1.140480;-0.336717;0.050508;0.936519;1.004216;
2.006712;0.337122;1.084171;1.140368;-0.337122;0.050569;0.935772;1.004231;
2.006792;0.337930;1.082328;1.140142;-0.337930;0.050690;0.934268;1.004260;
2.006952;0.339547;1.078600;1.139686;-0.339547;0.050933;0.931227;1.004312;
2.007272;0.342778;1.070989;1.138754;-0.342778;0.051417;0.925014;1.004396;
2.007912;0.349218;1.055189;1.136817;-0.349218;0.052383;0.912104;1.004509;
2.009192;0.361987;1.021607;1.132689;-0.361987;0.054299;0.884578;1.004619;
2.010472;0.374585;0.985787;1.128262;-0.374585;0.056189;0.855067;1.004645;
2.011752;0.387002;0.948248;1.123594;-0.387002;0.058051;0.823947;1.004644;
2.012811;0.397136;0.916269;1.119591;-0.397136;0.059571;0.797265;1.004640;
2.012811;0.397139;0.916270;1.119591;-0.397139;0.059572;0.797265;1.004640;
2.012821;0.397234;0.915963;1.119553;-0.397234;0.059586;0.797009;1.004640;
2.012831;0.397330;0.915656;1.119514;-0.397330;0.059600;0.796752;1.004640;
2.012851;0.397520;0.915043;1.119437;-0.397520;0.059629;0.796239;1.004640;
2.012891;0.397900;0.913815;1.119283;-0.397900;0.059686;0.795211;1.004640;
2.012971;0.398660;0.911357;1.118974;-0.398660;0.059800;0.793152;1.004639;
2.013131;0.400179;0.906432;1.118355;-0.400179;0.060028;0.789025;1.004638;
2.013451;0.403208;0.896549;1.117111;-0.403208;0.060482;0.780730;1.004637;
2.014091;0.409235;0.876672;1.114601;-0.409235;0.061386;0.763996;1.004635;
2.014422;0.412343;0.866339;1.113292;-0.412343;0.061852;0.755269;1.004634;
2.014422;0.412343;0.866339;1.113292;-0.412343;0.061852;0.755269;1.004634;
2.014432;0.412436;0.866027;1.113252;-0.412436;0.061866;0.755005;1.004634;
2.014442;0.412530;0.865714;1.113213;-0.412530;0.061880;0.754740;1.004634;
2.014462;0.412717;0.865089;1.113133;-0.412717;0.061908;0.754212;1.004634;
2.014502;0.413091;0.863842;1.112975;-0.413091;0.061964;0.753157;1.004634;
2.014582;0.413839;0.861351;1.112659;-0.413839;0.062077;0.751049;1.004634;
2.014742;0.415334;0.856391;1.112029;-0.415334;0.062301;0.746847;1.004634;
2.015062;0.418322;0.846554;1.110776;-0.418322;0.062749;0.738497;1.004634;
2.015702;0.424286;0.827211;1.108303;-0.424286;0.063644;0.722012;1.004633;
2.016982;0.436177;0.789834;1.103487;-0.436177;0.065427;0.689901;1.004633;
2.018262;0.448021;0.754166;1.098841;-0.448021;0.067204;0.658928;1.004634;
2.018521;0.450407;0.747170;1.097923;-0.450407;0.067562;0.652814;1.004634;
2.018521;0.450407;0.747170;1.097923;-0.450407;0.067562;0.652814;1.004634;
2.018531;0.450499;0.746901;1.097888;-0.450499;0.067576;0.652578;1.004634;
2.018541;0.450591;0.746631;1.097853;-0.450591;0.067590;0.652343;1.004634;
2.018561;0.450776;0.746093;1.097782;-0.450776;0.067617;0.651872;1.004634;
2.018601;0.451145;0.745018;1.097641;-0.451145;0.067673;0.650930;1.004634;
2.018681;0.451883;0.742872;1.097359;-0.451883;0.067783;0.649051;1.004634;
2.018841;0.453359;0.738600;1.096797;-0.453359;0.068005;0.645305;1.004634;
2.019161;0.456309;0.730131;1.095681;-0.456309;0.068447;0.637866;1.004634;
2.019801;0.462202;0.713499;1.093481;-0.462202;0.069331;0.623197;1.004634;
2.021081;0.473963;0.681427;1.089204;-0.473963;0.071095;0.594683;1.004635;
2.022361;0.485695;0.650904;1.085089;-0.485695;0.072855;0.567252;1.004635;
2.024921;0.509084;0.594261;1.077329;-0.509084;0.076364;0.515521;1.004636;
2.027481;0.532406;0.543166;1.070174;-0.532406;0.079862;0.467819;1.004637;
2.027928;0.536481;0.534763;1.068981;-0.536481;0.080473;0.459868;1.004637;
2.027928;0.536479;0.534763;1.068981;-0.536479;0.080473;0.459868;1.004637;
2.027929;0.536482;0.534756;1.068980;-0.536482;0.080473;0.459862;1.004637;
2.027929;0.536482;0.534756;1.068980;-0.536482;0.080473;0.459862;1.004637;
2.027929;0.536485;0.534749;1.068979;-0.536485;0.080474;0.459856;1.004637;
2.027929;0.536485;0.534749;1.068979;-0.536485;0.080474;0.459856;1.004637;
2.027939;0.536576;0.534564;1.068953;-0.536576;0.080488;0.459680;1.004637;
2.027949;0.536668;0.534379;1.068927;-0.536668;0.080501;0.459504;1.004637;
2.027969;0.536850;0.534009;1.068874;-0.536850;0.080529;0.459154;1.004637;
2.028009;0.537214;0.533272;1.068769;-0.537214;0.080583;0.458454;1.004637;
2.028089;0.537942;0.531805;1.068560;-0.537942;0.080692;0.457061;1.004637;
2.028249;0.539401;0.528907;1.068147;-0.539401;0.080911;0.454304;1.004637;
2.028569;0.542322;0.523245;1.067336;-0.542322;0.081349;0.448900;1.004638;
2.029209;0.548184;0.512435;1.065778;-0.548184;0.082229;0.438514;1.004638;
2.030489;0.559974;0.492697;1.062894;-0.559974;0.083997;0.419289;1.004638;
2.031769;0.571850;0.475253;1.060295;-0.571850;0.085779;0.401964;1.004639;
2.033049;0.583807;0.459836;1.057949;-0.583807;0.087572;0.386323;1.004640;
2.034329;0.595835;0.446202;1.055826;-0.595835;0.089376;0.372171;1.004640;
2.035609;0.607929;0.434136;1.053900;-0.607929;0.091191;0.359331;1.004641;
2.036889;0.620083;0.423451;1.052148;-0.620083;0.093014;0.347646;1.004641;
2.038169;0.632290;0.413982;1.050548;-0.632290;0.094845;0.336979;1.004642;
2.039449;0.644546;0.405585;1.049082;-0.644546;0.096683;0.327208;1.004643;
2.042009;0.669172;0.391394;1.046475;-0.669172;0.100377;0.309826;1.004644;
2.044569;0.693943;0.380183;1.044236;-0.693943;0.104093;0.294903;1.004646;
2.047129;0.718829;0.371340;1.042287;-0.718829;0.107826;0.281910;1.004647;
2.049689;0.743805;0.364365;1.040562;-0.743805;0.111572;0.270408;1.004649;
2.052249;0.767441;0.358773;1.039040;-0.767441;0.115118;0.260266;1.004411;
2.053900;0.781759;0.355807;1.038164;-0.781759;0.117265;0.254424;1.004200;
2.053900;0.781761;0.355837;1.038168;-0.781761;0.117266;0.254452;1.004199;
2.053910;0.781846;0.355821;1.038163;-0.781846;0.117279;0.254418;1.004197;
2.053920;0.781931;0.355805;1.038158;-0.781931;0.117291;0.254384;1.004196;
2.053940;0.782101;0.355772;1.038148;-0.782101;0.117317;0.254317;1.004193;
2.053980;0.782442;0.355708;1.038128;-0.782442;0.117368;0.254183;1.004187;
2.054060;0.783120;0.355579;1.038088;-0.783120;0.117470;0.253915;1.004175;
2.054220;0.784471;0.355324;1.038008;-0.784471;0.117672;0.253383;1.004152;
2.054540;0.787150;0.354826;1.037850;-0.787150;0.118074;0.252333;1.004104;
2.055180;0.792411;0.353870;1.037543;-0.792411;0.118863;0.250285;1.004009;
2.055242;0.792919;0.353779;1.037514;-0.792919;0.118939;0.250088;1.004000;
2.055242;0.792919;0.353779;1.037514;-0.792919;0.118939;0.250088;1.004000;
2.055252;0.793000;0.353765;1.037509;-0.793000;0.118952;0.250057;1.003999;
2.055262;0.793080;0.353751;1.037504;-0.793080;0.118964;0.250026;1.003997;
2.055282;0.793242;0.353722;1.037495;-0.793242;0.118988;0.249963;1.003994;
2.055322;0.793566;0.353665;1.037476;-0.793566;0.119036;0.249838;1.003988;
2.055402;0.794211;0.353551;1.037439;-0.794211;0.119133;0.249589;1.003977;
2.055562;0.795496;0.353325;1.037365;-0.795496;0.119326;0.249094;1.003953;
2.055882;0.798042;0.352883;1.037218;-0.798042;0.119708;0.248117;1.003906;
2.056522;0.803045;0.352038;1.036932;-0.803045;0.120458;0.246211;1.003813;
2.057802;0.812697;0.350484;1.036388;-0.812697;0.121906;0.242584;1.003633;
2.060362;0.830680;0.347857;1.035400;-0.830680;0.124604;0.235996;1.003295;
2.061902;0.840743;0.346516;1.034858;-0.840743;0.126113;0.232386;1.003106;
2.061902;0.840743;0.346516;1.034858;-0.840743;0.126113;0.232386;1.003106;
2.061912;0.840804;0.346502;1.034854;-0.840804;0.126122;0.232359;1.003104;
2.061922;0.840867;0.346494;1.034851;-0.840867;0.126132;0.232337;1.003103;
2.061942;0.840993;0.346479;1.034844;-0.840993;0.126151;0.232293;1.003101;
2.061982;0.841244;0.346448;1.034831;-0.841244;0.126188;0.232205;1.003096;
2.062062;0.841745;0.346387;1.034805;-0.841745;0.126263;0.232029;1.003087;
2.062222;0.842743;0.346266;1.034753;-0.842743;0.126413;0.231681;1.003068;
2.062542;0.844720;0.346030;1.034649;-0.844720;0.126710;0.230992;1.003030;
2.063182;0.848605;0.345579;1.034448;-0.848605;0.127292;0.229647;1.002957;
2.064462;0.856097;0.344752;1.034063;-0.856097;0.128416;0.227080;1.002815;
2.067022;0.870045;0.343363;1.033360;-0.870045;0.130509;0.222396;1.002551;
2.072142;0.894276;0.341387;1.032179;-0.894276;0.134143;0.214523;1.002091;
2.077262;0.914192;0.340235;1.031254;-0.914192;0.137131;0.208359;1.001709;
2.082382;0.930494;0.339631;1.030532;-0.930494;0.139576;0.203542;1.001394;
2.083208;0.932845;0.339567;1.030430;-0.932845;0.139929;0.202863;1.001349;
2.083208;0.932841;0.339557;1.030428;-0.932841;0.139928;0.202853;1.001349;
2.083218;0.932869;0.339556;1.030427;-0.932869;0.139932;0.202846;1.001348;
2.083228;0.932896;0.339555;1.030426;-0.932896;0.139936;0.202838;1.001348;
2.083248;0.932951;0.339554;1.030424;-0.932951;0.139945;0.202822;1.001347;
2.083288;0.933060;0.339552;1.030419;-0.933060;0.139961;0.202791;1.001345;
2.083368;0.933278;0.339548;1.030410;-0.933278;0.139994;0.202730;1.001340;
2.083528;0.933712;0.339539;1.030392;-0.933712;0.140059;0.202607;1.001332;
2.083848;0.934573;0.339523;1.030355;-0.934573;0.140188;0.202365;1.001315;
2.084488;0.936261;0.339494;1.030284;-0.936261;0.140441;0.201890;1.001282;
2.085768;0.939514;0.339446;1.030148;-0.939514;0.140929;0.200982;1.001219;
2.088328;0.945555;0.339387;1.029898;-0.945555;0.141835;0.199315;1.001101;
2.093448;0.956001;0.339382;1.029475;-0.956001;0.143402;0.196497;1.000895;
2.098568;0.964522;0.339490;1.029143;-0.964522;0.144680;0.194281;1.000726;
2.108808;0.977316;0.339868;1.028668;-0.977316;0.146599;0.191116;1.000466;
2.118024;0.984872;0.340323;1.028417;-0.984872;0.147733;0.189442;1.000304;
2.120506;0.986457;0.340452;1.028368;-0.986457;0.147971;0.189121;1.000268;
2.120506;0.986457;0.340452;1.028368;-0.986457;0.147971;0.189121;1.000268;
2.120516;0.986463;0.340452;1.028368;-0.986463;0.147971;0.189119;1.000268;
2.120526;0.986468;0.340452;1.028368;-0.986468;0.147972;0.189118;1.000268;
2.120546;0.986479;0.340454;1.028368;-0.986479;0.147974;0.189116;1.000268;
2.120586;0.986501;0.340456;1.028367;-0.986501;0.147977;0.189112;1.000267;
2.120666;0.986544;0.340460;1.028366;-0.986544;0.147984;0.189104;1.000266;
2.120826;0.986631;0.340469;1.028364;-0.986631;0.147997;0.189088;1.000264;
2.121146;0.986802;0.340487;1.028359;-0.986802;0.148022;0.189056;1.000260;
2.121786;0.987137;0.340522;1.028350;-0.987137;0.148073;0.188996;1.000252;
2.123066;0.987776;0.340592;1.028333;-0.987776;0.148168;0.188883;1.000237;
2.125626;0.988942;0.340731;1.028304;-0.988942;0.148343;0.188688;1.000209;
2.130746;0.990875;0.341002;1.028260;-0.990875;0.148633;0.188401;1.000159;
2.140986;0.993437;0.341513;1.028225;-0.993437;0.149018;0.188163;1.000079;
2.151226;0.994566;0.341987;1.028244;-0.994566;0.149187;0.188292;1.000021;
2.155303;0.994709;0.342165;1.028264;-0.994709;0.149208;0.188421;1.000002;
2.155303;0.994709;0.342165;1.028264;-0.994709;0.149208;0.188421;1.000002;
2.155313;0.994709;0.342166;1.028264;-0.994709;0.149208;0.188421;1.000002;
2.155323;0.994709;0.342166;1.028264;-0.994709;0.149208;0.188421;1.000002;
2.155343;0.994709;0.342167;1.028264;-0.994709;0.149208;0.188422;1.000002;
2.155383;0.994709;0.342169;1.028264;-0.994709;0.149208;0.188424;1.000001;
2.155463;0.994709;0.342172;1.028264;-0.994709;0.149208;0.188427;1.000001;
2.155623;0.994709;0.342179;1.028265;-0.994709;0.149208;0.188434;1.000000;
2.155943;0.994708;0.342193;1.028267;-0.994708;0.149208;0.188447;0.999999;
2.156583;0.994703;0.342220;1.028272;-0.994703;0.149207;0.188474;0.999997;
2.157863;0.994683;0.342274;1.028280;-0.994683;0.149204;0.188531;0.999991;
2.160423;0.994603;0.342382;1.028299;-0.994603;0.149193;0.188655;0.999982;
2.165543;0.994299;0.342592;1.028341;-0.994299;0.149147;0.188941;0.999964;
2.175783;0.993177;0.343001;1.028447;-0.993177;0.148979;0.189644;0.999932;
2.186023;0.991446;0.343397;1.028576;-0.991446;0.148719;0.190507;0.999906;
2.196263;0.989191;0.343786;1.028727;-0.989191;0.148381;0.191508;0.999883;
2.206503;0.986480;0.344168;1.028895;-0.986480;0.147974;0.192629;0.999864;
2.216743;0.983367;0.344547;1.029079;-0.983367;0.147507;0.193856;0.999846;
2.226983;0.979894;0.344921;1.029277;-0.979894;0.146986;0.195176;0.999831;
2.247463;0.972056;0.345661;1.029707;-0.972056;0.145810;0.198042;0.999804;
2.267943;0.963180;0.346389;1.030174;-0.963180;0.144479;0.201160;0.999782;
2.288423;0.953470;0.347107;1.030671;-0.953470;0.143023;0.204468;0.999765;
2.308903;0.943119;0.347816;1.031187;-0.943119;0.141470;0.207909;0.999753;
2.329383;0.932297;0.348516;1.031715;-0.932297;0.139847;0.211432;0.999744;
2.349863;0.921160;0.349209;1.032249;-0.921160;0.138176;0.214993;0.999739;
2.370343;0.909844;0.349894;1.032784;-0.909844;0.136479;0.218554;0.999737;
2.390823;0.898469;0.350572;1.033313;-0.898469;0.134772;0.222085;0.999737;
2.431783;0.876037;0.351912;1.034340;-0.876037;0.131407;0.228933;0.999743;
2.472743;0.854388;0.353224;1.035312;-0.854388;0.128160;0.235413;0.999755;
2.513703;0.833945;0.354515;1.036218;-0.833945;0.125093;0.241449;0.999772;
2.554663;0.814998;0.355790;1.037051;-0.814998;0.122251;0.247003;0.999791;
2.595623;0.797720;0.357048;1.037810;-0.797720;0.119660;0.252062;0.999811;
2.636583;0.782185;0.358288;1.038496;-0.782185;0.117329;0.256636;0.999832;
2.677543;0.768394;0.359512;1.039113;-0.768394;0.115261;0.260748;0.999852;
2.759463;0.745649;0.361901;1.040163;-0.745649;0.111849;0.267747;0.999888;
2.833191;0.730219;0.363989;1.040926;-0.730219;0.109534;0.272838;0.999916;
2.906919;0.718781;0.366019;1.041552;-0.718781;0.107819;0.277011;0.999940;
2.980647;0.710628;0.367987;1.042067;-0.710628;0.106596;0.280440;0.999958;
3.054375;0.705062;0.369890;1.042493;-0.705062;0.105761;0.283285;0.999972;
3.128103;0.701458;0.371727;1.042852;-0.701458;0.105220;0.285678;0.999983;
3.201831;0.699289;0.373498;1.043160;-0.699289;0.104895;0.287728;0.999990;
3.275559;0.698127;0.375204;1.043429;-0.698127;0.104720;0.289522;0.999995;
3.349287;0.697639;0.376845;1.043670;-0.697639;0.104647;0.291126;0.999998;
3.423015;0.697576;0.378423;1.043889;-0.697576;0.104638;0.292589;1.000000;
3.496743;0.697759;0.379938;1.044093;-0.697759;0.104665;0.293946;1.000001;
3.570471;0.698065;0.381392;1.044284;-0.698065;0.104711;0.295223;1.000002;
3.717927;0.698710;0.384121;1.044641;-0.698710;0.104808;0.297605;1.000002;
3.865383;0.699218;0.386526;1.044958;-0.699218;0.104884;0.299715;1.000001;
4.012839;0.699565;0.388754;1.045254;-0.699565;0.104936;0.301691;1.000000;
4.160295;0.699776;0.390789;1.045528;-0.699776;0.104968;0.303517;1.000000;
4.455207;0.700001;0.394383;1.046016;-0.700001;0.105002;0.306766;1.000000;
4.750119;0.700047;0.397331;1.046419;-0.700047;0.105008;0.309456;1.000000;
5.339943;0.700041;0.401634;1.047009;-0.700041;0.105008;0.313392;1.000000;
5.929767;0.700005;0.404176;1.047359;-0.700005;0.105002;0.315722;1.000000;
5.999999;0.700002;0.404392;1.047389;-0.700002;0.105002;0.315920;1.000000;
5.999999;0.700003;0.404392;1.047389;-0.700003;0.105002;0.315920;1.000000;
6.000009;0.699994;0.404411;1.047389;-0.700002;0.105029;0.315920;1.000082;
6.000019;0.699984;0.404433;1.047389;-0.700003;0.105061;0.315919;1.000174;
6.000039;0.699965;0.404476;1.047388;-0.700003;0.105124;0.315918;1.000357;
6.000079;0.699927;0.404559;1.047388;-0.700005;0.105250;0.315913;1.000711;
6.000159;0.699856;0.404715;1.047385;-0.700013;0.105502;0.315894;1.001383;
6.000319;0.699728;0.404995;1.047373;-0.700044;0.106010;0.315822;1.002588;
6.000394;0.699672;0.405113;1.047366;-0.700064;0.106250;0.315774;1.003106;
6.000394;0.699672;0.405113;1.047366;-0.700064;0.106250;0.315774;1.003106;
6.000404;0.699666;0.405128;1.047365;-0.700067;0.106282;0.315767;1.003170;
6.000414;0.699659;0.405142;1.047364;-0.700071;0.106314;0.315760;1.003233;
6.000434;0.699645;0.405171;1.047361;-0.700077;0.106378;0.315744;1.003359;
6.000474;0.699619;0.405227;1.047356;-0.700091;0.106505;0.315712;1.003603;
6.000543;0.699577;0.405317;1.047347;-0.700116;0.106724;0.315652;1.004000;
6.000543;0.699577;0.405317;1.047347;-0.700116;0.106724;0.315652;1.004000;
6.000553;0.699571;0.405329;1.047346;-0.700120;0.106756;0.315643;1.004056;
6.000563;0.699565;0.405342;1.047344;-0.700124;0.106788;0.315634;1.004111;
6.000579;0.699556;0.405362;1.047342;-0.700131;0.106840;0.315618;1.004200;
6.000579;0.699556;0.405362;1.047342;-0.700131;0.106840;0.315618;1.004200;
6.000589;0.699550;0.405374;1.047340;-0.700135;0.106872;0.315608;1.004254;
6.000599;0.699544;0.405386;1.047339;-0.700139;0.106904;0.315598;1.004307;
6.000619;0.699533;0.405409;1.047335;-0.700148;0.106968;0.315578;1.004413;
6.000659;0.699511;0.405455;1.047329;-0.700165;0.107096;0.315536;1.004619;
6.000739;0.699469;0.405542;1.047315;-0.700203;0.107353;0.315447;1.005009;
6.000899;0.699394;0.405695;1.047284;-0.700287;0.107868;0.315250;1.005710;
6.001219;0.699271;0.405937;1.047212;-0.700482;0.108903;0.314790;1.006848;
6.001859;0.699104;0.406238;1.047037;-0.700948;0.110984;0.313689;1.008385;
6.003139;0.698939;0.406456;1.046617;-0.702041;0.115168;0.311100;1.009876;
6.004419;0.698893;0.406405;1.046140;-0.703240;0.119369;0.308237;1.010228;
6.005699;0.698887;0.406277;1.045634;-0.704466;0.123574;0.305292;1.010213;
6.008259;0.698885;0.406064;1.044577;-0.706891;0.131978;0.299422;1.010094;
6.013379;0.698835;0.405803;1.042286;-0.711556;0.148754;0.287787;1.010050;
6.023619;0.698587;0.405542;1.036936;-0.720183;0.182162;0.264580;1.010032;
6.033859;0.698154;0.405414;1.030542;-0.727886;0.215355;0.241290;1.010011;
6.054339;0.696639;0.405295;1.014629;-0.740431;0.280949;0.194427;1.010005;
6.074819;0.694364;0.405307;0.994610;-0.749291;0.345287;0.147380;1.009940;
6.095299;0.691563;0.405345;0.970557;-0.754707;0.408145;0.100267;1.009923;
6.115779;0.688698;0.405129;0.942508;-0.757037;0.469320;0.052876;1.010086;
6.136259;0.685301;0.405132;0.910682;-0.756047;0.528525;0.006087;1.009916;
6.156739;0.681554;0.405154;0.875176;-0.751913;0.585541;-0.040131;1.009917;
6.177219;0.677520;0.405141;0.836126;-0.744741;0.640152;-0.085640;1.009928;
6.218179;0.669026;0.405119;0.748059;-0.721998;0.741307;-0.173921;1.009912;
6.259139;0.660182;0.405105;0.647875;-0.688799;0.830435;-0.257608;1.009908;
6.300099;0.651315;0.405038;0.537164;-0.646074;0.906112;-0.335795;1.009903;
6.341059;0.642645;0.404869;0.417687;-0.594700;0.967111;-0.407654;1.009909;
6.382019;0.634402;0.404644;0.291349;-0.535635;1.012439;-0.472468;1.009917;
6.422979;0.626785;0.404401;0.160168;-0.469810;1.041341;-0.529641;1.009927;
6.499999;0.614675;0.404696;-0.091963;-0.331683;1.049719;-0.614619;1.009934;
6.499999;0.614669;0.404746;-0.092202;-0.331580;1.049738;-0.614669;1.009917;
6.500009;0.614678;0.404727;-0.092203;-0.331562;1.049735;-0.614678;1.009824;
6.500019;0.614687;0.404708;-0.092204;-0.331543;1.049732;-0.614687;1.009732;
6.500023;0.614691;0.404701;-0.092205;-0.331535;1.049731;-0.614691;1.009694;
6.500023;0.614691;0.404701;-0.092205;-0.331535;1.049731;-0.614691;1.009694;
6.500033;0.614699;0.404682;-0.092206;-0.331517;1.049728;-0.614699;1.009603;
6.500043;0.614708;0.404664;-0.092207;-0.331499;1.049726;-0.614708;1.009514;
6.500063;0.614725;0.404628;-0.092210;-0.331463;1.049720;-0.614725;1.009336;
6.500103;0.614758;0.404557;-0.092215;-0.331394;1.049710;-0.614758;1.008989;
6.500183;0.614819;0.404424;-0.092224;-0.331263;1.049690;-0.614819;1.008334;
6.500343;0.614928;0.404188;-0.092240;-0.331030;1.049655;-0.614928;1.007157;
6.500663;0.615095;0.403813;-0.092266;-0.330660;1.049600;-0.615095;1.005249;
6.500878;0.615182;0.403611;-0.092279;-0.330461;1.049570;-0.615182;1.004200;
6.500878;0.615182;0.403611;-0.092279;-0.330461;1.049570;-0.615182;1.004200;
6.500888;0.615185;0.403603;-0.092279;-0.330454;1.049569;-0.615185;1.004160;
6.500898;0.615188;0.403596;-0.092280;-0.330447;1.049568;-0.615188;1.004121;
6.500918;0.615194;0.403581;-0.092280;-0.330433;1.049566;-0.615194;1.004043;
6.500929;0.615198;0.403573;-0.092281;-0.330425;1.049564;-0.615198;1.004000;
6.500929;0.615198;0.403573;-0.092281;-0.330425;1.049564;-0.615198;1.004000;
6.500939;0.615200;0.403566;-0.092281;-0.330418;1.049563;-0.615200;1.003962;
6.500949;0.615203;0.403559;-0.092282;-0.330411;1.049562;-0.615203;1.003925;
6.500969;0.615209;0.403546;-0.092283;-0.330398;1.049560;-0.615209;1.003851;
6.501009;0.615219;0.403519;-0.092284;-0.330372;1.049557;-0.615219;1.003707;
6.501089;0.615239;0.403470;-0.092287;-0.330324;1.049549;-0.615239;1.003434;
6.501249;0.615272;0.403382;-0.092292;-0.330239;1.049536;-0.615272;1.002944;
6.501569;0.615317;0.403247;-0.092299;-0.330108;1.049517;-0.615317;1.002149;
6.502209;0.615351;0.403089;-0.092304;-0.329958;1.049494;-0.615351;1.001079;
6.503489;0.615299;0.403002;-0.092296;-0.329888;1.049484;-0.615299;1.000047;
6.504769;0.615161;0.403074;-0.092275;-0.329977;1.049497;-0.615161;0.999808;
6.507329;0.614845;0.403269;-0.092228;-0.330207;1.049532;-0.614845;0.999726;
6.512449;0.614215;0.403567;-0.092133;-0.330584;1.049588;-0.614215;0.999906;
6.517569;0.613640;0.403754;-0.092047;-0.330851;1.049628;-0.613640;0.999940;
6.527809;0.612690;0.403952;-0.091905;-0.331190;1.049679;-0.612690;0.999955;
6.538049;0.611947;0.404063;-0.091793;-0.331415;1.049713;-0.611947;0.999965;
6.548289;0.611415;0.404127;-0.091714;-0.331562;1.049735;-0.611415;0.999975;
6.568769;0.610832;0.404207;-0.091626;-0.331731;1.049760;-0.610832;0.999994;
6.589249;0.610973;0.404240;-0.091647;-0.331739;1.049761;-0.610973;1.000011;
6.630209;0.613155;0.404288;-0.091974;-0.331418;1.049713;-0.613155;1.000038;
6.671169;0.617357;0.404329;-0.092605;-0.330749;1.049613;-0.617357;1.000058;
6.712129;0.622951;0.404374;-0.093444;-0.329844;1.049477;-0.622951;1.000070;
6.753089;0.629391;0.404425;-0.094410;-0.328788;1.049319;-0.629391;1.000077;
6.794049;0.636245;0.404477;-0.095438;-0.327651;1.049148;-0.636245;1.000079;
6.835009;0.643183;0.404528;-0.096479;-0.326486;1.048974;-0.643183;1.000078;
6.875969;0.649967;0.404579;-0.097496;-0.325333;1.048801;-0.649967;1.000075;
6.916929;0.656428;0.404628;-0.098466;-0.324224;1.048634;-0.656428;1.000071;
6.957889;0.662454;0.404675;-0.099370;-0.323180;1.048478;-0.662454;1.000065;
7.039809;0.672954;0.404758;-0.100945;-0.321338;1.048201;-0.672954;1.000053;
7.121729;0.681382;0.404826;-0.102209;-0.319839;1.047976;-0.681382;1.000042;
7.203649;0.687845;0.404880;-0.103178;-0.318676;1.047802;-0.687845;1.000031;
7.285569;0.692583;0.404920;-0.103889;-0.317817;1.047673;-0.692583;1.000022;
7.367489;0.695900;0.404946;-0.104387;-0.317210;1.047582;-0.695900;1.000015;
7.449409;0.698106;0.404958;-0.104717;-0.316799;1.047521;-0.698106;1.000009;
7.531329;0.699482;0.404957;-0.104924;-0.316535;1.047481;-0.699482;1.000005;
7.613249;0.700269;0.404945;-0.105042;-0.316374;1.047457;-0.700269;1.000003;
7.695169;0.700658;0.404923;-0.105100;-0.316279;1.047442;-0.700658;1.000001;
7.777089;0.700794;0.404892;-0.105121;-0.316224;1.047434;-0.700794;1.000000;
7.859009;0.700780;0.404853;-0.105118;-0.316191;1.047429;-0.700780;1.000000;
8.022849;0.700606;0.404753;-0.105092;-0.316134;1.047421;-0.700606;0.999999;
8.186689;0.700369;0.404621;-0.105057;-0.316058;1.047409;-0.700369;0.999999;
8.514369;0.700146;0.404297;-0.105023;-0.315805;1.047371;-0.700146;1.000000;
8.842049;0.700050;0.403935;-0.105009;-0.315493;1.047325;-0.700050;1.000000;
9.497409;0.700007;0.403167;-0.105002;-0.314799;1.047221;-0.700007;1.000000;
10.152769;0.699999;0.402420;-0.105001;-0.314119;1.047118;-0.699999;1.000000;
11.463489;0.699999;0.401219;-0.105001;-0.313021;1.046954;-0.699999;1.000000;
12.774209;0.699999;0.400340;-0.105001;-0.312217;1.046833;-0.699999;1.000000;
14.084929;0.700000;0.399742;-0.105001;-0.311670;1.046751;-0.700000;1.000000;
16.706369;0.700000;0.399002;-0.105001;-0.310994;1.046650;-0.700000;1.000000;
19.327809;0.700000;0.398782;-0.105001;-0.310792;1.046620;-0.700000;1.000000;
20.000000;0.700000;0.398789;-0.105001;-0.310798;1.046620;-0.700000;1.000000;
