time;IBG_ibg_injector_PInjPuSn;IBG_ibg_injector_QInjPuSn;IBG_ibg_currentLimitsCalculation1_ipCmdPu;IBG_ibg_currentLimitsCalculation1_ipMaxPu;IBG_ibg_currentLimitsCalculation1_ipMinPu;IBG_ibg_currentLimitsCalculation1_iqCmdPu;IBG_ibg_currentLimitsCalculation1_iqMaxPu;IBG_ibg_currentLimitsCalculation1_iqMinPu;
0.000000;0.466667;0.133333;0.466667;1.091889;0.000000;0.133333;1.100000;-1.100000;
0.000001;0.466667;0.133333;0.466667;1.091889;0.000000;0.133333;1.100000;-1.100000;
0.000002;0.466667;0.133333;0.466667;1.091889;0.000000;0.133333;1.100000;-1.100000;
0.000004;0.466667;0.133333;0.466667;1.091889;0.000000;0.133333;1.100000;-1.100000;
0.000008;0.466667;0.133333;0.466667;1.091889;0.000000;0.133333;1.100000;-1.100000;
0.000016;0.466667;0.133333;0.466667;1.091889;0.000000;0.133333;1.100000;-1.100000;
0.000032;0.466667;0.133333;0.466667;1.091889;0.000000;0.133333;1.100000;-1.100000;
0.000064;0.466667;0.133333;0.466667;1.091889;0.000000;0.133333;1.100000;-1.100000;
0.000128;0.466667;0.133333;0.466667;1.091889;0.000000;0.133333;1.100000;-1.100000;
0.000256;0.466667;0.133333;0.466667;1.091889;0.000000;0.133333;1.100000;-1.100000;
0.000512;0.466667;0.133333;0.466667;1.091889;0.000000;0.133333;1.100000;-1.100000;
0.001024;0.466667;0.133333;0.466667;1.091889;0.000000;0.133333;1.100000;-1.100000;
0.002048;0.466667;0.133333;0.466667;1.091889;0.000000;0.133333;1.100000;-1.100000;
0.004096;0.466667;0.133333;0.466667;1.091889;0.000000;0.133333;1.100000;-1.100000;
0.008192;0.466667;0.133333;0.466667;1.091889;0.000000;0.133333;1.100000;-1.100000;
0.016384;0.466667;0.133333;0.466667;1.091889;0.000000;0.133333;1.100000;-1.100000;
0.032768;0.466667;0.133333;0.466667;1.091889;0.000000;0.133333;1.100000;-1.100000;
0.065536;0.466667;0.133333;0.466667;1.091889;0.000000;0.133333;1.100000;-1.100000;
0.131072;0.466667;0.133333;0.466666;1.091889;0.000000;0.133333;1.100000;-1.100000;
0.262144;0.466667;0.133333;0.466666;1.091889;0.000000;0.133333;1.100000;-1.100000;
0.524288;0.466667;0.133333;0.466666;1.091889;0.000000;0.133333;1.100000;-1.100000;
1.000000;0.466667;0.133333;0.466666;1.091889;0.000000;0.133333;1.100000;-1.100000;
1.000000;0.280000;0.080000;0.466666;1.091889;0.000000;0.133333;1.100000;-1.100000;
1.000001;0.280000;0.080000;0.466666;1.091889;0.000000;0.133333;1.100000;-1.100000;
1.000002;0.280000;0.080000;0.466666;1.091889;0.000000;0.133333;1.100000;-1.100000;
1.000004;0.280000;0.080000;0.466666;1.091889;0.000000;0.133333;1.100000;-1.100000;
1.000008;0.280000;0.080000;0.466667;1.091889;0.000000;0.133333;1.100000;-1.100000;
1.000016;0.280001;0.080000;0.466667;1.091889;0.000000;0.133333;1.100000;-1.100000;
1.000032;0.280003;0.080000;0.466667;1.091889;0.000000;0.133333;1.100000;-1.100000;
1.000064;0.280011;0.080000;0.466668;1.091889;0.000000;0.133333;1.100000;-1.100000;
1.000128;0.280044;0.080000;0.466674;1.091889;0.000000;0.133333;1.100000;-1.100000;
1.000256;0.280166;0.080000;0.466697;1.091889;0.000000;0.133333;1.100000;-1.100000;
1.000512;0.280478;0.080000;0.466786;1.091889;0.000000;0.133334;1.100000;-1.100000;
1.000768;0.280860;0.080001;0.466958;1.091889;0.000000;0.133335;1.100000;-1.100000;
1.001024;0.281243;0.080001;0.467185;1.091889;0.000000;0.133336;1.100000;-1.100000;
1.001536;0.282011;0.080004;0.467848;1.091888;0.000000;0.133345;1.100000;-1.100000;
1.002048;0.282779;0.080008;0.468705;1.091886;0.000000;0.133359;1.100000;-1.100000;
1.002560;0.283547;0.080015;0.469743;1.091884;0.000000;0.133380;1.100000;-1.100000;
1.003584;0.285083;0.080035;0.472219;1.091876;0.000000;0.133443;1.100000;-1.100000;
1.004608;0.286619;0.080066;0.475289;1.091864;0.000000;0.133539;1.100000;-1.100000;
1.005632;0.288155;0.080112;0.478931;1.091847;0.000000;0.133678;1.100000;-1.100000;
1.005779;0.288376;0.080120;0.479491;1.091844;0.000000;0.133702;1.100000;-1.100000;
1.005780;0.288377;0.080120;0.479495;1.091844;0.000000;0.133702;1.100000;-1.100000;
1.005781;0.288379;0.080120;0.479499;1.091844;0.000000;0.133702;1.100000;-1.100000;
1.005783;0.288382;0.080120;0.479507;1.091844;0.000000;0.133703;1.100000;-1.100000;
1.005787;0.288388;0.080120;0.479523;1.091844;0.000000;0.133704;1.100000;-1.100000;
1.005795;0.288400;0.080121;0.479554;1.091844;0.000000;0.133705;1.100000;-1.100000;
1.005811;0.288424;0.080122;0.479617;1.091843;0.000000;0.133709;1.100000;-1.100000;
1.005843;0.288472;0.080125;0.479742;1.091842;0.000000;0.133720;1.100000;-1.100000;
1.005907;0.288568;0.080136;0.479995;1.091838;0.000000;0.133754;1.100000;-1.100000;
1.006035;0.288760;0.080171;0.480506;1.091824;0.000000;0.133867;1.100000;-1.100000;
1.006291;0.289144;0.080294;0.481550;1.091775;0.000000;0.134270;1.100000;-1.100000;
1.006803;0.289912;0.080751;0.483724;1.091592;0.000000;0.135748;1.100000;-1.100000;
1.007315;0.290680;0.081478;0.486005;1.091299;0.000000;0.138077;1.100000;-1.100000;
1.007827;0.291448;0.082461;0.488388;1.090900;0.000000;0.141197;1.100000;-1.100000;
1.008339;0.292216;0.083689;0.490864;1.090394;0.000000;0.145048;1.100000;-1.100000;
1.008851;0.292984;0.085149;0.493428;1.089783;0.000000;0.149572;1.100000;-1.100000;
1.009363;0.293752;0.086829;0.496073;1.089064;0.000000;0.154716;1.100000;-1.100000;
1.009875;0.294520;0.088718;0.498792;1.088237;0.000000;0.160430;1.100000;-1.100000;
1.010387;0.295288;0.090803;0.501581;1.087299;0.000000;0.166665;1.100000;-1.100000;
1.010899;0.296056;0.093075;0.504432;1.086249;0.000000;0.173376;1.100000;-1.100000;
1.011411;0.296824;0.095523;0.507341;1.085084;0.000000;0.180521;1.100000;-1.100000;
1.011923;0.297592;0.098137;0.510303;1.083803;0.000000;0.188060;1.100000;-1.100000;
1.012435;0.298360;0.100908;0.513313;1.082403;0.000000;0.195957;1.100000;-1.100000;
1.012947;0.299128;0.103827;0.516365;1.080883;0.000000;0.204176;1.100000;-1.100000;
1.013459;0.299896;0.106884;0.519456;1.079241;0.000000;0.212684;1.100000;-1.100000;
1.013886;0.300537;0.109537;0.522063;1.077775;0.000000;0.219988;1.100000;-1.100000;
1.013886;0.300537;0.109537;0.522063;1.077778;0.000000;0.219988;1.100000;-1.100000;
1.013886;0.300537;0.109537;0.522063;1.077778;0.000000;0.219989;1.100000;-1.100000;
1.013887;0.300539;0.109543;0.522070;1.077774;0.000000;0.220006;1.100000;-1.100000;
1.013888;0.300540;0.109550;0.522076;1.077771;0.000000;0.220023;1.100000;-1.100000;
1.013890;0.300543;0.109562;0.522088;1.077764;0.000000;0.220058;1.100000;-1.100000;
1.013894;0.300549;0.109587;0.522113;1.077750;0.000000;0.220127;1.100000;-1.100000;
1.013902;0.300561;0.109638;0.522162;1.077721;0.000000;0.220266;1.100000;-1.100000;
1.013918;0.300585;0.109739;0.522260;1.077665;0.000000;0.220543;1.100000;-1.100000;
1.013950;0.300633;0.109942;0.522456;1.077551;0.000000;0.221098;1.100000;-1.100000;
1.014014;0.300729;0.110349;0.522849;1.077322;0.000000;0.222210;1.100000;-1.100000;
1.014142;0.300921;0.111168;0.523636;1.076858;0.000000;0.224446;1.100000;-1.100000;
1.014398;0.301305;0.112824;0.525215;1.075908;0.000000;0.228958;1.100000;-1.100000;
1.014654;0.301689;0.114503;0.526801;1.074927;0.000000;0.233520;1.100000;-1.100000;
1.014910;0.302073;0.116201;0.528393;1.073915;0.000000;0.238131;1.100000;-1.100000;
1.015166;0.302457;0.117916;0.529991;1.072872;0.000000;0.242787;1.100000;-1.100000;
1.015678;0.303225;0.121386;0.533201;1.070694;0.000000;0.252219;1.100000;-1.100000;
1.016190;0.303993;0.124899;0.536429;1.068393;0.000000;0.261795;1.100000;-1.100000;
1.016702;0.304761;0.128443;0.539672;1.065969;0.000000;0.271495;1.100000;-1.100000;
1.017214;0.305529;0.132009;0.542925;1.063423;0.000000;0.281299;1.100000;-1.100000;
1.017726;0.306297;0.135590;0.546187;1.060758;0.000000;0.291189;1.100000;-1.100000;
1.018238;0.307065;0.139178;0.549454;1.057974;0.000000;0.301147;1.100000;-1.100000;
1.019262;0.308601;0.146347;0.555991;1.052065;0.000000;0.321183;1.100000;-1.100000;
1.020286;0.310137;0.153482;0.562519;1.045709;0.000000;0.341306;1.100000;-1.100000;
1.021310;0.311673;0.160552;0.569020;1.038926;0.000000;0.361421;1.100000;-1.100000;
1.022334;0.313209;0.167533;0.575478;1.031742;0.000000;0.381441;1.100000;-1.100000;
1.023358;0.314745;0.174400;0.581878;1.024184;0.000000;0.401290;1.100000;-1.100000;
1.024382;0.316281;0.181136;0.588208;1.016280;0.000000;0.420905;1.100000;-1.100000;
1.025406;0.317817;0.187726;0.594456;1.008059;0.000000;0.440230;1.100000;-1.100000;
1.027454;0.320889;0.200410;0.606657;0.990812;0.000000;0.477799;1.100000;-1.100000;
1.028169;0.321941;0.204678;0.610820;0.984556;0.000000;0.490561;1.100000;-1.100000;
1.028836;0.322237;0.208584;0.614656;0.978624;0.000000;0.502290;1.100000;-1.100000;
1.029503;0.321914;0.212412;0.618442;0.972612;0.000000;0.513834;1.100000;-1.100000;
1.030233;0.321113;0.216512;0.622524;0.965953;0.000000;0.526246;1.100000;-1.100000;
1.030963;0.320058;0.220517;0.626543;0.959218;0.000000;0.538425;1.100000;-1.100000;
1.031692;0.318896;0.224427;0.630496;0.952416;0.000000;0.550366;1.100000;-1.100000;
1.032422;0.317703;0.228242;0.634383;0.945559;0.000000;0.562066;1.100000;-1.100000;
1.033152;0.316519;0.231961;0.638202;0.938654;0.000000;0.573522;1.100000;-1.100000;
1.034612;0.314235;0.239118;0.645632;0.924740;0.000000;0.595698;1.100000;-1.100000;
1.036071;0.312069;0.245901;0.652782;0.910738;0.000000;0.616892;1.100000;-1.100000;
1.038991;0.308090;0.258396;0.666238;0.882698;0.000000;0.656387;1.100000;-1.100000;
1.041910;0.304555;0.269524;0.678574;0.854967;0.000000;0.692130;1.100000;-1.100000;
1.044829;0.301430;0.279386;0.689813;0.827903;0.000000;0.724304;1.100000;-1.100000;
1.047749;0.298677;0.288091;0.699992;0.801783;0.000000;0.753137;1.100000;-1.100000;
1.050668;0.296257;0.295752;0.709165;0.776818;0.000000;0.778881;1.100000;-1.100000;
1.053587;0.294135;0.302476;0.717391;0.753160;0.000000;0.801796;1.100000;-1.100000;
1.054569;0.293481;0.304551;0.719960;0.745520;0.000000;0.808925;1.100000;-1.100000;
1.054569;0.293481;0.304551;0.719960;0.745413;0.000000;0.808925;1.100000;-1.100000;
1.054570;0.293480;0.304553;0.719963;0.745405;0.000000;0.808932;1.100000;-1.100000;
1.054571;0.293479;0.304555;0.719965;0.745398;0.000000;0.808939;1.100000;-1.100000;
1.054573;0.293478;0.304559;0.719970;0.745382;0.000000;0.808953;1.100000;-1.100000;
1.054577;0.293475;0.304567;0.719981;0.745352;0.000000;0.808981;1.100000;-1.100000;
1.054585;0.293469;0.304584;0.720001;0.745290;0.000000;0.809038;1.100000;-1.100000;
1.054601;0.293457;0.304616;0.720041;0.745167;0.000000;0.809151;1.100000;-1.100000;
1.054633;0.293429;0.304682;0.720121;0.744922;0.000000;0.809377;1.100000;-1.100000;
1.054697;0.293364;0.304812;0.720278;0.744432;0.000000;0.809828;1.100000;-1.100000;
1.054825;0.293198;0.305072;0.720579;0.743453;0.000000;0.810726;1.100000;-1.100000;
1.055081;0.292743;0.305588;0.721133;0.741505;0.000000;0.812509;1.100000;-1.100000;
1.055337;0.292152;0.306097;0.721623;0.739567;0.000000;0.814273;1.100000;-1.100000;
1.055849;0.290704;0.307098;0.722426;0.735725;0.000000;0.817746;1.100000;-1.100000;
1.056361;0.289002;0.308077;0.722998;0.731929;0.000000;0.821146;1.100000;-1.100000;
1.056873;0.287158;0.309032;0.723353;0.728177;0.000000;0.824474;1.100000;-1.100000;
1.057385;0.285244;0.309966;0.723505;0.724471;0.000000;0.827733;1.100000;-1.100000;
1.057897;0.283307;0.310878;0.723465;0.720810;0.000000;0.830923;1.100000;-1.100000;
1.058921;0.279467;0.312641;0.722870;0.713623;0.000000;0.837103;1.100000;-1.100000;
1.059945;0.275711;0.314323;0.721646;0.706619;0.000000;0.843025;1.100000;-1.100000;
1.060969;0.272075;0.315928;0.719868;0.699796;0.000000;0.848696;1.100000;-1.100000;
1.063017;0.265192;0.318924;0.715001;0.686683;0.000000;0.859341;1.100000;-1.100000;
1.065065;0.258808;0.321652;0.708683;0.674288;0.000000;0.869102;1.100000;-1.100000;
1.067113;0.252897;0.324135;0.701294;0.662605;0.000000;0.878044;1.100000;-1.100000;
1.069161;0.247427;0.326394;0.693159;0.651614;0.000000;0.886232;1.100000;-1.100000;
1.071209;0.242368;0.328449;0.684543;0.641299;0.000000;0.893726;1.100000;-1.100000;
1.073257;0.237693;0.330320;0.675661;0.631637;0.000000;0.900581;1.100000;-1.100000;
1.075305;0.233376;0.332022;0.666682;0.622604;0.000000;0.906851;1.100000;-1.100000;
1.077353;0.229391;0.333571;0.657740;0.614173;0.000000;0.912582;1.100000;-1.100000;
1.079401;0.225716;0.334982;0.648940;0.606318;0.000000;0.917819;1.100000;-1.100000;
1.081449;0.222329;0.336267;0.640361;0.599011;0.000000;0.922605;1.100000;-1.100000;
1.083497;0.219210;0.337438;0.632063;0.592225;0.000000;0.926976;1.100000;-1.100000;
1.087593;0.213668;0.339489;0.616481;0.580023;0.000000;0.934651;1.100000;-1.100000;
1.091689;0.208981;0.341197;0.602341;0.569580;0.000000;0.941056;1.100000;-1.100000;
1.095785;0.205032;0.342619;0.589705;0.560688;0.000000;0.946386;1.100000;-1.100000;
1.099881;0.201716;0.343804;0.578554;0.553145;0.000000;0.950816;1.100000;-1.100000;
1.103977;0.198937;0.344792;0.568818;0.546774;0.000000;0.954495;1.100000;-1.100000;
1.108073;0.196614;0.345619;0.560390;0.541410;0.000000;0.957547;1.100000;-1.100000;
1.112169;0.194675;0.346310;0.553146;0.536906;0.000000;0.960079;1.100000;-1.100000;
1.116265;0.193059;0.346890;0.546957;0.533135;0.000000;0.962177;1.100000;-1.100000;
1.120361;0.191715;0.347376;0.541696;0.529984;0.000000;0.963916;1.100000;-1.100000;
1.124457;0.190599;0.347786;0.537242;0.527355;0.000000;0.965355;1.100000;-1.100000;
1.128553;0.189672;0.348130;0.533486;0.525166;0.000000;0.966547;1.100000;-1.100000;
1.132649;0.188904;0.348420;0.530327;0.523345;0.000000;0.967533;1.100000;-1.100000;
1.136745;0.188268;0.348665;0.527678;0.521832;0.000000;0.968349;1.100000;-1.100000;
1.140841;0.187741;0.348872;0.525461;0.520577;0.000000;0.969024;1.100000;-1.100000;
1.144937;0.187305;0.349046;0.523610;0.519537;0.000000;0.969581;1.100000;-1.100000;
1.153129;0.186632;0.349323;0.520724;0.517922;0.000000;0.970442;1.100000;-1.100000;
1.160502;0.186213;0.349504;0.518899;0.516916;0.000000;0.970978;1.100000;-1.100000;
1.167874;0.185918;0.349637;0.517598;0.516205;0.000000;0.971356;1.100000;-1.100000;
1.175247;0.185712;0.349736;0.516681;0.515707;0.000000;0.971621;1.100000;-1.100000;
1.182620;0.185569;0.349808;0.516037;0.515359;0.000000;0.971805;1.100000;-1.100000;
1.189993;0.185470;0.349860;0.515589;0.515118;0.000000;0.971933;1.100000;-1.100000;
1.197366;0.185401;0.349899;0.515277;0.514951;0.000000;0.972021;1.100000;-1.100000;
1.212111;0.185315;0.349950;0.514883;0.514741;0.000000;0.972133;1.100000;-1.100000;
1.226857;0.185275;0.349977;0.514698;0.514642;0.000000;0.972185;1.100000;-1.100000;
1.241602;0.185258;0.349991;0.514618;0.514600;0.000000;0.972207;1.100000;-1.100000;
1.256348;0.185252;0.349997;0.514588;0.514585;0.000000;0.972215;1.100000;-1.100000;
1.285839;0.185248;0.350003;0.514566;0.514573;0.000000;0.972221;1.100000;-1.100000;
1.344822;0.185250;0.350002;0.514577;0.514579;0.000000;0.972218;1.100000;-1.100000;
1.462786;0.185251;0.350001;0.514581;0.514581;0.000000;0.972217;1.100000;-1.100000;
1.513886;0.185251;0.350001;0.514581;0.514581;0.000000;0.972217;1.100000;-1.100000;
1.513887;0.185251;0.350001;0.514581;0.514581;0.000000;0.972217;1.100000;-1.100000;
1.513888;0.185251;0.350001;0.514581;0.514581;0.000000;0.972217;1.100000;-1.100000;
1.513890;0.185251;0.350001;0.514581;0.514581;0.000000;0.972217;1.100000;-1.100000;
1.513894;0.185251;0.350001;0.514581;0.514581;0.000000;0.972217;1.100000;-1.100000;
1.513902;0.185251;0.350001;0.514581;0.514581;0.000000;0.972217;1.100000;-1.100000;
1.513918;0.185251;0.350001;0.514581;0.514581;0.000000;0.972217;1.100000;-1.100000;
1.513950;0.185251;0.350001;0.514581;0.514581;0.000000;0.972217;1.100000;-1.100000;
1.514014;0.185251;0.350001;0.514581;0.514581;0.000000;0.972217;1.100000;-1.100000;
1.514142;0.185251;0.350001;0.514581;0.514581;0.000000;0.972217;1.100000;-1.100000;
1.514398;0.185251;0.350001;0.514581;0.514581;0.000000;0.972217;1.100000;-1.100000;
1.514910;0.185251;0.350001;0.514581;0.514581;0.000000;0.972217;1.100000;-1.100000;
1.515934;0.185251;0.350001;0.514581;0.514581;0.000000;0.972217;1.100000;-1.100000;
1.517982;0.185251;0.350001;0.514581;0.514581;0.000000;0.972217;1.100000;-1.100000;
1.522078;0.185251;0.350001;0.514581;0.514581;0.000000;0.972217;1.100000;-1.100000;
1.530270;0.185251;0.350001;0.514581;0.514581;0.000000;0.972217;1.100000;-1.100000;
1.546654;0.185251;0.350001;0.514581;0.514581;0.000000;0.972217;1.100000;-1.100000;
1.579422;0.185251;0.350001;0.514581;0.514581;0.000000;0.972217;1.100000;-1.100000;
1.644958;0.185251;0.350001;0.514581;0.514581;0.000000;0.972217;1.100000;-1.100000;
1.776030;0.185251;0.350001;0.514581;0.514581;0.000000;0.972217;1.100000;-1.100000;
2.000000;0.185251;0.350001;0.514581;0.514581;0.000000;0.972217;1.100000;-1.100000;
2.000000;0.308752;0.583335;0.514581;0.514581;0.000000;0.972217;1.100000;-1.100000;
2.000001;0.308752;0.583335;0.514581;0.514581;0.000000;0.972217;1.100000;-1.100000;
2.000002;0.308752;0.583335;0.514581;0.514581;0.000000;0.972217;1.100000;-1.100000;
2.000004;0.308752;0.583335;0.514581;0.514582;0.000000;0.972217;1.100000;-1.100000;
2.000008;0.308752;0.583335;0.514581;0.514582;0.000000;0.972217;1.100000;-1.100000;
2.000016;0.308752;0.583334;0.514581;0.514583;0.000000;0.972216;1.100000;-1.100000;
2.000032;0.308752;0.583334;0.514581;0.514586;0.000000;0.972214;1.100000;-1.100000;
2.000064;0.308752;0.583332;0.514581;0.514601;0.000000;0.972207;1.100000;-1.100000;
2.000128;0.308758;0.583323;0.514582;0.514658;0.000000;0.972176;1.100000;-1.100000;
2.000256;0.308797;0.583289;0.514585;0.514886;0.000000;0.972056;1.100000;-1.100000;
2.000512;0.309069;0.583163;0.514605;0.515783;0.000000;0.971580;1.100000;-1.100000;
2.000768;0.309576;0.582966;0.514657;0.517247;0.000000;0.970801;1.100000;-1.100000;
2.001024;0.310178;0.582708;0.514751;0.519254;0.000000;0.969729;1.100000;-1.100000;
2.001280;0.310803;0.582394;0.514899;0.521776;0.000000;0.968374;1.100000;-1.100000;
2.001536;0.311430;0.582031;0.515114;0.524784;0.000000;0.966748;1.100000;-1.100000;
2.001792;0.312056;0.581622;0.515405;0.528248;0.000000;0.964859;1.100000;-1.100000;
2.002304;0.313327;0.580680;0.516261;0.536405;0.000000;0.960349;1.100000;-1.100000;
2.002816;0.314604;0.579578;0.517519;0.546027;0.000000;0.954909;1.100000;-1.100000;
2.003328;0.315883;0.578324;0.519224;0.556894;0.000000;0.948611;1.100000;-1.100000;
2.003840;0.317163;0.576921;0.521410;0.568797;0.000000;0.941520;1.100000;-1.100000;
2.004352;0.318443;0.575369;0.524100;0.581541;0.000000;0.933700;1.100000;-1.100000;
2.005376;0.321003;0.571822;0.531032;0.608772;0.000000;0.916186;1.100000;-1.100000;
2.006400;0.323563;0.567682;0.539995;0.637451;0.000000;0.896449;1.100000;-1.100000;
2.006885;0.324777;0.565512;0.544922;0.651260;0.000000;0.886442;1.100000;-1.100000;
2.006885;0.324777;0.565512;0.544922;0.651322;0.000000;0.886442;1.100000;-1.100000;
2.006886;0.324780;0.565508;0.544933;0.651351;0.000000;0.886421;1.100000;-1.100000;
2.006887;0.324782;0.565503;0.544943;0.651380;0.000000;0.886400;1.100000;-1.100000;
2.006889;0.324787;0.565494;0.544965;0.651437;0.000000;0.886358;1.100000;-1.100000;
2.006893;0.324797;0.565475;0.545007;0.651552;0.000000;0.886273;1.100000;-1.100000;
2.006901;0.324817;0.565438;0.545092;0.651783;0.000000;0.886103;1.100000;-1.100000;
2.006917;0.324857;0.565364;0.545261;0.652244;0.000000;0.885764;1.100000;-1.100000;
2.006949;0.324937;0.565216;0.545598;0.653167;0.000000;0.885084;1.100000;-1.100000;
2.007013;0.325097;0.564918;0.546264;0.655012;0.000000;0.883719;1.100000;-1.100000;
2.007141;0.325417;0.564315;0.547569;0.658703;0.000000;0.880971;1.100000;-1.100000;
2.007397;0.326057;0.563080;0.550068;0.666085;0.000000;0.875403;1.100000;-1.100000;
2.007909;0.327337;0.560502;0.554650;0.680811;0.000000;0.864001;1.100000;-1.100000;
2.008933;0.329897;0.554917;0.562314;0.709879;0.000000;0.840281;1.100000;-1.100000;
2.009957;0.332457;0.548770;0.568170;0.738169;0.000000;0.815528;1.100000;-1.100000;
2.010981;0.335017;0.542081;0.572465;0.765428;0.000000;0.789978;1.100000;-1.100000;
2.012005;0.337577;0.534874;0.575426;0.791490;0.000000;0.763851;1.100000;-1.100000;
2.013029;0.340137;0.527177;0.577252;0.816233;0.000000;0.737342;1.100000;-1.100000;
2.013855;0.342200;0.520638;0.578025;0.835168;0.000000;0.715826;1.100000;-1.100000;
2.013855;0.342200;0.520638;0.578025;0.835221;0.000000;0.715826;1.100000;-1.100000;
2.013856;0.342203;0.520629;0.578026;0.835243;0.000000;0.715799;1.100000;-1.100000;
2.013857;0.342205;0.520621;0.578027;0.835266;0.000000;0.715773;1.100000;-1.100000;
2.013859;0.342210;0.520605;0.578028;0.835311;0.000000;0.715721;1.100000;-1.100000;
2.013863;0.342220;0.520573;0.578030;0.835400;0.000000;0.715616;1.100000;-1.100000;
2.013871;0.342240;0.520508;0.578034;0.835580;0.000000;0.715407;1.100000;-1.100000;
2.013887;0.342280;0.520378;0.578042;0.835938;0.000000;0.714988;1.100000;-1.100000;
2.013919;0.342360;0.520118;0.578058;0.836654;0.000000;0.714150;1.100000;-1.100000;
2.013983;0.342520;0.519596;0.578087;0.838082;0.000000;0.712474;1.100000;-1.100000;
2.014111;0.342840;0.518547;0.578136;0.840921;0.000000;0.709121;1.100000;-1.100000;
2.014367;0.343480;0.516426;0.578198;0.846531;0.000000;0.702414;1.100000;-1.100000;
2.014623;0.344120;0.514273;0.578213;0.852052;0.000000;0.695707;1.100000;-1.100000;
2.015135;0.345400;0.509870;0.578113;0.862823;0.000000;0.682303;1.100000;-1.100000;
2.015647;0.346680;0.505334;0.577849;0.873238;0.000000;0.668921;1.100000;-1.100000;
2.016159;0.347960;0.500669;0.577435;0.883301;0.000000;0.655575;1.100000;-1.100000;
2.016671;0.349240;0.495877;0.576884;0.893016;0.000000;0.642278;1.100000;-1.100000;
2.017183;0.350520;0.490966;0.576209;0.902389;0.000000;0.629041;1.100000;-1.100000;
2.018207;0.353080;0.480824;0.574544;0.920122;0.000000;0.602806;1.100000;-1.100000;
2.019231;0.355640;0.470296;0.572511;0.936558;0.000000;0.576936;1.100000;-1.100000;
2.020255;0.358200;0.459437;0.570178;0.951758;0.000000;0.551495;1.100000;-1.100000;
2.021279;0.360760;0.448303;0.567608;0.965788;0.000000;0.526538;1.100000;-1.100000;
2.022303;0.363320;0.436944;0.564854;0.978710;0.000000;0.502109;1.100000;-1.100000;
2.023327;0.365880;0.425409;0.561961;0.990589;0.000000;0.478247;1.100000;-1.100000;
2.025375;0.371000;0.402029;0.555953;1.011467;0.000000;0.432359;1.100000;-1.100000;
2.027218;0.375608;0.380774;0.550402;1.027317;0.000000;0.393214;1.100000;-1.100000;
2.027699;0.376810;0.375229;0.548954;1.031052;0.000000;0.383349;1.100000;-1.100000;
2.027699;0.376810;0.375229;0.548954;1.031040;0.000000;0.383349;1.100000;-1.100000;
2.027700;0.376813;0.375217;0.548951;1.031048;0.000000;0.383328;1.100000;-1.100000;
2.027701;0.376815;0.375205;0.548948;1.031055;0.000000;0.383308;1.100000;-1.100000;
2.027703;0.376820;0.375182;0.548942;1.031070;0.000000;0.383267;1.100000;-1.100000;
2.027707;0.376830;0.375136;0.548930;1.031101;0.000000;0.383186;1.100000;-1.100000;
2.027715;0.376850;0.375043;0.548906;1.031161;0.000000;0.383023;1.100000;-1.100000;
2.027731;0.376890;0.374858;0.548857;1.031282;0.000000;0.382697;1.100000;-1.100000;
2.027763;0.376970;0.374489;0.548760;1.031523;0.000000;0.382048;1.100000;-1.100000;
2.027827;0.377130;0.373751;0.548565;1.032001;0.000000;0.380755;1.100000;-1.100000;
2.027955;0.377450;0.372281;0.548176;1.032943;0.000000;0.378192;1.100000;-1.100000;
2.028211;0.378090;0.369366;0.547399;1.034773;0.000000;0.373154;1.100000;-1.100000;
2.028723;0.379370;0.363635;0.545849;1.038231;0.000000;0.363424;1.100000;-1.100000;
2.029747;0.381930;0.352554;0.542779;1.044413;0.000000;0.345256;1.100000;-1.100000;
2.030771;0.384490;0.341963;0.539755;1.049743;0.000000;0.328698;1.100000;-1.100000;
2.031795;0.387050;0.331841;0.536785;1.054353;0.000000;0.313608;1.100000;-1.100000;
2.032819;0.389610;0.322166;0.533880;1.058350;0.000000;0.299849;1.100000;-1.100000;
2.033843;0.392170;0.312919;0.531045;1.061827;0.000000;0.287296;1.100000;-1.100000;
2.034867;0.394730;0.304079;0.528286;1.064863;0.000000;0.275835;1.100000;-1.100000;
2.035891;0.397290;0.295627;0.525608;1.067520;0.000000;0.265364;1.100000;-1.100000;
2.036431;0.398105;0.291318;0.524227;1.068779;0.000000;0.260213;1.100000;-1.100000;
2.036972;0.398379;0.287109;0.522869;1.069964;0.000000;0.255299;1.100000;-1.100000;
2.037512;0.398259;0.282999;0.521536;1.071072;0.000000;0.250610;1.100000;-1.100000;
2.038053;0.397891;0.278985;0.520226;1.072109;0.000000;0.246134;1.100000;-1.100000;
2.038594;0.397382;0.275064;0.518941;1.073082;0.000000;0.241860;1.100000;-1.100000;
2.039134;0.396802;0.271234;0.517680;1.073993;0.000000;0.237779;1.100000;-1.100000;
2.039675;0.396191;0.267494;0.516443;1.074849;0.000000;0.233880;1.100000;-1.100000;
2.040756;0.394970;0.260268;0.514042;1.076411;0.000000;0.226583;1.100000;-1.100000;
2.041837;0.393779;0.253373;0.511737;1.077794;0.000000;0.219912;1.100000;-1.100000;
2.042919;0.392644;0.246794;0.509526;1.079021;0.000000;0.213810;1.100000;-1.100000;
2.044000;0.391574;0.240515;0.507410;1.080113;0.000000;0.208224;1.100000;-1.100000;
2.045081;0.390566;0.234522;0.505385;1.081088;0.000000;0.203103;1.100000;-1.100000;
2.046162;0.389618;0.228802;0.503449;1.081960;0.000000;0.198405;1.100000;-1.100000;
2.047244;0.388724;0.223342;0.501600;1.082743;0.000000;0.194090;1.100000;-1.100000;
2.048325;0.387882;0.218131;0.499835;1.083447;0.000000;0.190121;1.100000;-1.100000;
2.049406;0.387087;0.213155;0.498153;1.084081;0.000000;0.186468;1.100000;-1.100000;
2.050487;0.386337;0.208405;0.496549;1.084655;0.000000;0.183100;1.100000;-1.100000;
2.052650;0.384959;0.199526;0.493562;1.085651;0.000000;0.177093;1.100000;-1.100000;
2.054596;0.383847;0.192207;0.491116;1.086401;0.000000;0.172435;1.100000;-1.100000;
2.056542;0.382844;0.185467;0.488881;1.087039;0.000000;0.168369;1.100000;-1.100000;
2.058488;0.381938;0.179264;0.486841;1.087584;0.000000;0.164812;1.100000;-1.100000;
2.060435;0.381120;0.173552;0.484983;1.088053;0.000000;0.161688;1.100000;-1.100000;
2.062381;0.380382;0.168294;0.483290;1.088458;0.000000;0.158935;1.100000;-1.100000;
2.064327;0.379714;0.163451;0.481750;1.088811;0.000000;0.156499;1.100000;-1.100000;
2.066273;0.379111;0.158991;0.480350;1.089120;0.000000;0.154336;1.100000;-1.100000;
2.068220;0.378566;0.154884;0.479078;1.089391;0.000000;0.152410;1.100000;-1.100000;
2.070166;0.378072;0.151100;0.477923;1.089631;0.000000;0.150687;1.100000;-1.100000;
2.072112;0.377626;0.147614;0.476874;1.089843;0.000000;0.149143;1.100000;-1.100000;
2.074058;0.377222;0.144402;0.475921;1.090032;0.000000;0.147755;1.100000;-1.100000;
2.076005;0.376857;0.141443;0.475057;1.090201;0.000000;0.146504;1.100000;-1.100000;
2.077951;0.376526;0.138716;0.474274;1.090352;0.000000;0.145373;1.100000;-1.100000;
2.079897;0.376227;0.136203;0.473563;1.090488;0.000000;0.144349;1.100000;-1.100000;
2.083790;0.375707;0.131735;0.472327;1.090723;0.000000;0.142563;1.100000;-1.100000;
2.087293;0.375320;0.128292;0.471404;1.090897;0.000000;0.141220;1.100000;-1.100000;
2.090796;0.374995;0.125318;0.470630;1.091044;0.000000;0.140081;1.100000;-1.100000;
2.094299;0.374724;0.122750;0.469982;1.091168;0.000000;0.139112;1.100000;-1.100000;
2.097802;0.374497;0.120535;0.469440;1.091273;0.000000;0.138286;1.100000;-1.100000;
2.101306;0.374307;0.118623;0.468986;1.091362;0.000000;0.137580;1.100000;-1.100000;
2.104809;0.374148;0.116973;0.468607;1.091438;0.000000;0.136976;1.100000;-1.100000;
2.108312;0.374015;0.115550;0.468290;1.091503;0.000000;0.136458;1.100000;-1.100000;
2.111815;0.373904;0.114322;0.468025;1.091559;0.000000;0.136014;1.100000;-1.100000;
2.115319;0.373811;0.113263;0.467803;1.091606;0.000000;0.135632;1.100000;-1.100000;
2.118822;0.373733;0.112349;0.467617;1.091647;0.000000;0.135305;1.100000;-1.100000;
2.122325;0.373668;0.111562;0.467462;1.091682;0.000000;0.135023;1.100000;-1.100000;
2.125828;0.373614;0.110882;0.467332;1.091712;0.000000;0.134781;1.100000;-1.100000;
2.132835;0.373529;0.109777;0.467129;1.091760;0.000000;0.134390;1.100000;-1.100000;
2.139841;0.373469;0.108955;0.466986;1.091795;0.000000;0.134102;1.100000;-1.100000;
2.146848;0.373427;0.108347;0.466887;1.091821;0.000000;0.133890;1.100000;-1.100000;
2.153854;0.373398;0.107898;0.466819;1.091840;0.000000;0.133736;1.100000;-1.100000;
2.160860;0.373378;0.107568;0.466771;1.091854;0.000000;0.133623;1.100000;-1.100000;
2.167867;0.373365;0.107325;0.466739;1.091864;0.000000;0.133542;1.100000;-1.100000;
2.174873;0.373355;0.107148;0.466716;1.091871;0.000000;0.133483;1.100000;-1.100000;
2.181880;0.373349;0.107018;0.466701;1.091876;0.000000;0.133441;1.100000;-1.100000;
2.195893;0.373340;0.106843;0.466681;1.091883;0.000000;0.133385;1.100000;-1.100000;
2.209906;0.373337;0.106750;0.466672;1.091886;0.000000;0.133356;1.100000;-1.100000;
2.223918;0.373335;0.106704;0.466668;1.091888;0.000000;0.133343;1.100000;-1.100000;
2.237931;0.373334;0.106682;0.466667;1.091889;0.000000;0.133337;1.100000;-1.100000;
2.251944;0.373334;0.106672;0.466666;1.091889;0.000000;0.133334;1.100000;-1.100000;
2.279970;0.373334;0.106664;0.466666;1.091889;0.000000;0.133332;1.100000;-1.100000;
2.336022;0.373334;0.106666;0.466666;1.091889;0.000000;0.133333;1.100000;-1.100000;
2.448125;0.373334;0.106667;0.466666;1.091889;0.000000;0.133333;1.100000;-1.100000;
2.672331;0.373334;0.106667;0.466667;1.091889;0.000000;0.133333;1.100000;-1.100000;
3.120743;0.373334;0.106667;0.466667;1.091889;0.000000;0.133333;1.100000;-1.100000;
4.017568;0.373334;0.106667;0.466667;1.091889;0.000000;0.133333;1.100000;-1.100000;
5.811218;0.373334;0.106667;0.466667;1.091889;0.000000;0.133333;1.100000;-1.100000;
5.999999;0.373334;0.106667;0.466667;1.091889;0.000000;0.133333;1.100000;-1.100000;
6.000000;0.373334;0.106667;0.466667;1.091889;0.000000;0.133333;1.100000;-1.100000;
6.000001;0.373334;0.106668;0.466667;1.091889;0.000000;0.133333;1.100000;-1.100000;
6.000003;0.373333;0.106670;0.466667;1.091889;0.000000;0.133333;1.100000;-1.100000;
6.000007;0.373332;0.106675;0.466667;1.091889;0.000000;0.133333;1.100000;-1.100000;
6.000015;0.373329;0.106684;0.466667;1.091889;0.000000;0.133333;1.100000;-1.100000;
6.000031;0.373324;0.106703;0.466667;1.091889;0.000000;0.133333;1.100000;-1.100000;
6.000063;0.373314;0.106738;0.466667;1.091889;0.000000;0.133333;1.100000;-1.100000;
6.000127;0.373294;0.106807;0.466667;1.091889;0.000000;0.133333;1.100000;-1.100000;
6.000255;0.373258;0.106933;0.466667;1.091889;0.000000;0.133333;1.100000;-1.100000;
6.000383;0.373226;0.107045;0.466667;1.091889;0.000000;0.133333;1.100000;-1.100000;
6.000511;0.373198;0.107143;0.466667;1.091889;0.000000;0.133333;1.100000;-1.100000;
6.000639;0.373173;0.107231;0.466667;1.091889;0.000000;0.133333;1.100000;-1.100000;
6.000767;0.373150;0.107309;0.466667;1.091889;0.000000;0.133333;1.100000;-1.100000;
6.000895;0.373130;0.107377;0.466667;1.091889;0.000000;0.133333;1.100000;-1.100000;
6.001023;0.373113;0.107438;0.466667;1.091889;0.000000;0.133333;1.100000;-1.100000;
6.001151;0.373097;0.107492;0.466667;1.091889;0.000000;0.133333;1.100000;-1.100000;
6.001279;0.373084;0.107540;0.466667;1.091889;0.000000;0.133333;1.100000;-1.100000;
6.001407;0.373072;0.107582;0.466667;1.091889;0.000000;0.133333;1.100000;-1.100000;
6.001663;0.373051;0.107653;0.466667;1.091889;0.000000;0.133333;1.100000;-1.100000;
6.001893;0.373037;0.107703;0.466667;1.091889;0.000000;0.133333;1.100000;-1.100000;
6.002124;0.373025;0.107743;0.466667;1.091889;0.000000;0.133333;1.100000;-1.100000;
6.002354;0.373016;0.107776;0.466667;1.091889;0.000000;0.133333;1.100000;-1.100000;
6.002584;0.373008;0.107801;0.466667;1.091889;0.000000;0.133333;1.100000;-1.100000;
6.002815;0.373002;0.107822;0.466667;1.091889;0.000000;0.133333;1.100000;-1.100000;
6.003045;0.372998;0.107838;0.466667;1.091889;0.000000;0.133333;1.100000;-1.100000;
6.003276;0.372994;0.107851;0.466667;1.091889;0.000000;0.133333;1.100000;-1.100000;
6.003736;0.372989;0.107869;0.466667;1.091889;0.000000;0.133333;1.100000;-1.100000;
6.004197;0.372985;0.107880;0.466667;1.091889;0.000000;0.133333;1.100000;-1.100000;
6.004658;0.372983;0.107887;0.466667;1.091889;0.000000;0.133333;1.100000;-1.100000;
6.005119;0.372983;0.107890;0.466667;1.091889;0.000000;0.133333;1.100000;-1.100000;
6.005580;0.372982;0.107891;0.466667;1.091889;0.000000;0.133333;1.100000;-1.100000;
6.006501;0.372982;0.107891;0.466667;1.091889;0.000000;0.133333;1.100000;-1.100000;
6.007423;0.372983;0.107889;0.466667;1.091889;0.000000;0.133333;1.100000;-1.100000;
6.009266;0.372985;0.107882;0.466667;1.091889;0.000000;0.133333;1.100000;-1.100000;
6.012952;0.372989;0.107867;0.466667;1.091889;0.000000;0.133333;1.100000;-1.100000;
6.016639;0.372993;0.107853;0.466667;1.091889;0.000000;0.133333;1.100000;-1.100000;
6.024012;0.373002;0.107824;0.466667;1.091889;0.000000;0.133333;1.100000;-1.100000;
6.030647;0.373010;0.107799;0.466667;1.091889;0.000000;0.133333;1.100000;-1.100000;
6.037283;0.373017;0.107775;0.466667;1.091889;0.000000;0.133333;1.100000;-1.100000;
6.043918;0.373024;0.107751;0.466667;1.091889;0.000000;0.133333;1.100000;-1.100000;
6.057189;0.373037;0.107703;0.466666;1.091889;0.000000;0.133333;1.100000;-1.100000;
6.070460;0.373048;0.107658;0.466666;1.091889;0.000000;0.133333;1.100000;-1.100000;
6.083731;0.373060;0.107615;0.466665;1.091889;0.000000;0.133333;1.100000;-1.100000;
6.110273;0.373084;0.107534;0.466665;1.091889;0.000000;0.133333;1.100000;-1.100000;
6.136815;0.373099;0.107460;0.466659;1.091889;0.000000;0.133332;1.100000;-1.100000;
6.163358;0.373105;0.107392;0.466646;1.091890;0.000000;0.133330;1.100000;-1.100000;
6.189900;0.373105;0.107327;0.466626;1.091890;0.000000;0.133326;1.100000;-1.100000;
6.216442;0.373104;0.107263;0.466603;1.091891;0.000000;0.133320;1.100000;-1.100000;
6.242984;0.373102;0.107202;0.466581;1.091892;0.000000;0.133314;1.100000;-1.100000;
6.269526;0.373100;0.107143;0.466558;1.091892;0.000000;0.133307;1.100000;-1.100000;
6.296068;0.373097;0.107087;0.466537;1.091893;0.000000;0.133301;1.100000;-1.100000;
6.322610;0.373095;0.107034;0.466516;1.091894;0.000000;0.133295;1.100000;-1.100000;
6.349152;0.373093;0.106983;0.466496;1.091895;0.000000;0.133289;1.100000;-1.100000;
6.402236;0.373184;0.106962;0.466572;1.091894;0.000000;0.133299;1.100000;-1.100000;
6.450012;0.373244;0.106928;0.466640;1.091891;0.000000;0.133317;1.100000;-1.100000;
6.497788;0.373269;0.106898;0.466667;1.091890;0.000000;0.133329;1.100000;-1.100000;
6.499999;0.373269;0.106896;0.466668;1.091890;0.000000;0.133330;1.100000;-1.100000;
6.499999;0.373270;0.106896;0.466668;1.091890;0.000000;0.133330;1.100000;-1.100000;
6.500000;0.373269;0.106896;0.466668;1.091890;0.000000;0.133330;1.100000;-1.100000;
6.500001;0.373270;0.106895;0.466668;1.091890;0.000000;0.133330;1.100000;-1.100000;
6.500003;0.373270;0.106892;0.466668;1.091890;0.000000;0.133330;1.100000;-1.100000;
6.500007;0.373272;0.106888;0.466668;1.091890;0.000000;0.133330;1.100000;-1.100000;
6.500015;0.373274;0.106879;0.466668;1.091890;0.000000;0.133330;1.100000;-1.100000;
6.500031;0.373280;0.106860;0.466668;1.091890;0.000000;0.133330;1.100000;-1.100000;
6.500063;0.373290;0.106824;0.466668;1.091890;0.000000;0.133330;1.100000;-1.100000;
6.500127;0.373309;0.106755;0.466668;1.091890;0.000000;0.133330;1.100000;-1.100000;
6.500255;0.373345;0.106629;0.466668;1.091890;0.000000;0.133330;1.100000;-1.100000;
6.500511;0.373406;0.106417;0.466668;1.091890;0.000000;0.133330;1.100000;-1.100000;
6.501023;0.373493;0.106110;0.466668;1.091890;0.000000;0.133330;1.100000;-1.100000;
6.501535;0.373547;0.105921;0.466668;1.091890;0.000000;0.133330;1.100000;-1.100000;
6.502559;0.373605;0.105716;0.466668;1.091890;0.000000;0.133330;1.100000;-1.100000;
6.503583;0.373623;0.105652;0.466668;1.091890;0.000000;0.133330;1.100000;-1.100000;
6.504607;0.373626;0.105643;0.466668;1.091890;0.000000;0.133331;1.100000;-1.100000;
6.505631;0.373624;0.105650;0.466668;1.091890;0.000000;0.133331;1.100000;-1.100000;
6.507679;0.373619;0.105665;0.466668;1.091890;0.000000;0.133331;1.100000;-1.100000;
6.511775;0.373614;0.105682;0.466668;1.091890;0.000000;0.133331;1.100000;-1.100000;
6.515871;0.373610;0.105697;0.466668;1.091889;0.000000;0.133332;1.100000;-1.100000;
6.524063;0.373603;0.105723;0.466668;1.091889;0.000000;0.133332;1.100000;-1.100000;
6.532255;0.373595;0.105749;0.466667;1.091889;0.000000;0.133333;1.100000;-1.100000;
6.540447;0.373588;0.105774;0.466667;1.091889;0.000000;0.133333;1.100000;-1.100000;
6.556831;0.373575;0.105822;0.466667;1.091889;0.000000;0.133333;1.100000;-1.100000;
6.573215;0.373562;0.105867;0.466667;1.091889;0.000000;0.133333;1.100000;-1.100000;
6.589599;0.373550;0.105910;0.466667;1.091889;0.000000;0.133333;1.100000;-1.100000;
6.605983;0.373538;0.105951;0.466667;1.091889;0.000000;0.133333;1.100000;-1.100000;
6.638751;0.373517;0.106025;0.466666;1.091889;0.000000;0.133333;1.100000;-1.100000;
6.671519;0.373498;0.106092;0.466667;1.091889;0.000000;0.133333;1.100000;-1.100000;
6.704287;0.373481;0.106152;0.466667;1.091889;0.000000;0.133333;1.100000;-1.100000;
6.737055;0.373466;0.106206;0.466667;1.091889;0.000000;0.133333;1.100000;-1.100000;
6.769823;0.373452;0.106254;0.466667;1.091889;0.000000;0.133333;1.100000;-1.100000;
6.802591;0.373440;0.106297;0.466667;1.091889;0.000000;0.133333;1.100000;-1.100000;
6.835359;0.373429;0.106335;0.466667;1.091889;0.000000;0.133333;1.100000;-1.100000;
6.868127;0.373419;0.106370;0.466667;1.091889;0.000000;0.133333;1.100000;-1.100000;
6.900895;0.373410;0.106401;0.466667;1.091889;0.000000;0.133333;1.100000;-1.100000;
6.933663;0.373402;0.106429;0.466667;1.091889;0.000000;0.133333;1.100000;-1.100000;
6.966431;0.373395;0.106454;0.466667;1.091889;0.000000;0.133333;1.100000;-1.100000;
6.999199;0.373389;0.106476;0.466667;1.091889;0.000000;0.133333;1.100000;-1.100000;
7.031967;0.373383;0.106496;0.466667;1.091889;0.000000;0.133333;1.100000;-1.100000;
7.064735;0.373378;0.106514;0.466667;1.091889;0.000000;0.133333;1.100000;-1.100000;
7.097503;0.373373;0.106530;0.466667;1.091889;0.000000;0.133333;1.100000;-1.100000;
7.163039;0.373366;0.106557;0.466667;1.091889;0.000000;0.133333;1.100000;-1.100000;
7.222021;0.373360;0.106577;0.466667;1.091889;0.000000;0.133333;1.100000;-1.100000;
7.281004;0.373355;0.106593;0.466667;1.091889;0.000000;0.133333;1.100000;-1.100000;
7.339986;0.373351;0.106607;0.466667;1.091889;0.000000;0.133333;1.100000;-1.100000;
7.398968;0.373348;0.106618;0.466667;1.091889;0.000000;0.133333;1.100000;-1.100000;
7.457951;0.373346;0.106627;0.466667;1.091889;0.000000;0.133333;1.100000;-1.100000;
7.516933;0.373344;0.106634;0.466667;1.091889;0.000000;0.133333;1.100000;-1.100000;
7.575916;0.373342;0.106640;0.466667;1.091889;0.000000;0.133333;1.100000;-1.100000;
7.634898;0.373340;0.106645;0.466667;1.091889;0.000000;0.133333;1.100000;-1.100000;
7.693880;0.373339;0.106649;0.466667;1.091889;0.000000;0.133333;1.100000;-1.100000;
7.811845;0.373338;0.106655;0.466667;1.091889;0.000000;0.133333;1.100000;-1.100000;
7.929810;0.373336;0.106659;0.466667;1.091889;0.000000;0.133333;1.100000;-1.100000;
8.047775;0.373336;0.106662;0.466667;1.091889;0.000000;0.133333;1.100000;-1.100000;
8.165740;0.373335;0.106664;0.466667;1.091889;0.000000;0.133333;1.100000;-1.100000;
8.283704;0.373335;0.106665;0.466667;1.091889;0.000000;0.133333;1.100000;-1.100000;
8.401669;0.373335;0.106665;0.466667;1.091889;0.000000;0.133333;1.100000;-1.100000;
8.519634;0.373334;0.106666;0.466667;1.091889;0.000000;0.133333;1.100000;-1.100000;
8.755564;0.373334;0.106667;0.466667;1.091889;0.000000;0.133333;1.100000;-1.100000;
8.991493;0.373334;0.106667;0.466667;1.091889;0.000000;0.133333;1.100000;-1.100000;
9.227423;0.373334;0.106667;0.466667;1.091889;0.000000;0.133333;1.100000;-1.100000;
9.699282;0.373334;0.106667;0.466667;1.091889;0.000000;0.133333;1.100000;-1.100000;
10.643000;0.373334;0.106667;0.466667;1.091889;0.000000;0.133333;1.100000;-1.100000;
12.530437;0.373334;0.106667;0.466667;1.091889;0.000000;0.133333;1.100000;-1.100000;
16.305311;0.373334;0.106667;0.466667;1.091889;0.000000;0.133333;1.100000;-1.100000;
20.000000;0.373334;0.106667;0.466667;1.091889;0.000000;0.133333;1.100000;-1.100000;
