time;Converter_Converter_gridMeasurement_QMeasPu;Converter_Converter_gridMeasurement_UMeasPu;Converter_Converter_gridMeasurement_PMeasPu;Converter_Converter_qCmdPu;Converter_Converter_uCmdPu;Converter_Converter_pCmdPu;Converter_Converter_energyConversion_storageSys_sOCcontrol_soc;Converter_Converter_injectorCurrentSource_currentSourceIEC63406_PInjPu;Converter_Converter_injectorCurrentSource_currentSourceIEC63406_QInjPu;
0.000000;-0.200000;1.000000;1.000000;-0.200000;1.000000;1.000000;50.000000;1.031200;-0.044000;
0.000024;-0.200000;1.000000;1.000000;-0.200000;1.000000;1.000000;49.999976;1.031200;-0.044000;
0.000048;-0.200000;1.000000;1.000000;-0.200000;1.000000;1.000000;49.999952;1.031200;-0.044000;
0.000096;-0.200000;1.000000;1.000000;-0.200000;1.000000;1.000000;49.999904;1.031200;-0.044000;
0.000192;-0.200000;1.000000;1.000000;-0.200000;1.000000;1.000000;49.999808;1.031200;-0.044000;
0.000384;-0.200000;1.000000;1.000000;-0.200000;1.000000;1.000000;49.999616;1.031200;-0.044000;
0.000769;-0.200000;1.000000;1.000000;-0.200000;1.000000;1.000000;49.999231;1.031200;-0.044000;
0.001000;-0.200000;1.000000;1.000000;-0.200000;1.000000;1.000000;49.999000;1.031200;-0.044000;
0.001031;-0.200000;1.000000;1.000000;-0.200000;1.000000;1.000000;49.998969;1.031200;-0.044000;
0.001063;-0.200000;1.000000;1.000000;-0.200000;1.000000;1.000000;49.998937;1.031200;-0.044000;
0.001125;-0.200000;1.000000;1.000000;-0.200000;1.000000;1.000000;49.998875;1.031200;-0.044000;
0.001249;-0.200000;1.000000;1.000000;-0.200000;1.000000;1.000000;49.998751;1.031200;-0.044000;
0.001498;-0.200000;1.000000;1.000000;-0.200000;1.000000;1.000000;49.998502;1.031200;-0.044000;
0.001996;-0.200000;1.000000;1.000000;-0.200000;1.000000;1.000000;49.998004;1.031200;-0.044000;
0.002991;-0.200000;1.000000;1.000000;-0.200000;1.000000;1.000000;49.997009;1.031200;-0.044000;
0.004000;-0.200000;1.000000;1.000000;-0.200000;1.000000;1.000000;49.996000;1.031200;-0.044000;
0.004053;-0.200000;1.000000;1.000000;-0.200000;1.000000;1.000000;49.995947;1.031200;-0.044000;
0.004106;-0.200000;1.000000;1.000000;-0.200000;1.000000;1.000000;49.995894;1.031200;-0.044000;
0.004197;-0.200000;1.000000;1.000000;-0.200000;1.000000;1.000000;49.995803;1.031200;-0.044000;
0.004251;-0.200000;1.000000;1.000000;-0.200000;1.000000;1.000000;49.995749;1.031200;-0.044000;
0.004306;-0.200000;1.000000;1.000000;-0.200000;1.000000;1.000000;49.995694;1.031200;-0.044000;
0.004414;-0.200000;1.000000;1.000000;-0.200000;1.000000;1.000000;49.995586;1.031200;-0.044000;
0.004632;-0.200000;1.000000;1.000000;-0.200000;1.000000;1.000000;49.995368;1.031200;-0.044000;
0.005066;-0.200000;1.000000;1.000000;-0.200000;1.000000;1.000000;49.994934;1.031200;-0.044000;
0.005501;-0.200000;1.000000;1.000000;-0.200000;1.000000;1.000000;49.994499;1.031200;-0.044000;
0.005936;-0.200000;1.000000;1.000000;-0.200000;1.000000;1.000000;49.994064;1.031200;-0.044000;
0.006371;-0.200000;1.000000;1.000000;-0.200000;1.000000;1.000000;49.993629;1.031200;-0.044000;
0.006806;-0.200000;1.000000;1.000000;-0.200000;1.000000;1.000000;49.993194;1.031200;-0.044000;
0.007675;-0.200000;1.000000;1.000000;-0.200000;1.000000;1.000000;49.992325;1.031200;-0.044000;
0.007811;-0.200000;1.000000;1.000000;-0.200000;1.000000;1.000000;49.992189;1.031200;-0.044000;
0.007934;-0.200000;1.000000;1.000000;-0.200000;1.000000;1.000000;49.992066;1.031200;-0.044000;
0.008057;-0.200000;1.000000;1.000000;-0.200000;1.000000;1.000000;49.991943;1.031200;-0.044000;
0.008303;-0.200000;1.000000;1.000000;-0.200000;1.000000;1.000000;49.991697;1.031200;-0.044000;
0.008795;-0.200000;1.000000;1.000000;-0.200000;1.000000;1.000000;49.991205;1.031200;-0.044000;
0.009108;-0.200000;1.000000;1.000000;-0.200000;1.000000;1.000000;49.990892;1.031200;-0.044000;
0.009240;-0.200000;1.000000;1.000000;-0.200000;1.000000;1.000000;49.990760;1.031200;-0.044000;
0.009372;-0.200000;1.000000;1.000000;-0.200000;1.000000;1.000000;49.990628;1.031200;-0.044000;
0.009635;-0.200000;1.000000;1.000000;-0.200000;1.000000;1.000000;49.990365;1.031200;-0.044000;
0.010000;-0.200000;1.000000;1.000000;-0.200000;1.000000;1.000000;49.990000;1.031200;-0.044000;
0.010140;-0.200000;1.000000;1.000000;-0.200000;1.000000;1.000000;49.989860;1.031200;-0.044000;
0.010279;-0.200000;1.000000;1.000000;-0.200000;1.000000;1.000000;49.989721;1.031200;-0.044000;
0.010558;-0.200000;1.000000;1.000000;-0.200000;1.000000;1.000000;49.989442;1.031200;-0.044000;
0.011115;-0.200000;1.000000;1.000000;-0.200000;1.000000;1.000000;49.988885;1.031200;-0.044000;
0.012231;-0.200000;1.000000;1.000000;-0.200000;1.000000;1.000000;49.987769;1.031200;-0.044000;
0.014461;-0.200000;1.000000;1.000000;-0.200000;1.000000;1.000000;49.985539;1.031200;-0.044000;
0.016692;-0.200000;1.000000;1.000000;-0.200000;1.000000;1.000000;49.983308;1.031200;-0.044000;
0.018923;-0.200000;1.000000;1.000000;-0.200000;1.000000;1.000000;49.981077;1.031200;-0.044000;
0.021153;-0.200000;1.000000;1.000000;-0.200000;1.000000;1.000000;49.978847;1.031200;-0.044000;
0.021582;-0.200000;1.000000;1.000000;-0.200000;1.000000;1.000000;49.978418;1.031200;-0.044000;
0.021908;-0.200000;1.000000;1.000000;-0.200000;1.000000;1.000000;49.978092;1.031200;-0.044000;
0.022233;-0.200000;1.000000;1.000000;-0.200000;1.000000;1.000000;49.977767;1.031200;-0.044000;
0.022884;-0.200000;1.000000;1.000000;-0.200000;1.000000;1.000000;49.977116;1.031200;-0.044000;
0.024187;-0.200000;1.000000;1.000000;-0.200000;1.000000;1.000000;49.975813;1.031200;-0.044000;
0.026792;-0.200000;1.000000;1.000000;-0.200000;1.000000;1.000000;49.973208;1.031200;-0.044000;
0.029372;-0.200000;1.000000;1.000000;-0.200000;1.000000;1.000000;49.970628;1.031200;-0.044000;
0.030001;-0.200000;1.000000;1.000000;-0.200000;1.000000;1.000000;49.969999;1.031200;-0.044000;
0.030630;-0.200000;1.000000;1.000000;-0.200000;1.000000;1.000000;49.969370;1.031200;-0.044000;
0.031888;-0.200000;1.000000;1.000000;-0.200000;1.000000;1.000000;49.968112;1.031200;-0.044000;
0.034404;-0.200000;1.000000;1.000000;-0.200000;1.000000;1.000000;49.965596;1.031200;-0.044000;
0.039436;-0.200000;1.000000;1.000000;-0.200000;1.000000;1.000000;49.960564;1.031200;-0.044000;
0.044468;-0.200000;1.000000;1.000000;-0.200000;1.000000;1.000000;49.955532;1.031200;-0.044000;
0.049500;-0.200000;1.000000;1.000000;-0.200000;1.000000;1.000000;49.950500;1.031200;-0.044000;
0.054532;-0.200000;1.000000;1.000000;-0.200000;1.000000;1.000000;49.945468;1.031200;-0.044000;
0.059564;-0.200000;1.000000;1.000000;-0.200000;1.000000;1.000000;49.940436;1.031200;-0.044000;
0.062997;-0.200000;1.000000;1.000000;-0.200000;1.000000;1.000000;49.937003;1.031200;-0.044000;
0.068152;-0.200000;1.000000;1.000000;-0.200000;1.000000;1.000000;49.931848;1.031200;-0.044000;
0.073307;-0.200000;1.000000;1.000000;-0.200000;1.000000;1.000000;49.926693;1.031200;-0.044000;
0.080868;-0.200000;1.000000;1.000000;-0.200000;1.000000;1.000000;49.919132;1.031200;-0.044000;
0.086258;-0.200000;1.000000;1.000000;-0.200000;1.000000;1.000000;49.913742;1.031200;-0.044000;
0.091648;-0.200000;1.000000;1.000000;-0.200000;1.000000;1.000000;49.908352;1.031200;-0.044000;
0.102428;-0.200000;1.000000;1.000000;-0.200000;1.000000;1.000000;49.897572;1.031200;-0.044000;
0.123988;-0.200000;1.000000;1.000000;-0.200000;1.000000;1.000000;49.876012;1.031200;-0.044000;
0.167107;-0.200000;1.000000;1.000000;-0.200000;1.000000;1.000000;49.832893;1.031200;-0.044000;
0.253347;-0.200000;1.000000;1.000000;-0.200000;1.000000;1.000000;49.746653;1.031200;-0.044000;
0.425827;-0.200000;1.000000;1.000000;-0.200000;1.000000;1.000000;49.574173;1.031200;-0.044000;
0.598306;-0.200000;1.000000;1.000000;-0.200000;1.000000;1.000000;49.401694;1.031200;-0.044000;
0.943265;-0.200000;1.000000;1.000000;-0.200000;1.000000;1.000000;49.056735;1.031200;-0.044000;
1.000000;-0.200000;1.000000;1.000000;-0.200000;1.000000;1.000000;49.000000;1.031200;-0.044000;
1.000000;-0.200000;1.000000;1.000000;-0.200000;1.000000;0.800000;49.000000;1.031200;-0.044000;
1.000822;-0.200000;1.000000;0.999991;-0.200000;1.000000;0.800000;48.999178;1.031068;-0.044037;
1.001644;-0.200000;1.000000;0.999964;-0.200000;1.000000;0.800000;48.998356;1.030826;-0.044069;
1.003288;-0.200000;1.000000;0.999851;-0.200000;1.000000;0.800000;48.996712;1.030067;-0.044321;
1.005451;-0.199999;1.000000;0.999500;-0.200000;1.000000;0.800000;48.994551;1.028586;-0.044751;
1.005451;-0.199999;1.000000;0.999500;-0.200000;1.000000;0.800000;48.994551;1.028588;-0.044739;
1.005451;-0.199999;1.000000;0.999500;-0.200000;1.000000;0.800000;48.994550;1.028588;-0.044739;
1.005452;-0.199999;1.000000;0.999500;-0.200000;1.000000;0.800000;48.994550;1.028587;-0.044739;
1.005453;-0.199999;1.000000;0.999500;-0.200000;1.000000;0.800000;48.994548;1.028586;-0.044740;
1.005455;-0.199999;1.000000;0.999499;-0.200000;1.000000;0.800000;48.994546;1.028584;-0.044740;
1.005460;-0.199999;1.000000;0.999498;-0.200000;1.000000;0.800000;48.994541;1.028580;-0.044741;
1.005471;-0.199999;1.000000;0.999496;-0.200000;1.000000;0.800000;48.994531;1.028571;-0.044744;
1.005491;-0.199999;1.000000;0.999492;-0.200000;1.000000;0.800000;48.994510;1.028554;-0.044749;
1.005531;-0.199999;1.000000;0.999484;-0.200000;1.000000;0.800000;48.994470;1.028520;-0.044758;
1.005552;-0.199999;1.000000;0.999480;-0.200000;1.000000;0.800000;48.994449;1.028503;-0.044763;
1.005592;-0.199999;1.000000;0.999472;-0.200000;1.000000;0.800000;48.994409;1.028468;-0.044773;
1.005674;-0.199999;1.000000;0.999455;-0.200000;1.000000;0.800000;48.994328;1.028398;-0.044793;
1.005836;-0.199999;1.000000;0.999419;-0.200000;1.000000;0.800000;48.994165;1.028255;-0.044833;
1.006161;-0.199999;1.000000;0.999341;-0.200000;1.000000;0.800000;48.993841;1.027960;-0.044915;
1.006810;-0.199999;1.000001;0.999159;-0.200000;1.000000;0.800000;48.993192;1.027333;-0.045088;
1.008109;-0.199997;1.000001;0.998688;-0.200000;1.000000;0.800000;48.991895;1.025968;-0.045457;
1.010707;-0.199976;1.000002;0.997358;-0.200000;1.000000;0.800000;48.989304;1.022971;-0.046225;
1.015903;-0.199835;1.000008;0.993600;-0.200000;1.000000;0.800000;48.984141;1.016750;-0.047659;
1.021099;-0.199588;1.000017;0.989177;-0.200000;1.000000;0.800000;48.979001;1.010693;-0.048960;
1.026295;-0.199236;1.000029;0.984421;-0.200000;1.000000;0.800000;48.973886;1.004983;-0.049987;
1.036687;-0.198359;1.000057;0.974748;-0.200000;1.000000;0.800000;48.963715;0.994315;-0.051822;
1.047079;-0.197289;1.000089;0.965231;-0.200000;1.000000;0.800000;48.953638;0.984722;-0.053296;
1.050441;-0.196934;1.000100;0.962270;-0.200000;1.000000;0.800000;48.950396;0.981762;-0.053738;
1.050447;-0.196933;1.000100;0.962265;-0.200000;1.000000;0.800000;48.950391;0.981757;-0.053738;
1.050458;-0.196932;1.000100;0.962255;-0.200000;1.000000;0.800000;48.950380;0.981747;-0.053739;
1.050482;-0.196929;1.000100;0.962234;-0.200000;1.000000;0.800000;48.950357;0.981728;-0.053742;
1.050528;-0.196924;1.000100;0.962192;-0.200000;1.000000;0.800000;48.950313;0.981688;-0.053747;
1.050621;-0.196913;1.000101;0.962110;-0.200000;1.000000;0.800000;48.950223;0.981610;-0.053758;
1.050807;-0.196892;1.000101;0.961945;-0.200000;1.000000;0.800000;48.950044;0.981454;-0.053780;
1.050900;-0.196881;1.000102;0.961862;-0.200000;1.000000;0.800000;48.949955;0.981375;-0.053791;
1.051086;-0.196860;1.000102;0.961697;-0.200000;1.000000;0.800000;48.949776;0.981219;-0.053813;
1.051458;-0.196817;1.000104;0.961369;-0.200000;1.000000;0.800000;48.949419;0.980908;-0.053856;
1.052201;-0.196731;1.000106;0.960718;-0.200000;1.000000;0.800000;48.948704;0.980288;-0.053943;
1.053689;-0.196559;1.000111;0.959434;-0.200000;1.000000;0.800000;48.947277;0.979062;-0.054114;
1.056664;-0.196219;1.000121;0.956933;-0.200000;1.000000;0.800000;48.944430;0.976647;-0.054456;
1.062613;-0.195554;1.000141;0.952139;-0.200000;1.000000;0.800000;48.938766;0.971944;-0.055122;
1.074512;-0.194278;1.000178;0.943180;-0.200000;1.000000;0.800000;48.927543;0.963023;-0.056347;
1.098310;-0.191835;1.000249;0.927268;-0.200000;1.000000;0.800000;48.905475;0.947083;-0.058301;
1.145907;-0.187278;1.000378;0.901796;-0.200000;1.000000;0.800000;48.862553;0.921574;-0.060673;
1.193503;-0.183155;1.000497;0.881401;-0.200000;1.000000;0.800000;48.820601;0.900872;-0.063319;
1.241100;-0.179214;1.000602;0.865130;-0.200000;1.000000;0.800000;48.779424;0.884913;-0.062376;
1.288696;-0.175751;1.000695;0.852099;-0.200000;1.000000;0.800000;48.738867;0.871889;-0.062382;
1.336293;-0.172678;1.000777;0.841675;-0.200000;1.000000;0.800000;48.698806;0.861480;-0.062058;
1.431486;-0.167917;1.000904;0.827784;-0.200000;1.000000;0.800000;48.620007;0.847611;-0.060986;
1.526679;-0.164429;1.001000;0.818511;-0.200000;1.000000;0.800000;48.542091;0.838103;-0.061113;
1.621872;-0.161854;1.001067;0.812348;-0.200000;1.000000;0.800000;48.464761;0.832037;-0.059821;
1.717065;-0.160123;1.001112;0.808236;-0.200000;1.000000;0.800000;48.387823;0.827991;-0.058960;
1.907450;-0.158683;1.001148;0.804121;-0.200000;1.000000;0.800000;48.234729;0.824002;-0.058124;
2.097836;-0.158380;1.001158;0.802054;-0.200000;1.000000;0.800000;48.082030;0.821832;-0.058885;
2.478608;-0.158860;1.001145;0.800684;-0.200000;1.000000;0.800000;47.777152;0.820591;-0.059159;
2.859380;-0.159415;1.001132;0.800224;-0.200000;1.000000;0.800000;47.472449;0.820094;-0.060001;
2.886098;-0.159439;1.001132;0.800214;-0.200000;1.000000;0.800000;47.451073;0.820086;-0.060015;
2.886098;-0.159439;1.001132;0.800214;-0.200000;1.000000;0.800000;47.451073;0.820137;-0.059783;
2.890212;-0.159434;1.001131;0.800211;-0.200000;1.000000;0.800000;47.447781;0.820132;-0.059788;
2.894326;-0.159432;1.001131;0.800208;-0.200000;1.000000;0.800000;47.444489;0.820126;-0.059791;
2.902553;-0.159430;1.001131;0.800200;-0.200000;1.000000;0.800000;47.437905;0.820116;-0.059798;
2.919009;-0.159431;1.001131;0.800184;-0.200000;1.000000;0.800000;47.424737;0.820100;-0.059803;
2.951920;-0.159433;1.001131;0.800156;-0.200000;1.000000;0.800000;47.398403;0.820073;-0.059810;
2.954650;-0.159433;1.001131;0.800155;-0.200000;1.000000;0.800000;47.396219;0.820071;-0.059810;
2.958696;-0.159434;1.001131;0.800151;-0.200000;1.000000;0.800000;47.392982;0.820068;-0.059814;
2.962741;-0.159436;1.001131;0.800148;-0.200000;1.000000;0.800000;47.389745;0.820065;-0.059820;
2.970832;-0.159443;1.001131;0.800142;-0.200000;1.000000;0.800000;47.383271;0.820058;-0.059832;
2.987013;-0.159463;1.001130;0.800130;-0.200000;1.000000;0.800000;47.370324;0.820047;-0.059860;
3.019376;-0.159510;1.001129;0.800109;-0.200000;1.000000;0.800000;47.344430;0.820027;-0.059910;
3.084102;-0.159601;1.001127;0.800076;-0.200000;1.000000;0.800000;47.292643;0.819995;-0.060002;
3.213553;-0.159740;1.001123;0.800044;-0.200000;1.000000;0.800000;47.189076;0.819965;-0.060137;
3.472455;-0.159898;1.001119;0.800018;-0.200000;1.000000;0.800000;46.981950;0.819940;-0.060287;
3.990260;-0.159992;1.001117;0.800005;-0.200000;1.000000;0.800000;46.567704;0.819928;-0.060376;
4.508065;-0.160009;1.001117;0.800001;-0.200000;1.000000;0.800000;46.153459;0.819925;-0.060390;
4.999999;-0.160007;1.001117;0.800001;-0.200000;1.000000;0.800000;45.759912;0.819924;-0.060388;
4.999999;-0.160007;1.001117;0.800001;-0.200000;1.000000;0.800000;45.759912;0.035610;0.096481;
4.999999;-0.160005;1.001105;0.799991;-0.200000;1.000000;0.800000;45.759912;0.035610;0.096481;
5.000001;-0.159973;1.000904;0.799831;-0.200000;1.000000;0.800000;45.759910;0.035610;0.096481;
5.000009;-0.159844;1.000100;0.799188;-0.200000;1.000000;0.800000;45.759903;0.035610;0.096483;
5.000012;-0.159812;0.999900;0.799028;-0.200000;1.000000;0.800000;45.759902;0.035611;0.096483;
5.000135;-0.157899;0.987928;0.789461;-0.200000;1.000000;0.800000;45.759804;0.035618;0.096509;
5.000259;-0.156009;0.976102;0.780011;-0.200000;1.000000;0.800000;45.759708;0.035631;0.096559;
5.000506;-0.152282;0.952788;0.761382;-0.200000;1.000000;0.800000;45.759518;0.035673;0.096712;
5.001001;-0.145090;0.907812;0.725443;-0.200000;1.000000;0.800000;45.759150;0.035827;0.097274;
5.001089;-0.143841;0.900000;0.719202;-0.200000;1.000000;0.800000;45.759087;0.035864;0.097407;
5.001089;-0.143841;0.900000;0.719201;-0.200000;1.000000;0.800000;45.759087;0.035864;0.097407;
5.001216;-0.142069;0.888925;0.710353;-0.200000;1.000000;0.800000;45.758996;0.035910;0.097581;
5.001344;-0.140318;0.877990;0.701616;-0.200000;1.000000;0.800000;45.758907;0.035956;0.097762;
5.001599;-0.136868;0.856441;0.684400;-0.200000;1.000000;0.800000;45.758731;0.036035;0.098070;
5.001676;-0.135836;0.850000;0.679254;-0.200000;1.000000;0.800000;45.758678;0.036058;0.098161;
5.001676;-0.135836;0.850000;0.679254;-0.200000;1.000000;0.800000;45.758678;0.036058;0.098162;
5.001781;-0.134450;0.841354;0.672347;-0.200000;1.000000;0.800000;45.758607;0.036087;0.098282;
5.001781;-0.134450;0.841354;0.672346;-0.200000;1.000000;0.800000;45.758607;0.036087;0.098282;
5.001907;-0.132812;0.831142;0.664188;-0.200000;1.000000;0.800000;45.758524;0.036121;0.098424;
5.002033;-0.131194;0.821057;0.656132;-0.200000;1.000000;0.800000;45.758441;0.036155;0.098573;
5.002285;-0.128002;0.801181;0.640254;-0.200000;1.000000;0.800000;45.758278;0.036215;0.098838;
5.002300;-0.127813;0.800000;0.639311;-0.200000;1.000000;0.800000;45.758268;0.036218;0.098854;
5.002300;-0.127813;0.800000;0.639311;-0.200000;1.000000;0.800000;45.758268;0.036218;0.098853;
5.002301;-0.127797;0.799900;0.639231;-0.200000;1.000000;0.800000;45.758268;0.036218;0.098854;
5.002425;-0.126260;0.790343;0.631597;-0.200000;1.000000;0.800000;45.758189;0.036246;0.098986;
5.002549;-0.124742;0.780904;0.624057;-0.200000;1.000000;0.800000;45.758112;0.036275;0.099128;
5.002797;-0.121745;0.762295;0.609194;-0.200000;1.000000;0.800000;45.757959;0.036327;0.099390;
5.003293;-0.115951;0.726399;0.580525;-0.200000;1.000000;0.800000;45.757665;0.036433;0.099969;
5.004285;-0.105100;0.659564;0.527153;-0.200000;1.000000;0.800000;45.757115;0.036678;0.101448;
5.004889;-0.098912;0.621738;0.496951;-0.200000;1.000000;0.800000;45.756803;0.036875;0.102670;
5.004999;-0.097842;0.615221;0.491748;-0.200000;1.000000;0.800000;45.756749;0.036916;0.102926;
5.005108;-0.096781;0.608774;0.486601;-0.200000;1.000000;0.800000;45.756696;0.036958;0.103199;
5.005327;-0.094684;0.596044;0.476439;-0.200000;1.000000;0.800000;45.756591;0.037049;0.103769;
5.005765;-0.090606;0.571385;0.456755;-0.200000;1.000000;0.800000;45.756387;0.037259;0.105072;
5.006640;-0.082883;0.525094;0.419809;-0.200000;1.000000;0.800000;45.756003;0.037802;0.108366;
5.008391;-0.068987;0.443437;0.354652;-0.200000;1.000000;0.800000;45.755322;0.039460;0.118033;
5.008910;-0.065222;0.421738;0.337342;-0.200000;1.000000;0.800000;45.755140;0.040120;0.121690;
5.008910;-0.065222;0.421738;0.337342;-0.200000;1.000000;0.800000;45.755140;0.040109;0.121730;
5.009032;-0.064373;0.416892;0.333477;-0.200000;1.000000;0.800000;45.755100;0.040273;0.122660;
5.009154;-0.063532;0.412104;0.329658;-0.200000;1.000000;0.800000;45.755060;0.040440;0.123597;
5.009399;-0.061870;0.402663;0.322128;-0.200000;1.000000;0.800000;45.754980;0.040780;0.125516;
5.009887;-0.058640;0.384443;0.307598;-0.200000;1.000000;0.800000;45.754827;0.041483;0.129449;
5.010863;-0.052536;0.350483;0.280518;-0.200000;1.000000;0.800000;45.754539;0.042959;0.137600;
5.012816;-0.041639;0.291399;0.233419;-0.200000;1.000000;0.800000;45.754035;0.046034;0.154330;
5.014769;-0.032326;0.242708;0.194621;-0.200000;1.000000;0.800000;45.753614;0.049001;0.170638;
5.018675;-0.017417;0.168205;0.135290;-0.200000;1.000000;0.800000;45.752953;0.054525;0.199637;
5.022190;-0.007583;0.122348;0.098804;-0.200000;1.000000;0.800000;45.752527;0.058405;0.220106;
5.025705;-0.000307;0.090555;0.073532;-0.200000;1.000000;0.800000;45.752212;0.061324;0.235449;
5.029220;0.005047;0.068600;0.056096;-0.200000;1.000000;0.800000;45.751976;0.063451;0.246596;
5.032735;0.008970;0.053472;0.044093;-0.200000;1.000000;0.800000;45.751794;0.064968;0.254541;
5.036251;0.011833;0.043062;0.035842;-0.200000;1.000000;0.800000;45.751649;0.066038;0.260134;
5.039766;0.013915;0.035903;0.030174;-0.200000;1.000000;0.800000;45.751530;0.066785;0.264040;
5.046796;0.016677;0.026895;0.023049;-0.200000;1.000000;0.800000;45.751334;0.067740;0.269024;
5.053826;0.018111;0.022706;0.019743;-0.200000;1.000000;0.800000;45.751177;0.068048;0.271506;
5.060857;0.018807;0.020947;0.018360;-0.200000;1.000000;0.800000;45.751038;0.068230;0.272504;
5.067887;0.019120;0.020302;0.017855;-0.200000;1.000000;0.800000;45.750908;0.068366;0.272805;
5.074999;0.019315;0.019926;0.017562;-0.200000;1.000000;0.800000;45.750779;0.068457;0.272970;
5.074999;0.019315;0.019926;0.017562;-0.200000;1.000000;0.800000;45.750779;0.956650;1.238338;
5.075042;0.023439;0.024237;0.021357;-0.200000;1.000000;0.800000;45.750778;0.956650;1.238336;
5.075085;0.027546;0.028530;0.025136;-0.200000;1.000000;0.800000;45.750777;0.956649;1.238333;
5.075171;0.035719;0.037072;0.032657;-0.200000;1.000000;0.800000;45.750774;0.956649;1.238328;
5.075342;0.051858;0.053942;0.047509;-0.200000;1.000000;0.800000;45.750767;0.956648;1.238318;
5.075685;0.083335;0.086844;0.076475;-0.200000;1.000000;0.800000;45.750746;0.956646;1.238299;
5.075708;0.085335;0.088934;0.078315;-0.200000;1.000000;0.800000;45.750744;0.956646;1.238298;
5.075763;0.090288;0.094111;0.082873;-0.200000;1.000000;0.800000;45.750740;0.956646;1.238295;
5.075818;0.095213;0.099260;0.087405;-0.200000;1.000000;0.800000;45.750735;0.956645;1.238292;
5.075929;0.105000;0.109490;0.096412;-0.200000;1.000000;0.800000;45.750725;0.956645;1.238286;
5.076151;0.124258;0.129620;0.114134;-0.200000;1.000000;0.800000;45.750701;0.956644;1.238274;
5.076594;0.161545;0.168597;0.148448;-0.200000;1.000000;0.800000;45.750643;0.956641;1.238251;
5.077480;0.231436;0.241656;0.212768;-0.200000;1.000000;0.800000;45.750484;0.956637;1.238208;
5.078366;0.295437;0.308562;0.271670;-0.200000;1.000000;0.800000;45.750270;0.956633;1.238169;
5.079252;0.354014;0.369799;0.325581;-0.200000;1.000000;0.800000;45.750006;0.956630;1.238133;
5.080070;0.403694;0.421738;0.371306;-0.200000;1.000000;0.800000;45.749722;0.956627;1.238103;
5.080186;0.410343;0.428692;0.377428;-0.200000;1.000000;0.800000;45.749679;0.956614;1.237885;
5.080302;0.416913;0.435566;0.383480;-0.200000;1.000000;0.800000;45.749634;0.956596;1.237452;
5.080533;0.429861;0.449130;0.395422;-0.200000;1.000000;0.800000;45.749544;0.956510;1.236132;
5.080997;0.454776;0.475354;0.418508;-0.200000;1.000000;0.800000;45.749355;0.956218;1.231227;
5.081923;0.500529;0.524386;0.461674;-0.200000;1.000000;0.800000;45.748947;0.955174;1.213517;
5.083777;0.575192;0.610150;0.537178;-0.200000;1.000000;0.800000;45.748025;0.951711;1.153903;
5.084054;0.584468;0.621738;0.547379;-0.200000;1.000000;0.800000;45.747876;0.951059;1.142962;
5.084054;0.584468;0.621738;0.547379;-0.200000;1.000000;0.800000;45.747876;0.951083;1.142937;
5.084244;0.590393;0.629290;0.554027;-0.200000;1.000000;0.800000;45.747771;0.950603;1.134525;
5.084434;0.596079;0.636698;0.560549;-0.200000;1.000000;0.800000;45.747664;0.950121;1.125914;
5.084814;0.606897;0.651185;0.573303;-0.200000;1.000000;0.800000;45.747449;0.949119;1.108310;
5.085573;0.625792;0.678571;0.597412;-0.200000;1.000000;0.800000;45.747004;0.947050;1.071326;
5.087092;0.653221;0.727580;0.640557;-0.200000;1.000000;0.800000;45.746064;0.942764;0.992640;
5.087525;0.658843;0.740375;0.651822;-0.200000;1.000000;0.800000;45.745787;0.941550;0.969840;
5.087525;0.658844;0.740376;0.651822;-0.200000;1.000000;0.800000;45.745787;0.941550;0.969839;
5.087767;0.661180;0.747047;0.657696;-0.200000;1.000000;0.800000;45.745628;0.940850;0.956562;
5.088008;0.663203;0.753555;0.663425;-0.200000;1.000000;0.800000;45.745468;0.940155;0.943246;
5.088490;0.666532;0.766200;0.674557;-0.200000;1.000000;0.800000;45.745145;0.938771;0.916597;
5.089455;0.669763;0.789721;0.695263;-0.200000;1.000000;0.800000;45.744483;0.936066;0.863347;
5.089902;0.669899;0.799900;0.704224;-0.200000;1.000000;0.800000;45.744171;0.934853;0.838962;
5.089907;0.669889;0.800000;0.704313;-0.200000;1.000000;0.800000;45.744168;0.934841;0.838707;
5.090160;0.669350;0.805468;0.709126;-0.200000;1.000000;0.800000;45.743988;0.934157;0.824803;
5.090414;0.668534;0.810793;0.713814;-0.200000;1.000000;0.800000;45.743807;0.933481;0.810965;
5.090922;0.666278;0.821121;0.722907;-0.200000;1.000000;0.800000;45.743442;0.932158;0.783490;
5.091937;0.658832;0.840245;0.739742;-0.200000;1.000000;0.800000;45.742699;0.929627;0.729621;
5.092495;0.653332;0.850000;0.748330;-0.200000;1.000000;0.800000;45.742285;0.928308;0.700785;
5.092749;0.650291;0.854171;0.752001;-0.200000;1.000000;0.800000;45.742093;0.927722;0.687783;
5.093004;0.647048;0.858231;0.755576;-0.200000;1.000000;0.800000;45.741901;0.927145;0.674909;
5.093513;0.640108;0.866102;0.762505;-0.200000;1.000000;0.800000;45.741514;0.926026;0.649480;
5.094530;0.624142;0.880659;0.775319;-0.200000;1.000000;0.800000;45.740732;0.923916;0.600238;
5.096057;0.595994;0.899900;0.792258;-0.200000;1.000000;0.800000;45.739537;0.921076;0.530706;
5.096065;0.595807;0.900000;0.792346;-0.200000;1.000000;0.800000;45.739530;0.921060;0.530316;
5.096065;0.595807;0.900000;0.792346;-0.200000;1.000000;0.800000;45.739530;0.921060;0.530314;
5.096074;0.595619;0.900100;0.792433;-0.200000;1.000000;0.800000;45.739522;0.920968;0.529753;
5.096266;0.591578;0.902250;0.794298;-0.200000;1.000000;0.800000;45.739370;0.919002;0.517670;
5.096458;0.587417;0.904355;0.796096;-0.200000;1.000000;0.800000;45.739218;0.917039;0.505806;
5.096841;0.578833;0.908462;0.799541;-0.200000;1.000000;0.800000;45.738912;0.913145;0.482558;
5.097607;0.560480;0.916180;0.805701;-0.200000;1.000000;0.800000;45.738297;0.905470;0.438413;
5.099140;0.520134;0.929842;0.815408;-0.200000;1.000000;0.800000;45.737055;0.890785;0.358688;
5.100673;0.476134;0.941357;0.821990;-0.200000;1.000000;0.800000;45.735801;0.877160;0.289355;
5.102206;0.429987;0.951030;0.825961;-0.200000;1.000000;0.800000;45.734538;0.864789;0.229135;
5.103739;0.382966;0.959138;0.827824;-0.200000;1.000000;0.800000;45.733272;0.853799;0.176865;
5.106805;0.290903;0.971828;0.827483;-0.200000;1.000000;0.800000;45.730737;0.836098;0.091419;
5.109871;0.204162;0.980692;0.823442;-0.200000;1.000000;0.800000;45.728209;0.823646;0.027028;
5.109919;0.202850;0.980801;0.823350;-0.200000;1.000000;0.800000;45.728170;0.823492;0.026181;
5.110015;0.200232;0.981016;0.823165;-0.200000;1.000000;0.800000;45.728091;0.823187;0.024499;
5.110207;0.195024;0.981438;0.822792;-0.200000;1.000000;0.800000;45.727933;0.822590;0.021180;
5.110303;0.192433;0.981646;0.822603;-0.200000;1.000000;0.800000;45.727855;0.822299;0.019542;
5.110494;0.187281;0.982054;0.822224;-0.200000;1.000000;0.800000;45.727697;0.821731;0.016312;
5.110590;0.184719;0.982254;0.822033;-0.200000;1.000000;0.800000;45.727618;0.821453;0.014718;
5.110782;0.179623;0.982649;0.821649;-0.200000;1.000000;0.800000;45.727461;0.820912;0.011573;
5.110877;0.177090;0.982842;0.821456;-0.200000;1.000000;0.800000;45.727382;0.820647;0.010021;
5.111069;0.172051;0.983223;0.821069;-0.200000;1.000000;0.800000;45.727225;0.820132;0.006960;
5.111165;0.169546;0.983410;0.820874;-0.200000;1.000000;0.800000;45.727146;0.819881;0.005450;
5.111356;0.164566;0.983778;0.820483;-0.200000;1.000000;0.800000;45.726989;0.819392;0.002470;
5.111740;0.154722;0.984490;0.819697;-0.200000;1.000000;0.800000;45.726674;0.818462;-0.003334;
5.111931;0.149858;0.984833;0.819302;-0.200000;1.000000;0.800000;45.726517;0.818022;-0.006158;
5.112027;0.147441;0.985002;0.819104;-0.200000;1.000000;0.800000;45.726439;0.817808;-0.007551;
5.112219;0.142636;0.985334;0.818708;-0.200000;1.000000;0.800000;45.726282;0.817392;-0.010300;
5.112602;0.133145;0.985975;0.817917;-0.200000;1.000000;0.800000;45.725968;0.816605;-0.015653;
5.112650;0.131970;0.986053;0.817818;-0.200000;1.000000;0.800000;45.725929;0.816511;-0.016308;
5.112746;0.129627;0.986208;0.817620;-0.200000;1.000000;0.800000;45.725851;0.816326;-0.017610;
5.112937;0.124970;0.986512;0.817224;-0.200000;1.000000;0.800000;45.725694;0.815966;-0.020180;
5.113321;0.115776;0.987099;0.816436;-0.200000;1.000000;0.800000;45.725381;0.815289;-0.025185;
5.113512;0.111239;0.987383;0.816044;-0.200000;1.000000;0.800000;45.725225;0.814972;-0.027620;
5.113608;0.108985;0.987522;0.815848;-0.200000;1.000000;0.800000;45.725147;0.814818;-0.028822;
5.113800;0.104508;0.987796;0.815458;-0.200000;1.000000;0.800000;45.724990;0.814521;-0.031192;
5.114183;0.095672;0.988325;0.814683;-0.200000;1.000000;0.800000;45.724678;0.813965;-0.035808;
5.114949;0.078476;0.989313;0.813163;-0.200000;1.000000;0.800000;45.724054;0.812998;-0.044565;
5.116482;0.045959;0.991038;0.810274;-0.200000;1.000000;0.800000;45.722810;0.811577;-0.060351;
5.119548;-0.011922;0.993690;0.805269;-0.200000;1.000000;0.800000;45.720332;0.810290;-0.086186;
5.122614;-0.060841;0.995490;0.801378;-0.200000;1.000000;0.800000;45.717869;0.810544;-0.105616;
5.126603;-0.113541;0.997103;0.797815;-0.200000;1.000000;0.800000;45.714676;0.811695;-0.125026;
5.126603;-0.113541;0.997103;0.797815;-0.200000;1.000000;0.800000;45.714676;0.811673;-0.125098;
5.126604;-0.113549;0.997103;0.797814;-0.200000;1.000000;0.800000;45.714675;0.811673;-0.125101;
5.126605;-0.113565;0.997103;0.797814;-0.200000;1.000000;0.800000;45.714674;0.811674;-0.125106;
5.126608;-0.113597;0.997104;0.797812;-0.200000;1.000000;0.800000;45.714672;0.811676;-0.125116;
5.126613;-0.113660;0.997105;0.797808;-0.200000;1.000000;0.800000;45.714667;0.811679;-0.125136;
5.126625;-0.113787;0.997108;0.797801;-0.200000;1.000000;0.800000;45.714658;0.811685;-0.125176;
5.126647;-0.114041;0.997113;0.797786;-0.200000;1.000000;0.800000;45.714640;0.811698;-0.125256;
5.126692;-0.114547;0.997123;0.797758;-0.200000;1.000000;0.800000;45.714605;0.811724;-0.125414;
5.126782;-0.115553;0.997144;0.797701;-0.200000;1.000000;0.800000;45.714533;0.811777;-0.125717;
5.126962;-0.117541;0.997184;0.797592;-0.200000;1.000000;0.800000;45.714390;0.811881;-0.126283;
5.127321;-0.121417;0.997260;0.797387;-0.200000;1.000000;0.800000;45.714103;0.812092;-0.127258;
5.128039;-0.128755;0.997399;0.797030;-0.200000;1.000000;0.800000;45.713530;0.812516;-0.128644;
5.129477;-0.141747;0.997639;0.796504;-0.200000;1.000000;0.800000;45.712386;0.813341;-0.129629;
5.132351;-0.161440;0.998024;0.796001;-0.200000;1.000000;0.800000;45.710098;0.814792;-0.127262;
5.135226;-0.175678;0.998349;0.795883;-0.200000;1.000000;0.800000;45.707810;0.816049;-0.122409;
5.138100;-0.185446;0.998634;0.796010;-0.200000;1.000000;0.800000;45.705522;0.816975;-0.116876;
5.143849;-0.197464;0.999134;0.796537;-0.200000;1.000000;0.800000;45.700944;0.818304;-0.106088;
5.149598;-0.200714;0.999535;0.797247;-0.200000;1.000000;0.800000;45.696362;0.818958;-0.097171;
5.156480;-0.200814;0.999900;0.797915;-0.200000;1.000000;0.800000;45.690873;0.819288;-0.090319;
5.156480;-0.200814;0.999900;0.797915;-0.200000;1.000000;0.800000;45.690873;0.819288;-0.090318;
5.156487;-0.200807;0.999900;0.797915;-0.200000;1.000000;0.800000;45.690868;0.819288;-0.090312;
5.156502;-0.200794;0.999901;0.797917;-0.200000;1.000000;0.800000;45.690856;0.819288;-0.090302;
5.156531;-0.200767;0.999902;0.797920;-0.200000;1.000000;0.800000;45.690833;0.819287;-0.090282;
5.156588;-0.200713;0.999904;0.797927;-0.200000;1.000000;0.800000;45.690787;0.819285;-0.090241;
5.156704;-0.200607;0.999909;0.797939;-0.200000;1.000000;0.800000;45.690695;0.819281;-0.090160;
5.156934;-0.200395;0.999919;0.797964;-0.200000;1.000000;0.800000;45.690511;0.819273;-0.090008;
5.157395;-0.199976;0.999937;0.798011;-0.200000;1.000000;0.800000;45.690143;0.819256;-0.089732;
5.158317;-0.199169;0.999973;0.798094;-0.200000;1.000000;0.800000;45.689408;0.819218;-0.089286;
5.160160;-0.197710;1.000034;0.798223;-0.200000;1.000000;0.800000;45.687936;0.819137;-0.088727;
5.162775;-0.196126;1.000100;0.798330;-0.200000;1.000000;0.800000;45.685849;0.819031;-0.088499;
5.164612;-0.195083;1.000144;0.798396;-0.200000;1.000000;0.800000;45.684382;0.818959;-0.088398;
5.166449;-0.194203;1.000180;0.798443;-0.200000;1.000000;0.800000;45.682915;0.818893;-0.088429;
5.170124;-0.192786;1.000240;0.798502;-0.200000;1.000000;0.800000;45.679981;0.818787;-0.088635;
5.177472;-0.191231;1.000309;0.798530;-0.200000;1.000000;0.800000;45.674113;0.818674;-0.089303;
5.192170;-0.190289;1.000359;0.798537;-0.200000;1.000000;0.800000;45.662377;0.818691;-0.089929;
5.221566;-0.189724;1.000372;0.798710;-0.200000;1.000000;0.800000;45.638898;0.818972;-0.088514;
5.250961;-0.188375;1.000405;0.798901;-0.200000;1.000000;0.800000;45.615414;0.819166;-0.086922;
5.309753;-0.185242;1.000484;0.799189;-0.200000;1.000000;0.800000;45.568429;0.819405;-0.083874;
5.387223;-0.181243;1.000584;0.799420;-0.200000;1.000000;0.800000;45.506488;0.819586;-0.080073;
5.387324;-0.181238;1.000584;0.799420;-0.200000;1.000000;0.800000;45.506407;0.819586;-0.080068;
5.387526;-0.181227;1.000584;0.799421;-0.200000;1.000000;0.800000;45.506246;0.819587;-0.080058;
5.387929;-0.181206;1.000585;0.799422;-0.200000;1.000000;0.800000;45.505924;0.819588;-0.080039;
5.388735;-0.181165;1.000586;0.799425;-0.200000;1.000000;0.800000;45.505279;0.819590;-0.080004;
5.390348;-0.181084;1.000588;0.799431;-0.200000;1.000000;0.800000;45.503990;0.819595;-0.079944;
5.390915;-0.181059;1.000589;0.799433;-0.200000;1.000000;0.800000;45.503536;0.819596;-0.079927;
5.390940;-0.181058;1.000589;0.799433;-0.200000;1.000000;0.800000;45.503516;0.819596;-0.079927;
5.390991;-0.181055;1.000589;0.799433;-0.200000;1.000000;0.800000;45.503476;0.819596;-0.079925;
5.391091;-0.181050;1.000589;0.799433;-0.200000;1.000000;0.800000;45.503396;0.819597;-0.079921;
5.391292;-0.181041;1.000589;0.799434;-0.200000;1.000000;0.800000;45.503235;0.819597;-0.079914;
5.391695;-0.181021;1.000590;0.799435;-0.200000;1.000000;0.800000;45.502913;0.819598;-0.079899;
5.392499;-0.180983;1.000591;0.799438;-0.200000;1.000000;0.800000;45.502270;0.819601;-0.079868;
5.394108;-0.180908;1.000592;0.799444;-0.200000;1.000000;0.800000;45.500984;0.819605;-0.079802;
5.397326;-0.180757;1.000596;0.799454;-0.200000;1.000000;0.800000;45.498411;0.819614;-0.079660;
5.403763;-0.180449;1.000604;0.799475;-0.200000;1.000000;0.800000;45.493265;0.819632;-0.079351;
5.416635;-0.179801;1.000620;0.799515;-0.200000;1.000000;0.800000;45.482973;0.819664;-0.078711;
5.442381;-0.178484;1.000653;0.799586;-0.200000;1.000000;0.800000;45.462388;0.819718;-0.077448;
5.493871;-0.175952;1.000717;0.799695;-0.200000;1.000000;0.800000;45.421211;0.819797;-0.075057;
5.596853;-0.171593;1.000826;0.799832;-0.200000;1.000000;0.800000;45.338843;0.819883;-0.070979;
5.802816;-0.165798;1.000971;0.799948;-0.200000;1.000000;0.800000;45.174083;0.819934;-0.065614;
6.008779;-0.162350;1.001058;0.799992;-0.200000;1.000000;0.800000;45.009315;0.819919;-0.062545;
6.420704;-0.160078;1.001115;0.800005;-0.200000;1.000000;0.800000;44.679772;0.819929;-0.060403;
6.832630;-0.159618;1.001126;0.800003;-0.200000;1.000000;0.800000;44.350231;0.819905;-0.060089;
7.000000;-0.159596;1.001127;0.800002;-0.200000;1.000000;0.800000;44.216334;0.819921;-0.059998;
