time;WT4B_WT4B_LvMeasurements_PPu;WT4B_WT4B_LvMeasurements_QPu;WT4B_WT4B_LvMeasurements_UPu;WT4B_WT4B_injector_PInjPu;WT4B_WT4B_injector_PInjPuSn;WT4B_WT4B_injector_QInjPu;WT4B_WT4B_injector_QInjPuSn;WT4B_WT4B_injector_terminal_V_re;WT4B_WT4B_injector_terminal_i_re;WT4B_WT4B_injector_terminal_V_im;WT4B_WT4B_injector_terminal_i_im;WT4B_WT4B_injector_UPu;WT4B_WT4B_injector_idPu;WT4B_WT4B_injector_iqPu;WT4B_WT4B_pll_omegaPLLPu;WT4B_WT4B_LvTfo_RPu;WT4B_WT4B_LvTfo_XPu;
0.000000;0.350000;0.100001;1.000000;0.700002;0.350001;0.200005;0.100002;0.999380;-0.706629;0.035334;0.175145;1.000005;0.350000;-0.100000;1.000094;0.000010;0.000010;
0.000001;0.350000;0.100001;1.000000;0.700002;0.350001;0.200005;0.100002;0.999380;-0.706629;0.035334;0.175145;1.000005;0.350000;-0.100000;1.000094;0.000010;0.000010;
0.000002;0.350000;0.100001;1.000000;0.700002;0.350001;0.200005;0.100002;0.999380;-0.706629;0.035334;0.175145;1.000005;0.350000;-0.100000;1.000093;0.000010;0.000010;
0.000004;0.350000;0.100001;1.000000;0.700002;0.350001;0.200005;0.100002;0.999380;-0.706629;0.035334;0.175145;1.000005;0.350000;-0.100000;1.000091;0.000010;0.000010;
0.000008;0.350000;0.100001;1.000000;0.700002;0.350001;0.200005;0.100002;0.999380;-0.706629;0.035334;0.175145;1.000005;0.350000;-0.100000;1.000088;0.000010;0.000010;
0.000016;0.350000;0.100001;1.000000;0.700002;0.350001;0.200005;0.100002;0.999380;-0.706629;0.035334;0.175145;1.000005;0.350000;-0.100000;1.000081;0.000010;0.000010;
0.000032;0.350000;0.100001;1.000000;0.700002;0.350001;0.200004;0.100002;0.999380;-0.706629;0.035334;0.175145;1.000005;0.350000;-0.100000;1.000070;0.000010;0.000010;
0.000064;0.350000;0.100001;1.000000;0.700002;0.350001;0.200004;0.100002;0.999380;-0.706629;0.035334;0.175144;1.000005;0.350000;-0.100000;1.000052;0.000010;0.000010;
0.000128;0.350000;0.100000;1.000000;0.700002;0.350001;0.200003;0.100002;0.999380;-0.706629;0.035334;0.175144;1.000004;0.350000;-0.100000;1.000027;0.000010;0.000010;
0.000256;0.350000;0.100000;1.000000;0.700003;0.350001;0.200003;0.100001;0.999380;-0.706629;0.035334;0.175143;1.000004;0.350000;-0.100000;1.000003;0.000010;0.000010;
0.000512;0.350000;0.100000;1.000000;0.700003;0.350001;0.200002;0.100001;0.999380;-0.706629;0.035334;0.175143;1.000004;0.350000;-0.100000;0.999990;0.000010;0.000010;
0.001024;0.350000;0.100000;1.000000;0.700003;0.350001;0.200003;0.100001;0.999380;-0.706629;0.035334;0.175143;1.000004;0.350000;-0.100000;0.999998;0.000010;0.000010;
0.002048;0.350000;0.100000;1.000000;0.700003;0.350001;0.200003;0.100001;0.999380;-0.706629;0.035334;0.175143;1.000004;0.350000;-0.100000;1.000000;0.000010;0.000010;
0.004096;0.350000;0.100000;1.000000;0.700003;0.350001;0.200003;0.100001;0.999380;-0.706629;0.035334;0.175143;1.000004;0.350000;-0.100000;1.000000;0.000010;0.000010;
0.008192;0.350000;0.100000;1.000000;0.700003;0.350001;0.200003;0.100001;0.999380;-0.706629;0.035334;0.175143;1.000004;0.350000;-0.100000;1.000000;0.000010;0.000010;
0.016384;0.350000;0.100000;1.000000;0.700003;0.350001;0.200003;0.100001;0.999380;-0.706629;0.035334;0.175143;1.000004;0.350000;-0.100000;1.000000;0.000010;0.000010;
0.032768;0.350000;0.100000;1.000000;0.700003;0.350001;0.200003;0.100001;0.999380;-0.706629;0.035334;0.175143;1.000004;0.350000;-0.100000;1.000000;0.000010;0.000010;
0.065536;0.350000;0.100000;1.000000;0.700003;0.350001;0.200003;0.100001;0.999380;-0.706629;0.035334;0.175143;1.000004;0.350000;-0.100000;1.000000;0.000010;0.000010;
0.131072;0.350000;0.100000;1.000000;0.700003;0.350001;0.200003;0.100001;0.999380;-0.706629;0.035334;0.175143;1.000004;0.350000;-0.100000;1.000000;0.000010;0.000010;
0.262144;0.350000;0.100000;1.000000;0.700003;0.350001;0.200003;0.100001;0.999380;-0.706629;0.035334;0.175143;1.000004;0.350000;-0.100000;1.000000;0.000010;0.000010;
0.524288;0.350000;0.100000;1.000000;0.700003;0.350001;0.200003;0.100001;0.999380;-0.706629;0.035334;0.175143;1.000004;0.350000;-0.100000;1.000000;0.000010;0.000010;
1.000000;0.350000;0.100000;1.000000;0.700003;0.350001;0.200003;0.100001;0.999380;-0.706629;0.035334;0.175143;1.000004;0.350000;-0.100000;1.000000;0.000010;0.000010;
1.000001;0.350000;0.100000;1.000000;0.700003;0.350001;0.200003;0.100001;0.999380;-0.706629;0.035334;0.175143;1.000004;0.350000;-0.100000;1.000000;0.000010;0.000010;
1.000002;0.350000;0.100000;1.000000;0.700003;0.350001;0.200003;0.100001;0.999380;-0.706629;0.035334;0.175143;1.000004;0.350000;-0.100000;1.000000;0.000010;0.000010;
1.000004;0.350000;0.100000;1.000000;0.700003;0.350001;0.200003;0.100001;0.999380;-0.706629;0.035334;0.175143;1.000004;0.350000;-0.100000;1.000000;0.000010;0.000010;
1.000008;0.350000;0.100000;1.000000;0.700003;0.350001;0.200003;0.100001;0.999380;-0.706629;0.035334;0.175143;1.000004;0.350000;-0.100000;1.000000;0.000010;0.000010;
1.000016;0.350000;0.100000;1.000000;0.700003;0.350001;0.200003;0.100001;0.999380;-0.706629;0.035334;0.175143;1.000004;0.350000;-0.100000;1.000000;0.000010;0.000010;
1.000032;0.350000;0.100000;1.000000;0.700003;0.350001;0.200003;0.100001;0.999380;-0.706629;0.035334;0.175143;1.000004;0.350000;-0.100000;1.000000;0.000010;0.000010;
1.000064;0.350000;0.100000;1.000000;0.700003;0.350001;0.200003;0.100001;0.999380;-0.706629;0.035334;0.175143;1.000004;0.350000;-0.100000;1.000000;0.000010;0.000010;
1.000128;0.350000;0.100000;1.000000;0.700003;0.350001;0.200003;0.100001;0.999380;-0.706629;0.035334;0.175143;1.000004;0.350000;-0.100000;1.000000;0.000010;0.000010;
1.000256;0.350000;0.100000;1.000000;0.700003;0.350001;0.200003;0.100001;0.999380;-0.706629;0.035334;0.175143;1.000004;0.350000;-0.100000;1.000000;0.000010;0.000010;
1.000512;0.350000;0.100000;1.000000;0.700003;0.350001;0.200003;0.100001;0.999380;-0.706630;0.035334;0.175143;1.000004;0.350000;-0.100000;1.000000;0.000010;0.000010;
1.001024;0.350001;0.100000;1.000000;0.700005;0.350002;0.200003;0.100001;0.999380;-0.706631;0.035334;0.175143;1.000004;0.350001;-0.100000;1.000001;0.000010;0.000010;
1.002048;0.350008;0.100000;1.000000;0.700018;0.350009;0.200003;0.100001;0.999380;-0.706645;0.035335;0.175142;1.000004;0.350008;-0.100000;1.000003;0.000010;0.000010;
1.004096;0.350055;0.100000;1.000000;0.700113;0.350057;0.200003;0.100001;0.999380;-0.706741;0.035340;0.175135;1.000004;0.350055;-0.100000;1.000010;0.000010;0.000010;
1.008192;0.350365;0.100000;0.999999;0.700732;0.350366;0.200003;0.100002;0.999377;-0.707366;0.035371;0.175092;1.000003;0.350365;-0.100000;1.000034;0.000010;0.000010;
1.012288;0.351021;0.100000;0.999996;0.702046;0.351023;0.200003;0.100002;0.999373;-0.708692;0.035437;0.174999;1.000001;0.351023;-0.100000;1.000064;0.000010;0.000010;
1.016384;0.352073;0.100000;0.999993;0.704148;0.352074;0.200004;0.100002;0.999365;-0.710814;0.035543;0.174850;0.999997;0.352076;-0.100000;1.000097;0.000010;0.000010;
1.024576;0.355331;0.100000;0.999981;0.710664;0.355332;0.200003;0.100001;0.999342;-0.717392;0.035872;0.174383;0.999986;0.355338;-0.100000;1.000158;0.000010;0.000010;
1.032768;0.359951;0.099999;0.999964;0.719905;0.359952;0.200001;0.100001;0.999309;-0.726720;0.036339;0.173713;0.999969;0.359964;-0.100001;1.000208;0.000010;0.000010;
1.040960;0.365661;0.099998;0.999944;0.731324;0.365662;0.199998;0.099999;0.999267;-0.738247;0.036915;0.172873;0.999948;0.365682;-0.100001;1.000246;0.000010;0.000010;
1.049152;0.372181;0.099997;0.999919;0.744365;0.372182;0.199995;0.099998;0.999218;-0.751411;0.037573;0.171897;0.999924;0.372212;-0.100002;1.000272;0.000010;0.000010;
1.057344;0.379273;0.099996;0.999893;0.758549;0.379275;0.199993;0.099996;0.999164;-0.765730;0.038289;0.170816;0.999897;0.379315;-0.100004;1.000290;0.000010;0.000010;
1.073728;0.394361;0.099994;0.999834;0.788725;0.394362;0.199991;0.099996;0.999046;-0.796191;0.039813;0.168454;0.999839;0.394427;-0.100008;1.000311;0.000010;0.000010;
1.090112;0.410227;0.099992;0.999770;0.820458;0.410229;0.199986;0.099993;0.998917;-0.828225;0.041415;0.165865;0.999775;0.410323;-0.100012;1.000320;0.000010;0.000010;
1.106496;0.426445;0.099991;0.999702;0.852895;0.426447;0.199981;0.099990;0.998779;-0.860968;0.043052;0.163113;0.999707;0.426573;-0.100018;1.000323;0.000010;0.000010;
1.122880;0.442798;0.099990;0.999630;0.885599;0.442800;0.199980;0.099990;0.998635;-0.893982;0.044703;0.160235;0.999636;0.442962;-0.100025;1.000323;0.000010;0.000010;
1.139264;0.459189;0.099989;0.999556;0.918382;0.459191;0.199981;0.099990;0.998486;-0.927075;0.046358;0.157242;0.999562;0.459393;-0.100031;1.000323;0.000010;0.000010;
1.149000;0.468931;0.099989;0.999511;0.937867;0.468934;0.199981;0.099990;0.998394;-0.946745;0.047341;0.155410;0.999516;0.469161;-0.100036;1.000323;0.000010;0.000010;
1.149001;0.468932;0.099989;0.999511;0.937869;0.468935;0.199982;0.099991;0.998395;-0.946747;0.047341;0.155412;0.999516;0.469162;-0.100036;1.000323;0.000010;0.000010;
1.149002;0.468933;0.099989;0.999511;0.937871;0.468936;0.199982;0.099991;0.998395;-0.946749;0.047341;0.155411;0.999516;0.469163;-0.100036;1.000323;0.000010;0.000010;
1.149004;0.468935;0.099989;0.999511;0.937875;0.468938;0.199982;0.099991;0.998394;-0.946753;0.047342;0.155411;0.999516;0.469165;-0.100036;1.000323;0.000010;0.000010;
1.149008;0.468939;0.099989;0.999511;0.937883;0.468942;0.199982;0.099991;0.998394;-0.946761;0.047342;0.155410;0.999516;0.469170;-0.100036;1.000323;0.000010;0.000010;
1.149016;0.468947;0.099989;0.999511;0.937899;0.468950;0.199982;0.099991;0.998394;-0.946777;0.047343;0.155409;0.999516;0.469178;-0.100036;1.000323;0.000010;0.000010;
1.149032;0.468963;0.099989;0.999510;0.937931;0.468966;0.199982;0.099991;0.998394;-0.946809;0.047344;0.155406;0.999516;0.469194;-0.100036;1.000323;0.000010;0.000010;
1.149064;0.468995;0.099989;0.999510;0.937996;0.468998;0.199982;0.099991;0.998394;-0.946874;0.047348;0.155400;0.999516;0.469226;-0.100036;1.000323;0.000010;0.000010;
1.149128;0.469060;0.099989;0.999510;0.938124;0.469062;0.199982;0.099991;0.998393;-0.947003;0.047354;0.155387;0.999516;0.469290;-0.100036;1.000323;0.000010;0.000010;
1.149256;0.469188;0.099989;0.999509;0.938380;0.469190;0.199982;0.099991;0.998392;-0.947262;0.047367;0.155363;0.999515;0.469418;-0.100036;1.000323;0.000010;0.000010;
1.149512;0.469444;0.099989;0.999508;0.938893;0.469446;0.199982;0.099991;0.998390;-0.947780;0.047393;0.155314;0.999514;0.469675;-0.100036;1.000323;0.000010;0.000010;
1.150024;0.469956;0.099989;0.999506;0.939917;0.469959;0.199982;0.099991;0.998385;-0.948814;0.047445;0.155217;0.999511;0.470189;-0.100036;1.000323;0.000010;0.000010;
1.151048;0.470978;0.099989;0.999501;0.941961;0.470981;0.199982;0.099991;0.998375;-0.950878;0.047548;0.155022;0.999507;0.471214;-0.100036;1.000322;0.000010;0.000010;
1.152072;0.471995;0.099989;0.999496;0.943994;0.471997;0.199982;0.099991;0.998365;-0.952929;0.047650;0.154828;0.999502;0.472233;-0.100037;1.000320;0.000010;0.000010;
1.154120;0.473993;0.099989;0.999487;0.947991;0.473995;0.199982;0.099991;0.998346;-0.956964;0.047852;0.154444;0.999492;0.474237;-0.100038;1.000312;0.000010;0.000010;
1.158216;0.477606;0.099988;0.999469;0.955217;0.477608;0.199981;0.099991;0.998311;-0.964258;0.048217;0.153747;0.999475;0.477860;-0.100040;1.000285;0.000010;0.000010;
1.162312;0.480839;0.099988;0.999454;0.961682;0.480841;0.199980;0.099990;0.998280;-0.970785;0.048543;0.153118;0.999460;0.481102;-0.100041;1.000255;0.000010;0.000010;
1.166408;0.483687;0.099988;0.999440;0.967379;0.483690;0.199980;0.099990;0.998252;-0.976536;0.048831;0.152561;0.999446;0.483958;-0.100043;1.000225;0.000010;0.000010;
1.174600;0.488547;0.099988;0.999416;0.977098;0.488549;0.199981;0.099990;0.998204;-0.986347;0.049322;0.151605;0.999422;0.488832;-0.100047;1.000168;0.000010;0.000010;
1.182792;0.492196;0.099989;0.999398;0.984397;0.492199;0.199982;0.099991;0.998168;-0.993715;0.049690;0.150881;0.999404;0.492492;-0.100050;1.000120;0.000010;0.000010;
1.199176;0.496831;0.099991;0.999376;0.993667;0.496834;0.199987;0.099993;0.998122;-1.003072;0.050158;0.149956;0.999381;0.497141;-0.100055;1.000053;0.000010;0.000010;
1.213751;0.498796;0.099993;0.999366;0.997598;0.498799;0.199991;0.099996;0.998102;-1.007040;0.050356;0.149564;0.999372;0.499112;-0.100059;1.000022;0.000010;0.000010;
1.228325;0.499676;0.099995;0.999362;0.999358;0.499679;0.199996;0.099998;0.998094;-1.008817;0.050445;0.149391;0.999368;0.499995;-0.100061;1.000006;0.000010;0.000010;
1.242900;0.499998;0.099996;0.999360;1.000002;0.500001;0.199999;0.099999;0.998091;-1.009467;0.050478;0.149328;0.999366;0.500318;-0.100063;1.000000;0.000010;0.000010;
1.257475;0.500078;0.099997;0.999360;1.000161;0.500081;0.200000;0.100000;0.998090;-1.009628;0.050486;0.149314;0.999366;0.500398;-0.100063;0.999999;0.000010;0.000010;
1.272049;0.500073;0.099998;0.999360;1.000150;0.500075;0.200001;0.100001;0.998090;-1.009617;0.050485;0.149316;0.999366;0.500392;-0.100064;0.999999;0.000010;0.000010;
1.286624;0.500048;0.099998;0.999360;1.000102;0.500051;0.200002;0.100001;0.998090;-1.009568;0.050483;0.149321;0.999366;0.500368;-0.100064;0.999999;0.000010;0.000010;
1.315774;0.500019;0.099999;0.999360;1.000043;0.500022;0.200003;0.100001;0.998091;-1.009509;0.050480;0.149328;0.999366;0.500339;-0.100064;1.000000;0.000010;0.000010;
1.344923;0.500005;0.099999;0.999360;1.000015;0.500007;0.200003;0.100002;0.998091;-1.009480;0.050478;0.149331;0.999366;0.500324;-0.100064;1.000000;0.000010;0.000010;
1.374073;0.500000;0.099999;0.999360;1.000005;0.500003;0.200003;0.100002;0.998091;-1.009470;0.050478;0.149333;0.999366;0.500320;-0.100064;1.000000;0.000010;0.000010;
1.403222;0.499999;0.099999;0.999361;1.000004;0.500002;0.200004;0.100002;0.998091;-1.009469;0.050478;0.149333;0.999367;0.500319;-0.100064;1.000000;0.000010;0.000010;
1.461521;0.500000;0.099999;0.999361;1.000005;0.500002;0.200004;0.100002;0.998091;-1.009470;0.050478;0.149333;0.999367;0.500320;-0.100064;1.000000;0.000010;0.000010;
1.578119;0.500000;0.100000;0.999361;1.000005;0.500003;0.200005;0.100002;0.998091;-1.009470;0.050478;0.149334;0.999367;0.500320;-0.100064;1.000000;0.000010;0.000010;
1.811315;0.500000;0.100000;0.999361;1.000005;0.500003;0.200005;0.100002;0.998091;-1.009470;0.050478;0.149334;0.999367;0.500320;-0.100064;1.000000;0.000010;0.000010;
2.277706;0.500000;0.100000;0.999361;1.000005;0.500003;0.200005;0.100003;0.998091;-1.009470;0.050478;0.149334;0.999367;0.500320;-0.100064;1.000000;0.000010;0.000010;
3.210489;0.500000;0.100000;0.999361;1.000005;0.500003;0.200005;0.100003;0.998091;-1.009470;0.050478;0.149334;0.999367;0.500320;-0.100064;1.000000;0.000010;0.000010;
5.076054;0.500000;0.100000;0.999361;1.000005;0.500003;0.200005;0.100003;0.998091;-1.009470;0.050478;0.149334;0.999367;0.500320;-0.100064;1.000000;0.000010;0.000010;
7.999998;0.500000;0.100000;0.999361;1.000005;0.500003;0.200005;0.100003;0.998091;-1.009470;0.050478;0.149334;0.999367;0.500320;-0.100064;1.000000;0.000010;0.000010;
7.999999;0.500000;0.100000;0.999361;1.000005;0.500003;0.200005;0.100003;0.998091;-1.009470;0.050478;0.149334;0.999367;0.500320;-0.100064;1.000000;0.000010;0.000010;
8.000000;0.500000;0.100000;0.999361;1.000005;0.500003;0.200005;0.100003;0.998091;-1.009470;0.050478;0.149334;0.999367;0.500320;-0.100064;1.000000;0.000010;0.000010;
8.000002;0.500000;0.100000;0.999361;1.000005;0.500003;0.200005;0.100003;0.998091;-1.009470;0.050478;0.149334;0.999367;0.500320;-0.100064;1.000000;0.000010;0.000010;
8.000006;0.500000;0.100000;0.999361;1.000005;0.500003;0.200005;0.100003;0.998091;-1.009470;0.050478;0.149334;0.999367;0.500320;-0.100064;1.000000;0.000010;0.000010;
8.000014;0.500000;0.100000;0.999361;1.000005;0.500003;0.200005;0.100003;0.998091;-1.009470;0.050478;0.149334;0.999367;0.500320;-0.100064;1.000000;0.000010;0.000010;
8.000030;0.500000;0.100000;0.999361;1.000005;0.500003;0.200005;0.100002;0.998091;-1.009470;0.050478;0.149334;0.999367;0.500320;-0.100064;1.000000;0.000010;0.000010;
8.000062;0.500000;0.099999;0.999360;1.000005;0.500003;0.200003;0.100002;0.998091;-1.009470;0.050478;0.149332;0.999366;0.500320;-0.100063;1.000000;0.000010;0.000010;
8.000126;0.500000;0.099996;0.999360;1.000005;0.500002;0.199997;0.099998;0.998091;-1.009470;0.050478;0.149326;0.999366;0.500320;-0.100060;1.000000;0.000010;0.000010;
8.000254;0.499999;0.099984;0.999359;1.000004;0.500002;0.199973;0.099986;0.998089;-1.009469;0.050478;0.149302;0.999365;0.500320;-0.100048;1.000000;0.000010;0.000010;
8.000510;0.499997;0.099936;0.999354;0.999999;0.499999;0.199877;0.099938;0.998085;-1.009464;0.050478;0.149207;0.999360;0.500320;-0.100000;1.000000;0.000010;0.000010;
8.001022;0.499988;0.099751;0.999336;0.999981;0.499990;0.199507;0.099753;0.998066;-1.009446;0.050477;0.148841;0.999342;0.500320;-0.099817;1.000000;0.000010;0.000010;
8.002046;0.499955;0.099060;0.999267;0.999916;0.499958;0.198125;0.099063;0.997998;-1.009380;0.050473;0.147474;0.999273;0.500322;-0.099133;1.000001;0.000010;0.000010;
8.004094;0.499846;0.096644;0.999028;0.999698;0.499849;0.193294;0.096647;0.997759;-1.009160;0.050462;0.142689;0.999034;0.500333;-0.096738;1.000002;0.000010;0.000010;
8.006142;0.499696;0.093128;0.998679;0.999397;0.499699;0.186261;0.093130;0.997410;-1.008857;0.050447;0.135718;0.998685;0.500357;-0.093251;1.000005;0.000010;0.000010;
8.008190;0.499524;0.088844;0.998254;0.999053;0.499526;0.177692;0.088846;0.996985;-1.008509;0.050430;0.127216;0.998260;0.500398;-0.088999;1.000008;0.000010;0.000010;
8.010238;0.499344;0.084068;0.997779;0.998694;0.499347;0.168139;0.084070;0.996510;-1.008147;0.050412;0.117728;0.997785;0.500456;-0.084254;1.000010;0.000010;0.000010;
8.012286;0.499169;0.079018;0.997276;0.998343;0.499172;0.158039;0.079019;0.996008;-1.007793;0.050394;0.107682;0.997282;0.500532;-0.079232;1.000013;0.000010;0.000010;
8.014334;0.499005;0.073860;0.996763;0.998015;0.499007;0.147723;0.073862;0.995494;-1.007461;0.050378;0.097409;0.996768;0.500626;-0.074099;1.000016;0.000010;0.000010;
8.016382;0.498857;0.068719;0.996250;0.997719;0.498860;0.137441;0.068721;0.994982;-1.007163;0.050363;0.087155;0.996255;0.500735;-0.068977;1.000018;0.000010;0.000010;
8.018430;0.498729;0.063686;0.995747;0.997462;0.498731;0.127376;0.063688;0.994479;-1.006903;0.050350;0.077104;0.995753;0.500859;-0.063957;1.000020;0.000010;0.000010;
8.020478;0.498620;0.058825;0.995261;0.997246;0.498623;0.117655;0.058827;0.993993;-1.006685;0.050339;0.067384;0.995267;0.500994;-0.059105;1.000022;0.000010;0.000010;
8.024574;0.498463;0.049806;0.994358;0.996932;0.498466;0.099616;0.049808;0.993089;-1.006368;0.050323;0.049314;0.994364;0.501292;-0.050088;1.000025;0.000010;0.000010;
8.028670;0.498380;0.041787;0.993553;0.996764;0.498382;0.083578;0.041789;0.992284;-1.006199;0.050315;0.033208;0.993559;0.501613;-0.042057;1.000026;0.000010;0.000010;
8.032766;0.498358;0.034804;0.992851;0.996721;0.498360;0.069613;0.034807;0.991581;-1.006155;0.050313;0.019152;0.992857;0.501946;-0.035054;1.000027;0.000010;0.000010;
8.036862;0.498386;0.028823;0.992249;0.996777;0.498389;0.057651;0.028826;0.990978;-1.006212;0.050316;0.007087;0.992254;0.502279;-0.029048;1.000026;0.000010;0.000010;
8.040958;0.498451;0.023763;0.991739;0.996907;0.498454;0.047533;0.023766;0.990467;-1.006343;0.050322;-0.003139;0.991744;0.502603;-0.023961;1.000025;0.000010;0.000010;
8.045054;0.498542;0.019525;0.991311;0.997089;0.498545;0.039055;0.019528;0.990037;-1.006527;0.050331;-0.011721;0.991316;0.502912;-0.019696;1.000024;0.000010;0.000010;
8.053246;0.498757;0.012963;0.990647;0.997518;0.498759;0.025930;0.012965;0.989371;-1.006960;0.050353;-0.025039;0.990652;0.503466;-0.013085;1.000020;0.000010;0.000010;
8.061438;0.498987;0.008476;0.990192;0.997979;0.498989;0.016958;0.008479;0.988915;-1.007425;0.050376;-0.034171;0.990197;0.503930;-0.008560;1.000017;0.000010;0.000010;
8.069630;0.499204;0.005481;0.989888;0.998413;0.499207;0.010968;0.005484;0.988609;-1.007863;0.050398;-0.040286;0.989893;0.504304;-0.005537;1.000013;0.000010;0.000010;
8.077822;0.499393;0.003516;0.989688;0.998790;0.499395;0.007039;0.003519;0.988408;-1.008244;0.050417;-0.044308;0.989693;0.504596;-0.003554;1.000010;0.000010;0.000010;
8.086014;0.499547;0.002244;0.989558;0.999099;0.499550;0.004494;0.002247;0.988277;-1.008556;0.050433;-0.046920;0.989563;0.504818;-0.002268;1.000007;0.000010;0.000010;
8.094206;0.499669;0.001427;0.989475;0.999343;0.499671;0.002861;0.001431;0.988193;-1.008802;0.050445;-0.048602;0.989480;0.504984;-0.001443;1.000005;0.000010;0.000010;
8.102398;0.499762;0.000906;0.989422;0.999528;0.499764;0.001819;0.000909;0.988139;-1.008989;0.050455;-0.049679;0.989427;0.505105;-0.000917;1.000004;0.000010;0.000010;
8.118782;0.499887;0.000298;0.989359;0.999778;0.499889;0.000601;0.000301;0.988076;-1.009241;0.050467;-0.050940;0.989364;0.505263;-0.000301;1.000002;0.000010;0.000010;
8.135166;0.499952;0.000062;0.989335;0.999910;0.499955;0.000128;0.000064;0.988052;-1.009374;0.050474;-0.051433;0.989340;0.505342;-0.000062;1.000001;0.000010;0.000010;
8.151550;0.499984;-0.000011;0.989327;0.999972;0.499986;-0.000017;-0.000008;0.988044;-1.009437;0.050477;-0.051587;0.989332;0.505377;0.000011;1.000000;0.000010;0.000010;
8.167934;0.499997;-0.000023;0.989326;0.999998;0.499999;-0.000040;-0.000020;0.988043;-1.009463;0.050478;-0.051614;0.989331;0.505391;0.000023;1.000000;0.000010;0.000010;
8.200702;0.500006;-0.000024;0.989326;1.000017;0.500009;-0.000044;-0.000022;0.988042;-1.009483;0.050479;-0.051619;0.989331;0.505401;0.000025;1.000000;0.000010;0.000010;
8.266238;0.500002;-0.000006;0.989328;1.000008;0.500004;-0.000006;-0.000003;0.988044;-1.009474;0.050479;-0.051580;0.989333;0.505395;0.000006;1.000000;0.000010;0.000010;
8.397310;0.500000;-0.000001;0.989328;1.000006;0.500003;0.000004;0.000002;0.988045;-1.009471;0.050479;-0.051570;0.989333;0.505394;0.000001;1.000000;0.000010;0.000010;
8.659454;0.500000;-0.000000;0.989328;1.000005;0.500003;0.000005;0.000002;0.988045;-1.009470;0.050479;-0.051568;0.989333;0.505393;0.000000;1.000000;0.000010;0.000010;
9.183742;0.500000;-0.000000;0.989328;1.000005;0.500003;0.000005;0.000003;0.988045;-1.009470;0.050479;-0.051568;0.989333;0.505393;0.000000;1.000000;0.000010;0.000010;
10.232318;0.500000;-0.000000;0.989328;1.000005;0.500003;0.000005;0.000003;0.988045;-1.009470;0.050479;-0.051568;0.989333;0.505393;0.000000;1.000000;0.000010;0.000010;
11.999998;0.500000;-0.000000;0.989328;1.000005;0.500003;0.000005;0.000003;0.988045;-1.009470;0.050479;-0.051568;0.989333;0.505393;0.000000;1.000000;0.000010;0.000010;
11.999998;0.252368;0.012650;0.499976;0.504740;0.252370;0.025305;0.012653;0.497426;-1.009470;0.050479;-0.051568;0.499981;0.505393;0.000000;1.750911;0.000010;0.000010;
11.999998;0.252366;0.012619;0.499970;0.504737;0.252369;0.025244;0.012622;0.497420;-1.009465;0.050479;-0.051692;0.499975;0.505394;0.000000;1.749075;0.000010;0.000010;
11.999999;0.252365;0.012588;0.499963;0.504735;0.252367;0.025182;0.012591;0.497414;-1.009460;0.050478;-0.051816;0.499969;0.505394;0.000000;1.747244;0.000010;0.000010;
11.999999;0.252364;0.012558;0.499957;0.504733;0.252366;0.025120;0.012560;0.497408;-1.009455;0.050478;-0.051939;0.499963;0.505395;0.000000;1.745419;0.000010;0.000010;
12.000000;0.252363;0.012528;0.499951;0.504731;0.252365;0.025062;0.012531;0.497402;-1.009452;0.050478;-0.052057;0.499957;0.505397;0.000000;1.743688;0.000010;0.000010;
12.000000;0.252362;0.012496;0.499945;0.504729;0.252365;0.024997;0.012499;0.497395;-1.009449;0.050478;-0.052187;0.499950;0.505398;-0.000001;1.741727;0.000010;0.000010;
12.000001;0.252362;0.012464;0.499939;0.504728;0.252364;0.024934;0.012467;0.497389;-1.009446;0.050478;-0.052315;0.499944;0.505401;-0.000004;1.739772;0.000010;0.000010;
12.000001;0.252361;0.012433;0.499932;0.504728;0.252364;0.024871;0.012436;0.497383;-1.009445;0.050478;-0.052440;0.499938;0.505403;-0.000007;1.737824;0.000010;0.000010;
12.000002;0.252361;0.012372;0.499920;0.504727;0.252363;0.024750;0.012375;0.497370;-1.009443;0.050477;-0.052686;0.499925;0.505408;-0.000016;1.733941;0.000010;0.000010;
12.000004;0.252360;0.012314;0.499908;0.504726;0.252363;0.024632;0.012316;0.497359;-1.009442;0.050477;-0.052923;0.499914;0.505414;-0.000029;1.730077;0.000010;0.000010;
12.000005;0.252360;0.012257;0.499897;0.504726;0.252363;0.024519;0.012260;0.497347;-1.009441;0.050477;-0.053152;0.499902;0.505420;-0.000045;1.726234;0.000010;0.000010;
12.000007;0.252360;0.012149;0.499875;0.504725;0.252363;0.024303;0.012152;0.497325;-1.009440;0.050477;-0.053588;0.499880;0.505431;-0.000086;1.718608;0.000010;0.000010;
12.000009;0.252360;0.012064;0.499858;0.504726;0.252363;0.024134;0.012067;0.497308;-1.009441;0.050477;-0.053931;0.499863;0.505440;-0.000127;1.712339;0.000010;0.000010;
12.000011;0.252361;0.011983;0.499842;0.504726;0.252363;0.023972;0.011986;0.497292;-1.009442;0.050477;-0.054259;0.499847;0.505450;-0.000175;1.706125;0.000010;0.000010;
12.000013;0.252361;0.011906;0.499826;0.504727;0.252364;0.023816;0.011908;0.497276;-1.009444;0.050478;-0.054573;0.499831;0.505459;-0.000227;1.699966;0.000010;0.000010;
12.000014;0.252362;0.011831;0.499811;0.504728;0.252364;0.023667;0.011833;0.497261;-1.009446;0.050478;-0.054876;0.499816;0.505468;-0.000283;1.693861;0.000010;0.000010;
12.000016;0.252362;0.011758;0.499797;0.504730;0.252365;0.023522;0.011761;0.497246;-1.009449;0.050478;-0.055169;0.499802;0.505478;-0.000342;1.687809;0.000010;0.000010;
12.000017;0.252363;0.011727;0.499790;0.504731;0.252365;0.023459;0.011729;0.497240;-1.009451;0.050478;-0.055298;0.499795;0.505482;-0.000370;1.685117;0.000010;0.000010;
12.000018;0.252363;0.011690;0.499783;0.504731;0.252366;0.023385;0.011693;0.497232;-1.009453;0.050478;-0.055447;0.499788;0.505487;-0.000403;1.681928;0.000010;0.000010;
12.000019;0.252364;0.011654;0.499775;0.504732;0.252366;0.023312;0.011656;0.497225;-1.009455;0.050478;-0.055594;0.499781;0.505492;-0.000438;1.678754;0.000010;0.000010;
12.000021;0.252365;0.011582;0.499761;0.504735;0.252367;0.023170;0.011585;0.497211;-1.009459;0.050478;-0.055884;0.499766;0.505502;-0.000508;1.672441;0.000010;0.000010;
12.000023;0.252366;0.011513;0.499747;0.504737;0.252368;0.023030;0.011515;0.497196;-1.009463;0.050479;-0.056167;0.499752;0.505512;-0.000579;1.666182;0.000010;0.000010;
12.000026;0.252367;0.011434;0.499731;0.504740;0.252370;0.022874;0.011437;0.497181;-1.009469;0.050479;-0.056484;0.499737;0.505524;-0.000663;1.659044;0.000010;0.000010;
12.000027;0.252368;0.011401;0.499725;0.504741;0.252370;0.022808;0.011404;0.497174;-1.009472;0.050479;-0.056619;0.499730;0.505529;-0.000701;1.655977;0.000010;0.000010;
12.000028;0.252369;0.011369;0.499718;0.504742;0.252371;0.022742;0.011371;0.497167;-1.009474;0.050479;-0.056751;0.499723;0.505534;-0.000738;1.652925;0.000010;0.000010;
12.000030;0.252370;0.011304;0.499705;0.504745;0.252373;0.022613;0.011307;0.497154;-1.009480;0.050479;-0.057013;0.499710;0.505544;-0.000814;1.646854;0.000010;0.000010;
12.000032;0.252371;0.011241;0.499692;0.504748;0.252374;0.022487;0.011243;0.497141;-1.009486;0.050480;-0.057271;0.499697;0.505554;-0.000890;1.640835;0.000010;0.000010;
12.000036;0.252374;0.011118;0.499667;0.504754;0.252377;0.022241;0.011121;0.497116;-1.009498;0.050480;-0.057770;0.499673;0.505574;-0.001044;1.628966;0.000010;0.000010;
12.000040;0.252378;0.011000;0.499644;0.504761;0.252380;0.022005;0.011002;0.497092;-1.009511;0.050481;-0.058252;0.499649;0.505594;-0.001200;1.617317;0.000010;0.000010;
12.000044;0.252381;0.010886;0.499621;0.504768;0.252384;0.021777;0.010888;0.497069;-1.009525;0.050482;-0.058716;0.499626;0.505614;-0.001358;1.605886;0.000010;0.000010;
12.000048;0.252385;0.010776;0.499598;0.504775;0.252388;0.021557;0.010778;0.497047;-1.009540;0.050482;-0.059164;0.499604;0.505634;-0.001516;1.594667;0.000010;0.000010;
12.000052;0.252389;0.010670;0.499577;0.504783;0.252391;0.021344;0.010672;0.497025;-1.009556;0.050483;-0.059597;0.499582;0.505654;-0.001675;1.583658;0.000010;0.000010;
12.000056;0.252393;0.010567;0.499556;0.504791;0.252396;0.021139;0.010570;0.497004;-1.009572;0.050484;-0.060016;0.499561;0.505674;-0.001834;1.572854;0.000010;0.000010;
12.000064;0.252402;0.010372;0.499517;0.504809;0.252404;0.020749;0.010375;0.496964;-1.009607;0.050486;-0.060812;0.499522;0.505714;-0.002153;1.551842;0.000010;0.000010;
12.000064;0.252402;0.010370;0.499516;0.504809;0.252405;0.020745;0.010373;0.496964;-1.009608;0.050486;-0.060821;0.499522;0.505714;-0.002156;1.551608;0.000010;0.000010;
12.000065;0.252403;0.010347;0.499512;0.504811;0.252406;0.020699;0.010349;0.496959;-1.009612;0.050486;-0.060916;0.499517;0.505719;-0.002196;1.549044;0.000010;0.000010;
12.000066;0.252404;0.010324;0.499507;0.504814;0.252407;0.020653;0.010326;0.496954;-1.009617;0.050486;-0.061010;0.499512;0.505724;-0.002236;1.546493;0.000010;0.000010;
12.000068;0.252407;0.010278;0.499498;0.504818;0.252409;0.020561;0.010281;0.496945;-1.009627;0.050487;-0.061197;0.499503;0.505734;-0.002316;1.541419;0.000010;0.000010;
12.000072;0.252412;0.010189;0.499480;0.504828;0.252414;0.020383;0.010192;0.496927;-1.009646;0.050488;-0.061561;0.499485;0.505755;-0.002475;1.531409;0.000010;0.000010;
12.000080;0.252422;0.010020;0.499445;0.504849;0.252424;0.020046;0.010023;0.496892;-1.009687;0.050490;-0.062253;0.499451;0.505795;-0.002795;1.511935;0.000010;0.000010;
12.000096;0.252445;0.009718;0.499384;0.504894;0.252447;0.019441;0.009720;0.496830;-1.009778;0.050494;-0.063497;0.499389;0.505875;-0.003433;1.475083;0.000010;0.000010;
12.000112;0.252470;0.009460;0.499331;0.504946;0.252473;0.018925;0.009463;0.496777;-1.009881;0.050499;-0.064563;0.499337;0.505955;-0.004071;1.440886;0.000010;0.000010;
12.000144;0.252530;0.009062;0.499250;0.505064;0.252532;0.018129;0.009064;0.496693;-1.010118;0.050511;-0.066225;0.499255;0.506115;-0.005345;1.379535;0.000010;0.000010;
12.000176;0.252599;0.008806;0.499197;0.505204;0.252602;0.017618;0.008809;0.496639;-1.010398;0.050525;-0.067318;0.499202;0.506276;-0.006618;1.326712;0.000010;0.000010;
12.000240;0.252766;0.008629;0.499158;0.505536;0.252768;0.017264;0.008632;0.496596;-1.011062;0.050559;-0.068172;0.499163;0.506596;-0.009158;1.241077;0.000010;0.000010;
12.000304;0.252963;0.008823;0.499193;0.505931;0.252965;0.017652;0.008826;0.496627;-1.011851;0.050598;-0.067548;0.499198;0.506917;-0.011690;1.177653;0.000010;0.000010;
12.000368;0.253184;0.009296;0.499284;0.506373;0.253187;0.018597;0.009298;0.496714;-1.012736;0.050642;-0.065813;0.499289;0.507237;-0.014213;1.130971;0.000010;0.000010;
12.000432;0.253424;0.009975;0.499416;0.506852;0.253426;0.019955;0.009977;0.496842;-1.013694;0.050690;-0.063258;0.499421;0.507558;-0.016728;1.096723;0.000010;0.000010;
12.000496;0.253676;0.010805;0.499578;0.507358;0.253679;0.021615;0.010808;0.497000;-1.014705;0.050741;-0.060103;0.499583;0.507879;-0.019234;1.071634;0.000010;0.000010;
12.000560;0.253939;0.011746;0.499762;0.507883;0.253941;0.023496;0.011748;0.497179;-1.015755;0.050793;-0.056513;0.499767;0.508199;-0.021731;1.053270;0.000010;0.000010;
12.000647;0.254305;0.013131;0.500033;0.508616;0.254308;0.026267;0.013134;0.497444;-1.017222;0.050866;-0.051213;0.500038;0.508636;-0.025117;1.034738;0.000010;0.000010;
12.000648;0.254310;0.013148;0.500036;0.508626;0.254313;0.026301;0.013150;0.497447;-1.017241;0.050867;-0.051148;0.500041;0.508641;-0.025156;1.034593;0.000010;0.000010;
12.000649;0.254314;0.013165;0.500039;0.508634;0.254317;0.026335;0.013167;0.497451;-1.017258;0.050868;-0.051083;0.500045;0.508646;-0.025194;1.034446;0.000010;0.000010;
12.000651;0.254323;0.013199;0.500046;0.508651;0.254326;0.026403;0.013201;0.497457;-1.017292;0.050870;-0.050953;0.500051;0.508656;-0.025272;1.034155;0.000010;0.000010;
12.000655;0.254340;0.013267;0.500059;0.508686;0.254343;0.026539;0.013269;0.497470;-1.017361;0.050873;-0.050692;0.500065;0.508676;-0.025427;1.033581;0.000010;0.000010;
12.000663;0.254374;0.013404;0.500086;0.508754;0.254377;0.026812;0.013406;0.497496;-1.017498;0.050880;-0.050168;0.500092;0.508716;-0.025737;1.032465;0.000010;0.000010;
12.000679;0.254443;0.013679;0.500140;0.508892;0.254446;0.027363;0.013681;0.497549;-1.017773;0.050894;-0.049113;0.500145;0.508797;-0.026356;1.030351;0.000010;0.000010;
12.000711;0.254581;0.014236;0.500249;0.509168;0.254584;0.028477;0.014238;0.497656;-1.018325;0.050922;-0.046976;0.500254;0.508957;-0.027592;1.026556;0.000010;0.000010;
12.000775;0.254859;0.015371;0.500471;0.509724;0.254862;0.030748;0.015374;0.497874;-1.019437;0.050977;-0.042621;0.500477;0.509277;-0.030058;1.020400;0.000010;0.000010;
12.000903;0.255419;0.017701;0.500927;0.510843;0.255422;0.035406;0.017703;0.498320;-1.021676;0.051089;-0.033693;0.500932;0.509919;-0.034961;1.012105;0.000010;0.000010;
12.001031;0.255982;0.020080;0.501392;0.511968;0.255984;0.040165;0.020083;0.498776;-1.023926;0.051202;-0.024583;0.501397;0.510560;-0.039827;1.007590;0.000010;0.000010;
12.001287;0.257108;0.024877;0.502326;0.514222;0.257111;0.049760;0.024880;0.499692;-1.028432;0.051427;-0.006263;0.502331;0.511843;-0.049450;1.003271;0.000010;0.000010;
12.001543;0.258230;0.029678;0.503257;0.516466;0.258233;0.059362;0.029681;0.500605;-1.032922;0.051651;0.012005;0.503263;0.513125;-0.058926;1.002443;0.000010;0.000010;
12.001799;0.259348;0.034441;0.504178;0.518701;0.259351;0.068887;0.034443;0.501508;-1.037392;0.051875;0.030054;0.504184;0.514408;-0.068258;1.002630;0.000010;0.000010;
12.002311;0.261571;0.043799;0.505977;0.523147;0.261574;0.087604;0.043802;0.503271;-1.046284;0.052319;0.065299;0.505983;0.516973;-0.086502;1.002904;0.000010;0.000010;
12.002823;0.263773;0.052937;0.507720;0.527551;0.263776;0.105880;0.052940;0.504978;-1.055092;0.052759;0.099439;0.507726;0.519538;-0.104196;1.003127;0.000010;0.000010;
12.003847;0.268121;0.070571;0.511049;0.536249;0.268124;0.141148;0.070574;0.508234;-1.072486;0.053629;0.164554;0.511056;0.524668;-0.138019;1.003230;0.000010;0.000010;
12.004871;0.272398;0.087362;0.514176;0.544803;0.272401;0.174732;0.087366;0.511289;-1.089593;0.054484;0.225639;0.514183;0.529798;-0.169837;1.003223;0.000010;0.000010;
12.006919;0.280754;0.118597;0.519887;0.561515;0.280758;0.237202;0.118601;0.516853;-1.123017;0.056155;0.336922;0.519895;0.540059;-0.228050;1.003217;0.000010;0.000010;
12.008738;0.287963;0.143772;0.524392;0.575934;0.287967;0.287551;0.143775;0.521228;-1.151853;0.057596;0.424399;0.524400;0.549172;-0.274097;1.003212;0.000010;0.000010;
12.010557;0.294990;0.166709;0.528422;0.589987;0.294994;0.333428;0.166714;0.525127;-1.179958;0.059001;0.502372;0.528431;0.558286;-0.315415;1.003212;0.000010;0.000010;
12.011147;0.297234;0.173705;0.529639;0.594476;0.297238;0.347431;0.173716;0.526300;-1.188936;0.059450;0.525838;0.529648;0.561244;-0.327911;1.003212;0.000010;0.000010;
12.011148;0.297239;0.173723;0.529641;0.594485;0.297243;0.347454;0.173727;0.526302;-1.188954;0.059451;0.525876;0.529650;0.561249;-0.327931;1.003212;0.000010;0.000010;
12.011149;0.297242;0.173735;0.529643;0.594493;0.297247;0.347478;0.173739;0.526304;-1.188969;0.059452;0.525915;0.529652;0.561254;-0.327952;1.003212;0.000010;0.000010;
12.011151;0.297250;0.173757;0.529647;0.594508;0.297254;0.347524;0.173762;0.526308;-1.188999;0.059453;0.525992;0.529656;0.561264;-0.327993;1.003212;0.000010;0.000010;
12.011155;0.297265;0.173804;0.529655;0.594538;0.297269;0.347617;0.173808;0.526316;-1.189060;0.059456;0.526147;0.529664;0.561284;-0.328076;1.003212;0.000010;0.000010;
12.011163;0.297295;0.173897;0.529671;0.594599;0.297299;0.347802;0.173901;0.526331;-1.189181;0.059462;0.526456;0.529680;0.561324;-0.328241;1.003212;0.000010;0.000010;
12.011179;0.297356;0.174082;0.529703;0.594720;0.297360;0.348172;0.174086;0.526362;-1.189423;0.059474;0.527075;0.529712;0.561404;-0.328570;1.003212;0.000010;0.000010;
12.011211;0.297476;0.174452;0.529767;0.594961;0.297481;0.348912;0.174456;0.526424;-1.189906;0.059499;0.528309;0.529776;0.561565;-0.329229;1.003212;0.000010;0.000010;
12.011275;0.297718;0.175190;0.529895;0.595445;0.297722;0.350389;0.175194;0.526547;-1.190872;0.059547;0.530771;0.529904;0.561885;-0.330543;1.003212;0.000010;0.000010;
12.011403;0.298201;0.176659;0.530149;0.596410;0.298205;0.353326;0.176663;0.526792;-1.192802;0.059643;0.535664;0.530158;0.562527;-0.333155;1.003212;0.000010;0.000010;
12.011659;0.299163;0.179567;0.530651;0.598335;0.299168;0.359143;0.179571;0.527275;-1.196653;0.059836;0.545332;0.530660;0.563809;-0.338320;1.003213;0.000010;0.000010;
12.012171;0.301079;0.185267;0.531631;0.602167;0.301084;0.370543;0.185271;0.528219;-1.204317;0.060219;0.564198;0.531640;0.566374;-0.348418;1.003213;0.000010;0.000010;
12.013195;0.304875;0.196218;0.533503;0.609760;0.304880;0.392445;0.196223;0.530016;-1.219501;0.060978;0.600138;0.533512;0.571505;-0.367722;1.003213;0.000010;0.000010;
12.015243;0.312333;0.216441;0.536916;0.624676;0.312338;0.432891;0.216446;0.533280;-1.249332;0.062470;0.665403;0.536926;0.581765;-0.403048;1.003214;0.000010;0.000010;
12.017291;0.319621;0.234545;0.539924;0.639252;0.319626;0.469104;0.234552;0.536136;-1.278483;0.063927;0.722529;0.539934;0.592026;-0.434337;1.003215;0.000010;0.000010;
12.019339;0.326752;0.250715;0.542570;0.653516;0.326758;0.501452;0.250726;0.538630;-1.307008;0.065353;0.772394;0.542580;0.602286;-0.462028;1.003215;0.000010;0.000010;
12.021387;0.333742;0.265139;0.544894;0.667495;0.333748;0.530303;0.265151;0.540801;-1.334966;0.066751;0.815813;0.544905;0.612546;-0.486530;1.003216;0.000010;0.000010;
12.023435;0.340602;0.277988;0.546935;0.681217;0.340608;0.556004;0.278002;0.542687;-1.362408;0.068123;0.853518;0.546946;0.622807;-0.508210;1.003217;0.000010;0.000010;
12.025483;0.347345;0.289425;0.548723;0.694704;0.347352;0.578878;0.289439;0.544319;-1.389381;0.069472;0.886162;0.548735;0.633067;-0.527395;1.003218;0.000010;0.000010;
12.027531;0.353982;0.299595;0.550289;0.707978;0.353989;0.599219;0.299609;0.545728;-1.415929;0.070799;0.914325;0.550301;0.643328;-0.544376;1.003219;0.000010;0.000010;
12.029579;0.360523;0.308633;0.551658;0.721060;0.360530;0.617295;0.308648;0.546938;-1.442091;0.072107;0.938517;0.551671;0.653588;-0.559408;1.003219;0.000010;0.000010;
12.031627;0.366976;0.316661;0.552853;0.733967;0.366983;0.633351;0.316676;0.547972;-1.467903;0.073398;0.959192;0.552866;0.663849;-0.572719;1.003220;0.000010;0.000010;
12.033675;0.373349;0.323788;0.553894;0.746715;0.373357;0.647605;0.323802;0.548850;-1.493398;0.074672;0.976750;0.553906;0.674109;-0.584509;1.003221;0.000010;0.000010;
12.037771;0.385902;0.335843;0.555599;0.771821;0.385911;0.671704;0.335852;0.550225;-1.543609;0.077183;1.004249;0.555612;0.694630;-0.604401;1.003223;0.000010;0.000010;
12.041867;0.398214;0.345337;0.556874;0.796446;0.398223;0.690695;0.345348;0.551162;-1.592855;0.079646;1.022986;0.556887;0.715151;-0.620068;1.003225;0.000010;0.000010;
12.045963;0.410325;0.352786;0.557805;0.820668;0.410334;0.705598;0.352799;0.551749;-1.641298;0.082068;1.034709;0.557819;0.735672;-0.632391;1.003227;0.000010;0.000010;
12.050059;0.422270;0.358622;0.558466;0.844560;0.422280;0.717271;0.358635;0.552057;-1.689082;0.084457;1.040863;0.558480;0.756193;-0.642093;1.003229;0.000010;0.000010;
12.054155;0.434079;0.363191;0.558914;0.868178;0.434089;0.726410;0.363205;0.552144;-1.736314;0.086819;1.042598;0.558928;0.776714;-0.649754;1.003231;0.000010;0.000010;
12.058251;0.445534;0.366771;0.559200;0.891089;0.445545;0.733547;0.366773;0.552068;-1.782136;0.089110;1.041068;0.559213;0.796796;-0.655826;1.003137;0.000010;0.000010;
12.062347;0.455369;0.369584;0.559393;0.910760;0.455380;0.739055;0.369528;0.551937;-1.821476;0.091078;1.038451;0.559401;0.814071;-0.660658;1.002547;0.000010;0.000010;
12.066443;0.463691;0.371818;0.559537;0.927404;0.463702;0.743677;0.371838;0.551813;-1.854762;0.092742;1.035970;0.559552;0.828721;-0.664509;1.002120;0.000010;0.000010;
12.070539;0.470542;0.373605;0.559638;0.941107;0.470553;0.747239;0.373619;0.551684;-1.882167;0.094113;1.033387;0.559654;0.840800;-0.667587;1.001718;0.000010;0.000010;
12.074635;0.476155;0.375023;0.559714;0.952334;0.476167;0.750104;0.375052;0.551569;-1.904620;0.095235;1.031089;0.559731;0.850702;-0.670050;1.001408;0.000010;0.000010;
12.078731;0.480716;0.376158;0.559770;0.961457;0.480728;0.752368;0.376184;0.551467;-1.922866;0.096148;1.029052;0.559786;0.858754;-0.672022;1.001135;0.000010;0.000010;
12.082827;0.484417;0.377067;0.559813;0.968858;0.484429;0.754189;0.377094;0.551381;-1.937667;0.096888;1.027333;0.559829;0.865290;-0.673605;1.000921;0.000010;0.000010;
12.086923;0.487411;0.377795;0.559845;0.974847;0.487423;0.755640;0.377820;0.551309;-1.949645;0.097487;1.025878;0.559862;0.870582;-0.674874;1.000743;0.000010;0.000010;
12.095115;0.491888;0.378881;0.559892;0.983801;0.491901;0.757786;0.378893;0.551196;-1.967553;0.098382;1.023617;0.559907;0.878493;-0.676767;1.000474;0.000010;0.000010;
12.103307;0.494816;0.379582;0.559921;0.989657;0.494829;0.759191;0.379596;0.551121;-1.979265;0.098968;1.022112;0.559936;0.883673;-0.677990;1.000302;0.000010;0.000010;
12.111499;0.496707;0.380028;0.559938;0.993439;0.496719;0.760085;0.380043;0.551070;-1.986827;0.099346;1.021107;0.559954;0.887021;-0.678768;1.000192;0.000010;0.000010;
12.119691;0.497918;0.380310;0.559948;0.995860;0.497930;0.760648;0.380324;0.551037;-1.991671;0.099588;1.020440;0.559964;0.889167;-0.679258;1.000121;0.000010;0.000010;
12.127883;0.498689;0.380486;0.559954;0.997403;0.498702;0.761001;0.380500;0.551015;-1.994757;0.099743;1.020005;0.559970;0.890536;-0.679565;1.000076;0.000010;0.000010;
12.136075;0.499179;0.380597;0.559958;0.998383;0.499192;0.761222;0.380611;0.551001;-1.996716;0.099841;1.019723;0.559974;0.891407;-0.679757;1.000048;0.000010;0.000010;
12.144267;0.499489;0.380667;0.559960;0.999004;0.499502;0.761361;0.380680;0.550992;-1.997958;0.099903;1.019542;0.559976;0.891959;-0.679876;1.000030;0.000010;0.000010;
12.160651;0.499851;0.380749;0.559963;0.999726;0.499863;0.761523;0.380761;0.550982;-1.999402;0.099975;1.019331;0.559978;0.892605;-0.680014;1.000009;0.000010;0.000010;
12.177035;0.499988;0.380781;0.559964;1.000002;0.500001;0.761587;0.380794;0.550978;-1.999954;0.100003;1.019255;0.559980;0.892853;-0.680064;1.000001;0.000010;0.000010;
12.193419;0.500029;0.380792;0.559964;1.000082;0.500041;0.761609;0.380805;0.550977;-2.000115;0.100011;1.019238;0.559980;0.892928;-0.680077;0.999998;0.000010;0.000010;
12.209803;0.500033;0.380795;0.559965;1.000091;0.500046;0.761616;0.380808;0.550977;-2.000132;0.100011;1.019243;0.559981;0.892939;-0.680078;0.999998;0.000010;0.000010;
12.226187;0.500027;0.380797;0.559965;1.000080;0.500040;0.761618;0.380809;0.550978;-2.000110;0.100010;1.019254;0.559981;0.892932;-0.680075;0.999998;0.000010;0.000010;
12.258955;0.500019;0.380799;0.559966;1.000063;0.500032;0.761624;0.380812;0.550979;-2.000076;0.100009;1.019274;0.559982;0.892922;-0.680071;0.999999;0.000010;0.000010;
12.291723;0.500013;0.380801;0.559966;1.000052;0.500026;0.761628;0.380814;0.550980;-2.000053;0.100008;1.019289;0.559982;0.892915;-0.680069;0.999999;0.000010;0.000010;
12.324491;0.500010;0.380803;0.559967;1.000045;0.500023;0.761632;0.380816;0.550980;-2.000040;0.100007;1.019301;0.559983;0.892912;-0.680067;0.999999;0.000010;0.000010;
12.390027;0.500007;0.380807;0.559967;1.000038;0.500019;0.761638;0.380819;0.550981;-2.000026;0.100006;1.019315;0.559983;0.892910;-0.680066;1.000000;0.000010;0.000010;
12.499998;0.500004;0.380809;0.559968;1.000033;0.500017;0.761644;0.380822;0.550982;-2.000016;0.100006;1.019328;0.559984;0.892908;-0.680064;1.000000;0.000010;0.000010;
12.499998;0.990626;0.630860;1.046374;1.981278;0.990639;1.261745;0.630873;1.041600;-2.000016;0.100006;1.019328;1.046390;0.892908;-0.680064;-1.628626;0.000010;0.000010;
12.499998;0.990430;0.631220;1.046409;1.980885;0.990443;1.262466;0.631233;1.041637;-1.999620;0.099986;1.020060;1.046424;0.892908;-0.680049;-1.617484;0.000010;0.000010;
12.499998;0.990234;0.631579;1.046443;1.980493;0.990246;1.263183;0.631591;1.041673;-1.999224;0.099966;1.020789;1.046459;0.892906;-0.680033;-1.606391;0.000010;0.000010;
12.499999;0.990038;0.631936;1.046477;1.980101;0.990050;1.263897;0.631948;1.041709;-1.998828;0.099946;1.021515;1.046493;0.892904;-0.680017;-1.595345;0.000010;0.000010;
12.500000;0.989646;0.632646;1.046546;1.979317;0.989659;1.265316;0.632658;1.041781;-1.998037;0.099907;1.022958;1.046561;0.892899;-0.679985;-1.573365;0.000010;0.000010;
12.500001;0.989255;0.633349;1.046613;1.978535;0.989268;1.266724;0.633362;1.041853;-1.997247;0.099867;1.024390;1.046629;0.892892;-0.679954;-1.551559;0.000010;0.000010;
12.500002;0.988865;0.634047;1.046680;1.977755;0.988878;1.268118;0.634059;1.041924;-1.996460;0.099828;1.025810;1.046695;0.892883;-0.679922;-1.529937;0.000010;0.000010;
12.500004;0.988090;0.635422;1.046812;1.976205;0.988103;1.270869;0.635434;1.042064;-1.994895;0.099750;1.028611;1.046827;0.892862;-0.679859;-1.487244;0.000010;0.000010;
12.500005;0.987398;0.636637;1.046929;1.974822;0.987411;1.273300;0.636650;1.042188;-1.993498;0.099680;1.031089;1.046944;0.892840;-0.679803;-1.449439;0.000010;0.000010;
12.500007;0.986713;0.637833;1.047043;1.973450;0.986725;1.275691;0.637845;1.042310;-1.992114;0.099611;1.033527;1.047059;0.892816;-0.679746;-1.412207;0.000010;0.000010;
12.500009;0.986034;0.639008;1.047156;1.972092;0.986046;1.278041;0.639021;1.042430;-1.990743;0.099542;1.035925;1.047172;0.892789;-0.679689;-1.375540;0.000010;0.000010;
12.500009;0.985673;0.639628;1.047216;1.971372;0.985686;1.279282;0.639641;1.042493;-1.990016;0.099506;1.037190;1.047231;0.892774;-0.679659;-1.356171;0.000010;0.000010;
12.500009;0.985673;0.639628;1.047216;1.971372;0.985686;1.279282;0.639641;1.042493;-1.990016;0.099506;1.037190;1.047231;0.892774;-0.679659;-1.356170;0.000010;0.000010;
12.500010;0.985274;0.640313;1.047281;1.970573;0.985286;1.280651;0.640326;1.042563;-1.989210;0.099465;1.038589;1.047297;0.892757;-0.679625;-1.334753;0.000010;0.000010;
12.500011;0.984877;0.640991;1.047347;1.969779;0.984889;1.282007;0.641004;1.042632;-1.988408;0.099425;1.039973;1.047362;0.892740;-0.679591;-1.313529;0.000010;0.000010;
12.500013;0.984089;0.642331;1.047475;1.968202;0.984101;1.284687;0.642343;1.042769;-1.986817;0.099346;1.042710;1.047491;0.892704;-0.679523;-1.271530;0.000010;0.000010;
12.500015;0.983388;0.643515;1.047589;1.966800;0.983400;1.287055;0.643528;1.042890;-1.985401;0.099275;1.045129;1.047604;0.892670;-0.679462;-1.234335;0.000010;0.000010;
12.500017;0.982695;0.644678;1.047701;1.965415;0.982708;1.289382;0.644691;1.043009;-1.984003;0.099205;1.047507;1.047716;0.892636;-0.679401;-1.197732;0.000010;0.000010;
12.500019;0.982011;0.645821;1.047810;1.964047;0.982024;1.291666;0.645833;1.043126;-1.982622;0.099136;1.049842;1.047826;0.892602;-0.679339;-1.161722;0.000010;0.000010;
12.500021;0.981336;0.646942;1.047918;1.962697;0.981348;1.293909;0.646955;1.043240;-1.981259;0.099068;1.052136;1.047934;0.892567;-0.679278;-1.126297;0.000010;0.000010;
12.500022;0.980669;0.648043;1.048024;1.961364;0.980682;1.296112;0.648056;1.043353;-1.979913;0.099000;1.054389;1.048039;0.892531;-0.679217;-1.091450;0.000010;0.000010;
12.500024;0.980011;0.649124;1.048128;1.960048;0.980024;1.298274;0.649137;1.043464;-1.978585;0.098934;1.056601;1.048143;0.892496;-0.679156;-1.057170;0.000010;0.000010;
12.500028;0.978721;0.651229;1.048330;1.957467;0.978734;1.302482;0.651241;1.043679;-1.975980;0.098804;1.060909;1.048345;0.892423;-0.679034;-0.990262;0.000010;0.000010;
12.500031;0.977465;0.653257;1.048525;1.954954;0.977477;1.306539;0.653270;1.043887;-1.973443;0.098677;1.065064;1.048540;0.892350;-0.678912;-0.925511;0.000010;0.000010;
12.500035;0.976241;0.655212;1.048713;1.952508;0.976254;1.310450;0.655225;1.044087;-1.970973;0.098553;1.069071;1.048728;0.892277;-0.678789;-0.862853;0.000010;0.000010;
12.500039;0.975051;0.657097;1.048894;1.950127;0.975063;1.314218;0.657109;1.044280;-1.968570;0.098433;1.072936;1.048909;0.892203;-0.678667;-0.802222;0.000010;0.000010;
12.500042;0.973892;0.658913;1.049068;1.947810;0.973905;1.317850;0.658925;1.044467;-1.966231;0.098316;1.076663;1.049084;0.892128;-0.678545;-0.743553;0.000010;0.000010;
12.500046;0.972765;0.660663;1.049236;1.945555;0.972778;1.321350;0.660675;1.044646;-1.963955;0.098202;1.080256;1.049252;0.892054;-0.678423;-0.686786;0.000010;0.000010;
12.500049;0.971668;0.662349;1.049399;1.943362;0.971681;1.324723;0.662361;1.044820;-1.961741;0.098091;1.083721;1.049414;0.891980;-0.678301;-0.631859;0.000010;0.000010;
12.500057;0.969562;0.665541;1.049706;1.939150;0.969575;1.331108;0.665554;1.045148;-1.957489;0.097879;1.090287;1.049721;0.891830;-0.678057;-0.527218;0.000010;0.000010;
12.500064;0.967570;0.668505;1.049991;1.935164;0.967582;1.337035;0.668517;1.045453;-1.953466;0.097678;1.096390;1.050006;0.891681;-0.677813;-0.429243;0.000010;0.000010;
12.500071;0.965684;0.671254;1.050255;1.931394;0.965697;1.342533;0.671267;1.045737;-1.949660;0.097487;1.102061;1.050271;0.891532;-0.677569;-0.337532;0.000010;0.000010;
12.500078;0.963901;0.673803;1.050501;1.927828;0.963914;1.347631;0.673816;1.046000;-1.946060;0.097307;1.107329;1.050517;0.891382;-0.677325;-0.251696;0.000010;0.000010;
12.500093;0.960611;0.678368;1.050941;1.921248;0.960624;1.356762;0.678381;1.046473;-1.939417;0.096975;1.116786;1.050957;0.891083;-0.676837;-0.095751;0.000010;0.000010;
12.500107;0.957666;0.682285;1.051319;1.915357;0.957679;1.364594;0.682297;1.046880;-1.933471;0.096678;1.124934;1.051335;0.890784;-0.676350;0.040898;0.000010;0.000010;
12.500136;0.952621;0.688561;1.051927;1.905267;0.952634;1.377146;0.688573;1.047538;-1.923286;0.096168;1.138085;1.051943;0.890187;-0.675377;0.267614;0.000010;0.000010;
12.500165;0.948558;0.693092;1.052369;1.897142;0.948571;1.386209;0.693105;1.048019;-1.915083;0.095758;1.147712;1.052385;0.889590;-0.674405;0.441471;0.000010;0.000010;
12.500193;0.945274;0.696275;1.052683;1.890574;0.945287;1.392576;0.696288;1.048365;-1.908453;0.095426;1.154616;1.052699;0.888993;-0.673435;0.574116;0.000010;0.000010;
12.500222;0.942596;0.698427;1.052899;1.885218;0.942609;1.396880;0.698440;1.048606;-1.903046;0.095156;1.159438;1.052914;0.888398;-0.672466;0.675062;0.000010;0.000010;
12.500251;0.940387;0.699796;1.053040;1.880798;0.940399;1.399619;0.699810;1.048768;-1.898585;0.094933;1.162680;1.053056;0.887803;-0.671498;0.751778;0.000010;0.000010;
12.500280;0.938537;0.700574;1.053125;1.877098;0.938549;1.401174;0.700587;1.048870;-1.894850;0.094746;1.164724;1.053141;0.887208;-0.670532;0.810038;0.000010;0.000010;
12.500337;0.935525;0.701003;1.053188;1.871076;0.935538;1.402031;0.701015;1.048961;-1.888771;0.094442;1.166537;1.053203;0.886022;-0.668603;0.891416;0.000010;0.000010;
12.500395;0.933200;0.700340;1.053147;1.866424;0.933212;1.400706;0.700353;1.048941;-1.884075;0.094207;1.166140;1.053163;0.884840;-0.666680;0.938219;0.000010;0.000010;
12.500453;0.931287;0.699024;1.053044;1.862598;0.931299;1.398072;0.699036;1.048855;-1.880213;0.094014;1.164418;1.053060;0.883660;-0.664763;0.964229;0.000010;0.000010;
12.500510;0.929613;0.697334;1.052906;1.859251;0.929625;1.394693;0.697347;1.048731;-1.876834;0.093845;1.161939;1.052921;0.882485;-0.662851;0.978298;0.000010;0.000010;
12.500568;0.928075;0.695442;1.052748;1.856174;0.928087;1.390908;0.695454;1.048586;-1.873728;0.093690;1.159045;1.052763;0.881312;-0.660945;0.985737;0.000010;0.000010;
12.500683;0.925159;0.691441;1.052411;1.850341;0.925171;1.382907;0.691453;1.048274;-1.867841;0.093396;1.152808;1.052426;0.878979;-0.657149;0.993147;0.000010;0.000010;
12.500798;0.922408;0.687253;1.052056;1.844839;0.922420;1.374531;0.687265;1.047942;-1.862286;0.093118;1.146169;1.052071;0.876666;-0.653384;0.993349;0.000010;0.000010;
12.501029;0.916984;0.678977;1.051353;1.833991;0.916996;1.357977;0.678988;1.047285;-1.851336;0.092570;1.133023;1.051368;0.872098;-0.645943;0.993521;0.000010;0.000010;
12.501489;0.906416;0.662821;1.049977;1.812854;0.906427;1.325665;0.662832;1.045997;-1.829999;0.091504;1.107281;1.049992;0.863181;-0.631396;0.993711;0.000010;0.000010;
12.501950;0.896124;0.647067;1.048631;1.792270;0.896135;1.294154;0.647077;1.044737;-1.809221;0.090465;1.082075;1.048646;0.854480;-0.617176;0.993869;0.000010;0.000010;
12.502411;0.886100;0.631704;1.047315;1.772223;0.886111;1.263425;0.631713;1.043502;-1.788984;0.089453;1.057396;1.047330;0.845987;-0.603276;0.994018;0.000010;0.000010;
12.503333;0.866672;0.601885;1.044749;1.733365;0.866682;1.203790;0.601895;1.041094;-1.749760;0.087492;1.009227;1.044763;0.829479;-0.576207;0.994307;0.000010;0.000010;
12.504254;0.848175;0.573429;1.042287;1.696370;0.848185;1.146873;0.573437;1.038777;-1.712416;0.085625;0.962910;1.042300;0.813701;-0.550256;0.994582;0.000010;0.000010;
12.505176;0.830620;0.546350;1.039931;1.661258;0.830629;1.092725;0.546362;1.036558;-1.676972;0.083852;0.918527;1.039944;0.798672;-0.525458;0.994844;0.000010;0.000010;
12.507019;0.798135;0.496052;1.035519;1.596287;0.798144;0.992120;0.496060;1.032392;-1.611388;0.080573;0.835230;1.035532;0.770716;-0.479105;0.995332;0.000010;0.000010;
12.508862;0.768884;0.450511;1.031486;1.537783;0.768891;0.901044;0.450522;1.028573;-1.552331;0.077621;0.758867;1.031498;0.745383;-0.436817;0.995774;0.000010;0.000010;
12.510705;0.742546;0.409274;1.027801;1.485106;0.742553;0.818576;0.409288;1.025075;-1.499157;0.074962;0.688921;1.027813;0.722440;-0.398252;0.996175;0.000010;0.000010;
12.512549;0.718828;0.371919;1.024436;1.437668;0.718834;0.743871;0.371936;1.021873;-1.451271;0.072568;0.624888;1.024447;0.701669;-0.363089;0.996538;0.000010;0.000010;
12.514392;0.697461;0.338067;1.021362;1.394934;0.697467;0.676168;0.338084;1.018943;-1.408133;0.070411;0.566293;1.021373;0.682867;-0.331029;0.996868;0.000010;0.000010;
12.516235;0.678208;0.307373;1.018556;1.356426;0.678213;0.614783;0.307391;1.016263;-1.369261;0.068467;0.512695;1.018566;0.665849;-0.301800;0.997166;0.000010;0.000010;
12.518078;0.660852;0.279531;1.015995;1.321714;0.660857;0.559100;0.279550;1.013812;-1.334221;0.066715;0.463682;1.016004;0.650449;-0.275152;0.997436;0.000010;0.000010;
12.519921;0.645203;0.254266;1.013657;1.290415;0.645208;0.508569;0.254285;1.011571;-1.302627;0.065136;0.418875;1.013666;0.636514;-0.250856;0.997680;0.000010;0.000010;
12.521765;0.631089;0.231330;1.011522;1.262187;0.631094;0.462697;0.231348;1.009523;-1.274132;0.063711;0.377921;1.011531;0.623906;-0.228706;0.997901;0.000010;0.000010;
12.523608;0.618357;0.210501;1.009575;1.236723;0.618361;0.421038;0.210519;1.007651;-1.248427;0.062426;0.340498;1.009583;0.612500;-0.208512;0.998102;0.000010;0.000010;
12.525451;0.606869;0.191580;1.007797;1.213746;0.606873;0.383193;0.191597;1.005942;-1.225233;0.061266;0.306308;1.007805;0.602182;-0.190101;0.998283;0.000010;0.000010;
12.527294;0.596501;0.174385;1.006175;1.193011;0.596505;0.348804;0.174402;1.004380;-1.204301;0.060220;0.275076;1.006183;0.592849;-0.173315;0.998447;0.000010;0.000010;
12.529137;0.587143;0.158757;1.004696;1.174294;0.587147;0.317545;0.158772;1.002953;-1.185408;0.059275;0.246552;1.004703;0.584408;-0.158012;0.998596;0.000010;0.000010;
12.532824;0.570972;0.131486;1.002100;1.141951;0.570976;0.262978;0.131489;1.000447;-1.152759;0.057643;0.196442;1.002107;0.569780;-0.131194;0.998854;0.000010;0.000010;
12.536142;0.558987;0.110989;1.000138;1.117980;0.558990;0.221985;0.110992;0.998551;-1.128562;0.056433;0.158526;1.000145;0.558914;-0.110955;0.999046;0.000010;0.000010;
12.539459;0.549003;0.093683;0.998474;1.098012;0.549006;0.187379;0.093690;0.996941;-1.108404;0.055425;0.126332;0.998481;0.549847;-0.093808;0.999206;0.000010;0.000010;
12.542777;0.540700;0.079089;0.997066;1.081406;0.540703;0.158193;0.079096;0.995576;-1.091642;0.054587;0.099041;0.997072;0.542297;-0.079302;0.999340;0.000010;0.000010;
12.546095;0.533798;0.066779;0.995873;1.067602;0.533801;0.133574;0.066787;0.994420;-1.077707;0.053890;0.075920;0.995879;0.536015;-0.067036;0.999452;0.000010;0.000010;
12.549413;0.528061;0.056395;0.994864;1.056128;0.528064;0.112806;0.056403;0.993441;-1.066124;0.053311;0.056339;0.994870;0.530792;-0.056665;0.999544;0.000010;0.000010;
12.552730;0.523294;0.047633;0.994011;1.046593;0.523296;0.095282;0.047641;0.992612;-1.056499;0.052830;0.039761;0.994017;0.526451;-0.047898;0.999622;0.000010;0.000010;
12.556048;0.519332;0.040238;0.993289;1.038669;0.519335;0.080491;0.040246;0.991910;-1.048500;0.052430;0.025726;0.993295;0.522845;-0.040487;0.999686;0.000010;0.000010;
12.559366;0.516040;0.033995;0.992679;1.032086;0.516043;0.068005;0.034003;0.991316;-1.041854;0.052098;0.013847;0.992684;0.519850;-0.034223;0.999739;0.000010;0.000010;
12.562684;0.513305;0.028724;0.992162;1.026616;0.513308;0.057463;0.028731;0.990813;-1.036333;0.051822;0.003793;0.992168;0.517364;-0.028928;0.999784;0.000010;0.000010;
12.569319;0.509067;0.020382;0.991343;1.018138;0.509069;0.040769;0.020384;0.990015;-1.027775;0.051394;-0.012174;0.991348;0.513513;-0.020533;0.999853;0.000010;0.000010;
12.575955;0.506136;0.014414;0.990755;1.012277;0.506138;0.028834;0.014417;0.989442;-1.021858;0.051098;-0.023631;0.990760;0.510860;-0.014523;0.999901;0.000010;0.000010;
12.582590;0.504132;0.010176;0.990337;1.008269;0.504135;0.020361;0.010181;0.989034;-1.017813;0.050896;-0.031790;0.990343;0.509052;-0.010252;0.999933;0.000010;0.000010;
12.589226;0.502772;0.007180;0.990041;1.005548;0.502774;0.014368;0.007184;0.988744;-1.015066;0.050759;-0.037578;0.990046;0.507830;-0.007229;0.999956;0.000010;0.000010;
12.595861;0.501852;0.005065;0.989832;1.003710;0.501855;0.010138;0.005069;0.988540;-1.013210;0.050666;-0.041675;0.989837;0.507008;-0.005095;0.999971;0.000010;0.000010;
12.600000;0.501431;0.004062;0.989733;1.002868;0.501434;0.008131;0.004066;0.988442;-1.012360;0.050623;-0.043622;0.989738;0.506634;-0.004082;0.999978;0.000010;0.000010;
12.600000;0.501432;0.004063;0.989733;1.002868;0.501434;0.008131;0.004065;0.988442;-1.012361;0.050623;-0.043622;0.989738;0.506634;-0.004082;0.999978;0.000010;0.000010;
12.600001;0.501432;0.004063;0.989733;1.002868;0.501434;0.008131;0.004065;0.988442;-1.012361;0.050623;-0.043623;0.989738;0.506634;-0.004082;0.999978;0.000010;0.000010;
12.600002;0.501432;0.004062;0.989733;1.002868;0.501434;0.008130;0.004065;0.988442;-1.012361;0.050623;-0.043623;0.989738;0.506634;-0.004082;0.999978;0.000010;0.000010;
12.600004;0.501431;0.004062;0.989732;1.002868;0.501434;0.008129;0.004065;0.988442;-1.012360;0.050623;-0.043624;0.989738;0.506633;-0.004081;0.999978;0.000010;0.000010;
12.600008;0.501431;0.004061;0.989732;1.002867;0.501434;0.008128;0.004064;0.988442;-1.012360;0.050623;-0.043625;0.989737;0.506633;-0.004080;0.999978;0.000010;0.000010;
12.600016;0.501430;0.004060;0.989732;1.002866;0.501433;0.008124;0.004062;0.988442;-1.012358;0.050623;-0.043629;0.989737;0.506633;-0.004079;0.999978;0.000010;0.000010;
12.600032;0.501429;0.004056;0.989732;1.002863;0.501432;0.008118;0.004059;0.988442;-1.012356;0.050623;-0.043635;0.989737;0.506631;-0.004075;0.999978;0.000010;0.000010;
12.600064;0.501426;0.004050;0.989731;1.002858;0.501429;0.008105;0.004053;0.988441;-1.012350;0.050623;-0.043647;0.989736;0.506629;-0.004069;0.999978;0.000010;0.000010;
12.600128;0.501421;0.004037;0.989730;1.002848;0.501424;0.008079;0.004040;0.988440;-1.012340;0.050622;-0.043673;0.989735;0.506624;-0.004056;0.999978;0.000010;0.000010;
12.600256;0.501411;0.004011;0.989727;1.002827;0.501413;0.008028;0.004014;0.988437;-1.012319;0.050621;-0.043722;0.989733;0.506615;-0.004030;0.999978;0.000010;0.000010;
12.600512;0.501390;0.003961;0.989722;1.002786;0.501393;0.007926;0.003963;0.988432;-1.012278;0.050619;-0.043821;0.989728;0.506597;-0.003979;0.999978;0.000010;0.000010;
12.601024;0.501350;0.003861;0.989713;1.002706;0.501353;0.007727;0.003864;0.988423;-1.012197;0.050615;-0.044015;0.989718;0.506562;-0.003878;0.999979;0.000010;0.000010;
12.602048;0.501273;0.003669;0.989693;1.002552;0.501276;0.007343;0.003672;0.988404;-1.012041;0.050607;-0.044388;0.989699;0.506494;-0.003685;0.999980;0.000010;0.000010;
12.604096;0.501132;0.003313;0.989658;1.002269;0.501135;0.006631;0.003316;0.988369;-1.011756;0.050593;-0.045081;0.989663;0.506369;-0.003325;0.999982;0.000010;0.000010;
12.608192;0.500892;0.002697;0.989597;1.001790;0.500895;0.005400;0.002700;0.988309;-1.011272;0.050569;-0.046280;0.989602;0.506158;-0.002704;0.999986;0.000010;0.000010;
12.616384;0.500541;0.001767;0.989505;1.001088;0.500544;0.003538;0.001769;0.988218;-1.010564;0.050533;-0.048095;0.989510;0.505851;-0.001765;0.999992;0.000010;0.000010;
12.624576;0.500321;0.001148;0.989443;1.000648;0.500324;0.002300;0.001150;0.988158;-1.010119;0.050511;-0.049306;0.989448;0.505660;-0.001140;0.999996;0.000010;0.000010;
12.640960;0.500078;0.000414;0.989370;1.000160;0.500080;0.000832;0.000416;0.988086;-1.009627;0.050487;-0.050745;0.989375;0.505451;-0.000400;0.999999;0.000010;0.000010;
12.657344;0.499996;0.000114;0.989340;0.999997;0.499998;0.000233;0.000117;0.988056;-1.009462;0.050478;-0.051336;0.989345;0.505383;-0.000099;1.000001;0.000010;0.000010;
12.673728;0.499980;0.000014;0.989330;0.999964;0.499982;0.000032;0.000016;0.988046;-1.009429;0.050477;-0.051537;0.989335;0.505372;0.000001;1.000001;0.000010;0.000010;
12.690112;0.499984;-0.000009;0.989328;0.999972;0.499986;-0.000013;-0.000006;0.988044;-1.009437;0.050477;-0.051583;0.989333;0.505377;0.000022;1.000001;0.000010;0.000010;
12.706496;0.499991;-0.000007;0.989328;0.999986;0.499993;-0.000009;-0.000005;0.988044;-1.009451;0.050478;-0.051581;0.989333;0.505384;0.000019;1.000001;0.000010;0.000010;
12.739264;0.499998;-0.000003;0.989328;1.000000;0.500000;-0.000000;-0.000000;0.988045;-1.009465;0.050479;-0.051573;0.989333;0.505391;0.000012;1.000000;0.000010;0.000010;
12.772032;0.499999;0.000003;0.989329;1.000003;0.500002;0.000011;0.000006;0.988045;-1.009469;0.050479;-0.051562;0.989334;0.505392;0.000005;1.000000;0.000010;0.000010;
12.837568;0.500000;0.000004;0.989329;1.000005;0.500002;0.000013;0.000007;0.988045;-1.009470;0.050479;-0.051560;0.989334;0.505393;0.000001;1.000000;0.000010;0.000010;
12.968640;0.500000;0.000003;0.989329;1.000005;0.500003;0.000010;0.000005;0.988045;-1.009470;0.050479;-0.051563;0.989334;0.505393;0.000000;1.000000;0.000010;0.000010;
13.230784;0.500000;0.000001;0.989328;1.000005;0.500003;0.000007;0.000004;0.988045;-1.009470;0.050479;-0.051566;0.989334;0.505393;0.000000;1.000000;0.000010;0.000010;
13.755072;0.500000;0.000000;0.989328;1.000005;0.500003;0.000006;0.000003;0.988045;-1.009470;0.050479;-0.051568;0.989333;0.505393;0.000000;1.000000;0.000010;0.000010;
14.803648;0.500000;0.000000;0.989328;1.000005;0.500003;0.000005;0.000003;0.988045;-1.009470;0.050479;-0.051568;0.989333;0.505393;0.000000;1.000000;0.000010;0.000010;
16.900800;0.500000;0.000000;0.989328;1.000005;0.500003;0.000005;0.000003;0.988045;-1.009470;0.050479;-0.051568;0.989333;0.505393;0.000000;1.000000;0.000010;0.000010;
16.999997;0.500000;0.000000;0.989328;1.000005;0.500003;0.000005;0.000003;0.988045;-1.009470;0.050479;-0.051568;0.989333;0.505393;0.000000;1.000000;0.000010;0.000010;
16.999998;0.500000;0.000000;0.989328;1.000005;0.500003;0.000005;0.000003;0.988045;-1.009470;0.050479;-0.051568;0.989333;0.505393;0.000000;1.000000;0.000010;0.000010;
16.999999;0.500000;0.000000;0.989328;1.000005;0.500003;0.000005;0.000003;0.988045;-1.009470;0.050479;-0.051568;0.989333;0.505393;0.000000;1.000000;0.000010;0.000010;
17.000001;0.500000;0.000000;0.989328;1.000005;0.500003;0.000005;0.000003;0.988045;-1.009470;0.050479;-0.051568;0.989333;0.505393;0.000000;1.000000;0.000010;0.000010;
17.000005;0.500000;0.000000;0.989328;1.000005;0.500003;0.000005;0.000003;0.988045;-1.009470;0.050479;-0.051568;0.989333;0.505393;0.000000;1.000000;0.000010;0.000010;
17.000013;0.500000;0.000000;0.989328;1.000005;0.500003;0.000005;0.000003;0.988045;-1.009470;0.050479;-0.051568;0.989333;0.505393;0.000000;1.000000;0.000010;0.000010;
17.000029;0.500000;0.000000;0.989328;1.000005;0.500003;0.000005;0.000003;0.988045;-1.009470;0.050479;-0.051568;0.989333;0.505393;0.000000;1.000000;0.000010;0.000010;
17.000061;0.500000;0.000000;0.989328;1.000005;0.500003;0.000005;0.000003;0.988045;-1.009470;0.050479;-0.051568;0.989333;0.505393;0.000000;1.000000;0.000010;0.000010;
17.000125;0.500000;0.000000;0.989328;1.000005;0.500003;0.000005;0.000003;0.988045;-1.009470;0.050479;-0.051568;0.989333;0.505393;0.000000;1.000000;0.000010;0.000010;
17.000253;0.500000;0.000000;0.989328;1.000005;0.500003;0.000005;0.000003;0.988045;-1.009470;0.050479;-0.051568;0.989333;0.505393;0.000000;1.000000;0.000010;0.000010;
17.000509;0.500000;0.000000;0.989328;1.000005;0.500003;0.000005;0.000003;0.988045;-1.009470;0.050479;-0.051568;0.989333;0.505393;0.000000;1.000000;0.000010;0.000010;
17.001021;0.500000;0.000000;0.989328;1.000005;0.500003;0.000005;0.000003;0.988045;-1.009470;0.050479;-0.051568;0.989333;0.505393;0.000000;1.000000;0.000010;0.000010;
17.002045;0.500000;0.000000;0.989328;1.000005;0.500003;0.000005;0.000003;0.988045;-1.009470;0.050479;-0.051568;0.989333;0.505393;0.000000;1.000000;0.000010;0.000010;
17.004093;0.500000;0.000000;0.989328;1.000005;0.500003;0.000005;0.000003;0.988045;-1.009470;0.050479;-0.051568;0.989333;0.505393;0.000000;1.000000;0.000010;0.000010;
17.008189;0.500000;0.000000;0.989328;1.000005;0.500003;0.000005;0.000003;0.988045;-1.009470;0.050479;-0.051568;0.989333;0.505393;0.000000;1.000000;0.000010;0.000010;
17.016381;0.500000;0.000000;0.989328;1.000005;0.500003;0.000005;0.000003;0.988045;-1.009470;0.050479;-0.051568;0.989333;0.505393;0.000000;1.000000;0.000010;0.000010;
17.032765;0.500000;0.000000;0.989328;1.000005;0.500003;0.000005;0.000003;0.988045;-1.009470;0.050479;-0.051568;0.989333;0.505393;0.000000;1.000000;0.000010;0.000010;
17.065533;0.500000;0.000000;0.989328;1.000005;0.500003;0.000005;0.000003;0.988045;-1.009470;0.050479;-0.051568;0.989333;0.505393;-0.000000;1.000000;0.000010;0.000010;
17.131069;0.500000;0.000000;0.989328;1.000005;0.500003;0.000005;0.000003;0.988045;-1.009470;0.050479;-0.051568;0.989333;0.505393;-0.000000;1.000000;0.000010;0.000010;
17.262141;0.500000;0.000000;0.989328;1.000005;0.500003;0.000005;0.000003;0.988045;-1.009470;0.050479;-0.051568;0.989333;0.505393;-0.000000;1.000000;0.000010;0.000010;
17.499997;0.500000;-0.000000;0.989328;1.000005;0.500003;0.000005;0.000003;0.988045;-1.009470;0.050479;-0.051568;0.989333;0.505393;-0.000000;1.000000;0.000010;0.000010;
17.499998;0.500000;-0.000000;0.989328;1.000005;0.500003;0.000005;0.000003;0.988045;-1.009470;0.050479;-0.051568;0.989333;0.505393;-0.000000;1.000000;0.000010;0.000010;
17.499999;0.500000;-0.000000;0.989328;1.000005;0.500003;0.000005;0.000003;0.988045;-1.009470;0.050479;-0.051568;0.989333;0.505393;-0.000000;1.000000;0.000010;0.000010;
17.500001;0.500000;-0.000000;0.989328;1.000005;0.500003;0.000005;0.000003;0.988045;-1.009470;0.050479;-0.051568;0.989333;0.505393;-0.000000;1.000000;0.000010;0.000010;
17.500005;0.500000;-0.000000;0.989328;1.000005;0.500003;0.000005;0.000003;0.988045;-1.009470;0.050479;-0.051568;0.989333;0.505393;-0.000000;1.000000;0.000010;0.000010;
17.500013;0.500000;-0.000000;0.989328;1.000005;0.500003;0.000005;0.000003;0.988045;-1.009470;0.050479;-0.051568;0.989333;0.505393;-0.000000;1.000000;0.000010;0.000010;
17.500029;0.500000;-0.000000;0.989328;1.000005;0.500003;0.000005;0.000003;0.988045;-1.009470;0.050479;-0.051568;0.989333;0.505393;-0.000000;1.000000;0.000010;0.000010;
17.500061;0.500000;-0.000000;0.989328;1.000005;0.500003;0.000005;0.000003;0.988045;-1.009470;0.050479;-0.051568;0.989333;0.505393;-0.000000;1.000000;0.000010;0.000010;
17.500125;0.500000;-0.000000;0.989328;1.000005;0.500003;0.000005;0.000003;0.988045;-1.009470;0.050479;-0.051568;0.989333;0.505393;-0.000000;1.000000;0.000010;0.000010;
17.500253;0.500000;-0.000000;0.989328;1.000005;0.500003;0.000005;0.000003;0.988045;-1.009470;0.050479;-0.051568;0.989333;0.505393;-0.000000;1.000000;0.000010;0.000010;
17.500509;0.500000;-0.000000;0.989328;1.000005;0.500003;0.000005;0.000003;0.988045;-1.009470;0.050479;-0.051568;0.989333;0.505393;-0.000000;1.000000;0.000010;0.000010;
17.501021;0.500000;-0.000000;0.989328;1.000005;0.500003;0.000005;0.000003;0.988045;-1.009470;0.050479;-0.051568;0.989333;0.505393;-0.000000;1.000000;0.000010;0.000010;
17.502045;0.500000;-0.000000;0.989328;1.000005;0.500003;0.000005;0.000003;0.988045;-1.009470;0.050479;-0.051568;0.989333;0.505393;-0.000000;1.000000;0.000010;0.000010;
17.504093;0.500000;-0.000000;0.989328;1.000005;0.500003;0.000005;0.000003;0.988045;-1.009470;0.050479;-0.051568;0.989333;0.505393;-0.000000;1.000000;0.000010;0.000010;
17.508189;0.500000;-0.000000;0.989328;1.000005;0.500003;0.000005;0.000003;0.988045;-1.009470;0.050479;-0.051568;0.989333;0.505393;-0.000000;1.000000;0.000010;0.000010;
17.516381;0.500000;-0.000000;0.989328;1.000005;0.500003;0.000005;0.000003;0.988045;-1.009470;0.050479;-0.051568;0.989333;0.505393;-0.000000;1.000000;0.000010;0.000010;
17.532765;0.500000;-0.000000;0.989328;1.000005;0.500003;0.000005;0.000003;0.988045;-1.009470;0.050479;-0.051568;0.989333;0.505393;-0.000000;1.000000;0.000010;0.000010;
17.565533;0.500000;-0.000000;0.989328;1.000005;0.500003;0.000005;0.000003;0.988045;-1.009470;0.050479;-0.051568;0.989333;0.505393;-0.000000;1.000000;0.000010;0.000010;
17.631069;0.500000;-0.000000;0.989328;1.000005;0.500003;0.000005;0.000003;0.988045;-1.009470;0.050479;-0.051568;0.989333;0.505393;-0.000000;1.000000;0.000010;0.000010;
17.762141;0.500000;-0.000000;0.989328;1.000005;0.500003;0.000005;0.000003;0.988045;-1.009470;0.050479;-0.051568;0.989333;0.505393;-0.000000;1.000000;0.000010;0.000010;
18.024285;0.500000;-0.000000;0.989328;1.000005;0.500003;0.000005;0.000003;0.988045;-1.009470;0.050479;-0.051568;0.989333;0.505393;-0.000000;1.000000;0.000010;0.000010;
18.548573;0.500000;-0.000000;0.989328;1.000005;0.500003;0.000005;0.000003;0.988045;-1.009470;0.050479;-0.051568;0.989333;0.505393;-0.000000;1.000000;0.000010;0.000010;
19.597149;0.500000;-0.000000;0.989328;1.000005;0.500003;0.000005;0.000003;0.988045;-1.009470;0.050479;-0.051568;0.989333;0.505393;-0.000000;1.000000;0.000010;0.000010;
20.000000;0.500000;-0.000000;0.989328;1.000005;0.500003;0.000005;0.000003;0.988045;-1.009470;0.050479;-0.051568;0.989333;0.505393;-0.000000;1.000000;0.000010;0.000010;
