time;SM_generator_IRotorPu;SM_generator_IStatorPu;SM_generator_omegaPu;SM_generator_PGenPu;SM_generator_QGenPu;SM_generator_theta;SM_generator_UPu;SM_generator_efdPu;SM_generator_PmPu;SM_voltageRegulator_UUelPu;
0.000000;2.541132;4.183539;1.000000;3.999994;1.600070;0.835669;1.029787;2.541119;0.892857;0.000000;
0.003897;2.541132;4.183539;1.000000;3.999995;1.600068;0.835669;1.029787;2.541120;0.892857;-0.000000;
0.007794;2.541135;4.183541;1.000000;3.999997;1.600067;0.835669;1.029787;2.541390;0.892857;-0.000000;
0.011691;2.541136;4.183542;1.000000;3.999999;1.600066;0.835669;1.029787;2.541416;0.892857;-0.000000;
0.011691;2.541136;4.183542;1.000000;3.999999;1.600066;0.835669;1.029787;2.541416;0.892857;0.000000;
0.011872;2.541136;4.183542;1.000000;3.999999;1.600066;0.835669;1.029787;2.541267;0.892857;0.000000;
0.012052;2.541136;4.183542;1.000000;3.999999;1.600066;0.835669;1.029787;2.541259;0.892857;0.000000;
0.012413;2.541136;4.183542;1.000000;3.999999;1.600066;0.835669;1.029787;2.541263;0.892857;0.000000;
0.013134;2.541137;4.183542;1.000000;3.999999;1.600066;0.835669;1.029787;2.541258;0.892857;0.000000;
0.014576;2.541137;4.183542;1.000000;4.000000;1.600066;0.835669;1.029787;2.541259;0.892857;0.000000;
0.017461;2.541138;4.183543;1.000000;4.000001;1.600065;0.835669;1.029787;2.541259;0.892857;0.000000;
0.023231;2.541139;4.183545;1.000000;4.000003;1.600064;0.835669;1.029787;2.541260;0.892857;0.000000;
0.034771;2.541142;4.183548;1.000000;4.000006;1.600063;0.835669;1.029787;2.541260;0.892857;0.000000;
0.057852;2.541146;4.183553;1.000000;4.000012;1.600063;0.835669;1.029786;2.541256;0.892857;0.000000;
0.104012;2.541151;4.183560;1.000000;4.000019;1.600066;0.835669;1.029787;2.541236;0.892857;0.000000;
0.196332;2.541151;4.183558;1.000000;4.000015;1.600070;0.835667;1.029787;2.541201;0.892857;0.000000;
0.380974;2.541153;4.183551;1.000000;4.000004;1.600084;0.835664;1.029787;2.541215;0.892857;0.000000;
0.750256;2.541163;4.183556;1.000000;3.999999;1.600117;0.835658;1.029788;2.541232;0.892857;0.000000;
1.000000;2.541162;4.183556;1.000000;3.999998;1.600118;0.835658;1.029788;2.541210;0.892857;0.000000;
1.000000;5.530951;21.725029;1.000000;-0.000000;3.185844;0.835658;0.146644;0.733220;0.892857;0.000000;
1.000000;5.530951;21.725028;1.000000;0.000000;3.185844;0.835658;0.146644;0.733220;0.892857;0.000000;
1.000000;5.530952;21.725026;1.000000;0.000000;3.185843;0.835658;0.146644;0.733220;0.892857;0.000000;
1.000000;5.530952;21.725024;1.000000;-0.000000;3.185842;0.835658;0.146644;0.733220;0.892857;0.000000;
1.000000;5.530953;21.725018;1.000000;-0.000000;3.185841;0.835658;0.146644;0.733219;0.892857;0.000000;
1.000000;5.530955;21.725006;1.000000;-0.000000;3.185837;0.835658;0.146644;0.733219;0.892857;0.000000;
1.000000;5.530959;21.724982;1.000000;-0.000000;3.185830;0.835658;0.146644;0.733218;0.892857;0.000000;
1.000000;5.530966;21.724935;1.000000;-0.000000;3.185816;0.835658;0.146643;0.733217;0.892857;0.000000;
1.000001;5.530981;21.724840;1.000000;-0.000000;3.185788;0.835658;0.146643;0.733213;0.892857;0.000000;
1.000002;5.531012;21.724650;1.000000;0.000000;3.185733;0.835658;0.146641;0.733207;0.892857;0.000000;
1.000002;5.531042;21.724460;1.000000;0.000000;3.185677;0.835658;0.146640;0.733201;0.892857;0.000000;
1.000003;5.531072;21.724271;1.000000;-0.000000;3.185622;0.835658;0.146639;0.733194;0.892857;0.000000;
1.000004;5.531102;21.724081;1.000000;0.000000;3.185566;0.835658;0.146638;0.733188;0.892857;0.000000;
1.000005;5.531133;21.723891;1.000000;-0.000000;3.185510;0.835658;0.146636;0.733181;0.892857;0.000000;
1.000006;5.531163;21.723702;1.000000;-0.000000;3.185455;0.835658;0.146635;0.733175;0.892857;0.000000;
1.000007;5.531193;21.723512;1.000000;-0.000000;3.185399;0.835658;0.146634;0.733169;0.892857;0.000000;
1.000008;5.531223;21.723322;1.000001;-0.000000;3.185343;0.835658;0.146632;0.733162;0.892857;0.000000;
1.000008;5.531254;21.723133;1.000001;0.000000;3.185288;0.835658;0.146631;0.733156;0.892857;0.000000;
1.000009;5.531284;21.722943;1.000001;-0.000000;3.185232;0.835658;0.146630;0.733149;0.892857;0.000000;
1.000010;5.531314;21.722753;1.000001;0.000000;3.185177;0.835658;0.146629;0.733143;0.892857;0.000000;
1.000011;5.531344;21.722564;1.000001;-0.000000;3.185121;0.835658;0.146627;0.733137;0.892857;0.000000;
1.000012;5.531375;21.722374;1.000001;0.000000;3.185065;0.835658;0.146626;0.733130;0.892857;0.000000;
1.000013;5.531405;21.722184;1.000001;0.000000;3.185010;0.835658;0.146625;0.733124;0.892857;0.000000;
1.000014;5.531465;21.721805;1.000001;-0.000000;3.184899;0.835658;0.146622;0.733111;0.892857;0.000000;
1.000015;5.531480;21.721712;1.000001;-0.000000;3.184871;0.835658;0.146622;0.733108;0.892857;0.000000;
1.000015;5.531480;21.721712;1.000001;-0.000000;3.184871;0.835658;0.146622;0.733108;0.892857;0.000000;
1.000015;5.531481;21.721707;1.000001;0.000000;3.184870;0.835658;0.146622;0.731933;0.892857;0.000000;
1.000015;5.531482;21.721702;1.000001;0.000000;3.184868;0.835658;0.146621;0.730762;0.892857;0.000000;
1.000015;5.531483;21.721692;1.000001;-0.000000;3.184865;0.835658;0.146621;0.728425;0.892857;0.000000;
1.000015;5.531487;21.721672;1.000001;-0.000000;3.184859;0.835658;0.146621;0.723782;0.892857;0.000000;
1.000015;5.531493;21.721631;1.000001;-0.000000;3.184847;0.835658;0.146621;0.714623;0.892857;0.000000;
1.000016;5.531506;21.721550;1.000001;0.000000;3.184824;0.835658;0.146620;0.696801;0.892857;0.000000;
1.000016;5.531532;21.721387;1.000001;0.000000;3.184776;0.835658;0.146619;0.663047;0.892857;0.000000;
1.000018;5.531583;21.721062;1.000001;0.000000;3.184680;0.835658;0.146617;0.602392;0.892857;0.000000;
1.000019;5.531635;21.720736;1.000001;0.000000;3.184585;0.835658;0.146615;0.550036;0.892857;0.000000;
1.000021;5.531686;21.720410;1.000001;-0.000000;3.184490;0.835658;0.146613;0.504905;0.892857;0.000000;
1.000022;5.531737;21.720085;1.000002;-0.000000;3.184394;0.835658;0.146611;0.466024;0.892857;0.000000;
1.000024;5.531788;21.719759;1.000002;-0.000000;3.184298;0.835658;0.146608;0.432535;0.892857;0.000000;
1.000025;5.531839;21.719433;1.000002;0.000000;3.184203;0.835658;0.146606;0.403693;0.892857;0.000000;
1.000027;5.531890;21.719107;1.000002;-0.000000;3.184107;0.835658;0.146604;0.378853;0.892857;0.000000;
1.000028;5.531941;21.718781;1.000002;0.000000;3.184012;0.835658;0.146602;0.357461;0.892857;0.000000;
1.000030;5.531992;21.718455;1.000002;-0.000000;3.183916;0.835658;0.146600;0.339037;0.892857;0.000000;
1.000031;5.532043;21.718129;1.000002;-0.000000;3.183821;0.835658;0.146597;0.323171;0.892857;0.000000;
1.000033;5.532093;21.717803;1.000002;-0.000000;3.183725;0.835658;0.146595;0.309505;0.892857;0.000000;
1.000036;5.532195;21.717151;1.000002;0.000000;3.183534;0.835658;0.146591;0.287295;0.892857;0.000000;
1.000038;5.532286;21.716564;1.000003;-0.000000;3.183362;0.835658;0.146587;0.272274;0.892857;0.000000;
1.000041;5.532377;21.715976;1.000003;0.000000;3.183190;0.835658;0.146583;0.260838;0.892857;0.000000;
1.000044;5.532467;21.715389;1.000003;0.000000;3.183017;0.835658;0.146579;0.252141;0.892857;0.000000;
1.000046;5.532558;21.714802;1.000003;-0.000000;3.182845;0.835658;0.146575;0.245529;0.892857;0.000000;
1.000049;5.532649;21.714215;1.000003;0.000000;3.182673;0.835658;0.146571;0.240503;0.892857;0.000000;
1.000052;5.532740;21.713628;1.000004;-0.000000;3.182501;0.835658;0.146567;0.236681;0.892857;0.000000;
1.000054;5.532831;21.713041;1.000004;-0.000000;3.182329;0.835658;0.146563;0.233774;0.892857;0.000000;
1.000060;5.533012;21.711868;1.000004;-0.000000;3.181985;0.835658;0.146555;0.229701;0.892857;0.000000;
1.000065;5.533193;21.710694;1.000005;0.000000;3.181641;0.835658;0.146547;0.227339;0.892857;0.000000;
1.000070;5.533375;21.709520;1.000005;-0.000000;3.181297;0.835658;0.146539;0.226007;0.892857;0.000000;
1.000076;5.533556;21.708347;1.000005;-0.000000;3.180953;0.835658;0.146531;0.225268;0.892857;0.000000;
1.000081;5.533737;21.707174;1.000006;-0.000000;3.180609;0.835658;0.146523;0.224859;0.892857;0.000000;
1.000092;5.534099;21.704828;1.000006;0.000000;3.179922;0.835658;0.146508;0.224412;0.892857;0.000000;
1.000102;5.534462;21.702483;1.000007;-0.000000;3.179235;0.835658;0.146492;0.224326;0.892857;0.000000;
1.000124;5.535185;21.697797;1.000009;0.000000;3.177862;0.835658;0.146460;0.224165;0.892857;0.000000;
1.000166;5.536630;21.688434;1.000012;-0.000000;3.175120;0.835658;0.146397;0.223853;0.892857;0.000000;
1.000252;5.539509;21.669754;1.000018;-0.000000;3.169653;0.835659;0.146271;0.223234;0.892857;0.000000;
1.000423;5.545227;21.632569;1.000029;0.000000;3.158784;0.835660;0.146020;0.222001;0.892857;0.000000;
1.000764;5.556508;21.558895;1.000053;-0.000000;3.137305;0.835666;0.145523;0.219549;0.892857;0.000000;
1.001447;5.578458;21.414285;1.000101;-0.000000;3.095358;0.835688;0.144546;0.214705;0.892857;0.000000;
1.002813;5.620011;21.135594;1.000196;-0.000000;3.015315;0.835772;0.142665;0.205246;0.892857;0.000000;
1.003988;5.653809;20.904919;1.000278;-0.000000;2.949943;0.835880;0.141108;0.197644;0.892857;0.000000;
1.003988;5.653809;20.904924;1.000278;-0.000000;2.949857;0.835880;0.141108;0.197644;0.892857;0.000000;
1.004017;5.654653;20.899196;1.000280;0.000000;2.948241;0.835882;0.141070;0.197858;0.892857;0.000000;
1.004046;5.655496;20.893473;1.000282;-0.000000;2.946626;0.835885;0.141031;0.197629;0.892857;0.000000;
1.004105;5.657179;20.882038;1.000287;-0.000000;2.943402;0.835890;0.140954;0.197260;0.892857;0.000000;
1.004221;5.660527;20.859256;1.000295;0.000000;2.936983;0.835901;0.140800;0.196490;0.892857;0.000000;
1.004454;5.667157;20.813984;1.000311;0.000000;2.924248;0.835923;0.140494;0.194990;0.892857;0.000000;
1.004921;5.680162;20.724587;1.000344;0.000000;2.899183;0.835974;0.139891;0.192016;0.892857;0.000000;
1.005853;5.705178;20.550271;1.000409;-0.000000;2.850617;0.836093;0.138714;0.186165;0.892857;0.000000;
1.006785;5.729231;20.380497;1.000474;0.000000;2.803724;0.836232;0.137568;0.180577;0.892857;0.000000;
1.008650;5.773699;20.057460;1.000604;-0.000000;2.715536;0.836586;0.135388;0.169564;0.892857;0.000000;
1.010328;5.810933;19.780117;1.000721;-0.000000;2.640953;0.836966;0.133516;0.160578;0.892857;0.000000;
1.012006;5.845518;19.515417;1.000838;0.000000;2.570744;0.837407;0.131729;0.151921;0.892857;0.000000;
1.013684;5.877587;19.262743;1.000955;0.000000;2.504606;0.837911;0.130024;0.143680;0.892857;0.000000;
1.017041;5.936240;18.785137;1.001189;-0.000000;2.381956;0.839062;0.126800;0.128775;0.892857;0.000000;
1.020397;5.986544;18.347979;1.001423;-0.000000;2.272381;0.840446;0.123849;0.114192;0.892857;0.000000;
1.020510;5.988097;18.333953;1.001431;-0.000000;2.268901;0.840497;0.123754;0.113737;0.892857;0.000000;
1.020510;5.988097;18.333953;1.001431;-0.000000;2.268903;0.840497;0.123754;0.113737;0.892857;0.000000;
1.020593;5.989234;18.323612;1.001437;-0.000000;2.266345;0.840534;0.123684;0.113779;0.892857;0.000000;
1.020677;5.990366;18.313296;1.001443;0.000000;2.263793;0.840572;0.123615;0.113184;0.892857;0.000000;
1.020844;5.992618;18.292721;1.001454;0.000000;2.258710;0.840648;0.123476;0.112463;0.892857;0.000000;
1.021011;5.994843;18.272273;1.001466;0.000000;2.253663;0.840725;0.123338;0.111817;0.892857;0.000000;
1.021346;5.999214;18.231733;1.001489;0.000000;2.243674;0.840882;0.123064;0.110496;0.892857;0.000000;
1.022015;6.007651;18.152052;1.001536;0.000000;2.224105;0.841205;0.122526;0.107879;0.892857;0.000000;
1.023353;6.023354;17.998068;1.001629;0.000000;2.186531;0.841889;0.121487;0.102762;0.892857;0.000000;
1.024690;6.037936;17.849503;1.001723;0.000000;2.150597;0.842613;0.120484;0.097961;0.892857;0.000000;
1.026028;6.051443;17.706129;1.001816;0.000000;2.116202;0.843377;0.119516;0.092981;0.892857;0.000000;
1.027366;6.063921;17.567733;1.001909;0.000000;2.083263;0.844179;0.118582;0.088731;0.892857;0.000000;
1.028704;6.075413;17.434109;1.002002;0.000000;2.051704;0.845020;0.117680;0.084452;0.892857;0.000000;
1.031379;6.094769;17.183639;1.002189;-0.000000;1.993123;0.846860;0.115990;0.076189;0.892857;0.000000;
1.033787;6.109472;16.971615;1.002356;0.000000;1.944237;0.848642;0.114558;0.069541;0.892857;0.000000;
1.036195;6.121650;16.771879;1.002524;0.000000;1.898745;0.850552;0.113210;0.063217;0.892857;0.000000;
1.038603;6.131491;16.583532;1.002692;-0.000000;1.856339;0.852588;0.111939;0.057285;0.892857;0.000000;
1.043419;6.146223;16.232398;1.003027;-0.000000;1.778570;0.856957;0.109569;0.046891;0.892857;0.000000;
1.048235;6.153614;15.917168;1.003362;-0.000000;1.710159;0.861804;0.107441;0.036732;0.892857;0.000000;
1.053051;6.154328;15.634129;1.003698;0.000000;1.649883;0.867150;0.105530;0.028088;0.892857;0.000000;
1.057867;6.149171;15.379278;1.004033;0.000000;1.596309;0.872998;0.103810;0.020163;0.892857;0.000000;
1.062683;6.139059;15.148075;1.004368;-0.000000;1.548882;0.879353;0.102250;0.013165;0.892857;0.000000;
1.067499;6.124671;14.937655;1.004702;-0.000000;1.505879;0.886215;0.100829;0.006464;0.892857;0.000000;
1.072315;6.106692;14.744370;1.005037;-0.000000;1.467426;0.893582;0.099524;0.001154;0.892857;0.000000;
1.077131;6.085683;14.566100;1.005372;0.000000;1.432152;0.901456;0.098321;-0.004155;0.892857;0.000000;
1.081947;6.062087;14.400625;1.005706;0.000000;1.399802;0.909836;0.097204;-0.008879;0.892857;0.000000;
1.086763;6.036314;14.246111;1.006040;0.000000;1.369929;0.918722;0.096161;-0.013211;0.892857;0.000000;
1.096395;5.979932;13.962981;1.006709;0.000000;1.316013;0.938011;0.094250;-0.021014;0.892857;0.000000;
1.106027;5.918344;13.708335;1.007377;0.000000;1.268388;0.959322;0.092531;-0.027981;0.892857;0.000000;
1.115659;5.853096;13.474891;1.008044;-0.000000;1.225616;0.982653;0.090956;-0.034546;0.892857;0.000000;
1.125291;5.785398;13.257987;1.008711;0.000000;1.186476;1.008003;0.089491;-0.040277;0.892857;0.000000;
1.134923;5.716157;13.053695;1.009378;0.000000;1.150193;1.035371;0.088112;-0.045447;0.892857;0.000000;
1.144555;5.646040;12.859910;1.010044;0.000000;1.116119;1.064755;0.086804;-0.050476;0.892857;0.000000;
1.154187;5.575524;12.673314;1.010710;-0.000000;1.083979;1.096154;0.085545;-0.054871;0.892857;0.000000;
1.163182;5.509634;12.504197;1.011331;-0.000000;1.055382;1.127293;0.084403;-0.059342;0.892857;0.000000;
1.163182;5.509635;12.504152;1.011331;0.000000;1.055383;1.127293;0.084403;-0.059342;0.892857;0.000000;
1.163251;5.509129;12.502879;1.011336;0.000000;1.055173;1.127539;0.084394;-0.059451;0.892857;0.000000;
1.163320;5.508623;12.501606;1.011340;-0.000000;1.054959;1.127786;0.084386;-0.059523;0.892857;0.000000;
1.163458;5.507610;12.499062;1.011350;-0.000000;1.054529;1.128278;0.084369;-0.059594;0.892857;0.000000;
1.163734;5.505585;12.493976;1.011369;-0.000000;1.053671;1.129264;0.084334;-0.059717;0.892857;0.000000;
1.164287;5.501536;12.483824;1.011407;-0.000000;1.051960;1.131245;0.084266;-0.059968;0.892857;0.000000;
1.165392;5.493442;12.463584;1.011483;-0.000000;1.048551;1.135232;0.084129;-0.060470;0.892857;0.000000;
1.167603;5.477271;12.423349;1.011636;-0.000000;1.041792;1.143312;0.083858;-0.061471;0.892857;0.000000;
1.172024;5.445012;12.343803;1.011941;0.000000;1.028494;1.159897;0.083321;-0.063452;0.892857;0.000000;
1.180866;5.380911;12.188027;1.012551;-0.000000;1.002699;1.194761;0.082269;-0.067339;0.892857;0.000000;
1.189708;5.317289;12.035933;1.013160;0.000000;0.977772;1.231317;0.081243;-0.071036;0.892857;0.000000;
1.198550;5.254189;11.886693;1.013769;-0.000000;0.953612;1.269566;0.080235;-0.074844;0.892857;0.000000;
1.216234;5.129319;11.591538;1.014987;0.000000;0.906970;1.350010;0.078243;-0.081553;0.892857;0.000000;
1.232149;5.018816;11.334650;1.016081;0.000000;0.867137;1.427818;0.076509;-0.087792;0.892857;0.000000;
1.248065;4.910278;11.084357;1.017174;-0.000000;0.829337;1.511001;0.074819;-0.093366;0.892857;0.000000;
1.263980;4.803768;10.840291;1.018266;-0.000000;0.793075;1.599616;0.073172;-0.099043;0.892857;0.000000;
1.279896;4.699310;10.601862;1.019357;-0.000000;0.758697;1.693678;0.071563;-0.104748;0.892857;0.000000;
1.311000;4.501054;10.150780;1.021486;-0.000000;0.695574;1.893225;0.068518;-0.114614;0.892857;0.000000;
1.311000;5.037570;18.728629;1.021486;7.626609;-9.600182;1.893225;0.654659;-0.114614;0.892857;0.000000;
1.311000;5.037570;18.728628;1.021486;7.626609;-9.600182;1.893225;0.654659;-0.113785;0.892857;0.000000;
1.311000;5.037570;18.728628;1.021486;7.626609;-9.600182;1.893225;0.654659;-0.112955;0.892857;0.000000;
1.311000;5.037570;18.728627;1.021486;7.626609;-9.600182;1.893225;0.654659;-0.111298;0.892857;0.000000;
1.311000;5.037571;18.728626;1.021486;7.626609;-9.600181;1.893225;0.654659;-0.107984;0.892857;0.000000;
1.311000;5.037571;18.728623;1.021486;7.626610;-9.600180;1.893225;0.654659;-0.101369;0.892857;0.000000;
1.311000;5.037572;18.728618;1.021486;7.626611;-9.600178;1.893226;0.654659;-0.088184;0.892857;0.000000;
1.311000;5.037574;18.728607;1.021486;7.626613;-9.600174;1.893226;0.654659;-0.061991;0.892857;0.000000;
1.311000;5.037578;18.728585;1.021486;7.626617;-9.600166;1.893228;0.654660;-0.010308;0.892857;0.000000;
1.311000;5.037586;18.728542;1.021486;7.626626;-9.600149;1.893230;0.654661;0.090311;0.892857;0.000000;
1.311001;5.037603;18.728456;1.021486;7.626644;-9.600116;1.893235;0.654663;0.281095;0.892857;0.000000;
1.311002;5.037620;18.728370;1.021485;7.626661;-9.600083;1.893240;0.654665;0.458597;0.892857;0.000000;
1.311003;5.037637;18.728284;1.021485;7.626679;-9.600050;1.893245;0.654667;0.623695;0.892857;0.000000;
1.311003;5.037655;18.728199;1.021485;7.626697;-9.600016;1.893250;0.654670;0.777239;0.892857;0.000000;
1.311004;5.037672;18.728113;1.021485;7.626716;-9.599983;1.893255;0.654672;0.920032;0.892857;0.000000;
1.311005;5.037690;18.728028;1.021485;7.626734;-9.599950;1.893259;0.654674;1.052825;0.892857;0.000000;
1.311006;5.037708;18.727942;1.021485;7.626753;-9.599917;1.893264;0.654676;1.176318;0.892857;0.000000;
1.311006;5.037726;18.727857;1.021485;7.626772;-9.599883;1.893269;0.654679;1.291161;0.892857;0.000000;
1.311007;5.037744;18.727772;1.021485;7.626790;-9.599850;1.893274;0.654681;1.397962;0.892857;0.000000;
1.311008;5.037762;18.727687;1.021485;7.626809;-9.599816;1.893279;0.654683;1.497282;0.892857;0.000000;
1.311008;5.037780;18.727602;1.021485;7.626828;-9.599783;1.893284;0.654685;1.589647;0.892857;0.000000;
1.311009;5.037799;18.727517;1.021485;7.626848;-9.599749;1.893289;0.654687;1.675542;0.892857;0.000000;
1.311010;5.037818;18.727432;1.021485;7.626867;-9.599716;1.893294;0.654690;1.755422;0.892857;0.000000;
1.311011;5.037855;18.727262;1.021485;7.626906;-9.599649;1.893303;0.654694;1.899276;0.892857;0.000000;
1.311013;5.037889;18.727110;1.021485;7.626941;-9.599588;1.893312;0.654698;2.012040;0.892857;0.000000;
1.311014;5.037923;18.726957;1.021485;7.626976;-9.599528;1.893321;0.654702;2.111041;0.892857;0.000000;
1.311015;5.037958;18.726805;1.021485;7.627012;-9.599467;1.893330;0.654706;2.197882;0.892857;0.000000;
1.311017;5.037993;18.726653;1.021485;7.627048;-9.599407;1.893339;0.654710;2.274042;0.892857;0.000000;
1.311018;5.038028;18.726501;1.021484;7.627083;-9.599346;1.893347;0.654714;2.340825;0.892857;0.000000;
1.311019;5.038063;18.726349;1.021484;7.627119;-9.599286;1.893356;0.654718;2.399385;0.892857;0.000000;
1.311020;5.038098;18.726198;1.021484;7.627155;-9.599225;1.893365;0.654722;2.450733;0.892857;0.000000;
1.311022;5.038133;18.726046;1.021484;7.627192;-9.599164;1.893374;0.654726;2.495757;0.892857;0.000000;
1.311023;5.038168;18.725894;1.021484;7.627228;-9.599104;1.893383;0.654730;2.535235;0.892857;0.000000;
1.311024;5.038204;18.725743;1.021484;7.627264;-9.599043;1.893392;0.654734;2.569852;0.892857;0.000000;
1.311026;5.038239;18.725591;1.021484;7.627301;-9.598982;1.893400;0.654738;2.600206;0.892857;0.000000;
1.311028;5.038310;18.725289;1.021484;7.627374;-9.598861;1.893418;0.654746;2.650667;0.892857;0.000000;
1.311031;5.038382;18.724986;1.021484;7.627447;-9.598739;1.893436;0.654754;2.689536;0.892857;0.000000;
1.311034;5.038453;18.724683;1.021484;7.627520;-9.598618;1.893453;0.654761;2.719361;0.892857;0.000000;
1.311036;5.038525;18.724381;1.021483;7.627594;-9.598496;1.893471;0.654769;2.742203;0.892857;0.000000;
1.311039;5.038597;18.724079;1.021483;7.627667;-9.598374;1.893488;0.654777;2.759685;0.892857;0.000000;
1.311041;5.038669;18.723777;1.021483;7.627741;-9.598253;1.893506;0.654785;2.773059;0.892857;0.000000;
1.311044;5.038740;18.723474;1.021483;7.627815;-9.598131;1.893524;0.654793;2.783291;0.892857;0.000000;
1.311047;5.038812;18.723172;1.021483;7.627888;-9.598010;1.893541;0.654801;2.791121;0.892857;0.000000;
1.311049;5.038884;18.722870;1.021483;7.627962;-9.597888;1.893559;0.654809;2.797114;0.892857;0.000000;
1.311054;5.039028;18.722266;1.021482;7.628110;-9.597645;1.893594;0.654825;2.805573;0.892857;0.000000;
1.311060;5.039172;18.721662;1.021482;7.628257;-9.597401;1.893629;0.654841;2.810542;0.892857;0.000000;
1.311065;5.039316;18.721059;1.021482;7.628405;-9.597158;1.893664;0.654857;2.813386;0.892857;0.000000;
1.311070;5.039461;18.720455;1.021481;7.628553;-9.596915;1.893700;0.654872;2.814991;0.892857;0.000000;
1.311075;5.039605;18.719852;1.021481;7.628701;-9.596671;1.893735;0.654888;2.815896;0.892857;0.000000;
1.311086;5.039893;18.718645;1.021480;7.628996;-9.596185;1.893805;0.654920;2.816890;0.892857;0.000000;
1.311096;5.040181;18.717440;1.021480;7.629292;-9.595698;1.893876;0.654952;2.817086;0.892857;0.000000;
1.311117;5.040757;18.715030;1.021478;7.629883;-9.594725;1.894017;0.655015;2.817427;0.892857;0.000000;
1.311159;5.041910;18.710219;1.021476;7.631067;-9.592780;1.894298;0.655141;2.818068;0.892857;0.000000;
1.311242;5.044215;18.700626;1.021471;7.633436;-9.588893;1.894862;0.655394;2.819331;0.892857;0.000000;
1.311409;5.048822;18.681560;1.021460;7.638180;-9.581132;1.895987;0.655896;2.821846;0.892857;0.000000;
1.311743;5.058026;18.643904;1.021439;7.647698;-9.565657;1.898237;0.656890;2.826844;0.892857;0.000000;
1.312411;5.076398;18.570468;1.021397;7.666839;-9.534915;1.902728;0.658841;2.836719;0.892857;0.000000;
1.313747;5.112982;18.430863;1.021313;7.705492;-9.474311;1.911673;0.662594;2.855990;0.892857;0.000000;
1.315083;5.149377;18.299008;1.021227;7.745327;-9.414126;1.920583;0.666201;2.873962;0.892857;0.000000;
1.316419;5.185582;18.174745;1.021141;7.786327;-9.354377;1.929456;0.669665;2.891220;0.892857;0.000000;
1.319091;5.257423;17.944576;1.020966;7.872243;-9.235598;1.947117;0.676272;2.922918;0.892857;0.000000;
1.319340;5.264077;17.924481;1.020949;7.880423;-9.224672;1.948756;0.676862;2.925854;0.892857;0.000000;
1.319340;5.264078;17.924497;1.020949;7.880449;-9.224647;1.948756;0.676862;2.925854;0.892857;0.000000;
1.319374;5.264985;17.921773;1.020947;7.881573;-9.223154;1.948979;0.676943;2.926355;0.892857;0.000000;
1.319408;5.265891;17.919054;1.020945;7.882697;-9.221661;1.949202;0.677023;2.927087;0.892857;0.000000;
1.319476;5.267704;17.913627;1.020940;7.884948;-9.218675;1.949649;0.677183;2.927990;0.892857;0.000000;
1.319612;5.271328;17.902845;1.020931;7.889441;-9.212725;1.950542;0.677501;2.929578;0.892857;0.000000;
1.319884;5.278567;17.881535;1.020913;7.898422;-9.200880;1.952326;0.678133;2.932743;0.892857;0.000000;
1.320427;5.293013;17.839912;1.020877;7.916353;-9.177420;1.955888;0.679374;2.939008;0.892857;0.000000;
1.321513;5.321769;17.760547;1.020803;7.952076;-9.131428;1.962987;0.681770;2.951263;0.892857;0.000000;
1.322599;5.350369;17.685371;1.020729;7.988098;-9.086141;1.970061;0.684082;2.962775;0.892857;0.000000;
1.323685;5.378814;17.614305;1.020654;8.024415;-9.041556;1.977109;0.686312;2.973867;0.892857;0.000000;
1.325858;5.435273;17.482241;1.020503;8.098460;-8.953786;1.991145;0.690582;2.994669;0.892857;0.000000;
1.328030;5.491086;17.364738;1.020349;8.173232;-8.869034;2.005083;0.694554;3.014299;0.892857;0.000000;
1.330203;5.546211;17.261182;1.020193;8.248023;-8.787844;2.018916;0.698227;3.032771;0.892857;0.000000;
1.334548;5.654250;17.092284;1.019871;8.396262;-8.636809;2.046256;0.704727;3.064792;0.892857;0.000000;
1.338892;5.759216;16.968912;1.019539;8.540206;-8.502046;2.073149;0.710164;3.091718;0.892857;0.000000;
1.343237;5.860955;16.884696;1.019196;8.677627;-8.384094;2.099582;0.714624;3.112677;0.892857;0.000000;
1.347582;5.959340;16.833803;1.018843;8.806839;-8.282950;2.125540;0.718194;3.130921;0.892857;0.000000;
1.351021;6.034758;16.813379;1.018557;8.902300;-8.214588;2.145741;0.720447;3.142100;0.892857;0.000000;
1.351021;6.034776;16.813829;1.018557;8.902735;-8.214402;2.145741;0.720444;3.142100;0.892857;0.000000;
1.351061;6.035642;16.813690;1.018554;8.903802;-8.213672;2.145974;0.720467;3.142658;0.892857;0.000000;
1.351101;6.036507;16.813555;1.018551;8.904870;-8.212944;2.146208;0.720490;3.142952;0.892857;0.000000;
1.351182;6.038238;16.813292;1.018544;8.907004;-8.211490;2.146675;0.720536;3.143248;0.892857;0.000000;
1.351342;6.041694;16.812797;1.018530;8.911248;-8.208610;2.147608;0.720627;3.143674;0.892857;0.000000;
1.351662;6.048588;16.811918;1.018503;8.919666;-8.202941;2.149471;0.720805;3.144557;0.892857;0.000000;
1.352303;6.062304;16.810597;1.018449;8.936219;-8.191958;2.153186;0.721145;3.146279;0.892857;0.000000;
1.353257;6.082489;16.809863;1.018368;8.960002;-8.176658;2.158679;0.721606;3.148698;0.892857;0.000000;
1.353257;6.082493;16.809787;1.018368;8.959925;-8.176678;2.158679;0.721607;3.148698;0.892857;0.000000;
1.353260;6.082558;16.809784;1.018368;8.960002;-8.176629;2.158697;0.721608;3.148692;0.892857;0.000000;
1.353260;6.082563;16.809784;1.018368;8.960001;-8.176628;2.158697;0.721608;3.148692;0.892857;0.000000;
1.353260;6.082563;16.809784;1.018368;8.960002;-8.176628;2.158697;0.721608;3.148692;0.892857;0.000000;
1.353260;6.082563;16.809784;1.018368;8.960002;-8.176628;2.158697;0.721608;3.148692;0.892857;0.000000;
1.353355;6.084579;16.809718;1.018360;8.962417;-8.175075;2.159246;0.721655;3.148511;0.892857;0.000000;
1.353450;6.086594;16.809661;1.018351;8.964827;-8.173530;2.159795;0.721702;3.148907;0.892857;0.000000;
1.353641;6.090618;16.809576;1.018335;8.969638;-8.170456;2.160892;0.721794;3.149365;0.892857;0.000000;
1.354021;6.098638;16.809566;1.018303;8.979126;-8.164461;2.163081;0.721971;3.150271;0.892857;0.000000;
1.354783;6.114575;16.810096;1.018237;8.997696;-8.152956;2.167444;0.722307;3.151976;0.892857;0.000000;
1.356306;6.146036;16.813234;1.018106;9.033232;-8.131839;2.176107;0.722899;3.155141;0.892857;0.000000;
1.357829;6.177049;16.818620;1.017974;9.067437;-8.112507;2.184707;0.723413;3.157625;0.892857;0.000000;
1.359352;6.207614;16.826059;1.017840;9.100253;-8.094933;2.193243;0.723853;3.160495;0.892857;0.000000;
1.360875;6.237725;16.835398;1.017706;9.131656;-8.079080;2.201715;0.724222;3.161830;0.892857;0.000000;
1.362398;6.267381;16.846493;1.017571;9.161626;-8.064909;2.210123;0.724523;3.163218;0.892857;0.000000;
1.365444;6.325002;16.873849;1.017299;9.215024;-8.043104;2.226677;0.724876;3.165363;0.892857;0.000000;
1.368185;6.375362;16.902970;1.017051;9.258650;-8.028341;2.241363;0.725001;3.165532;0.892857;0.000000;
1.370927;6.424240;16.935711;1.016802;9.297584;-8.018256;2.255834;0.724949;3.165070;0.892857;0.000000;
1.373668;6.471599;16.971866;1.016551;9.331750;-8.012825;2.270077;0.724722;3.163802;0.892857;0.000000;
1.379151;6.562615;17.049432;1.016046;9.389707;-8.011065;2.298074;0.723940;3.158630;0.892857;0.000000;
1.384634;6.648022;17.134015;1.015536;9.430184;-8.023826;2.325247;0.722647;3.151931;0.892857;0.000000;
1.390117;6.727708;17.222368;1.015023;9.452282;-8.050108;2.351557;0.720906;3.142426;0.892857;0.000000;
1.395600;6.801709;17.311861;1.014509;9.456337;-8.088280;2.376988;0.718788;3.131601;0.892857;0.000000;
1.401083;6.870098;17.399804;1.013995;9.442585;-8.136626;2.401537;0.716370;3.119236;0.892857;0.000000;
1.406565;6.933105;17.485873;1.013483;9.413203;-8.193622;2.425202;0.713705;3.104441;0.892857;0.000000;
1.412048;6.990829;17.568465;1.012974;9.369369;-8.257364;2.447989;0.710861;3.090984;0.892857;0.000000;
1.417531;7.043466;17.645661;1.012469;9.311536;-8.326459;2.469903;0.707900;3.076078;0.892857;0.000000;
1.423014;7.091158;17.716784;1.011971;9.240845;-8.399637;2.490954;0.704865;3.060648;0.892857;0.000000;
1.433980;7.172820;17.842250;1.010996;9.070388;-8.553031;2.530530;0.698735;3.028977;0.892857;0.000000;
1.440106;7.210990;17.900933;1.010467;8.960002;-8.640591;2.551209;0.695358;3.011689;0.892857;0.000000;
1.440106;7.210914;17.900968;1.010467;8.959973;-8.640636;2.551209;0.695357;3.011689;0.892857;0.000000;
1.440142;7.211141;17.901289;1.010464;8.959284;-8.641160;2.551327;0.695337;3.012386;0.892857;0.000000;
1.440178;7.211348;17.901609;1.010461;8.958594;-8.641683;2.551445;0.695317;3.012380;0.892857;0.000000;
1.440250;7.211761;17.902248;1.010455;8.957214;-8.642729;2.551680;0.695277;3.012251;0.892857;0.000000;
1.440393;7.212584;17.903522;1.010442;8.954448;-8.644822;2.552151;0.695198;3.011803;0.892857;0.000000;
1.440680;7.214220;17.906054;1.010418;8.948897;-8.649010;2.553091;0.695039;3.010993;0.892857;0.000000;
1.441254;7.217450;17.911052;1.010369;8.937723;-8.657390;2.554961;0.694722;3.009379;0.892857;0.000000;
1.442403;7.223745;17.920789;1.010271;8.915092;-8.674159;2.558667;0.694090;3.006159;0.892857;0.000000;
1.444700;7.235688;17.939225;1.010078;8.868777;-8.707695;2.565939;0.692837;2.999748;0.892857;0.000000;
1.449293;7.257085;17.971984;1.009699;8.772513;-8.774426;2.579936;0.690383;2.987064;0.892857;0.000000;
1.453887;7.275960;18.000294;1.009328;8.672977;-8.840204;2.593397;0.688003;2.974855;0.892857;0.000000;
1.458480;7.292441;18.024277;1.008965;8.570701;-8.904785;2.606333;0.685703;2.962382;0.892857;0.000000;
1.467667;7.319917;18.061692;1.008257;8.360930;-9.029734;2.631013;0.681340;2.941086;0.892857;0.000000;
1.475936;7.337763;18.082486;1.007648;8.166882;-9.136812;2.651638;0.677715;2.922546;0.892857;0.000000;
1.484204;7.349437;18.091530;1.007065;7.969818;-9.238076;2.670749;0.674397;2.905584;0.892857;0.000000;
1.492472;7.355456;18.089861;1.006510;7.771971;-9.333124;2.688388;0.671395;2.890347;0.892857;0.000000;
1.500741;7.356319;18.078269;1.005983;7.575218;-9.421478;2.704621;0.668716;2.877147;0.892857;0.000000;
1.509009;7.352607;18.057768;1.005484;7.381206;-9.503047;2.719521;0.666357;2.864526;0.892857;0.000000;
1.517277;7.344753;18.029190;1.005012;7.191218;-9.577739;2.733160;0.664310;2.854831;0.892857;0.000000;
1.525446;7.333383;17.993907;1.004572;7.008551;-9.644913;2.745464;0.662582;2.845056;0.892857;0.000000;
1.525446;7.333330;17.993870;1.004572;7.008571;-9.644921;2.745464;0.662583;2.845056;0.892857;0.000000;
1.525532;7.333218;17.993463;1.004567;7.006673;-9.645595;2.745588;0.662567;2.845354;0.892857;0.000000;
1.525618;7.333079;17.993054;1.004563;7.004775;-9.646268;2.745711;0.662550;2.845230;0.892857;0.000000;
1.525790;7.332801;17.992235;1.004554;7.000982;-9.647612;2.745958;0.662517;2.845065;0.892857;0.000000;
1.526135;7.332238;17.990586;1.004536;6.993407;-9.650290;2.746449;0.662451;2.844710;0.892857;0.000000;
1.526824;7.331091;17.987246;1.004500;6.978300;-9.655603;2.747423;0.662321;2.844029;0.892857;0.000000;
1.528203;7.328713;17.980406;1.004429;6.948257;-9.666065;2.749341;0.662068;2.842691;0.892857;0.000000;
1.530959;7.323629;17.966105;1.004291;6.888876;-9.686336;2.753057;0.661590;2.840104;0.892857;0.000000;
1.536473;7.312242;17.935172;1.004025;6.773069;-9.724303;2.760029;0.660746;2.835286;0.892857;0.000000;
1.541986;7.299689;17.901874;1.003770;6.660379;-9.759467;2.766560;0.660020;2.831437;0.892857;0.000000;
1.547500;7.286056;17.866453;1.003525;6.550897;-9.791959;2.772666;0.659405;2.827035;0.892857;0.000000;
1.553013;7.271444;17.829103;1.003291;6.444703;-9.821878;2.778366;0.658896;2.824997;0.892857;0.000000;
1.558526;7.255926;17.789982;1.003066;6.341843;-9.849326;2.783677;0.658488;2.822833;0.892857;0.000000;
1.564040;7.239574;17.749243;1.002851;6.242347;-9.874402;2.788615;0.658176;2.821145;0.892857;0.000000;
1.575067;7.205125;17.664507;1.002442;6.051438;-9.918996;2.797665;0.657773;2.820195;0.892857;0.000000;
1.586094;7.168090;17.574702;1.002065;5.873211;-9.955371;2.805455;0.657691;2.818634;0.892857;0.000000;
1.592057;7.147112;17.524443;1.001875;5.782228;-9.971890;2.809158;0.657768;2.819082;0.892857;0.000000;
1.592057;7.147099;17.524326;1.001875;5.782247;-9.971822;2.809158;0.657771;2.819082;0.892857;0.000000;
1.592059;7.147094;17.524314;1.001875;5.782225;-9.971826;2.809159;0.657771;2.819083;0.892857;0.000000;
1.592059;7.147094;17.524313;1.001875;5.782227;-9.971825;2.809159;0.657771;2.819083;0.892857;0.000000;
1.592264;7.146357;17.522553;1.001869;5.779161;-9.972352;2.809280;0.657775;2.819182;0.892857;0.000000;
1.592470;7.145619;17.520792;1.001863;5.776100;-9.972876;2.809400;0.657780;2.819215;0.892857;0.000000;
1.592881;7.144143;17.517267;1.001850;5.769988;-9.973918;2.809640;0.657789;2.819250;0.892857;0.000000;
1.593704;7.141175;17.510192;1.001825;5.757850;-9.975959;2.810111;0.657809;2.819314;0.892857;0.000000;
1.595348;7.135197;17.495963;1.001775;5.733862;-9.979890;2.811028;0.657854;2.819469;0.892857;0.000000;
1.597768;7.126282;17.474801;1.001704;5.699412;-9.985240;2.812304;0.657937;2.819749;0.892857;0.000000;
1.597768;7.126282;17.474813;1.001704;5.699405;-9.985256;2.812304;0.657937;2.819749;0.892857;-0.000000;
1.597974;7.125522;17.473008;1.001698;5.696448;-9.985717;2.812414;0.657944;2.819833;0.892857;0.000397;
1.598181;7.124762;17.471202;1.001692;5.693496;-9.986174;2.812524;0.657951;2.819889;0.892857;0.000794;
1.598595;7.123239;17.467587;1.001679;5.687602;-9.987084;2.812743;0.657966;2.819953;0.892857;0.001588;
1.599422;7.120185;17.460342;1.001655;5.675869;-9.988874;2.813176;0.657995;2.820075;0.892857;0.003174;
1.601076;7.114027;17.445764;1.001608;5.652752;-9.992281;2.814011;0.658062;2.820322;0.892857;0.006338;
1.604384;7.101561;17.416333;1.001515;5.607650;-9.998531;2.815586;0.658215;2.820912;0.892857;0.012637;
1.611001;7.076083;17.356484;1.001339;5.521876;-10.008865;2.818370;0.658603;2.822348;0.892857;0.025131;
1.617618;7.050113;17.295717;1.001173;5.440497;-10.016992;2.820808;0.659070;2.824479;0.892857;0.037526;
1.624235;7.023702;17.234170;1.001016;5.363369;-10.023063;2.822920;0.659611;2.826210;0.892857;0.049827;
1.637468;6.970043;17.109687;1.000720;5.218723;-10.030560;2.826432;0.660851;2.833145;0.892857;0.074227;
1.649379;6.920709;16.995836;1.000479;5.101199;-10.031502;2.828668;0.662164;2.839144;0.892857;0.095929;
1.661289;6.870548;16.880671;1.000261;4.995429;-10.027365;2.830063;0.663645;2.846260;0.892857;0.117404;
1.673199;6.819747;16.764445;1.000064;4.900902;-10.018523;2.830681;0.665277;2.854565;0.892857;0.138677;
1.697020;6.717065;16.530445;0.999720;4.741740;-9.988900;2.829954;0.668901;2.871918;0.892857;0.180771;
1.720840;6.613502;16.295487;0.999434;4.618302;-9.945512;2.826885;0.672916;2.891246;0.892857;0.222384;
1.730405;6.571864;16.201189;0.999331;4.577423;-9.924834;2.825095;0.674614;2.899377;0.892857;0.239003;
1.730405;6.571870;16.201191;0.999331;4.577546;-9.924793;2.825095;0.674615;2.899377;0.892857;0.239003;
1.730465;6.571608;16.200596;0.999331;4.577308;-9.924655;2.825082;0.674626;2.898945;0.892857;0.239003;
1.730525;6.571345;16.200002;0.999330;4.577071;-9.924518;2.825070;0.674637;2.898973;0.892857;0.239003;
1.730645;6.570819;16.198813;0.999329;4.576598;-9.924242;2.825044;0.674659;2.899056;0.892857;0.239003;
1.730886;6.569769;16.196436;0.999326;4.575654;-9.923689;2.824993;0.674702;2.899283;0.892857;0.239003;
1.731367;6.567667;16.191682;0.999322;4.573779;-9.922580;2.824891;0.674790;2.899703;0.892857;0.239003;
1.732329;6.563465;16.182174;0.999312;4.570075;-9.920346;2.824683;0.674965;2.900544;0.892857;0.239003;
1.734253;6.555061;16.163163;0.999293;4.562852;-9.915812;2.824255;0.675317;2.902231;0.892857;0.239003;
1.738102;6.538262;16.125164;0.999256;4.549129;-9.906492;2.823356;0.676028;2.905625;0.892857;0.239003;
1.745800;6.504712;16.049282;0.999186;4.524450;-9.886894;2.821387;0.677473;2.912490;0.892857;0.239003;
1.753497;6.471221;15.973547;0.999118;4.502348;-9.866344;2.819254;0.678940;2.919557;0.892857;0.239003;
1.761195;6.437793;15.897959;0.999053;4.482679;-9.844888;2.816964;0.680427;2.926509;0.892857;0.239003;
1.776590;6.371100;15.747148;0.998929;4.448401;-9.799887;2.812035;0.683441;2.941318;0.892857;0.239003;
1.791985;6.304699;15.596956;0.998811;4.422135;-9.751773;2.806561;0.686518;2.956027;0.892857;0.239003;
1.807380;6.238625;15.447392;0.998700;4.403525;-9.700640;2.800544;0.689652;2.971182;0.892857;0.239003;
1.838171;6.107518;15.150100;0.998485;4.386498;-9.590006;2.786943;0.696074;3.002187;0.892857;0.239003;
1.868961;5.977589;14.854423;0.998272;4.393200;-9.468573;2.771266;0.702693;3.033926;0.892857;0.239003;
1.899751;5.848459;14.559176;0.998050;4.420098;-9.336484;2.753467;0.709512;3.066728;0.892857;0.239003;
1.930542;5.719501;14.262676;0.997810;4.464310;-9.193366;2.733409;0.716551;3.100218;0.892857;0.239003;
1.961332;5.589840;13.962603;0.997541;4.523393;-9.038252;2.710868;0.723854;3.135057;0.892857;0.239003;
1.992122;5.458336;13.656011;0.997238;4.595152;-8.869607;2.685544;0.731479;3.171539;0.892857;0.239003;
2.022913;5.323545;13.339248;0.996894;4.677312;-8.685340;2.657069;0.739504;3.209952;0.892857;0.239003;
2.053703;5.183697;13.007886;0.996503;4.767164;-8.482806;2.625025;0.748022;3.250755;0.892857;0.239003;
2.084493;5.036673;12.656661;0.996063;4.861158;-8.258854;2.588954;0.757135;3.294505;0.892857;0.239003;
2.115283;4.879995;12.279459;0.995573;4.954465;-8.009928;2.548378;0.766953;3.341762;0.892857;0.239003;
2.146074;4.710847;11.869383;0.995035;5.040517;-7.732259;2.502832;0.777584;3.393085;0.892857;0.239003;
2.176864;4.526163;11.418965;0.994455;5.110604;-7.422204;2.451893;0.789118;3.448967;0.892857;0.239003;
2.207654;4.322809;10.920628;0.993847;5.153632;-7.076769;2.395232;0.801608;3.509726;0.892857;0.239003;
2.238445;4.097895;10.367461;0.993227;5.156255;-6.694351;2.332671;0.815050;3.575381;0.892857;0.239003;
2.266156;3.877350;9.820152;0.992679;5.114466;-6.319741;2.271327;0.827889;3.637855;0.892857;0.239003;
2.293867;3.635484;9.222666;0.992166;5.016591;-5.918961;2.205413;0.841285;3.703062;0.892857;0.239003;
2.318807;3.400795;8.643454;0.991757;4.873973;-5.539629;2.142512;0.853658;3.762997;0.892857;0.239003;
2.343748;3.151398;8.029265;0.991423;4.674591;-5.148743;2.076744;0.866111;3.822414;0.892857;0.239003;
2.368688;2.889889;7.387888;0.991190;4.417294;-4.753987;2.008801;0.878390;3.882851;0.892857;0.239003;
2.393628;2.620116;6.730121;0.991081;4.104149;-4.364336;1.939567;0.890212;3.939839;0.892857;0.239003;
2.418568;2.348085;6.072677;0.991119;3.746967;-3.989811;1.870101;0.901319;3.991589;0.892857;0.239003;
2.441014;2.105932;5.493770;0.991292;3.395960;-3.672647;1.808322;0.910502;4.035407;0.892857;0.239003;
2.463460;1.872119;4.942885;0.991605;3.031987;-3.380962;1.748262;0.918765;4.075310;0.892857;0.239003;
2.483662;1.673262;4.482552;0.992007;2.705947;-3.143733;1.696453;0.925347;4.105466;0.892857;0.239003;
2.503863;1.489655;4.065939;0.992522;2.394205;-2.932546;1.647544;0.931094;4.132142;0.892857;0.239003;
2.524065;1.325038;3.700517;0.993141;2.108815;-2.747833;1.602221;0.936023;4.154724;0.892857;0.239003;
2.544266;1.182660;3.390872;0.993854;1.860804;-2.588657;1.561109;0.940190;4.173485;0.892857;0.239003;
2.564468;1.065157;3.138353;0.994644;1.659529;-2.452941;1.524745;0.943673;4.188835;0.892857;0.239003;
2.584669;0.974624;2.941414;0.995495;1.512259;-2.337767;1.493565;0.946571;4.200824;0.892857;0.239003;
2.604871;0.911891;2.796710;0.996387;1.423707;-2.239863;1.467885;0.948982;4.210779;0.892857;0.239003;
2.625073;0.877522;2.701007;0.997298;1.396475;-2.155891;1.447894;0.951000;4.219305;0.892857;0.239003;
2.645274;0.871486;2.652420;0.998207;1.430878;-2.082830;1.433643;0.952705;4.225355;0.892857;0.239003;
2.665476;0.892773;2.651121;0.999092;1.525094;-2.018144;1.425052;0.954158;4.230642;0.892857;0.239003;
2.667578;0.896473;2.653716;0.999182;1.538133;-2.011791;1.424470;0.954297;4.231081;0.892857;0.239003;
2.667578;0.896450;2.653657;0.999182;1.538074;-2.011784;1.424470;0.954297;4.231081;0.892857;0.239003;
2.667693;0.896682;2.653829;0.999187;1.538816;-2.011445;1.424441;0.954305;4.231416;0.892857;0.239003;
2.667808;0.896897;2.654001;0.999192;1.539560;-2.011108;1.424412;0.954312;4.231490;0.892857;0.239003;
2.668037;0.897329;2.654350;0.999202;1.541050;-2.010434;1.424354;0.954327;4.231550;0.892857;0.239003;
2.668495;0.898209;2.655077;0.999221;1.544067;-2.009091;1.424242;0.954356;4.231643;0.892857;0.239003;
2.669412;0.900023;2.656629;0.999260;1.550216;-2.006417;1.424029;0.954414;4.231840;0.892857;0.239003;
2.671246;0.903864;2.660130;0.999339;1.562976;-2.001121;1.423648;0.954528;4.232231;0.892857;0.239003;
2.674914;0.912382;2.668708;0.999493;1.590305;-1.990723;1.423064;0.954750;4.232991;0.892857;0.239003;
2.682250;0.932660;2.692132;0.999794;1.651930;-1.970647;1.422588;0.955170;4.234433;0.892857;0.239003;
2.689585;0.956068;2.722145;1.000086;1.720224;-1.951182;1.422786;0.955567;4.235664;0.892857;0.239003;
2.696921;0.982487;2.758869;1.000368;1.794894;-1.932342;1.423633;0.955941;4.237015;0.892857;0.239003;
2.711592;1.041976;2.849370;1.000908;1.958225;-1.896133;1.426780;0.956629;4.238672;0.892857;0.239003;
2.726263;1.111554;2.965649;1.001404;2.142476;-1.862393;1.432140;0.957222;4.240305;0.892857;0.239003;
2.740934;1.190777;3.108150;1.001853;2.346354;-1.831612;1.439634;0.957700;4.241232;0.892857;0.239003;
2.760639;1.310068;3.336216;1.002367;2.645110;-1.795017;1.452619;0.958169;4.241472;0.892857;0.239003;
2.780344;1.441554;3.601201;1.002775;2.966018;-1.764962;1.468424;0.958402;4.240746;0.892857;0.239003;
2.800049;1.582010;3.894642;1.003071;3.301082;-1.742141;1.486392;0.958386;4.238723;0.892857;0.239003;
2.819753;1.727873;4.206562;1.003251;3.641632;-1.726998;1.505796;0.958119;4.235334;0.892857;0.239003;
2.839458;1.875797;4.527169;1.003316;3.979667;-1.719573;1.525946;0.957616;4.230868;0.892857;0.239003;
2.859163;2.022407;4.846762;1.003268;4.307326;-1.719512;1.546145;0.956901;4.225373;0.892857;0.239003;
2.878868;2.164433;5.156078;1.003111;4.617280;-1.725879;1.565713;0.956018;4.219040;0.892857;0.239003;
2.883794;2.199080;5.231253;1.003055;4.691667;-1.728377;1.570475;0.955775;4.217474;0.892857;0.239003;
2.886257;2.216224;5.268406;1.003024;4.728293;-1.729750;1.572827;0.955651;4.216642;0.892857;0.239003;
2.887488;2.224744;5.286855;1.003008;4.746450;-1.730463;1.573994;0.955589;4.216215;0.892857;0.239003;
2.888104;2.228991;5.296046;1.003000;4.755488;-1.730827;1.574575;0.955557;4.216001;0.892857;0.239003;
2.888412;2.231111;5.300634;1.002996;4.759997;-1.731010;1.574865;0.955541;4.215893;0.892857;0.239003;
2.889028;2.235345;5.309791;1.002988;4.768995;-1.731379;1.575444;0.955510;4.215678;0.892857;0.239003;
2.889105;2.235873;5.310934;1.002987;4.770118;-1.731425;1.575516;0.955506;4.215651;0.892857;0.239003;
2.889143;2.236137;5.311505;1.002986;4.770679;-1.731449;1.575552;0.955504;4.215637;0.892857;0.239003;
2.889163;2.236270;5.311791;1.002986;4.770959;-1.731460;1.575570;0.955503;4.215631;0.892857;0.239003;
2.889172;2.236336;5.311934;1.002986;4.771100;-1.731466;1.575579;0.955502;4.215627;0.892857;0.239003;
2.889177;2.236369;5.312005;1.002986;4.771170;-1.731469;1.575584;0.955502;4.215625;0.892857;0.239003;
2.889179;2.236385;5.312041;1.002986;4.771205;-1.731470;1.575586;0.955502;4.215625;0.892857;0.239003;
2.889184;2.236418;5.312112;1.002986;4.771275;-1.731473;1.575590;0.955502;4.215623;0.892857;0.239003;
2.889194;2.236484;5.312255;1.002986;4.771415;-1.731479;1.575599;0.955501;4.215511;0.892857;0.239003;
2.889213;2.236616;5.312541;1.002986;4.771696;-1.731491;1.575617;0.955500;4.215203;0.892857;0.239003;
2.889252;2.236880;5.313112;1.002985;4.772257;-1.731514;1.575654;0.955498;4.214398;0.892857;0.239003;
2.889329;2.237408;5.314253;1.002984;4.773378;-1.731561;1.575726;0.955494;4.212807;0.892857;0.239003;
2.889483;2.238462;5.316534;1.002982;4.775617;-1.731655;1.575870;0.955486;4.209629;0.892857;0.239003;
2.889790;2.240564;5.321087;1.002978;4.780086;-1.731844;1.576158;0.955471;4.203277;0.892857;0.239003;
2.890406;2.244746;5.330158;1.002969;4.788985;-1.732228;1.576732;0.955439;4.190611;0.892857;0.239003;
2.891638;2.253020;5.348158;1.002952;4.806621;-1.733019;1.577874;0.955375;4.165362;0.892857;0.239003;
2.894101;2.269209;5.383568;1.002916;4.841234;-1.734691;1.580131;0.955247;4.115253;0.892857;0.239003;
2.899027;2.300190;5.451924;1.002838;4.907742;-1.738357;1.584523;0.954987;4.019664;0.892857;0.239003;
2.903953;2.329760;5.517707;1.002755;4.971404;-1.742348;1.588786;0.954724;3.923403;0.892857;0.239003;
2.908879;2.357909;5.580785;1.002666;5.032128;-1.746627;1.592912;0.954460;3.827151;0.892857;0.239003;
2.913869;2.385539;5.642842;1.002573;5.091639;-1.751142;1.596993;0.954192;3.749169;0.892857;0.239003;
2.918046;2.407776;5.692949;1.002492;5.139477;-1.755087;1.600309;0.953968;3.677955;0.892857;0.239003;
2.922224;2.428643;5.740105;1.002406;5.184258;-1.759192;1.603467;0.953746;3.610374;0.892857;0.239003;
2.926402;2.448566;5.785162;1.002316;5.226869;-1.763386;1.606507;0.953527;3.546083;0.892857;0.239003;
2.930579;2.467556;5.828090;1.002224;5.267302;-1.767641;1.609426;0.953312;3.484638;0.892857;0.239003;
2.938935;2.503382;5.908924;1.002033;5.343050;-1.776244;1.614971;0.952891;3.368996;0.892857;0.239003;
2.947290;2.535742;5.981515;1.001833;5.410543;-1.784841;1.620026;0.952491;3.262459;0.892857;0.239003;
2.955646;2.564533;6.045420;1.001623;5.469485;-1.793232;1.624552;0.952117;3.165283;0.892857;0.239003;
2.964783;2.592069;6.105282;1.001385;5.524239;-1.801907;1.628861;0.951748;3.083834;0.892857;0.239003;
2.972665;2.612527;6.148462;1.001173;5.563391;-1.808798;1.632024;0.951465;3.019495;0.892857;0.239003;
2.979760;2.628371;6.180641;1.000978;5.592328;-1.814390;1.634418;0.951244;2.970103;0.892857;0.239003;
2.986854;2.641837;6.206557;1.000780;5.615439;-1.819272;1.636375;0.951057;2.929006;0.892857;0.239003;
3.001042;2.661869;6.240021;1.000377;5.644848;-1.826461;1.638946;0.950795;2.869252;0.892857;0.239003;
3.015230;2.673013;6.249675;0.999970;5.652749;-1.829761;1.639715;0.950692;2.838631;0.892857;0.239003;
3.029419;2.675723;6.236586;0.999564;5.640445;-1.828659;1.638674;0.950756;2.834730;0.892857;0.239003;
3.043607;2.670535;6.202062;0.999162;5.609382;-1.822775;1.635837;0.950992;2.857591;0.892857;0.239003;
3.043662;2.670499;6.201884;0.999160;5.609225;-1.822741;1.635823;0.950993;2.855817;0.892857;0.239003;
3.043771;2.670428;6.201535;0.999157;5.608912;-1.822677;1.635794;0.950995;2.855455;0.892857;0.239003;
3.043967;2.670298;6.200900;0.999152;5.608345;-1.822561;1.635741;0.951000;2.855973;0.892857;0.239003;
3.044361;2.670032;6.199615;0.999141;5.607196;-1.822324;1.635635;0.951009;2.856922;0.892857;0.239003;
3.045147;2.669478;6.196983;0.999119;5.604846;-1.821836;1.635418;0.951028;2.858811;0.892857;0.239003;
3.046720;2.668279;6.191476;0.999075;5.599936;-1.820797;1.634960;0.951068;2.862755;0.892857;0.239003;
3.049865;2.665526;6.179503;0.998987;5.589293;-1.818465;1.633960;0.951156;2.871299;0.892857;0.239003;
3.056155;2.658674;6.151889;0.998815;5.564880;-1.812777;1.631619;0.951366;2.894857;0.892857;0.239003;
3.061349;2.652121;6.126660;0.998675;5.542652;-1.807390;1.629458;0.951561;2.915945;0.892857;0.239003;
3.066543;2.644704;6.099090;0.998537;5.518436;-1.801314;1.627071;0.951779;2.939531;0.892857;0.239003;
3.071737;2.636454;6.069264;0.998402;5.492307;-1.794556;1.624464;0.952018;2.965450;0.892857;0.239003;
3.082124;2.618109;6.004616;0.998137;5.435803;-1.779490;1.618745;0.952544;3.022471;0.892857;0.239003;
3.092512;2.596904;5.932250;0.997882;5.372763;-1.761958;1.612232;0.953146;3.086334;0.892857;0.239003;
3.113287;2.546835;5.766823;0.997411;5.229277;-1.719649;1.596890;0.954559;3.238115;0.892857;0.239003;
3.134063;2.488022;5.577760;0.996995;5.065827;-1.668575;1.578702;0.956217;3.412994;0.892857;0.239003;
3.152760;2.429287;5.391843;0.996674;4.905344;-1.616153;1.560178;0.957877;3.586809;0.892857;0.239003;
3.171458;2.366842;5.195758;0.996406;4.736195;-1.558804;1.539928;0.959652;3.771623;0.892857;0.239003;
3.190156;2.302382;4.993991;0.996194;4.562197;-1.497690;1.518273;0.961504;3.963180;0.892857;0.239003;
3.208854;2.237558;4.790902;0.996039;4.387130;-1.433933;1.495541;0.963394;4.157110;0.892857;0.239003;
3.213528;2.221377;4.740107;0.996009;4.343364;-1.417604;1.489706;0.963871;4.205989;0.892857;0.239003;
3.215866;2.213315;4.714772;0.995995;4.321541;-1.409400;1.486770;0.964110;4.230095;0.892857;0.239003;
3.217034;2.209293;4.702130;0.995988;4.310651;-1.405290;1.485299;0.964230;4.242150;0.892857;0.239003;
3.217618;2.207286;4.695816;0.995985;4.305213;-1.403234;1.484562;0.964290;4.248193;0.892857;0.239003;
3.217637;2.207223;4.695618;0.995985;4.305043;-1.403169;1.484539;0.964291;4.248382;0.892857;0.239003;
3.217646;2.207192;4.695520;0.995985;4.304958;-1.403137;1.484527;0.964292;4.248465;0.892857;0.239003;
3.217664;2.207129;4.695322;0.995985;4.304788;-1.403073;1.484504;0.964294;4.248409;0.892857;0.239003;
3.217701;2.207004;4.694928;0.995985;4.304448;-1.402944;1.484458;0.964298;4.248486;0.892857;0.239003;
3.217774;2.206753;4.694139;0.995985;4.303769;-1.402687;1.484366;0.964305;4.248518;0.892857;0.239003;
3.217920;2.206250;4.692561;0.995984;4.302410;-1.402173;1.484182;0.964320;4.248580;0.892857;0.239003;
3.218212;2.205245;4.689406;0.995982;4.299692;-1.401145;1.483813;0.964350;4.248702;0.892857;0.239003;
3.218796;2.203231;4.683096;0.995979;4.294256;-1.399089;1.483075;0.964410;4.248947;0.892857;0.239003;
3.219965;2.199188;4.670480;0.995973;4.283383;-1.394980;1.481597;0.964529;4.249435;0.892857;0.239003;
3.222302;2.191048;4.645267;0.995963;4.261642;-1.386773;1.478632;0.964767;4.250411;0.892857;0.239003;
3.226976;2.174595;4.594967;0.995945;4.218215;-1.370420;1.472677;0.965240;4.252355;0.892857;0.239003;
3.236325;2.141298;4.495266;0.995923;4.131939;-1.338072;1.460703;0.966171;4.256207;0.892857;0.239003;
3.255023;2.075166;4.302701;0.995935;3.964709;-1.275494;1.436823;0.967957;4.263730;0.892857;0.239003;
3.271768;2.017646;4.137674;0.995987;3.820850;-1.221590;1.415711;0.969477;4.269799;0.892857;0.239003;
3.288513;1.962990;3.982481;0.996079;3.685285;-1.170226;1.395083;0.970907;4.275461;0.892857;0.239003;
3.303584;1.916813;3.852142;0.996192;3.571388;-1.126177;1.377045;0.972118;4.280064;0.892857;0.239003;
3.317147;1.878149;3.743334;0.996317;3.476443;-1.088326;1.361326;0.973145;4.283889;0.892857;0.239003;
3.330711;1.842845;3.644065;0.996461;3.390177;-1.052270;1.346223;0.974110;4.287472;0.892857;0.239003;
3.342918;1.814191;3.563343;0.996607;3.320487;-1.021273;1.333217;0.974927;4.290159;0.892857;0.239003;
3.355125;1.788718;3.491345;0.996765;3.258976;-0.991591;1.320818;0.975697;4.292898;0.892857;0.239003;
3.366111;1.768478;3.433749;0.996917;3.210443;-0.965782;1.310176;0.976357;4.295348;0.892857;0.239003;
3.377098;1.751051;3.383611;0.997077;3.168997;-0.940882;1.300087;0.976982;4.297476;0.892857;0.239003;
3.388084;1.736517;3.341077;0.997243;3.134854;-0.916755;1.290571;0.977577;4.299780;0.892857;0.239003;
3.410057;1.714364;3.273707;0.997587;3.083751;-0.869610;1.272931;0.978713;4.303000;0.892857;0.239003;
3.432030;1.703341;3.234960;0.997942;3.060406;-0.824357;1.257573;0.979761;4.306399;0.892857;0.239003;
3.454003;1.703807;3.225521;0.998300;3.065609;-0.780396;1.244630;0.980735;4.309158;0.892857;0.239003;
3.497948;1.736800;3.285765;0.998971;3.153186;-0.692933;1.225729;0.982550;4.313899;0.892857;0.239003;
3.523872;1.774132;3.365006;0.999321;3.247032;-0.640855;1.218581;0.983559;4.316774;0.892857;0.239003;
3.523872;1.774149;3.364907;0.999321;3.246984;-0.640730;1.218581;0.983563;4.316774;0.892857;0.239003;
3.523872;1.774149;3.364907;0.999321;3.246984;-0.640730;1.218581;0.983563;4.316774;0.892857;0.239003;
3.523872;1.774149;3.364907;0.999321;3.246984;-0.640730;1.218581;0.983563;4.316774;0.892857;0.239003;
3.523989;1.774352;3.365353;0.999323;3.247493;-0.640497;1.218556;0.983568;4.317110;0.892857;0.239003;
3.524106;1.774555;3.365800;0.999324;3.248002;-0.640265;1.218531;0.983572;4.317158;0.892857;0.239003;
3.524341;1.774962;3.366696;0.999327;3.249021;-0.639800;1.218481;0.983581;4.317191;0.892857;0.239003;
3.524811;1.775779;3.368498;0.999334;3.251071;-0.638870;1.218383;0.983598;4.317230;0.892857;0.239003;
3.525750;1.777430;3.372140;0.999346;3.255205;-0.637007;1.218190;0.983633;4.317322;0.892857;0.239003;
3.527628;1.780793;3.379564;0.999370;3.263612;-0.633277;1.217818;0.983702;4.317505;0.892857;0.239003;
3.531385;1.787757;3.394964;0.999417;3.280957;-0.625792;1.217130;0.983841;4.317871;0.892857;0.239003;
3.538897;1.802579;3.427805;0.999507;3.317616;-0.610719;1.215966;0.984117;4.318597;0.892857;0.239003;
3.546410;1.818237;3.462541;0.999591;3.356075;-0.595499;1.215000;0.984392;4.319314;0.892857;0.239003;
3.561436;1.852407;3.538194;0.999738;3.438856;-0.564652;1.213765;0.984939;4.320758;0.892857;0.239003;
3.574959;1.885099;3.610366;0.999852;3.517094;-0.536442;1.213138;0.985432;4.322035;0.892857;0.239003;
3.588483;1.919392;3.685601;0.999946;3.598077;-0.507814;1.212925;0.985926;4.323338;0.892857;0.239003;
3.602006;1.954819;3.762800;1.000021;3.680693;-0.478851;1.213024;0.986421;4.324631;0.892857;0.239003;
3.608768;1.972737;3.801827;1.000054;3.722293;-0.464308;1.213130;0.986668;4.325323;0.892857;0.239003;
3.622291;2.009072;3.880454;1.000108;3.805877;-0.434920;1.213493;0.987165;4.326614;0.892857;0.239003;
3.622713;2.010218;3.882925;1.000109;3.808498;-0.433997;1.213508;0.987180;4.326686;0.892857;0.239003;
3.622766;2.010361;3.883234;1.000109;3.808826;-0.433882;1.213510;0.987182;4.326692;0.892857;0.239003;
3.622872;2.010648;3.883852;1.000110;3.809481;-0.433651;1.213513;0.987186;4.326702;0.892857;0.239003;
3.622925;2.010791;3.884161;1.000110;3.809809;-0.433536;1.213515;0.987188;4.326185;0.892857;0.239003;
3.622951;2.010863;3.884315;1.000110;3.809973;-0.433478;1.213516;0.987189;4.325784;0.892857;0.239003;
3.623004;2.011006;3.884624;1.000110;3.810301;-0.433363;1.213518;0.987191;4.325252;0.892857;0.239003;
3.623110;2.011292;3.885242;1.000110;3.810956;-0.433132;1.213522;0.987195;4.324116;0.892857;0.239003;
3.623321;2.011864;3.886477;1.000111;3.812265;-0.432671;1.213529;0.987202;4.321799;0.892857;0.239003;
3.623743;2.013004;3.888944;1.000113;3.814881;-0.431751;1.213544;0.987218;4.317160;0.892857;0.239003;
3.624589;2.015273;3.893868;1.000115;3.820101;-0.429916;1.213575;0.987249;4.307880;0.892857;0.239003;
3.626279;2.019765;3.903673;1.000120;3.830491;-0.426268;1.213638;0.987310;4.289323;0.892857;0.239003;
3.629660;2.028569;3.923091;1.000129;3.851048;-0.419066;1.213775;0.987431;4.252235;0.892857;0.239003;
3.636421;2.045456;3.960996;1.000142;3.891112;-0.405059;1.214077;0.987665;4.178341;0.892857;0.239003;
3.649945;2.076478;4.032159;1.000150;3.966161;-0.378672;1.214713;0.988105;4.039209;0.892857;0.239003;
3.660167;2.098362;4.082985;1.000146;4.019654;-0.359638;1.215183;0.988422;3.937511;0.892857;0.239003;
3.670390;2.118703;4.130540;1.000134;4.069656;-0.341519;1.215614;0.988723;3.841249;0.892857;0.239003;
3.680612;2.137520;4.174602;1.000113;4.115974;-0.324286;1.215977;0.989011;3.750779;0.892857;0.239003;
3.701057;2.171726;4.254216;1.000055;4.199693;-0.291670;1.216476;0.989562;3.587350;0.892857;0.239003;
3.721503;2.200341;4.319455;0.999971;4.268553;-0.261951;1.216519;0.990075;3.442982;0.892857;0.239003;
3.741948;2.223340;4.369391;0.999867;4.321770;-0.234833;1.215963;0.990560;3.325745;0.892857;0.239003;
3.762393;2.240998;4.403994;0.999747;4.359448;-0.209801;1.214693;0.991031;3.238648;0.892857;0.239003;
3.782838;2.253638;4.423755;0.999615;4.382177;-0.186371;1.212622;0.991497;3.176580;0.892857;0.239003;
3.803283;2.261713;4.429585;0.999479;4.390956;-0.163902;1.209700;0.991970;3.140919;0.892857;0.239003;
3.823728;2.265632;4.422671;0.999341;4.387010;-0.141993;1.205903;0.992456;3.123733;0.892857;0.239003;
3.844173;2.265876;4.404425;0.999206;4.371771;-0.120274;1.201239;0.992962;3.124785;0.892857;0.239003;
3.864618;2.263029;4.376485;0.999079;4.346877;-0.098404;1.195740;0.993489;3.143849;0.892857;0.239003;
3.885063;2.257657;4.340554;0.998962;4.314017;-0.076128;1.189461;0.994041;3.175253;0.892857;0.239003;
3.905509;2.250335;4.298388;0.998857;4.274917;-0.053268;1.182473;0.994617;3.216994;0.892857;0.239003;
3.925954;2.241637;4.251741;0.998767;4.231294;-0.029689;1.174864;0.995215;3.266422;0.892857;0.239003;
3.946399;2.232112;4.202306;0.998693;4.184802;-0.005314;1.166730;0.995835;3.320539;0.892857;0.239003;
3.966844;2.222264;4.151684;0.998636;4.136996;0.019893;1.158177;0.996474;3.376709;0.892857;0.239003;
3.987289;2.212555;4.101340;0.998595;4.089304;0.045931;1.149310;0.997128;3.432666;0.892857;0.239003;
4.007734;2.203387;4.052586;0.998572;4.042996;0.072772;1.140238;0.997795;3.486245;0.892857;0.239003;
4.028179;2.195102;4.006552;0.998564;3.999169;0.100363;1.131064;0.998472;3.535600;0.892857;0.239003;
4.048624;2.187972;3.964177;0.998571;3.958736;0.128632;1.121887;0.999155;3.579238;0.892857;0.239003;
4.069069;2.182208;3.926202;0.998592;3.922418;0.157491;1.112799;0.999841;3.615972;0.892857;0.239003;
4.089515;2.177953;3.893173;0.998625;3.890745;0.186836;1.103883;1.000528;3.644937;0.892857;0.239003;
4.130405;2.174262;3.843279;0.998718;3.842645;0.246286;1.086902;1.001887;3.679147;0.892857;0.239003;
4.171295;2.176689;3.814441;0.998837;3.814437;0.306236;1.071286;1.003217;3.677759;0.892857;0.239003;
4.212185;2.184578;3.805158;0.998970;3.804748;0.365646;1.057262;1.004499;3.646856;0.892857;0.239003;
4.253075;2.197120;3.812741;0.999105;3.811076;0.423716;1.044919;1.005722;3.596513;0.892857;0.239003;
4.293966;2.212980;3.833282;0.999230;3.829722;0.479561;1.034214;1.006874;3.524669;0.892857;0.239003;
4.334856;2.230824;3.862504;0.999341;3.856612;0.532470;1.024998;1.007947;3.441776;0.892857;0.239003;
4.371657;2.247598;3.892924;0.999423;3.884700;0.577173;1.017808;1.008842;3.363164;0.892857;0.239003;
4.408458;2.264209;3.924254;0.999487;3.913567;0.618935;1.011459;1.009671;3.286214;0.892857;0.239003;
4.445260;2.280032;3.954196;0.999534;3.940965;0.657759;1.005752;1.010440;3.214445;0.892857;0.239003;
4.482061;2.294621;3.981023;0.999565;3.965191;0.693792;1.000494;1.011155;3.150584;0.892857;0.239003;
4.518862;2.307633;4.003525;0.999581;3.985040;0.727232;0.995514;1.011822;3.094526;0.892857;0.239003;
4.555663;2.319058;4.021215;0.999587;4.000002;0.758491;0.990668;1.012450;3.051669;0.892857;0.239003;
4.592464;2.328906;4.034070;0.999584;4.010041;0.787848;0.985846;1.013047;3.018646;0.892857;0.239003;
4.629266;2.337339;4.042344;0.999577;4.015359;0.815929;0.980977;1.013625;2.994711;0.892857;0.239003;
4.676017;2.346199;4.047161;0.999566;4.016197;0.850146;0.974665;1.014338;2.971354;0.892857;0.239003;
4.722769;2.353414;4.047107;0.999555;4.011943;0.882811;0.968207;1.015027;2.959269;0.892857;0.239003;
4.769520;2.359576;4.043990;0.999549;4.004376;0.914571;0.961642;1.015702;2.952971;0.892857;0.239003;
4.816272;2.365165;4.039511;0.999550;3.995221;0.945687;0.955047;1.016366;2.949224;0.892857;0.239003;
4.863023;2.370577;4.035138;0.999558;3.985992;0.976257;0.948520;1.017017;2.945469;0.892857;0.239003;
4.909775;2.376107;4.031986;0.999573;3.977863;1.006273;0.942158;1.017654;2.939800;0.892857;0.239003;
4.956526;2.381993;4.030848;0.999593;3.971692;1.035699;0.936051;1.018275;2.932174;0.892857;0.239003;
5.050029;2.394622;4.034887;0.999642;3.965811;1.091762;0.924883;1.019445;2.903087;0.892857;0.239003;
5.127839;2.405833;4.043757;0.999686;3.966776;1.135158;0.916696;1.020339;2.873435;0.892857;0.239003;
5.205650;2.417176;4.055820;0.999726;3.971410;1.175130;0.909508;1.021155;2.839716;0.892857;0.239003;
5.283460;2.428112;4.069011;0.999760;3.977691;1.211488;0.903202;1.021892;2.805824;0.892857;0.239003;
5.361270;2.438219;4.081563;0.999786;3.983827;1.244307;0.897612;1.022557;2.774881;0.892857;0.239003;
5.439080;2.447266;4.092345;0.999805;3.988614;1.273899;0.892569;1.023156;2.748617;0.892857;0.239003;
5.516890;2.455191;4.100912;0.999819;3.991535;1.300655;0.887936;1.023700;2.727055;0.892857;0.239003;
5.555795;2.458785;4.104409;0.999824;3.992325;1.313095;0.885750;1.023953;2.719014;0.892857;0.239003;
5.633606;2.465422;4.110274;0.999835;3.992931;1.336605;0.881574;1.024434;2.705303;0.892857;0.239003;
5.711416;2.471366;4.114984;0.999845;3.992622;1.358340;0.877657;1.024879;2.692937;0.892857;0.239003;
5.789226;2.476715;4.119003;0.999856;3.991892;1.378401;0.874002;1.025290;2.680988;0.892857;0.239003;
5.798952;2.477347;4.119465;0.999857;3.991780;1.380793;0.873564;1.025339;2.679912;0.892857;0.239003;
5.818405;2.478601;4.120397;0.999860;3.991577;1.385515;0.872700;1.025436;2.677488;0.892857;0.239003;
5.857310;2.481061;4.122293;0.999866;3.991258;1.394702;0.871025;1.025624;2.672502;0.892857;0.239003;
5.935120;2.485687;4.126381;0.999878;3.991330;1.411374;0.868033;1.025964;2.662591;0.892857;0.239003;
6.012930;2.490038;4.130553;0.999889;3.991780;1.426744;0.865315;1.026277;2.652403;0.892857;0.239003;
6.168550;2.497361;4.138073;0.999908;3.993033;1.452366;0.860804;1.026797;2.632718;0.892857;0.239003;
6.308609;2.503342;4.144412;0.999921;3.994392;1.472499;0.857347;1.027205;2.620262;0.892857;0.239003;
6.434661;2.508224;4.149586;0.999931;3.995527;1.488628;0.854627;1.027532;2.611255;0.892857;0.239003;
6.560714;2.512410;4.153903;0.999940;3.996252;1.502731;0.852233;1.027817;2.602189;0.892857;0.239003;
6.686766;2.516019;4.157536;0.999947;3.996701;1.515053;0.850126;1.028067;2.594390;0.892857;0.239003;
6.812819;2.519330;4.160850;0.999954;3.997067;1.526350;0.848196;1.028296;2.587691;0.892857;0.239003;
7.064924;2.524717;4.166280;0.999965;3.997606;1.544881;0.845012;1.028671;2.575471;0.892857;0.239003;
7.317029;2.528930;4.170662;0.999974;3.998211;1.559086;0.842596;1.028959;2.566980;0.892857;0.239003;
7.569133;2.532351;4.174294;0.999981;3.998891;1.570170;0.840767;1.029182;2.561859;0.892857;0.239003;
7.908609;2.535482;4.177512;0.999987;3.999231;1.580791;0.838972;1.029397;2.554694;0.892857;0.239003;
8.248084;2.537694;4.179777;0.999991;3.999496;1.588137;0.837744;1.029546;2.551081;0.892857;0.239003;
8.587559;2.539282;4.181389;0.999994;3.999686;1.593339;0.836891;1.029651;2.548713;0.892857;0.239003;
8.927034;2.540543;4.182643;0.999995;3.999858;1.597293;0.836271;1.029731;2.547982;0.892857;0.239003;
9.266509;2.541282;4.183315;0.999997;3.999792;1.599926;0.835824;1.029784;2.546022;0.892857;0.239003;
9.605985;2.542046;4.184065;0.999997;3.999915;1.602217;0.835479;1.029830;2.546368;0.892857;0.239003;
9.945460;2.542384;4.184359;0.999998;3.999824;1.603569;0.835235;1.029858;2.544604;0.892857;0.239003;
10.010484;2.542458;4.184434;0.999998;3.999833;1.603807;0.835197;1.029863;2.544532;0.892857;0.239003;
10.010484;2.542458;4.184434;0.999998;3.999833;1.603808;0.835197;1.029863;2.544532;0.892857;0.239003;
10.010533;2.542458;4.184434;0.999998;3.999833;1.603808;0.835197;1.029863;2.545013;0.892857;0.239003;
10.010583;2.542458;4.184434;0.999998;3.999833;1.603808;0.835197;1.029863;2.545094;0.892857;0.239003;
10.010681;2.542458;4.184434;0.999998;3.999833;1.603808;0.835196;1.029863;2.545124;0.892857;0.239003;
10.010878;2.542458;4.184435;0.999998;3.999833;1.603809;0.835196;1.029863;2.545111;0.892857;0.239003;
10.011272;2.542459;4.184435;0.999998;3.999833;1.603810;0.835196;1.029863;2.545110;0.892857;0.239003;
10.012060;2.542460;4.184436;0.999998;3.999834;1.603813;0.835196;1.029863;2.545110;0.892857;0.239003;
10.013636;2.542462;4.184438;0.999998;3.999834;1.603818;0.835195;1.029863;2.545110;0.892857;0.239003;
10.016788;2.542467;4.184442;0.999998;3.999835;1.603828;0.835193;1.029863;2.545109;0.892857;0.239003;
10.023093;2.542476;4.184450;0.999998;3.999838;1.603848;0.835190;1.029863;2.545108;0.892857;0.239003;
10.035701;2.542493;4.184468;0.999998;3.999845;1.603890;0.835184;1.029864;2.545101;0.892857;0.239003;
10.060918;2.542525;4.184506;0.999998;3.999862;1.603973;0.835172;1.029866;2.545067;0.892857;0.239003;
10.111352;2.542584;4.184582;0.999999;3.999896;1.604132;0.835149;1.029869;2.544980;0.892857;0.239003;
10.212220;2.542680;4.184698;0.999999;3.999937;1.604414;0.835108;1.029875;2.544795;0.892857;0.239003;
10.413955;2.542823;4.184843;0.999999;3.999955;1.604876;0.835034;1.029884;2.544573;0.892857;0.239003;
10.615691;2.542963;4.184977;0.999999;3.999969;1.605310;0.834968;1.029893;2.544579;0.892857;0.239003;
10.817427;2.543072;4.185074;0.999999;3.999964;1.605672;0.834909;1.029900;2.544436;0.892857;0.239003;
11.220898;2.543291;4.185283;0.999999;3.999989;1.606340;0.834809;1.029914;2.544501;0.892857;0.239003;
11.321766;2.543313;4.185296;0.999999;3.999966;1.606459;0.834786;1.029916;2.544098;0.892857;0.239003;
11.523502;2.543388;4.185359;0.999999;3.999962;1.606699;0.834747;1.029921;2.544273;0.892857;0.239003;
11.725237;2.543419;4.185387;1.000000;3.999946;1.606850;0.834717;1.029924;2.543890;0.892857;0.239003;
11.926973;2.543404;4.185376;1.000000;3.999924;1.606885;0.834700;1.029925;2.543461;0.892857;0.239003;
12.027841;2.543455;4.185450;1.000000;3.999984;1.606953;0.834695;1.029926;2.544149;0.892857;0.239003;
12.229576;2.543463;4.185482;1.000000;4.000007;1.606993;0.834689;1.029927;2.543499;0.892857;0.239003;
12.431312;2.543554;4.185586;1.000000;4.000071;1.607157;0.834677;1.029930;2.544247;0.892857;0.239003;
12.633048;2.543515;4.185515;1.000000;3.999995;1.607151;0.834666;1.029930;2.543649;0.892857;0.239003;
12.834783;2.543543;4.185542;1.000000;4.000003;1.607221;0.834657;1.029932;2.543795;0.892857;0.239003;
13.036519;2.543500;4.185484;1.000000;3.999951;1.607183;0.834652;1.029931;2.543247;0.892857;0.239003;
13.439990;2.543557;4.185557;1.000000;4.000002;1.607280;0.834645;1.029933;2.543719;0.892857;0.239003;
13.803114;2.543449;4.185462;1.000000;3.999969;1.607045;0.834666;1.029928;2.543097;0.892857;0.239003;
14.166239;2.543471;4.185499;1.000000;4.000008;1.607051;0.834672;1.029928;2.543398;0.892857;0.239003;
14.529363;2.543317;4.185360;1.000000;3.999966;1.606691;0.834708;1.029921;2.542699;0.892857;0.239003;
14.892487;2.543380;4.185437;1.000000;4.000031;1.606752;0.834716;1.029922;2.543380;0.892857;0.239003;
15.000000;2.543326;4.185369;1.000000;3.999982;1.606671;0.834720;1.029920;2.542842;0.892857;0.239003;
