time;BESS_BESS_LvMeasurements_PPu;BESS_BESS_LvMeasurements_QPu;BESS_BESS_LvMeasurements_UPu;BESS_BESS_injector_PInjPu;BESS_BESS_injector_PInjPuSn;BESS_BESS_injector_QInjPu;BESS_BESS_injector_QInjPuSn;BESS_BESS_injector_terminal_V_re;BESS_BESS_injector_terminal_i_re;BESS_BESS_injector_terminal_V_im;BESS_BESS_injector_terminal_i_im;BESS_BESS_injector_UPu;BESS_BESS_injector_idPu;BESS_BESS_injector_iqPu;BESS_BESS_pll_omegaPLLPu;BESS_BESS_reecC_idCmdPu;BESS_BESS_reecC_iqCmdPu;BESS_BESS_LvTfo_RPu;BESS_BESS_LvTfo_XPu;
0.000000;0.350000;0.100001;1.000000;0.700002;0.350001;0.200005;0.100002;0.999380;-0.706629;0.035334;0.175145;1.000005;0.350000;-0.100000;1.000094;0.350000;0.100000;0.000010;0.000010;
0.000001;0.350000;0.100001;1.000000;0.700002;0.350001;0.200005;0.100002;0.999380;-0.706629;0.035334;0.175145;1.000005;0.350000;-0.100000;1.000094;0.350000;0.100000;0.000010;0.000010;
0.000002;0.350000;0.100001;1.000000;0.700002;0.350001;0.200005;0.100002;0.999380;-0.706629;0.035334;0.175145;1.000005;0.350000;-0.100000;1.000093;0.350000;0.100000;0.000010;0.000010;
0.000004;0.350000;0.100001;1.000000;0.700002;0.350001;0.200005;0.100002;0.999380;-0.706629;0.035334;0.175145;1.000005;0.350000;-0.100000;1.000091;0.350000;0.100000;0.000010;0.000010;
0.000008;0.350000;0.100001;1.000000;0.700002;0.350001;0.200005;0.100002;0.999380;-0.706629;0.035334;0.175145;1.000005;0.350000;-0.100000;1.000088;0.350000;0.100000;0.000010;0.000010;
0.000016;0.350000;0.100001;1.000000;0.700002;0.350001;0.200005;0.100002;0.999380;-0.706629;0.035334;0.175145;1.000005;0.350000;-0.100000;1.000081;0.350000;0.100000;0.000010;0.000010;
0.000032;0.350000;0.100001;1.000000;0.700002;0.350001;0.200004;0.100002;0.999380;-0.706629;0.035334;0.175145;1.000005;0.350000;-0.100000;1.000070;0.350000;0.100000;0.000010;0.000010;
0.000064;0.350000;0.100001;1.000000;0.700002;0.350001;0.200004;0.100002;0.999380;-0.706629;0.035334;0.175144;1.000005;0.350000;-0.100000;1.000052;0.350000;0.100000;0.000010;0.000010;
0.000128;0.350000;0.100000;1.000000;0.700002;0.350001;0.200003;0.100002;0.999380;-0.706629;0.035334;0.175144;1.000004;0.350000;-0.100000;1.000027;0.350000;0.100000;0.000010;0.000010;
0.000256;0.350000;0.100000;1.000000;0.700003;0.350001;0.200003;0.100001;0.999380;-0.706629;0.035334;0.175143;1.000004;0.350000;-0.100000;1.000003;0.350000;0.100000;0.000010;0.000010;
0.000512;0.350000;0.100000;1.000000;0.700003;0.350001;0.200002;0.100001;0.999380;-0.706629;0.035334;0.175143;1.000004;0.350000;-0.100000;0.999990;0.350000;0.100000;0.000010;0.000010;
0.001024;0.350000;0.100000;1.000000;0.700003;0.350001;0.200003;0.100001;0.999380;-0.706629;0.035334;0.175143;1.000004;0.350000;-0.100000;0.999998;0.350000;0.100000;0.000010;0.000010;
0.002048;0.350000;0.100000;1.000000;0.700003;0.350001;0.200003;0.100001;0.999380;-0.706629;0.035334;0.175143;1.000004;0.350000;-0.100000;1.000000;0.350000;0.100000;0.000010;0.000010;
0.004096;0.350000;0.100000;1.000000;0.700003;0.350001;0.200003;0.100001;0.999380;-0.706629;0.035334;0.175143;1.000004;0.350000;-0.100000;1.000000;0.350000;0.100000;0.000010;0.000010;
0.008192;0.350000;0.100000;1.000000;0.700003;0.350001;0.200003;0.100001;0.999380;-0.706629;0.035334;0.175143;1.000004;0.350000;-0.100000;1.000000;0.350000;0.100000;0.000010;0.000010;
0.016384;0.350000;0.100000;1.000000;0.700003;0.350001;0.200003;0.100001;0.999380;-0.706629;0.035334;0.175143;1.000004;0.350000;-0.100000;1.000000;0.350000;0.100000;0.000010;0.000010;
0.032768;0.350000;0.100000;1.000000;0.700003;0.350001;0.200003;0.100001;0.999380;-0.706629;0.035334;0.175143;1.000004;0.350000;-0.100000;1.000000;0.350000;0.100000;0.000010;0.000010;
0.065536;0.350000;0.100000;1.000000;0.700003;0.350001;0.200003;0.100001;0.999380;-0.706629;0.035334;0.175143;1.000004;0.350000;-0.100000;1.000000;0.350000;0.100000;0.000010;0.000010;
0.131072;0.350000;0.100000;1.000000;0.700003;0.350001;0.200003;0.100001;0.999380;-0.706629;0.035334;0.175143;1.000004;0.350000;-0.100000;1.000000;0.350000;0.100000;0.000010;0.000010;
0.262144;0.350000;0.100000;1.000000;0.700003;0.350001;0.200003;0.100001;0.999380;-0.706629;0.035334;0.175143;1.000004;0.350000;-0.100000;1.000000;0.350000;0.100000;0.000010;0.000010;
0.524288;0.350000;0.100000;1.000000;0.700003;0.350001;0.200003;0.100001;0.999380;-0.706629;0.035334;0.175143;1.000004;0.350000;-0.100000;1.000000;0.350000;0.100000;0.000010;0.000010;
1.000000;0.350000;0.100000;1.000000;0.700003;0.350001;0.200003;0.100001;0.999380;-0.706629;0.035334;0.175143;1.000004;0.350000;-0.100000;1.000000;0.350000;0.100000;0.000010;0.000010;
1.000001;0.350000;0.100000;1.000000;0.700003;0.350001;0.200003;0.100001;0.999380;-0.706629;0.035334;0.175143;1.000004;0.350000;-0.100000;1.000000;0.350000;0.100000;0.000010;0.000010;
1.000002;0.350000;0.100000;1.000000;0.700003;0.350001;0.200003;0.100001;0.999380;-0.706629;0.035334;0.175143;1.000004;0.350000;-0.100000;1.000000;0.350000;0.100000;0.000010;0.000010;
1.000004;0.350000;0.100000;1.000000;0.700003;0.350001;0.200003;0.100001;0.999380;-0.706629;0.035334;0.175143;1.000004;0.350000;-0.100000;1.000000;0.350000;0.100000;0.000010;0.000010;
1.000008;0.350000;0.100000;1.000000;0.700003;0.350001;0.200003;0.100001;0.999380;-0.706629;0.035334;0.175143;1.000004;0.350000;-0.100000;1.000000;0.350000;0.100000;0.000010;0.000010;
1.000016;0.350000;0.100000;1.000000;0.700003;0.350001;0.200003;0.100001;0.999380;-0.706629;0.035334;0.175143;1.000004;0.350000;-0.100000;1.000000;0.350000;0.100000;0.000010;0.000010;
1.000032;0.350000;0.100000;1.000000;0.700003;0.350001;0.200003;0.100001;0.999380;-0.706629;0.035334;0.175143;1.000004;0.350000;-0.100000;1.000000;0.350000;0.100000;0.000010;0.000010;
1.000064;0.350000;0.100000;1.000000;0.700003;0.350001;0.200003;0.100001;0.999380;-0.706629;0.035334;0.175143;1.000004;0.350000;-0.100000;1.000000;0.350000;0.100000;0.000010;0.000010;
1.000128;0.350000;0.100000;1.000000;0.700003;0.350001;0.200003;0.100001;0.999380;-0.706629;0.035334;0.175143;1.000004;0.350000;-0.100000;1.000000;0.350001;0.100000;0.000010;0.000010;
1.000256;0.350000;0.100000;1.000000;0.700003;0.350001;0.200003;0.100001;0.999380;-0.706629;0.035334;0.175143;1.000004;0.350000;-0.100000;1.000000;0.350003;0.100000;0.000010;0.000010;
1.000512;0.350000;0.100000;1.000000;0.700003;0.350001;0.200003;0.100001;0.999380;-0.706630;0.035334;0.175143;1.000004;0.350000;-0.100000;1.000000;0.350013;0.100000;0.000010;0.000010;
1.001024;0.350001;0.100000;1.000000;0.700005;0.350002;0.200003;0.100001;0.999380;-0.706631;0.035334;0.175143;1.000004;0.350001;-0.100000;1.000001;0.350050;0.100000;0.000010;0.000010;
1.002048;0.350008;0.100000;1.000000;0.700018;0.350009;0.200003;0.100001;0.999380;-0.706645;0.035335;0.175142;1.000004;0.350008;-0.100000;1.000003;0.350194;0.100000;0.000010;0.000010;
1.004096;0.350055;0.100000;1.000000;0.700113;0.350057;0.200003;0.100001;0.999380;-0.706741;0.035340;0.175135;1.000004;0.350055;-0.100000;1.000010;0.350720;0.100000;0.000010;0.000010;
1.008192;0.350365;0.100000;0.999999;0.700732;0.350366;0.200003;0.100002;0.999377;-0.707366;0.035371;0.175092;1.000003;0.350365;-0.100000;1.000034;0.352515;0.100000;0.000010;0.000010;
1.012288;0.351021;0.100000;0.999996;0.702046;0.351023;0.200003;0.100002;0.999373;-0.708692;0.035437;0.174999;1.000001;0.351023;-0.100000;1.000064;0.355082;0.100000;0.000010;0.000010;
1.016384;0.352073;0.100000;0.999993;0.704148;0.352074;0.200004;0.100002;0.999365;-0.710814;0.035543;0.174850;0.999997;0.352076;-0.100000;1.000097;0.358180;0.100000;0.000010;0.000010;
1.024576;0.355331;0.100000;0.999981;0.710664;0.355332;0.200003;0.100001;0.999342;-0.717392;0.035872;0.174383;0.999986;0.355338;-0.100000;1.000158;0.365197;0.100001;0.000010;0.000010;
1.032768;0.359951;0.099999;0.999964;0.719905;0.359952;0.200001;0.100001;0.999309;-0.726720;0.036339;0.173713;0.999969;0.359964;-0.100001;1.000208;0.372925;0.100002;0.000010;0.000010;
1.040960;0.365661;0.099998;0.999944;0.731324;0.365662;0.199998;0.099999;0.999267;-0.738247;0.036915;0.172873;0.999948;0.365682;-0.100001;1.000246;0.380973;0.100003;0.000010;0.000010;
1.049152;0.372181;0.099997;0.999919;0.744365;0.372182;0.199995;0.099998;0.999218;-0.751411;0.037573;0.171897;0.999924;0.372212;-0.100002;1.000272;0.389145;0.100005;0.000010;0.000010;
1.057344;0.379273;0.099996;0.999893;0.758549;0.379275;0.199993;0.099996;0.999164;-0.765730;0.038289;0.170816;0.999897;0.379315;-0.100004;1.000290;0.397355;0.100008;0.000010;0.000010;
1.073728;0.394361;0.099994;0.999834;0.788725;0.394362;0.199991;0.099996;0.999046;-0.796191;0.039813;0.168454;0.999839;0.394427;-0.100008;1.000311;0.413778;0.100013;0.000010;0.000010;
1.090112;0.410227;0.099992;0.999770;0.820458;0.410229;0.199986;0.099993;0.998917;-0.828225;0.041415;0.165865;0.999775;0.410323;-0.100012;1.000320;0.430204;0.100019;0.000010;0.000010;
1.106496;0.426445;0.099991;0.999702;0.852895;0.426447;0.199981;0.099990;0.998779;-0.860968;0.043052;0.163113;0.999707;0.426573;-0.100018;1.000323;0.446628;0.100026;0.000010;0.000010;
1.122880;0.442798;0.099990;0.999630;0.885599;0.442800;0.199980;0.099990;0.998635;-0.893982;0.044703;0.160235;0.999636;0.442962;-0.100025;1.000323;0.463051;0.100033;0.000010;0.000010;
1.139264;0.459189;0.099989;0.999556;0.918382;0.459191;0.199981;0.099990;0.998486;-0.927075;0.046358;0.157242;0.999562;0.459393;-0.100031;1.000323;0.479477;0.100040;0.000010;0.000010;
1.149000;0.468931;0.099989;0.999511;0.937867;0.468934;0.199981;0.099990;0.998394;-0.946745;0.047341;0.155410;0.999516;0.469161;-0.100036;1.000323;0.489240;0.100044;0.000010;0.000010;
1.149001;0.468932;0.099989;0.999511;0.937869;0.468935;0.199982;0.099991;0.998395;-0.946747;0.047341;0.155412;0.999516;0.469162;-0.100036;1.000323;0.489241;0.100044;0.000010;0.000010;
1.149002;0.468933;0.099989;0.999511;0.937871;0.468936;0.199982;0.099991;0.998395;-0.946749;0.047341;0.155411;0.999516;0.469163;-0.100036;1.000323;0.489242;0.100044;0.000010;0.000010;
1.149004;0.468935;0.099989;0.999511;0.937875;0.468938;0.199982;0.099991;0.998394;-0.946753;0.047342;0.155411;0.999516;0.469165;-0.100036;1.000323;0.489244;0.100044;0.000010;0.000010;
1.149008;0.468939;0.099989;0.999511;0.937883;0.468942;0.199982;0.099991;0.998394;-0.946761;0.047342;0.155410;0.999516;0.469170;-0.100036;1.000323;0.489248;0.100044;0.000010;0.000010;
1.149016;0.468947;0.099989;0.999511;0.937899;0.468950;0.199982;0.099991;0.998394;-0.946777;0.047343;0.155409;0.999516;0.469178;-0.100036;1.000323;0.489256;0.100044;0.000010;0.000010;
1.149032;0.468963;0.099989;0.999510;0.937931;0.468966;0.199982;0.099991;0.998394;-0.946809;0.047344;0.155406;0.999516;0.469194;-0.100036;1.000323;0.489272;0.100044;0.000010;0.000010;
1.149064;0.468995;0.099989;0.999510;0.937996;0.468998;0.199982;0.099991;0.998394;-0.946874;0.047348;0.155400;0.999516;0.469226;-0.100036;1.000323;0.489304;0.100044;0.000010;0.000010;
1.149128;0.469060;0.099989;0.999510;0.938124;0.469062;0.199982;0.099991;0.998393;-0.947003;0.047354;0.155387;0.999516;0.469290;-0.100036;1.000323;0.489368;0.100044;0.000010;0.000010;
1.149256;0.469188;0.099989;0.999509;0.938380;0.469190;0.199982;0.099991;0.998392;-0.947262;0.047367;0.155363;0.999515;0.469418;-0.100036;1.000323;0.489496;0.100044;0.000010;0.000010;
1.149512;0.469444;0.099989;0.999508;0.938893;0.469446;0.199982;0.099991;0.998390;-0.947780;0.047393;0.155314;0.999514;0.469675;-0.100036;1.000323;0.489751;0.100045;0.000010;0.000010;
1.150024;0.469956;0.099989;0.999506;0.939917;0.469959;0.199982;0.099991;0.998385;-0.948814;0.047445;0.155217;0.999511;0.470189;-0.100036;1.000323;0.490252;0.100045;0.000010;0.000010;
1.151048;0.470978;0.099989;0.999501;0.941961;0.470981;0.199982;0.099991;0.998375;-0.950878;0.047548;0.155022;0.999507;0.471214;-0.100036;1.000322;0.491203;0.100045;0.000010;0.000010;
1.152072;0.471995;0.099989;0.999496;0.943994;0.471997;0.199982;0.099991;0.998365;-0.952929;0.047650;0.154828;0.999502;0.472233;-0.100037;1.000320;0.492080;0.100046;0.000010;0.000010;
1.154120;0.473993;0.099989;0.999487;0.947991;0.473995;0.199982;0.099991;0.998346;-0.956964;0.047852;0.154444;0.999492;0.474237;-0.100038;1.000312;0.493608;0.100047;0.000010;0.000010;
1.158216;0.477606;0.099988;0.999469;0.955217;0.477608;0.199981;0.099991;0.998311;-0.964258;0.048217;0.153747;0.999475;0.477860;-0.100040;1.000285;0.495551;0.100049;0.000010;0.000010;
1.162312;0.480839;0.099988;0.999454;0.961682;0.480841;0.199980;0.099990;0.998280;-0.970785;0.048543;0.153118;0.999460;0.481102;-0.100041;1.000255;0.496930;0.100050;0.000010;0.000010;
1.166408;0.483687;0.099988;0.999440;0.967379;0.483690;0.199980;0.099990;0.998252;-0.976536;0.048831;0.152561;0.999446;0.483958;-0.100043;1.000225;0.497908;0.100052;0.000010;0.000010;
1.174600;0.488547;0.099988;0.999416;0.977098;0.488549;0.199981;0.099990;0.998204;-0.986347;0.049322;0.151605;0.999422;0.488832;-0.100047;1.000168;0.499261;0.100055;0.000010;0.000010;
1.182792;0.492196;0.099989;0.999398;0.984397;0.492199;0.199982;0.099991;0.998168;-0.993715;0.049690;0.150881;0.999404;0.492492;-0.100050;1.000120;0.499916;0.100057;0.000010;0.000010;
1.199176;0.496831;0.099991;0.999376;0.993667;0.496834;0.199987;0.099993;0.998122;-1.003072;0.050158;0.149956;0.999381;0.497141;-0.100055;1.000053;0.500445;0.100061;0.000010;0.000010;
1.213793;0.498801;0.099993;0.999366;0.997608;0.498804;0.199991;0.099996;0.998102;-1.007050;0.050357;0.149563;0.999372;0.499117;-0.100059;1.000022;0.500454;0.100063;0.000010;0.000010;
1.228411;0.499681;0.099995;0.999362;0.999367;0.499683;0.199996;0.099998;0.998094;-1.008826;0.050446;0.149390;0.999368;0.499999;-0.100061;1.000006;0.500388;0.100064;0.000010;0.000010;
1.243028;0.500001;0.099996;0.999360;1.000007;0.500004;0.199999;0.099999;0.998091;-1.009472;0.050478;0.149328;0.999366;0.500321;-0.100063;1.000000;0.500343;0.100064;0.000010;0.000010;
1.257645;0.500079;0.099997;0.999360;1.000164;0.500082;0.200000;0.100000;0.998090;-1.009630;0.050486;0.149313;0.999366;0.500399;-0.100063;0.999999;0.500324;0.100064;0.000010;0.000010;
1.272263;0.500073;0.099998;0.999360;1.000151;0.500076;0.200001;0.100001;0.998090;-1.009618;0.050485;0.149316;0.999366;0.500393;-0.100064;0.999999;0.500319;0.100064;0.000010;0.000010;
1.286880;0.500048;0.099998;0.999360;1.000102;0.500051;0.200002;0.100001;0.998090;-1.009568;0.050483;0.149321;0.999366;0.500368;-0.100064;0.999999;0.500319;0.100064;0.000010;0.000010;
1.316115;0.500019;0.099999;0.999360;1.000043;0.500021;0.200003;0.100001;0.998091;-1.009508;0.050480;0.149328;0.999366;0.500339;-0.100064;1.000000;0.500319;0.100064;0.000010;0.000010;
1.345350;0.500004;0.099999;0.999360;1.000014;0.500007;0.200003;0.100002;0.998091;-1.009479;0.050478;0.149331;0.999366;0.500324;-0.100064;1.000000;0.500320;0.100064;0.000010;0.000010;
1.374585;0.500000;0.099999;0.999360;1.000005;0.500003;0.200003;0.100002;0.998091;-1.009470;0.050478;0.149333;0.999366;0.500320;-0.100064;1.000000;0.500320;0.100064;0.000010;0.000010;
1.403820;0.499999;0.099999;0.999361;1.000004;0.500002;0.200004;0.100002;0.998091;-1.009469;0.050478;0.149333;0.999367;0.500319;-0.100064;1.000000;0.500320;0.100064;0.000010;0.000010;
1.462289;0.500000;0.099999;0.999361;1.000005;0.500002;0.200004;0.100002;0.998091;-1.009470;0.050478;0.149333;0.999367;0.500320;-0.100064;1.000000;0.500320;0.100064;0.000010;0.000010;
1.579228;0.500000;0.100000;0.999361;1.000005;0.500003;0.200005;0.100002;0.998091;-1.009470;0.050478;0.149334;0.999367;0.500320;-0.100064;1.000000;0.500320;0.100064;0.000010;0.000010;
1.813107;0.500000;0.100000;0.999361;1.000005;0.500003;0.200005;0.100002;0.998091;-1.009470;0.050478;0.149334;0.999367;0.500320;-0.100064;1.000000;0.500320;0.100064;0.000010;0.000010;
2.280864;0.500000;0.100000;0.999361;1.000005;0.500003;0.200005;0.100003;0.998091;-1.009470;0.050478;0.149334;0.999367;0.500320;-0.100064;1.000000;0.500320;0.100064;0.000010;0.000010;
3.216378;0.500000;0.100000;0.999361;1.000005;0.500003;0.200005;0.100003;0.998091;-1.009470;0.050478;0.149334;0.999367;0.500320;-0.100064;1.000000;0.500320;0.100064;0.000010;0.000010;
5.087406;0.500000;0.100000;0.999361;1.000005;0.500003;0.200005;0.100003;0.998091;-1.009470;0.050478;0.149334;0.999367;0.500320;-0.100064;1.000000;0.500320;0.100064;0.000010;0.000010;
7.999998;0.500000;0.100000;0.999361;1.000005;0.500003;0.200005;0.100003;0.998091;-1.009470;0.050478;0.149334;0.999367;0.500320;-0.100064;1.000000;0.500320;0.100064;0.000010;0.000010;
7.999999;0.500000;0.100000;0.999361;1.000005;0.500003;0.200005;0.100003;0.998091;-1.009470;0.050478;0.149334;0.999367;0.500320;-0.100064;1.000000;0.500320;0.100054;0.000010;0.000010;
8.000000;0.500000;0.100000;0.999361;1.000005;0.500003;0.200005;0.100003;0.998091;-1.009470;0.050478;0.149334;0.999367;0.500320;-0.100064;1.000000;0.500320;0.100044;0.000010;0.000010;
8.000002;0.500000;0.100000;0.999361;1.000005;0.500003;0.200005;0.100003;0.998091;-1.009470;0.050478;0.149334;0.999367;0.500320;-0.100064;1.000000;0.500320;0.100024;0.000010;0.000010;
8.000006;0.500000;0.100000;0.999361;1.000005;0.500003;0.200005;0.100003;0.998091;-1.009470;0.050478;0.149334;0.999367;0.500320;-0.100064;1.000000;0.500320;0.099984;0.000010;0.000010;
8.000014;0.500000;0.100000;0.999361;1.000005;0.500003;0.200005;0.100003;0.998091;-1.009470;0.050478;0.149334;0.999367;0.500320;-0.100064;1.000000;0.500320;0.099904;0.000010;0.000010;
8.000030;0.500000;0.100000;0.999361;1.000005;0.500003;0.200005;0.100002;0.998091;-1.009470;0.050478;0.149334;0.999367;0.500320;-0.100064;1.000000;0.500320;0.099744;0.000010;0.000010;
8.000062;0.500000;0.099999;0.999360;1.000005;0.500003;0.200003;0.100002;0.998091;-1.009470;0.050478;0.149332;0.999366;0.500320;-0.100063;1.000000;0.500320;0.099426;0.000010;0.000010;
8.000126;0.500000;0.099996;0.999360;1.000005;0.500002;0.199997;0.099998;0.998091;-1.009470;0.050478;0.149326;0.999366;0.500320;-0.100060;1.000000;0.500320;0.098791;0.000010;0.000010;
8.000254;0.499999;0.099984;0.999359;1.000004;0.500002;0.199973;0.099986;0.998089;-1.009469;0.050478;0.149302;0.999365;0.500320;-0.100048;1.000000;0.500321;0.097535;0.000010;0.000010;
8.000510;0.499997;0.099936;0.999354;0.999999;0.499999;0.199877;0.099938;0.998085;-1.009464;0.050478;0.149207;0.999360;0.500320;-0.100000;1.000000;0.500323;0.095069;0.000010;0.000010;
8.001022;0.499988;0.099751;0.999336;0.999981;0.499990;0.199507;0.099753;0.998066;-1.009446;0.050477;0.148841;0.999342;0.500320;-0.099817;1.000000;0.500332;0.090321;0.000010;0.000010;
8.002046;0.499955;0.099060;0.999267;0.999916;0.499958;0.198125;0.099063;0.997998;-1.009380;0.050473;0.147474;0.999273;0.500322;-0.099133;1.000001;0.500366;0.081510;0.000010;0.000010;
8.004094;0.499846;0.096644;0.999028;0.999698;0.499849;0.193294;0.096647;0.997759;-1.009160;0.050462;0.142689;0.999034;0.500333;-0.096738;1.000002;0.500486;0.066282;0.000010;0.000010;
8.006142;0.499696;0.093128;0.998679;0.999397;0.499699;0.186261;0.093130;0.997410;-1.008857;0.050447;0.135718;0.998685;0.500357;-0.093251;1.000005;0.500660;0.053854;0.000010;0.000010;
8.008190;0.499524;0.088844;0.998254;0.999053;0.499526;0.177692;0.088846;0.996985;-1.008509;0.050430;0.127216;0.998260;0.500398;-0.088999;1.000008;0.500874;0.043739;0.000010;0.000010;
8.010238;0.499344;0.084068;0.997779;0.998694;0.499347;0.168139;0.084070;0.996510;-1.008147;0.050412;0.117728;0.997785;0.500456;-0.084254;1.000010;0.501112;0.035518;0.000010;0.000010;
8.012286;0.499169;0.079018;0.997276;0.998343;0.499172;0.158039;0.079019;0.996008;-1.007793;0.050394;0.107682;0.997282;0.500532;-0.079232;1.000013;0.501364;0.028840;0.000010;0.000010;
8.014334;0.499005;0.073860;0.996763;0.998015;0.499007;0.147723;0.073862;0.995494;-1.007461;0.050378;0.097409;0.996768;0.500626;-0.074099;1.000016;0.501623;0.023417;0.000010;0.000010;
8.016382;0.498857;0.068719;0.996250;0.997719;0.498860;0.137441;0.068721;0.994982;-1.007163;0.050363;0.087155;0.996255;0.500735;-0.068977;1.000018;0.501881;0.019013;0.000010;0.000010;
8.018430;0.498729;0.063686;0.995747;0.997462;0.498731;0.127376;0.063688;0.994479;-1.006903;0.050350;0.077104;0.995753;0.500859;-0.063957;1.000020;0.502134;0.015438;0.000010;0.000010;
8.020478;0.498620;0.058825;0.995261;0.997246;0.498623;0.117655;0.058827;0.993993;-1.006685;0.050339;0.067384;0.995267;0.500994;-0.059105;1.000022;0.502380;0.012534;0.000010;0.000010;
8.024574;0.498463;0.049806;0.994358;0.996932;0.498466;0.099616;0.049808;0.993089;-1.006368;0.050323;0.049314;0.994364;0.501292;-0.050088;1.000025;0.502836;0.008149;0.000010;0.000010;
8.028670;0.498380;0.041787;0.993553;0.996764;0.498382;0.083578;0.041789;0.992284;-1.006199;0.050315;0.033208;0.993559;0.501613;-0.042057;1.000026;0.503243;0.005253;0.000010;0.000010;
8.032766;0.498358;0.034804;0.992851;0.996721;0.498360;0.069613;0.034807;0.991581;-1.006155;0.050313;0.019152;0.992857;0.501946;-0.035054;1.000027;0.503599;0.003368;0.000010;0.000010;
8.036862;0.498386;0.028823;0.992249;0.996777;0.498389;0.057651;0.028826;0.990978;-1.006212;0.050316;0.007087;0.992254;0.502279;-0.029048;1.000026;0.503905;0.002152;0.000010;0.000010;
8.040958;0.498451;0.023763;0.991739;0.996907;0.498454;0.047533;0.023766;0.990467;-1.006343;0.050322;-0.003139;0.991744;0.502603;-0.023961;1.000025;0.504164;0.001372;0.000010;0.000010;
8.045054;0.498542;0.019525;0.991311;0.997089;0.498545;0.039055;0.019528;0.990037;-1.006527;0.050331;-0.011721;0.991316;0.502912;-0.019696;1.000024;0.504382;0.000874;0.000010;0.000010;
8.053246;0.498757;0.012963;0.990647;0.997518;0.498759;0.025930;0.012965;0.989371;-1.006960;0.050353;-0.025039;0.990652;0.503466;-0.013085;1.000020;0.504720;0.000289;0.000010;0.000010;
8.061438;0.498987;0.008476;0.990192;0.997979;0.498989;0.016958;0.008479;0.988915;-1.007425;0.050376;-0.034171;0.990197;0.503930;-0.008560;1.000017;0.504952;0.000061;0.000010;0.000010;
8.069630;0.499204;0.005481;0.989888;0.998413;0.499207;0.010968;0.005484;0.988609;-1.007863;0.050398;-0.040286;0.989893;0.504304;-0.005537;1.000013;0.505108;-0.000010;0.000010;0.000010;
8.077822;0.499393;0.003516;0.989688;0.998790;0.499395;0.007039;0.003519;0.988408;-1.008244;0.050417;-0.044308;0.989693;0.504596;-0.003554;1.000010;0.505210;-0.000021;0.000010;0.000010;
8.086014;0.499547;0.002244;0.989558;0.999099;0.499550;0.004494;0.002247;0.988277;-1.008556;0.050433;-0.046920;0.989563;0.504818;-0.002268;1.000007;0.505276;-0.000016;0.000010;0.000010;
8.094206;0.499669;0.001427;0.989475;0.999343;0.499671;0.002861;0.001431;0.988193;-1.008802;0.050445;-0.048602;0.989480;0.504984;-0.001443;1.000005;0.505319;-0.000010;0.000010;0.000010;
8.102398;0.499762;0.000906;0.989422;0.999528;0.499764;0.001819;0.000909;0.988139;-1.008989;0.050455;-0.049679;0.989427;0.505105;-0.000917;1.000004;0.505346;-0.000005;0.000010;0.000010;
8.118782;0.499887;0.000298;0.989359;0.999778;0.499889;0.000601;0.000301;0.988076;-1.009241;0.050467;-0.050940;0.989364;0.505263;-0.000301;1.000002;0.505378;-0.000000;0.000010;0.000010;
8.135166;0.499952;0.000062;0.989335;0.999910;0.499955;0.000128;0.000064;0.988052;-1.009374;0.050474;-0.051433;0.989340;0.505342;-0.000062;1.000001;0.505390;0.000001;0.000010;0.000010;
8.151550;0.499984;-0.000011;0.989327;0.999972;0.499986;-0.000017;-0.000008;0.988044;-1.009437;0.050477;-0.051587;0.989332;0.505377;0.000011;1.000000;0.505394;0.000000;0.000010;0.000010;
8.167934;0.499997;-0.000023;0.989326;0.999998;0.499999;-0.000040;-0.000020;0.988043;-1.009463;0.050478;-0.051614;0.989331;0.505391;0.000023;1.000000;0.505395;0.000000;0.000010;0.000010;
8.200702;0.500006;-0.000024;0.989326;1.000017;0.500009;-0.000044;-0.000022;0.988042;-1.009483;0.050479;-0.051619;0.989331;0.505401;0.000025;1.000000;0.505395;0.000000;0.000010;0.000010;
8.266238;0.500002;-0.000006;0.989328;1.000008;0.500004;-0.000006;-0.000003;0.988044;-1.009474;0.050479;-0.051580;0.989333;0.505395;0.000006;1.000000;0.505394;0.000000;0.000010;0.000010;
8.397310;0.500000;-0.000001;0.989328;1.000006;0.500003;0.000004;0.000002;0.988045;-1.009471;0.050479;-0.051570;0.989333;0.505394;0.000001;1.000000;0.505393;0.000000;0.000010;0.000010;
8.659454;0.500000;-0.000000;0.989328;1.000005;0.500003;0.000005;0.000002;0.988045;-1.009470;0.050479;-0.051568;0.989333;0.505393;0.000000;1.000000;0.505393;0.000000;0.000010;0.000010;
9.183742;0.500000;-0.000000;0.989328;1.000005;0.500003;0.000005;0.000003;0.988045;-1.009470;0.050479;-0.051568;0.989333;0.505393;0.000000;1.000000;0.505393;0.000000;0.000010;0.000010;
10.232318;0.500000;-0.000000;0.989328;1.000005;0.500003;0.000005;0.000003;0.988045;-1.009470;0.050479;-0.051568;0.989333;0.505393;0.000000;1.000000;0.505393;0.000000;0.000010;0.000010;
11.999998;0.500000;-0.000000;0.989328;1.000005;0.500003;0.000005;0.000003;0.988045;-1.009470;0.050479;-0.051568;0.989333;0.505393;0.000000;1.000000;0.505393;0.000000;0.000010;0.000010;
11.999998;0.252368;0.012650;0.499976;0.504740;0.252370;0.025305;0.012653;0.497426;-1.009470;0.050479;-0.051568;0.499981;0.505393;0.000000;1.750911;0.505393;0.000000;0.000010;0.000010;
11.999998;0.252366;0.012619;0.499970;0.504737;0.252369;0.025243;0.012622;0.497420;-1.009465;0.050479;-0.051693;0.499975;0.505394;0.000000;1.749067;0.518158;0.000000;0.000010;0.000010;
11.999999;0.252365;0.012588;0.499963;0.504735;0.252367;0.025181;0.012591;0.497414;-1.009460;0.050478;-0.051817;0.499969;0.505394;0.000000;1.747228;0.530964;0.000000;0.000010;0.000010;
11.999999;0.252364;0.012557;0.499957;0.504733;0.252366;0.025119;0.012560;0.497408;-1.009455;0.050478;-0.051941;0.499962;0.505395;0.000000;1.745395;0.543694;0.000000;0.000010;0.000010;
12.000000;0.252363;0.012528;0.499951;0.504731;0.252365;0.025062;0.012531;0.497402;-1.009452;0.050478;-0.052057;0.499957;0.505397;0.000000;1.743687;0.555623;0.000000;0.000010;0.000010;
12.000000;0.252363;0.012528;0.499951;0.504731;0.252365;0.025062;0.012531;0.497402;-1.009452;0.050478;-0.052057;0.499957;0.505397;0.000000;1.743687;0.555555;0.000000;0.000010;0.000010;
12.000000;0.252363;0.012528;0.499951;0.504731;0.252365;0.025062;0.012531;0.497402;-1.009452;0.050478;-0.052057;0.499957;0.505397;0.000000;1.743687;0.555556;0.000000;0.000010;0.000010;
12.000000;0.252362;0.012496;0.499945;0.504729;0.252365;0.024997;0.012498;0.497395;-1.009449;0.050478;-0.052188;0.499950;0.505398;-0.000001;1.741717;0.569119;0.042899;0.000010;0.000010;
12.000001;0.252362;0.012464;0.499938;0.504728;0.252364;0.024933;0.012466;0.497389;-1.009446;0.050478;-0.052316;0.499944;0.505401;-0.000004;1.739754;0.582652;0.083499;0.000010;0.000010;
12.000001;0.252361;0.012433;0.499932;0.504728;0.252364;0.024871;0.012435;0.497383;-1.009445;0.050478;-0.052442;0.499938;0.505403;-0.000007;1.737798;0.596022;0.121922;0.000010;0.000010;
12.000002;0.252361;0.012372;0.499920;0.504727;0.252363;0.024748;0.012374;0.497370;-1.009443;0.050477;-0.052688;0.499925;0.505408;-0.000016;1.733897;0.622680;0.194018;0.000010;0.000010;
12.000004;0.252360;0.012313;0.499908;0.504726;0.252363;0.024631;0.012315;0.497358;-1.009442;0.050477;-0.052926;0.499913;0.505414;-0.000029;1.730017;0.649035;0.259043;0.000010;0.000010;
12.000005;0.252360;0.012256;0.499897;0.504726;0.252363;0.024517;0.012258;0.497347;-1.009441;0.050477;-0.053156;0.499902;0.505420;-0.000045;1.726157;0.674252;0.317177;0.000010;0.000010;
12.000007;0.252360;0.012147;0.499875;0.504725;0.252363;0.024300;0.012150;0.497325;-1.009440;0.050477;-0.053594;0.499880;0.505431;-0.000087;1.718499;0.722671;0.416245;0.000010;0.000010;
12.000009;0.252360;0.012063;0.499858;0.504726;0.252363;0.024130;0.012065;0.497308;-1.009441;0.050477;-0.053938;0.499863;0.505440;-0.000128;1.712210;0.759235;0.482850;0.000010;0.000010;
12.000011;0.252361;0.011981;0.499841;0.504726;0.252363;0.023968;0.011984;0.497291;-1.009442;0.050477;-0.054266;0.499847;0.505450;-0.000176;1.705976;0.792348;0.537915;0.000010;0.000010;
12.000013;0.252361;0.011903;0.499826;0.504727;0.252364;0.023812;0.011906;0.497276;-1.009444;0.050478;-0.054582;0.499831;0.505459;-0.000228;1.699797;0.821882;0.583583;0.000010;0.000010;
12.000015;0.252362;0.011828;0.499811;0.504728;0.252364;0.023662;0.011831;0.497260;-1.009447;0.050478;-0.054886;0.499816;0.505469;-0.000285;1.693673;0.848173;0.621345;0.000010;0.000010;
12.000016;0.252362;0.011756;0.499796;0.504730;0.252365;0.023517;0.011759;0.497246;-1.009449;0.050478;-0.055179;0.499801;0.505478;-0.000344;1.687602;0.871247;0.652554;0.000010;0.000010;
12.000017;0.252363;0.011727;0.499790;0.504731;0.252365;0.023459;0.011729;0.497240;-1.009451;0.050478;-0.055298;0.499795;0.505482;-0.000370;1.685118;0.879863;0.663831;0.000010;0.000010;
12.000017;0.252363;0.011727;0.499790;0.504731;0.252365;0.023459;0.011729;0.497240;-1.009451;0.050478;-0.055298;0.499795;0.505482;-0.000370;1.685118;0.880151;0.663831;0.000010;0.000010;
12.000018;0.252363;0.011690;0.499783;0.504731;0.252366;0.023385;0.011693;0.497232;-1.009453;0.050478;-0.055447;0.499788;0.505487;-0.000403;1.681929;0.889877;0.676249;0.000010;0.000010;
12.000019;0.252364;0.011654;0.499775;0.504732;0.252366;0.023312;0.011656;0.497225;-1.009455;0.050478;-0.055594;0.499781;0.505492;-0.000438;1.678755;0.898948;0.687540;0.000010;0.000010;
12.000021;0.252365;0.011582;0.499761;0.504735;0.252367;0.023170;0.011585;0.497211;-1.009459;0.050478;-0.055884;0.499766;0.505502;-0.000508;1.672441;0.915582;0.707786;0.000010;0.000010;
12.000023;0.252366;0.011513;0.499747;0.504737;0.252368;0.023030;0.011515;0.497196;-1.009463;0.050479;-0.056167;0.499752;0.505512;-0.000579;1.666183;0.929971;0.724680;0.000010;0.000010;
12.000026;0.252367;0.011434;0.499731;0.504740;0.252370;0.022874;0.011437;0.497181;-1.009469;0.050479;-0.056484;0.499737;0.505524;-0.000663;1.659045;0.944078;0.740822;0.000010;0.000010;
12.000026;0.252367;0.011434;0.499731;0.504740;0.252370;0.022874;0.011437;0.497181;-1.009469;0.050479;-0.056484;0.499737;0.505524;-0.000663;1.659045;0.944025;0.740822;0.000010;0.000010;
12.000027;0.252368;0.011401;0.499725;0.504741;0.252370;0.022808;0.011404;0.497174;-1.009472;0.050479;-0.056619;0.499730;0.505529;-0.000701;1.655978;0.939739;0.746252;0.000010;0.000010;
12.000028;0.252369;0.011369;0.499718;0.504742;0.252371;0.022742;0.011371;0.497167;-1.009474;0.050479;-0.056751;0.499723;0.505534;-0.000738;1.652925;0.935787;0.751189;0.000010;0.000010;
12.000030;0.252370;0.011304;0.499705;0.504745;0.252373;0.022613;0.011307;0.497154;-1.009480;0.050479;-0.057013;0.499710;0.505544;-0.000814;1.646854;0.928617;0.760044;0.000010;0.000010;
12.000032;0.252371;0.011241;0.499692;0.504748;0.252374;0.022487;0.011243;0.497141;-1.009486;0.050480;-0.057271;0.499697;0.505554;-0.000890;1.640835;0.922517;0.767435;0.000010;0.000010;
12.000036;0.252374;0.011118;0.499667;0.504754;0.252377;0.022241;0.011121;0.497116;-1.009498;0.050480;-0.057770;0.499673;0.505574;-0.001044;1.628967;0.913026;0.778706;0.000010;0.000010;
12.000040;0.252378;0.011000;0.499644;0.504761;0.252380;0.022005;0.011002;0.497092;-1.009511;0.050481;-0.058252;0.499649;0.505594;-0.001200;1.617318;0.906505;0.786305;0.000010;0.000010;
12.000044;0.252381;0.010886;0.499621;0.504768;0.252384;0.021777;0.010888;0.497069;-1.009525;0.050482;-0.058716;0.499626;0.505614;-0.001358;1.605886;0.902119;0.791348;0.000010;0.000010;
12.000048;0.252385;0.010776;0.499598;0.504775;0.252388;0.021557;0.010778;0.497047;-1.009540;0.050482;-0.059164;0.499604;0.505634;-0.001516;1.594668;0.899196;0.794665;0.000010;0.000010;
12.000052;0.252389;0.010670;0.499577;0.504783;0.252391;0.021344;0.010672;0.497025;-1.009556;0.050483;-0.059597;0.499582;0.505654;-0.001675;1.583658;0.897265;0.796840;0.000010;0.000010;
12.000056;0.252393;0.010567;0.499556;0.504791;0.252396;0.021139;0.010570;0.497004;-1.009572;0.050484;-0.060016;0.499561;0.505674;-0.001834;1.572854;0.895992;0.798264;0.000010;0.000010;
12.000064;0.252402;0.010372;0.499517;0.504809;0.252404;0.020749;0.010375;0.496964;-1.009607;0.050486;-0.060812;0.499522;0.505714;-0.002152;1.551843;0.894439;0.799986;0.000010;0.000010;
12.000064;0.252402;0.010370;0.499516;0.504809;0.252405;0.020745;0.010373;0.496964;-1.009608;0.050486;-0.060821;0.499522;0.505714;-0.002156;1.551608;0.894427;0.800000;0.000010;0.000010;
12.000065;0.252403;0.010347;0.499512;0.504811;0.252406;0.020699;0.010349;0.496959;-1.009612;0.050486;-0.060916;0.499517;0.505719;-0.002196;1.549045;0.894347;0.800089;0.000010;0.000010;
12.000066;0.252404;0.010324;0.499507;0.504814;0.252407;0.020653;0.010326;0.496954;-1.009617;0.050486;-0.061010;0.499512;0.505724;-0.002236;1.546494;0.894274;0.800171;0.000010;0.000010;
12.000068;0.252407;0.010278;0.499498;0.504818;0.252409;0.020561;0.010281;0.496945;-1.009627;0.050487;-0.061197;0.499503;0.505734;-0.002316;1.541419;0.894142;0.800319;0.000010;0.000010;
12.000072;0.252412;0.010189;0.499480;0.504828;0.252414;0.020383;0.010192;0.496927;-1.009646;0.050488;-0.061561;0.499485;0.505755;-0.002475;1.531410;0.893931;0.800554;0.000010;0.000010;
12.000080;0.252422;0.010020;0.499445;0.504849;0.252424;0.020046;0.010023;0.496892;-1.009687;0.050490;-0.062253;0.499451;0.505795;-0.002795;1.511936;0.893651;0.800867;0.000010;0.000010;
12.000096;0.252445;0.009718;0.499384;0.504894;0.252447;0.019441;0.009720;0.496830;-1.009778;0.050494;-0.063497;0.499389;0.505875;-0.003433;1.475083;0.893361;0.801190;0.000010;0.000010;
12.000112;0.252470;0.009460;0.499331;0.504946;0.252473;0.018925;0.009463;0.496777;-1.009881;0.050499;-0.064563;0.499337;0.505955;-0.004071;1.440887;0.893247;0.801318;0.000010;0.000010;
12.000144;0.252530;0.009062;0.499250;0.505064;0.252532;0.018129;0.009064;0.496693;-1.010118;0.050511;-0.066225;0.499255;0.506115;-0.005345;1.379535;0.893092;0.801490;0.000010;0.000010;
12.000176;0.252599;0.008806;0.499197;0.505204;0.252602;0.017618;0.008809;0.496639;-1.010398;0.050525;-0.067318;0.499202;0.506276;-0.006618;1.326712;0.893005;0.801587;0.000010;0.000010;
12.000240;0.252766;0.008629;0.499158;0.505536;0.252768;0.017264;0.008632;0.496596;-1.011062;0.050559;-0.068172;0.499163;0.506596;-0.009158;1.241078;0.892919;0.801683;0.000010;0.000010;
12.000304;0.252963;0.008823;0.499193;0.505931;0.252965;0.017652;0.008826;0.496627;-1.011851;0.050598;-0.067548;0.499198;0.506917;-0.011690;1.177653;0.892964;0.801633;0.000010;0.000010;
12.000368;0.253184;0.009296;0.499284;0.506373;0.253187;0.018597;0.009298;0.496714;-1.012736;0.050642;-0.065813;0.499289;0.507237;-0.014213;1.130972;0.893112;0.801467;0.000010;0.000010;
12.000432;0.253424;0.009975;0.499416;0.506852;0.253426;0.019955;0.009977;0.496842;-1.013694;0.050690;-0.063258;0.499421;0.507558;-0.016728;1.096723;0.893339;0.801215;0.000010;0.000010;
12.000496;0.253676;0.010805;0.499578;0.507358;0.253679;0.021615;0.010808;0.497000;-1.014705;0.050741;-0.060103;0.499583;0.507879;-0.019234;1.071634;0.893622;0.800899;0.000010;0.000010;
12.000624;0.254207;0.012734;0.499955;0.508418;0.254209;0.025474;0.012737;0.497368;-1.016826;0.050847;-0.052735;0.499960;0.508520;-0.024218;1.037973;0.894289;0.800155;0.000010;0.000010;
12.000648;0.254310;0.013133;0.500033;0.508626;0.254313;0.026270;0.013135;0.497444;-1.017241;0.050867;-0.051210;0.500038;0.508643;-0.025169;1.033318;0.894427;0.800000;0.000010;0.000010;
12.000649;0.254315;0.013150;0.500036;0.508635;0.254317;0.026304;0.013152;0.497448;-1.017259;0.050868;-0.051145;0.500042;0.508648;-0.025207;1.033178;0.894433;0.799994;0.000010;0.000010;
12.000650;0.254319;0.013167;0.500040;0.508643;0.254322;0.026339;0.013169;0.497451;-1.017277;0.050869;-0.051079;0.500045;0.508653;-0.025246;1.033039;0.894439;0.799987;0.000010;0.000010;
12.000652;0.254328;0.013201;0.500046;0.508661;0.254330;0.026407;0.013204;0.497457;-1.017311;0.050871;-0.050948;0.500052;0.508663;-0.025324;1.032761;0.894451;0.799974;0.000010;0.000010;
12.000656;0.254345;0.013269;0.500060;0.508695;0.254347;0.026544;0.013272;0.497471;-1.017380;0.050874;-0.050685;0.500065;0.508683;-0.025478;1.032213;0.894474;0.799947;0.000010;0.000010;
12.000664;0.254379;0.013407;0.500087;0.508764;0.254382;0.026819;0.013410;0.497497;-1.017517;0.050881;-0.050158;0.500092;0.508723;-0.025788;1.031146;0.894522;0.799894;0.000010;0.000010;
12.000680;0.254448;0.013684;0.500141;0.508901;0.254451;0.027373;0.013686;0.497550;-1.017793;0.050895;-0.049096;0.500146;0.508803;-0.026407;1.029128;0.894619;0.799786;0.000010;0.000010;
12.000712;0.254586;0.014244;0.500251;0.509178;0.254589;0.028492;0.014246;0.497657;-1.018346;0.050923;-0.046949;0.500256;0.508964;-0.027643;1.025504;0.894814;0.799568;0.000010;0.000010;
12.000776;0.254865;0.015384;0.500474;0.509734;0.254867;0.030773;0.015387;0.497876;-1.019458;0.050978;-0.042575;0.500479;0.509284;-0.030109;1.019625;0.895211;0.799123;0.000010;0.000010;
12.000904;0.255425;0.017719;0.500931;0.510855;0.255427;0.035444;0.017722;0.498324;-1.021699;0.051090;-0.033622;0.500936;0.509925;-0.035012;1.011705;0.896024;0.798211;0.000010;0.000010;
12.001032;0.255987;0.020102;0.501396;0.511980;0.255990;0.040210;0.020105;0.498780;-1.023949;0.051203;-0.024498;0.501401;0.510567;-0.039878;1.007393;0.896851;0.797282;0.000010;0.000010;
12.001288;0.257114;0.024902;0.502331;0.514233;0.257117;0.049810;0.024905;0.499697;-1.028456;0.051428;-0.006166;0.502336;0.511849;-0.049499;1.003269;0.898509;0.795412;0.000010;0.000010;
12.001544;0.258236;0.029704;0.503262;0.516478;0.258239;0.059413;0.029706;0.500610;-1.032945;0.051652;0.012103;0.503268;0.513132;-0.058975;1.002478;0.900156;0.793548;0.000010;0.000010;
12.002056;0.260469;0.039164;0.505087;0.520943;0.260472;0.078334;0.039167;0.502399;-1.041876;0.052099;0.047878;0.505093;0.515697;-0.077499;1.002297;0.903363;0.789896;0.000010;0.000010;
12.002568;0.262680;0.048417;0.506859;0.525365;0.262683;0.096840;0.048420;0.504135;-1.050719;0.052541;0.082585;0.506865;0.518262;-0.095465;1.002835;0.906451;0.786350;0.000010;0.000010;
12.003592;0.267047;0.066268;0.510241;0.534101;0.267050;0.132542;0.066271;0.507444;-1.068189;0.053414;0.148757;0.510247;0.523392;-0.129807;1.003149;0.912278;0.779582;0.000010;0.000010;
12.004616;0.271342;0.083268;0.513418;0.542691;0.271345;0.166543;0.083272;0.510548;-1.085369;0.054273;0.210827;0.513424;0.528523;-0.162113;1.003221;0.917673;0.773225;0.000010;0.000010;
12.005640;0.275566;0.099443;0.516401;0.551138;0.275569;0.198895;0.099448;0.513459;-1.102264;0.055117;0.269041;0.516409;0.533653;-0.192501;1.003219;0.922672;0.767253;0.000010;0.000010;
12.006664;0.279723;0.114821;0.519204;0.559453;0.279727;0.229653;0.114826;0.516189;-1.118893;0.055949;0.323626;0.519212;0.538783;-0.221081;1.003213;0.927307;0.761645;0.000010;0.000010;
12.007688;0.283817;0.129430;0.521836;0.567641;0.283820;0.258872;0.129436;0.518747;-1.135267;0.056767;0.374799;0.521844;0.543913;-0.247962;1.003211;0.931609;0.756377;0.000010;0.000010;
12.008712;0.287849;0.143298;0.524308;0.575706;0.287853;0.286610;0.143305;0.521146;-1.151397;0.057574;0.422760;0.524316;0.549044;-0.273244;1.003211;0.935604;0.751430;0.000010;0.000010;
12.010760;0.295750;0.168996;0.528820;0.591508;0.295754;0.338000;0.169000;0.525510;-1.182999;0.059153;0.510023;0.528828;0.559304;-0.319502;1.003212;0.942783;0.742402;0.000010;0.000010;
12.011161;0.297270;0.173715;0.529639;0.594549;0.297274;0.347445;0.173723;0.526300;-1.189080;0.059457;0.525833;0.529648;0.561311;-0.327924;1.003212;0.944073;0.740762;0.000010;0.000010;
12.011162;0.297274;0.173730;0.529641;0.594557;0.297278;0.347469;0.173734;0.526302;-1.189097;0.059458;0.525871;0.529650;0.561316;-0.327944;1.003212;0.944071;0.740758;0.000010;0.000010;
12.011163;0.297278;0.173742;0.529643;0.594565;0.297282;0.347492;0.173746;0.526304;-1.189112;0.059459;0.525910;0.529652;0.561321;-0.327965;1.003212;0.944068;0.740754;0.000010;0.000010;
12.011165;0.297286;0.173765;0.529647;0.594580;0.297290;0.347538;0.173769;0.526308;-1.189142;0.059460;0.525987;0.529656;0.561331;-0.328006;1.003212;0.944060;0.740746;0.000010;0.000010;
12.011169;0.297301;0.173811;0.529655;0.594610;0.297305;0.347631;0.173815;0.526316;-1.189203;0.059463;0.526142;0.529664;0.561351;-0.328089;1.003212;0.944046;0.740730;0.000010;0.000010;
12.011177;0.297331;0.173904;0.529671;0.594670;0.297335;0.347816;0.173908;0.526331;-1.189324;0.059470;0.526451;0.529680;0.561391;-0.328254;1.003212;0.944017;0.740698;0.000010;0.000010;
12.011193;0.297391;0.174089;0.529703;0.594791;0.297396;0.348187;0.174093;0.526362;-1.189566;0.059482;0.527070;0.529712;0.561471;-0.328584;1.003212;0.943960;0.740633;0.000010;0.000010;
12.011225;0.297512;0.174459;0.529767;0.595033;0.297516;0.348927;0.174463;0.526424;-1.190049;0.059506;0.528304;0.529776;0.561632;-0.329242;1.003212;0.943846;0.740505;0.000010;0.000010;
12.011289;0.297754;0.175197;0.529895;0.595516;0.297758;0.350403;0.175201;0.526547;-1.191015;0.059554;0.530766;0.529904;0.561952;-0.330556;1.003212;0.943618;0.740250;0.000010;0.000010;
12.011417;0.298236;0.176666;0.530149;0.596481;0.298241;0.353340;0.176670;0.526792;-1.192945;0.059651;0.535659;0.530158;0.562594;-0.333168;1.003213;0.943166;0.739741;0.000010;0.000010;
12.011673;0.299199;0.179574;0.530651;0.598407;0.299203;0.359156;0.179578;0.527275;-1.196796;0.059843;0.545326;0.530660;0.563876;-0.338333;1.003213;0.942273;0.738737;0.000010;0.000010;
12.012185;0.301115;0.185274;0.531632;0.602239;0.301119;0.370556;0.185278;0.528218;-1.204460;0.060226;0.564191;0.531641;0.566441;-0.348430;1.003213;0.940534;0.736775;0.000010;0.000010;
12.013209;0.304911;0.196225;0.533503;0.609831;0.304916;0.392458;0.196229;0.530016;-1.219644;0.060985;0.600129;0.533513;0.571571;-0.367734;1.003213;0.937233;0.733029;0.000010;0.000010;
12.015257;0.312369;0.216446;0.536917;0.624748;0.312374;0.432903;0.216451;0.533279;-1.249477;0.062477;0.665392;0.536926;0.581832;-0.403058;1.003214;0.931270;0.726198;0.000010;0.000010;
12.017305;0.319657;0.234550;0.539924;0.639325;0.319662;0.469114;0.234557;0.536136;-1.278628;0.063934;0.722515;0.539934;0.592092;-0.434346;1.003215;0.926079;0.720179;0.000010;0.000010;
12.019353;0.326788;0.250720;0.542570;0.653588;0.326794;0.501461;0.250731;0.538629;-1.307154;0.065360;0.772378;0.542580;0.602353;-0.462036;1.003215;0.921559;0.714885;0.000010;0.000010;
12.021401;0.333778;0.265143;0.544894;0.667568;0.333784;0.530311;0.265156;0.540800;-1.335112;0.066758;0.815793;0.544905;0.612613;-0.486537;1.003216;0.917625;0.710233;0.000010;0.000010;
12.023449;0.340638;0.277992;0.546935;0.681290;0.340645;0.556011;0.278006;0.542686;-1.362554;0.068130;0.853496;0.546946;0.622874;-0.508217;1.003217;0.914199;0.706150;0.000010;0.000010;
12.025497;0.347382;0.289428;0.548723;0.694777;0.347389;0.578884;0.289442;0.544318;-1.389527;0.069479;0.886139;0.548735;0.633134;-0.527401;1.003218;0.911217;0.702570;0.000010;0.000010;
12.027545;0.354019;0.299598;0.550289;0.708052;0.354026;0.599225;0.299612;0.545727;-1.416075;0.070806;0.914300;0.550301;0.643395;-0.544381;1.003219;0.908623;0.699436;0.000010;0.000010;
12.029593;0.360559;0.308636;0.551658;0.721133;0.360567;0.617301;0.308650;0.546936;-1.442237;0.072114;0.938491;0.551670;0.653655;-0.559413;1.003219;0.906366;0.696696;0.000010;0.000010;
12.031641;0.367012;0.316663;0.552853;0.734040;0.367020;0.633356;0.316678;0.547970;-1.468050;0.073405;0.959164;0.552865;0.663916;-0.572724;1.003220;0.904407;0.694305;0.000010;0.000010;
12.033689;0.373386;0.323790;0.553893;0.746788;0.373394;0.647609;0.323804;0.548848;-1.493545;0.074680;0.976720;0.553906;0.674176;-0.584514;1.003221;0.902707;0.692223;0.000010;0.000010;
12.037785;0.385939;0.335845;0.555599;0.771895;0.385948;0.671707;0.335854;0.550224;-1.543756;0.077191;1.004217;0.555612;0.694697;-0.604404;1.003223;0.899936;0.688810;0.000010;0.000010;
12.041881;0.398251;0.345338;0.556873;0.796519;0.398260;0.690698;0.345349;0.551161;-1.593002;0.079653;1.022951;0.556887;0.715218;-0.620071;1.003225;0.897874;0.686259;0.000010;0.000010;
12.045977;0.410361;0.352787;0.557805;0.820742;0.410371;0.705600;0.352800;0.551747;-1.641446;0.082075;1.034673;0.557818;0.735739;-0.632394;1.003227;0.896373;0.684395;0.000010;0.000010;
12.050073;0.422307;0.358623;0.558465;0.844634;0.422317;0.717273;0.358636;0.552055;-1.689229;0.084465;1.040825;0.558479;0.756260;-0.642096;1.003229;0.895312;0.683072;0.000010;0.000010;
12.054169;0.434115;0.363192;0.558913;0.868251;0.434126;0.726411;0.363206;0.552142;-1.736461;0.086827;1.042559;0.558927;0.776781;-0.649756;1.003231;0.894594;0.682176;0.000010;0.000010;
12.058265;0.445566;0.366772;0.559199;0.891153;0.445576;0.733548;0.366774;0.552066;-1.782263;0.089117;1.041032;0.559212;0.796854;-0.655829;1.003135;0.894136;0.681603;0.000010;0.000010;
12.062361;0.455396;0.369585;0.559392;0.910815;0.455407;0.739057;0.369529;0.551935;-1.821585;0.091083;1.038422;0.559400;0.814121;-0.660660;1.002546;0.893826;0.681216;0.000010;0.000010;
12.066457;0.463713;0.371819;0.559536;0.927449;0.463724;0.743678;0.371839;0.551812;-1.854853;0.092747;1.035945;0.559552;0.828762;-0.664511;1.002119;0.893596;0.680928;0.000010;0.000010;
12.070553;0.470561;0.373606;0.559638;0.941144;0.470572;0.747240;0.373620;0.551683;-1.882242;0.094116;1.033366;0.559653;0.840834;-0.667589;1.001717;0.893435;0.680724;0.000010;0.000010;
12.074649;0.476170;0.375024;0.559714;0.952364;0.476182;0.750105;0.375053;0.551568;-1.904682;0.095238;1.031072;0.559730;0.850729;-0.670051;1.001407;0.893314;0.680573;0.000010;0.000010;
12.078745;0.480729;0.376159;0.559769;0.961482;0.480741;0.752369;0.376184;0.551467;-1.922916;0.096150;1.029038;0.559786;0.858777;-0.672024;1.001134;0.893225;0.680461;0.000010;0.000010;
12.082841;0.484427;0.377068;0.559812;0.968878;0.484439;0.754190;0.377095;0.551381;-1.937708;0.096890;1.027321;0.559829;0.865309;-0.673606;1.000921;0.893156;0.680375;0.000010;0.000010;
12.086937;0.487420;0.377796;0.559845;0.974863;0.487432;0.755641;0.377821;0.551308;-1.949678;0.097489;1.025869;0.559861;0.870597;-0.674875;1.000743;0.893105;0.680310;0.000010;0.000010;
12.095129;0.491894;0.378881;0.559891;0.983812;0.491906;0.757787;0.378893;0.551196;-1.967575;0.098383;1.023611;0.559907;0.878503;-0.676768;1.000474;0.893030;0.680217;0.000010;0.000010;
12.103321;0.494820;0.379582;0.559920;0.989665;0.494832;0.759192;0.379596;0.551120;-1.979279;0.098969;1.022108;0.559936;0.883680;-0.677991;1.000302;0.892984;0.680159;0.000010;0.000010;
12.111513;0.496709;0.380028;0.559938;0.993443;0.496722;0.760086;0.380043;0.551070;-1.986837;0.099347;1.021104;0.559954;0.887025;-0.678768;1.000192;0.892956;0.680124;0.000010;0.000010;
12.119705;0.497919;0.380310;0.559948;0.995863;0.497932;0.760648;0.380324;0.551037;-1.991677;0.099589;1.020439;0.559964;0.889169;-0.679259;1.000121;0.892940;0.680104;0.000010;0.000010;
12.127897;0.498690;0.380486;0.559954;0.997405;0.498703;0.761001;0.380500;0.551015;-1.994760;0.099743;1.020004;0.559970;0.890538;-0.679566;1.000076;0.892930;0.680092;0.000010;0.000010;
12.136089;0.499180;0.380597;0.559958;0.998384;0.499192;0.761222;0.380611;0.551001;-1.996719;0.099841;1.019722;0.559974;0.891408;-0.679757;1.000048;0.892924;0.680084;0.000010;0.000010;
12.144281;0.499490;0.380667;0.559960;0.999005;0.499502;0.761361;0.380681;0.550992;-1.997959;0.099903;1.019541;0.559976;0.891960;-0.679877;1.000030;0.892921;0.680080;0.000010;0.000010;
12.160665;0.499851;0.380749;0.559963;0.999727;0.499863;0.761523;0.380762;0.550982;-1.999403;0.099975;1.019331;0.559978;0.892605;-0.680014;1.000009;0.892917;0.680075;0.000010;0.000010;
12.177049;0.499988;0.380781;0.559964;1.000002;0.500001;0.761587;0.380794;0.550978;-1.999954;0.100003;1.019255;0.559980;0.892853;-0.680064;1.000001;0.892915;0.680072;0.000010;0.000010;
12.193433;0.500029;0.380792;0.559964;1.000082;0.500041;0.761609;0.380805;0.550977;-2.000115;0.100011;1.019238;0.559980;0.892928;-0.680077;0.999998;0.892914;0.680071;0.000010;0.000010;
12.209817;0.500033;0.380795;0.559965;1.000091;0.500046;0.761616;0.380808;0.550977;-2.000132;0.100011;1.019243;0.559981;0.892939;-0.680078;0.999998;0.892913;0.680070;0.000010;0.000010;
12.226201;0.500027;0.380797;0.559965;1.000080;0.500040;0.761618;0.380809;0.550978;-2.000110;0.100010;1.019254;0.559981;0.892932;-0.680075;0.999998;0.892913;0.680070;0.000010;0.000010;
12.258969;0.500019;0.380799;0.559966;1.000063;0.500032;0.761624;0.380812;0.550979;-2.000076;0.100009;1.019274;0.559982;0.892922;-0.680071;0.999999;0.892912;0.680068;0.000010;0.000010;
12.291737;0.500013;0.380801;0.559966;1.000052;0.500026;0.761628;0.380814;0.550980;-2.000053;0.100008;1.019289;0.559982;0.892915;-0.680069;0.999999;0.892911;0.680067;0.000010;0.000010;
12.324505;0.500010;0.380803;0.559967;1.000045;0.500022;0.761632;0.380816;0.550980;-2.000040;0.100007;1.019301;0.559983;0.892912;-0.680067;0.999999;0.892910;0.680066;0.000010;0.000010;
12.390041;0.500007;0.380807;0.559967;1.000038;0.500019;0.761638;0.380819;0.550981;-2.000026;0.100006;1.019315;0.559983;0.892910;-0.680066;1.000000;0.892909;0.680065;0.000010;0.000010;
12.499998;0.500004;0.380809;0.559968;1.000033;0.500017;0.761644;0.380822;0.550982;-2.000016;0.100006;1.019328;0.559984;0.892908;-0.680064;1.000000;0.892908;0.680064;0.000010;0.000010;
12.499998;0.990626;0.630860;1.046374;1.981278;0.990639;1.261745;0.630873;1.041600;-2.000016;0.100006;1.019328;1.046390;0.892908;-0.680064;-1.628626;0.892908;0.680064;0.000010;0.000010;
12.499998;0.990549;0.631010;1.046389;1.981123;0.990561;1.262046;0.631023;1.041615;-1.999860;0.099998;1.019632;1.046404;0.892908;-0.680064;-1.624175;0.879687;0.662840;0.000010;0.000010;
12.499998;0.990549;0.631010;1.046389;1.981123;0.990561;1.262046;0.631023;1.041615;-1.999860;0.099998;1.019632;1.046404;0.892908;-0.680064;-1.624175;0.879384;0.662840;0.000010;0.000010;
12.499998;0.990352;0.631392;1.046425;1.980729;0.990365;1.262809;0.631405;1.041654;-1.999462;0.099978;1.020403;1.046441;0.892907;-0.680062;-1.612873;0.847330;0.619823;0.000010;0.000010;
12.499999;0.990155;0.631771;1.046461;1.980336;0.990168;1.263567;0.631783;1.041692;-1.999065;0.099958;1.021169;1.046477;0.892905;-0.680060;-1.601620;0.819027;0.578739;0.000010;0.000010;
12.499999;0.989958;0.632147;1.046497;1.979942;0.989971;1.264319;0.632160;1.041730;-1.998667;0.099938;1.021931;1.046513;0.892903;-0.680057;-1.590417;0.793604;0.539501;0.000010;0.000010;
12.500000;0.989564;0.632893;1.046569;1.979154;0.989577;1.265811;0.632905;1.041806;-1.997872;0.099898;1.023441;1.046584;0.892897;-0.680048;-1.568126;0.749154;0.465103;0.000010;0.000010;
12.500001;0.989171;0.633629;1.046639;1.978367;0.989183;1.267283;0.633641;1.041880;-1.997077;0.099859;1.024933;1.046655;0.892890;-0.680036;-1.546013;0.712721;0.396826;0.000010;0.000010;
12.500002;0.988778;0.634355;1.046709;1.977581;0.988790;1.268735;0.634367;1.041954;-1.996284;0.099819;1.026406;1.046724;0.892880;-0.680022;-1.524091;0.682446;0.334601;0.000010;0.000010;
12.500004;0.987996;0.635778;1.046845;1.976016;0.988008;1.271582;0.635791;1.042098;-1.994705;0.099740;1.029298;1.046861;0.892859;-0.679984;-1.480813;0.635246;0.225806;0.000010;0.000010;
12.500006;0.987296;0.637028;1.046965;1.974618;0.987309;1.274081;0.637040;1.042226;-1.993293;0.099669;1.031840;1.046980;0.892836;-0.679943;-1.442498;0.603856;0.143951;0.000010;0.000010;
12.500007;0.986602;0.638249;1.047082;1.973229;0.986615;1.276524;0.638262;1.042350;-1.991891;0.099599;1.034329;1.047098;0.892810;-0.679895;-1.404774;0.579609;0.074818;0.000010;0.000010;
12.500009;0.985914;0.639444;1.047197;1.971853;0.985927;1.278913;0.639457;1.042472;-1.990502;0.099530;1.036766;1.047212;0.892783;-0.679841;-1.367631;0.560596;0.016521;0.000010;0.000010;
12.500009;0.985698;0.639816;1.047233;1.971421;0.985711;1.279658;0.639829;1.042510;-1.990066;0.099508;1.037525;1.047248;0.892774;-0.679823;-1.356011;0.555406;0.000000;0.000010;0.000010;
12.500009;0.985698;0.639816;1.047233;1.971421;0.985711;1.279658;0.639829;1.042510;-1.990066;0.099508;1.037525;1.047248;0.892774;-0.679823;-1.356011;0.555556;0.000000;0.000010;0.000010;
12.500009;0.985698;0.639816;1.047233;1.971421;0.985711;1.279658;0.639829;1.042510;-1.990066;0.099508;1.037526;1.047248;0.892774;-0.679823;-1.356010;0.555555;0.000000;0.000010;0.000010;
12.500010;0.985298;0.640501;1.047298;1.970622;0.985311;1.281028;0.640514;1.042580;-1.989259;0.099468;1.038924;1.047314;0.892757;-0.679789;-1.334595;0.547411;0.000000;0.000010;0.000010;
12.500011;0.984901;0.641179;1.047363;1.969827;0.984914;1.282384;0.641192;1.042649;-1.988457;0.099428;1.040308;1.047379;0.892739;-0.679755;-1.313373;0.540249;0.000000;0.000010;0.000010;
12.500013;0.984113;0.642519;1.047492;1.968251;0.984125;1.285063;0.642532;1.042786;-1.986865;0.099348;1.043044;1.047508;0.892703;-0.679687;-1.271376;0.527761;0.000000;0.000010;0.000010;
12.500015;0.983412;0.643703;1.047606;1.966848;0.983424;1.287431;0.643716;1.042907;-1.985450;0.099277;1.045464;1.047621;0.892670;-0.679626;-1.234183;0.518693;0.000000;0.000010;0.000010;
12.500019;0.982035;0.646008;1.047827;1.964095;0.982048;1.292042;0.646021;1.043142;-1.982671;0.099138;1.050176;1.047843;0.892602;-0.679504;-1.161582;0.505110;0.000000;0.000010;0.000010;
12.500022;0.980856;0.647961;1.048015;1.961738;0.980869;1.295948;0.647974;1.043342;-1.980291;0.099019;1.054171;1.048030;0.892540;-0.679396;-1.099848;0.496969;0.000000;0.000010;0.000010;
12.500025;0.979704;0.649853;1.048197;1.959434;0.979717;1.299731;0.649866;1.043536;-1.977965;0.098903;1.058042;1.048212;0.892477;-0.679289;-1.039857;0.491155;0.000000;0.000010;0.000010;
12.500028;0.978578;0.651685;1.048373;1.957182;0.978591;1.303395;0.651697;1.043723;-1.975692;0.098789;1.061793;1.048388;0.892414;-0.679182;-0.981567;0.487033;0.000000;0.000010;0.000010;
12.500031;0.977479;0.653458;1.048543;1.954982;0.977491;1.306942;0.653471;1.043905;-1.973471;0.098678;1.065426;1.048558;0.892350;-0.679075;-0.924931;0.484100;0.000000;0.000010;0.000010;
12.500035;0.976404;0.655176;1.048708;1.952834;0.976417;1.310377;0.655188;1.044081;-1.971303;0.098570;1.068946;1.048724;0.892285;-0.678968;-0.869904;0.482000;0.000000;0.000010;0.000010;
12.500038;0.975355;0.656839;1.048868;1.950736;0.975368;1.313702;0.656851;1.044251;-1.969185;0.098464;1.072356;1.048883;0.892220;-0.678861;-0.816441;0.480488;0.000000;0.000010;0.000010;
12.500041;0.974331;0.658448;1.049022;1.948687;0.974344;1.316922;0.658461;1.044417;-1.967117;0.098360;1.075659;1.049038;0.892155;-0.678754;-0.764498;0.479394;0.000000;0.000010;0.000010;
12.500044;0.973331;0.660007;1.049172;1.946687;0.973343;1.320039;0.660019;1.044577;-1.965098;0.098259;1.078858;1.049188;0.892090;-0.678646;-0.714033;0.478596;0.000000;0.000010;0.000010;
12.500050;0.971401;0.662977;1.049458;1.942827;0.971413;1.325980;0.662990;1.044882;-1.961201;0.098064;1.084961;1.049473;0.891959;-0.678432;-0.617325;0.477521;0.000000;0.000010;0.000010;
12.500057;0.969562;0.665761;1.049726;1.939148;0.969574;1.331546;0.665773;1.045168;-1.957487;0.097879;1.090686;1.049741;0.891829;-0.678218;-0.526037;0.476908;0.000000;0.000010;0.000010;
12.500063;0.967810;0.668368;1.049976;1.935644;0.967822;1.336760;0.668380;1.045436;-1.953950;0.097702;1.096055;1.049992;0.891698;-0.678004;-0.439882;0.476555;0.000000;0.000010;0.000010;
12.500069;0.966141;0.670809;1.050211;1.932307;0.966153;1.341642;0.670821;1.045688;-1.950581;0.097533;1.101089;1.050227;0.891567;-0.677790;-0.358579;0.476336;0.000000;0.000010;0.000010;
12.500082;0.963032;0.675242;1.050638;1.926089;0.963044;1.350509;0.675254;1.046146;-1.944304;0.097219;1.110251;1.050654;0.891305;-0.677362;-0.209143;0.476034;0.000000;0.000010;0.000010;
12.500095;0.960211;0.679123;1.051013;1.920447;0.960223;1.358270;0.679135;1.046549;-1.938609;0.096935;1.118297;1.051028;0.891042;-0.676935;-0.076031;0.475841;0.000000;0.000010;0.000010;
12.500120;0.955294;0.685525;1.051631;1.910613;0.955307;1.371074;0.685537;1.047216;-1.928683;0.096438;1.131644;1.051647;0.890519;-0.676081;0.149736;0.475535;0.000000;0.000010;0.000010;
12.500145;0.951236;0.690373;1.052102;1.902498;0.951249;1.380771;0.690385;1.047726;-1.920490;0.096028;1.141853;1.052118;0.889995;-0.675228;0.328717;0.475311;0.000000;0.000010;0.000010;
12.500170;0.947882;0.693982;1.052455;1.895788;0.947894;1.387991;0.693996;1.048112;-1.913717;0.095690;1.149561;1.052471;0.889472;-0.674376;0.470080;0.475138;0.000000;0.000010;0.000010;
12.500196;0.945093;0.696614;1.052715;1.890212;0.945106;1.393255;0.696627;1.048398;-1.908088;0.095408;1.155293;1.052731;0.888949;-0.673525;0.581530;0.475006;0.000000;0.000010;0.000010;
12.500221;0.942759;0.698477;1.052902;1.885542;0.942771;1.396981;0.698490;1.048607;-1.903374;0.095172;1.159473;1.052918;0.888426;-0.672675;0.669311;0.474909;0.000000;0.000010;0.000010;
12.500271;0.939012;0.700659;1.053129;1.878049;0.939025;1.401342;0.700671;1.048869;-1.895810;0.094794;1.164712;1.053144;0.887384;-0.670979;0.797106;0.474789;0.000000;0.000010;0.000010;
12.500322;0.936220;0.701289;1.053208;1.872464;0.936232;1.402604;0.701302;1.048974;-1.890173;0.094512;1.166816;1.053224;0.886343;-0.669287;0.876307;0.474742;0.000000;0.000010;0.000010;
12.500372;0.934042;0.700929;1.053193;1.868109;0.934054;1.401883;0.700941;1.048979;-1.885776;0.094292;1.166914;1.053209;0.885305;-0.667599;0.924310;0.474742;0.000000;0.000010;0.000010;
12.500423;0.932248;0.699956;1.053120;1.864520;0.932260;1.399937;0.699968;1.048922;-1.882153;0.094111;1.165773;1.053136;0.884270;-0.665916;0.952961;0.474771;0.000000;0.000010;0.000010;
12.500473;0.930688;0.698615;1.053012;1.861400;0.930700;1.397255;0.698628;1.048828;-1.879004;0.093954;1.163886;1.053028;0.883237;-0.664237;0.969875;0.474817;0.000000;0.000010;0.000010;
12.500524;0.929269;0.697058;1.052884;1.858563;0.929282;1.394141;0.697070;1.048712;-1.876140;0.093811;1.161558;1.052899;0.882207;-0.662562;0.979782;0.474874;0.000000;0.000010;0.000010;
12.500625;0.926622;0.693673;1.052600;1.853267;0.926634;1.387371;0.693685;1.048451;-1.870794;0.093543;1.156345;1.052616;0.880156;-0.659224;0.990548;0.475001;0.000000;0.000010;0.000010;
12.500726;0.924133;0.690078;1.052296;1.848289;0.924145;1.380179;0.690090;1.048168;-1.865769;0.093292;1.150691;1.052312;0.878116;-0.655904;0.993889;0.475137;0.000000;0.000010;0.000010;
12.500928;0.919291;0.682797;1.051679;1.838606;0.919303;1.365617;0.682809;1.047591;-1.855994;0.092803;1.139161;1.051694;0.874067;-0.649312;0.995799;0.475416;0.000000;0.000010;0.000010;
12.501332;0.909978;0.668453;1.050458;1.819979;0.909989;1.336928;0.668464;1.046449;-1.837192;0.091863;1.116307;1.050473;0.866185;-0.636456;0.994144;0.475969;0.000000;0.000010;0.000010;
12.501736;0.900852;0.654466;1.049265;1.801726;0.900863;1.308954;0.654477;1.045331;-1.818766;0.090942;1.093961;1.049279;0.858470;-0.623855;0.993901;0.476511;0.000000;0.000010;0.000010;
12.502140;0.891930;0.640794;1.048095;1.783882;0.891941;1.281607;0.640803;1.044235;-1.800754;0.090041;1.072043;1.048110;0.850918;-0.611503;0.993954;0.477043;0.000000;0.000010;0.000010;
12.502948;0.874570;0.614165;1.045809;1.749160;0.874580;1.228349;0.614175;1.042089;-1.765704;0.088289;1.029141;1.045823;0.836187;-0.587369;0.994173;0.478086;0.000000;0.000010;0.000010;
12.503756;0.857942;0.588608;1.043603;1.715904;0.857952;1.177233;0.588617;1.040016;-1.732134;0.086610;0.987688;1.043617;0.822028;-0.564113;0.994422;0.479097;0.000000;0.000010;0.000010;
12.504564;0.842058;0.564142;1.041481;1.684136;0.842068;1.128308;0.564154;1.038020;-1.700066;0.085007;0.947757;1.041494;0.808461;-0.541765;0.994668;0.480074;0.000000;0.000010;0.000010;
12.506180;0.812395;0.518296;1.037476;1.624808;0.812404;1.036610;0.518305;1.034242;-1.640178;0.082013;0.872227;1.037489;0.783002;-0.499649;0.995117;0.481928;0.000000;0.000010;0.000010;
12.507796;0.785344;0.476287;1.033774;1.570703;0.785352;0.952594;0.476297;1.030742;-1.585562;0.079282;0.802226;1.033786;0.759649;-0.460791;0.995525;0.483654;0.000000;0.000010;0.000010;
12.509412;0.760674;0.437790;1.030353;1.521363;0.760682;0.875604;0.437802;1.027499;-1.535756;0.076792;0.737393;1.030365;0.738238;-0.424948;0.995899;0.485261;0.000000;0.000010;0.000010;
12.511027;0.738174;0.402501;1.027193;1.476361;0.738181;0.805028;0.402514;1.024498;-1.490330;0.074521;0.677373;1.027205;0.718612;-0.391891;0.996242;0.486754;0.000000;0.000010;0.000010;
12.512643;0.717646;0.370139;1.024275;1.435305;0.717653;0.740306;0.370153;1.021720;-1.448885;0.072448;0.621830;1.024286;0.700625;-0.361405;0.996557;0.488142;0.000000;0.000010;0.000010;
12.514259;0.698913;0.340450;1.021580;1.397838;0.698919;0.680930;0.340465;1.019151;-1.411065;0.070557;0.570445;1.021590;0.684141;-0.333291;0.996845;0.489430;0.000000;0.000010;0.000010;
12.515875;0.681814;0.313205;1.019091;1.363638;0.681819;0.626439;0.313220;1.016774;-1.376541;0.068831;0.522918;1.019101;0.669036;-0.307363;0.997110;0.490626;0.000000;0.000010;0.000010;
12.517491;0.666201;0.288192;1.016793;1.332412;0.666206;0.576413;0.288207;1.014576;-1.345020;0.067255;0.478972;1.016803;0.655197;-0.283452;0.997352;0.491735;0.000000;0.000010;0.000010;
12.519107;0.651943;0.265221;1.014672;1.303895;0.651948;0.530472;0.265236;1.012544;-1.316234;0.065816;0.438344;1.014681;0.642517;-0.261402;0.997575;0.492764;0.000000;0.000010;0.000010;
12.520723;0.638919;0.244120;1.012714;1.277847;0.638924;0.488270;0.244135;1.010666;-1.289940;0.064501;0.400792;1.012723;0.630901;-0.241067;0.997778;0.493717;0.000000;0.000010;0.000010;
12.522339;0.627021;0.224731;1.010906;1.254050;0.627025;0.449490;0.224745;1.008931;-1.265917;0.063300;0.366087;1.010915;0.620260;-0.222313;0.997965;0.494600;0.000000;0.000010;0.000010;
12.523955;0.616148;0.206909;1.009238;1.232304;0.616152;0.413846;0.206923;1.007327;-1.243967;0.062203;0.334020;1.009246;0.610514;-0.205019;0.998137;0.495418;0.000000;0.000010;0.000010;
12.527187;0.597042;0.175333;1.006264;1.194092;0.597046;0.350675;0.175337;1.004465;-1.205393;0.060274;0.276784;1.006272;0.593328;-0.174233;0.998439;0.496883;0.000000;0.000010;0.000010;
12.530419;0.581053;0.148587;1.003729;1.162113;0.581057;0.297189;0.148594;1.002021;-1.173112;0.058660;0.227913;1.003737;0.578899;-0.148024;0.998693;0.498139;0.000000;0.000010;0.000010;
12.533651;0.567691;0.125950;1.001572;1.135389;0.567694;0.251924;0.125962;0.999938;-1.146134;0.057312;0.186249;1.001579;0.566808;-0.125742;0.998906;0.499212;0.000000;0.000010;0.000010;
12.536883;0.556529;0.106792;0.999736;1.113065;0.556532;0.213611;0.106805;0.998163;-1.123599;0.056185;0.150758;0.999743;0.556684;-0.106808;0.999085;0.500129;0.000000;0.000010;0.000010;
12.540114;0.547205;0.090571;0.998175;1.094417;0.547208;0.181170;0.090585;0.996652;-1.104775;0.055244;0.120542;0.998182;0.548214;-0.090723;0.999235;0.500912;0.000000;0.000010;0.000010;
12.543346;0.539416;0.076832;0.996848;1.078838;0.539419;0.153692;0.076846;0.995366;-1.089049;0.054457;0.094824;0.996854;0.541130;-0.077060;0.999361;0.501579;0.000000;0.000010;0.000010;
12.546578;0.532909;0.065191;0.995720;1.065823;0.532911;0.130407;0.065204;0.994271;-1.075911;0.053801;0.072940;0.995726;0.535207;-0.065454;0.999466;0.502147;0.000000;0.000010;0.000010;
12.549810;0.527472;0.055323;0.994761;1.054949;0.527474;0.110670;0.055335;0.993340;-1.064934;0.053252;0.054322;0.994767;0.530257;-0.055596;0.999554;0.502632;0.000000;0.000010;0.000010;
12.553042;0.522929;0.046956;0.993945;1.045864;0.522932;0.093935;0.046967;0.992548;-1.055763;0.052793;0.038484;0.993951;0.526120;-0.047223;0.999628;0.503044;0.000000;0.000010;0.000010;
12.556274;0.519134;0.039860;0.993252;1.038273;0.519137;0.079741;0.039871;0.991874;-1.048100;0.052410;0.025013;0.993258;0.522666;-0.040111;0.999689;0.503395;0.000000;0.000010;0.000010;
12.559506;0.515963;0.033841;0.992664;1.031932;0.515966;0.067700;0.033850;0.991302;-1.041699;0.052090;0.013556;0.992669;0.519781;-0.034070;0.999741;0.503694;0.000000;0.000010;0.000010;
12.562738;0.513315;0.028733;0.992163;1.026635;0.513317;0.057484;0.028742;0.990814;-1.036352;0.051823;0.003812;0.992169;0.517373;-0.028938;0.999784;0.503948;0.000000;0.000010;0.000010;
12.569202;0.509177;0.020592;0.991363;1.018360;0.509180;0.041188;0.020594;0.990035;-1.027999;0.051405;-0.011773;0.991368;0.513614;-0.020745;0.999851;0.504356;0.000000;0.000010;0.000010;
12.575665;0.506284;0.014709;0.990784;1.012574;0.506287;0.029424;0.014712;0.989470;-1.022158;0.051113;-0.023064;0.990790;0.510994;-0.014820;0.999898;0.504650;0.000000;0.000010;0.000010;
12.582129;0.504283;0.010490;0.990368;1.008572;0.504286;0.020989;0.010494;0.989064;-1.018118;0.050911;-0.031186;0.990374;0.509189;-0.010568;0.999931;0.504862;0.000000;0.000010;0.000010;
12.588593;0.502909;0.007477;0.990071;1.005823;0.502912;0.014963;0.007481;0.988773;-1.015344;0.050772;-0.037004;0.990076;0.507954;-0.007529;0.999953;0.505014;0.000000;0.000010;0.000010;
12.595057;0.501969;0.005329;0.989858;1.003944;0.501972;0.010665;0.005333;0.988565;-1.013446;0.050678;-0.041164;0.989863;0.507113;-0.005361;0.999969;0.505123;0.000000;0.000010;0.000010;
12.600000;0.501453;0.004103;0.989737;1.002910;0.501455;0.008213;0.004106;0.988446;-1.012403;0.050625;-0.043544;0.989742;0.506653;-0.004123;0.999977;0.505185;0.000000;0.000010;0.000010;
12.600000;0.501453;0.004104;0.989737;1.002911;0.501456;0.008213;0.004106;0.988446;-1.012404;0.050625;-0.043544;0.989742;0.506653;-0.004123;0.999977;0.505185;0.000000;0.000010;0.000010;
12.600001;0.501453;0.004103;0.989737;1.002911;0.501455;0.008212;0.004106;0.988446;-1.012404;0.050625;-0.043544;0.989742;0.506653;-0.004123;0.999977;0.505185;0.000000;0.000010;0.000010;
12.600002;0.501453;0.004103;0.989737;1.002911;0.501455;0.008212;0.004106;0.988446;-1.012404;0.050625;-0.043545;0.989742;0.506653;-0.004123;0.999977;0.505185;0.000000;0.000010;0.000010;
12.600004;0.501453;0.004103;0.989736;1.002910;0.501455;0.008211;0.004105;0.988446;-1.012403;0.050625;-0.043546;0.989742;0.506653;-0.004122;0.999977;0.505185;0.000000;0.000010;0.000010;
12.600008;0.501452;0.004102;0.989736;1.002910;0.501455;0.008209;0.004105;0.988446;-1.012403;0.050625;-0.043547;0.989742;0.506653;-0.004122;0.999977;0.505185;0.000000;0.000010;0.000010;
12.600016;0.501452;0.004100;0.989736;1.002908;0.501454;0.008206;0.004103;0.988446;-1.012401;0.050625;-0.043550;0.989741;0.506652;-0.004120;0.999977;0.505185;0.000000;0.000010;0.000010;
12.600032;0.501450;0.004097;0.989736;1.002906;0.501453;0.008199;0.004100;0.988445;-1.012399;0.050625;-0.043557;0.989741;0.506651;-0.004117;0.999977;0.505185;0.000000;0.000010;0.000010;
12.600064;0.501448;0.004091;0.989735;1.002900;0.501450;0.008186;0.004093;0.988445;-1.012393;0.050625;-0.043569;0.989740;0.506648;-0.004110;0.999977;0.505185;0.000000;0.000010;0.000010;
12.600128;0.501442;0.004078;0.989734;1.002890;0.501445;0.008160;0.004080;0.988444;-1.012383;0.050624;-0.043595;0.989739;0.506644;-0.004097;0.999977;0.505186;0.000000;0.000010;0.000010;
12.600256;0.501432;0.004052;0.989731;1.002869;0.501434;0.008109;0.004054;0.988441;-1.012361;0.050623;-0.043645;0.989737;0.506634;-0.004071;0.999978;0.505187;0.000000;0.000010;0.000010;
12.600512;0.501411;0.004000;0.989726;1.002827;0.501414;0.008006;0.004003;0.988436;-1.012319;0.050621;-0.043745;0.989731;0.506616;-0.004019;0.999978;0.505190;0.000000;0.000010;0.000010;
12.601024;0.501370;0.003900;0.989716;1.002746;0.501373;0.007805;0.003902;0.988426;-1.012237;0.050617;-0.043940;0.989721;0.506580;-0.003917;0.999979;0.505195;0.000000;0.000010;0.000010;
12.602048;0.501293;0.003706;0.989697;1.002590;0.501295;0.007417;0.003709;0.988407;-1.012080;0.050609;-0.044317;0.989702;0.506511;-0.003722;0.999980;0.505205;0.000000;0.000010;0.000010;
12.604096;0.501149;0.003346;0.989661;1.002303;0.501152;0.006698;0.003349;0.988372;-1.011791;0.050595;-0.045017;0.989667;0.506385;-0.003359;0.999982;0.505223;0.000000;0.000010;0.000010;
12.608192;0.500906;0.002725;0.989600;1.001817;0.500908;0.005454;0.002727;0.988312;-1.011299;0.050570;-0.046228;0.989605;0.506170;-0.002731;0.999986;0.505255;0.000000;0.000010;0.000010;
12.616384;0.500550;0.001784;0.989506;1.001105;0.500552;0.003574;0.001787;0.988220;-1.010581;0.050534;-0.048061;0.989511;0.505858;-0.001782;0.999992;0.505302;0.000000;0.000010;0.000010;
12.624576;0.500326;0.001159;0.989444;1.000658;0.500329;0.002323;0.001162;0.988159;-1.010129;0.050512;-0.049284;0.989449;0.505664;-0.001152;0.999995;0.505334;0.000000;0.000010;0.000010;
12.640960;0.500079;0.000418;0.989370;1.000163;0.500082;0.000840;0.000420;0.988086;-1.009630;0.050487;-0.050737;0.989375;0.505452;-0.000404;0.999999;0.505372;-0.000000;0.000010;0.000010;
12.657344;0.499996;0.000115;0.989340;0.999997;0.499999;0.000235;0.000118;0.988057;-1.009462;0.050478;-0.051334;0.989345;0.505383;-0.000100;1.000001;0.505387;-0.000000;0.000010;0.000010;
12.673728;0.499979;0.000014;0.989330;0.999964;0.499982;0.000032;0.000016;0.988046;-1.009429;0.050477;-0.051536;0.989335;0.505372;0.000001;1.000001;0.505393;-0.000000;0.000010;0.000010;
12.690112;0.499983;-0.000009;0.989328;0.999972;0.499986;-0.000013;-0.000007;0.988044;-1.009437;0.050477;-0.051584;0.989333;0.505377;0.000022;1.000001;0.505394;-0.000000;0.000010;0.000010;
12.706496;0.499990;-0.000007;0.989328;0.999986;0.499993;-0.000010;-0.000005;0.988044;-1.009451;0.050478;-0.051581;0.989333;0.505384;0.000019;1.000001;0.505394;-0.000000;0.000010;0.000010;
12.739264;0.499997;-0.000003;0.989328;1.000000;0.500000;-0.000000;-0.000000;0.988045;-1.009465;0.050479;-0.051573;0.989333;0.505391;0.000012;1.000000;0.505393;0.000000;0.000010;0.000010;
12.772032;0.499999;0.000003;0.989329;1.000003;0.500002;0.000011;0.000006;0.988045;-1.009469;0.050479;-0.051562;0.989334;0.505392;0.000005;1.000000;0.505393;0.000000;0.000010;0.000010;
12.837568;0.500000;0.000004;0.989329;1.000005;0.500002;0.000013;0.000007;0.988045;-1.009470;0.050479;-0.051560;0.989334;0.505393;0.000001;1.000000;0.505393;0.000000;0.000010;0.000010;
12.968640;0.500000;0.000003;0.989329;1.000005;0.500003;0.000010;0.000005;0.988045;-1.009470;0.050479;-0.051563;0.989334;0.505393;0.000000;1.000000;0.505393;0.000000;0.000010;0.000010;
13.230784;0.500000;0.000001;0.989328;1.000005;0.500003;0.000007;0.000004;0.988045;-1.009470;0.050479;-0.051566;0.989334;0.505393;0.000000;1.000000;0.505393;0.000000;0.000010;0.000010;
13.755072;0.500000;0.000000;0.989328;1.000005;0.500003;0.000006;0.000003;0.988045;-1.009470;0.050479;-0.051568;0.989333;0.505393;0.000000;1.000000;0.505393;0.000000;0.000010;0.000010;
14.803648;0.500000;0.000000;0.989328;1.000005;0.500003;0.000005;0.000003;0.988045;-1.009470;0.050479;-0.051568;0.989333;0.505393;0.000000;1.000000;0.505393;0.000000;0.000010;0.000010;
16.900800;0.500000;0.000000;0.989328;1.000005;0.500003;0.000005;0.000003;0.988045;-1.009470;0.050479;-0.051568;0.989333;0.505393;0.000000;1.000000;0.505393;0.000000;0.000010;0.000010;
16.999997;0.500000;0.000000;0.989328;1.000005;0.500003;0.000005;0.000003;0.988045;-1.009470;0.050479;-0.051568;0.989333;0.505393;0.000000;1.000000;0.505393;0.000000;0.000010;0.000010;
16.999998;0.500000;0.000000;0.989328;1.000005;0.500003;0.000005;0.000003;0.988045;-1.009470;0.050479;-0.051568;0.989333;0.505393;0.000000;1.000000;0.505393;0.000000;0.000010;0.000010;
16.999999;0.500000;0.000000;0.989328;1.000005;0.500003;0.000005;0.000003;0.988045;-1.009470;0.050479;-0.051568;0.989333;0.505393;0.000000;1.000000;0.505393;0.000000;0.000010;0.000010;
17.000001;0.500000;0.000000;0.989328;1.000005;0.500003;0.000005;0.000003;0.988045;-1.009470;0.050479;-0.051568;0.989333;0.505393;0.000000;1.000000;0.505393;0.000000;0.000010;0.000010;
17.000005;0.500000;0.000000;0.989328;1.000005;0.500003;0.000005;0.000003;0.988045;-1.009470;0.050479;-0.051568;0.989333;0.505393;0.000000;1.000000;0.505393;0.000000;0.000010;0.000010;
17.000013;0.500000;0.000000;0.989328;1.000005;0.500003;0.000005;0.000003;0.988045;-1.009470;0.050479;-0.051568;0.989333;0.505393;0.000000;1.000000;0.505393;0.000000;0.000010;0.000010;
17.000029;0.500000;0.000000;0.989328;1.000005;0.500003;0.000005;0.000003;0.988045;-1.009470;0.050479;-0.051568;0.989333;0.505393;0.000000;1.000000;0.505393;0.000000;0.000010;0.000010;
17.000061;0.500000;0.000000;0.989328;1.000005;0.500003;0.000005;0.000003;0.988045;-1.009470;0.050479;-0.051568;0.989333;0.505393;0.000000;1.000000;0.505393;0.000000;0.000010;0.000010;
17.000125;0.500000;0.000000;0.989328;1.000005;0.500003;0.000005;0.000003;0.988045;-1.009470;0.050479;-0.051568;0.989333;0.505393;0.000000;1.000000;0.505393;0.000000;0.000010;0.000010;
17.000253;0.500000;0.000000;0.989328;1.000005;0.500003;0.000005;0.000003;0.988045;-1.009470;0.050479;-0.051568;0.989333;0.505393;0.000000;1.000000;0.505393;0.000000;0.000010;0.000010;
17.000509;0.500000;0.000000;0.989328;1.000005;0.500003;0.000005;0.000003;0.988045;-1.009470;0.050479;-0.051568;0.989333;0.505393;0.000000;1.000000;0.505393;0.000000;0.000010;0.000010;
17.001021;0.500000;0.000000;0.989328;1.000005;0.500003;0.000005;0.000003;0.988045;-1.009470;0.050479;-0.051568;0.989333;0.505393;0.000000;1.000000;0.505393;0.000000;0.000010;0.000010;
17.002045;0.500000;0.000000;0.989328;1.000005;0.500003;0.000005;0.000003;0.988045;-1.009470;0.050479;-0.051568;0.989333;0.505393;0.000000;1.000000;0.505393;0.000000;0.000010;0.000010;
17.004093;0.500000;0.000000;0.989328;1.000005;0.500003;0.000005;0.000003;0.988045;-1.009470;0.050479;-0.051568;0.989333;0.505393;0.000000;1.000000;0.505393;0.000000;0.000010;0.000010;
17.008189;0.500000;0.000000;0.989328;1.000005;0.500003;0.000005;0.000003;0.988045;-1.009470;0.050479;-0.051568;0.989333;0.505393;0.000000;1.000000;0.505393;0.000000;0.000010;0.000010;
17.016381;0.500000;0.000000;0.989328;1.000005;0.500003;0.000005;0.000003;0.988045;-1.009470;0.050479;-0.051568;0.989333;0.505393;0.000000;1.000000;0.505393;0.000000;0.000010;0.000010;
17.032765;0.500000;0.000000;0.989328;1.000005;0.500003;0.000005;0.000003;0.988045;-1.009470;0.050479;-0.051568;0.989333;0.505393;0.000000;1.000000;0.505393;-0.000000;0.000010;0.000010;
17.065533;0.500000;0.000000;0.989328;1.000005;0.500003;0.000005;0.000003;0.988045;-1.009470;0.050479;-0.051568;0.989333;0.505393;-0.000000;1.000000;0.505393;-0.000000;0.000010;0.000010;
17.131069;0.500000;0.000000;0.989328;1.000005;0.500003;0.000005;0.000003;0.988045;-1.009470;0.050479;-0.051568;0.989333;0.505393;-0.000000;1.000000;0.505393;-0.000000;0.000010;0.000010;
17.262141;0.500000;0.000000;0.989328;1.000005;0.500003;0.000005;0.000003;0.988045;-1.009470;0.050479;-0.051568;0.989333;0.505393;-0.000000;1.000000;0.505393;-0.000000;0.000010;0.000010;
17.499997;0.500000;-0.000000;0.989328;1.000005;0.500003;0.000005;0.000003;0.988045;-1.009470;0.050479;-0.051568;0.989333;0.505393;-0.000000;1.000000;0.505393;0.000000;0.000010;0.000010;
17.499998;0.500000;-0.000000;0.989328;1.000005;0.500003;0.000005;0.000003;0.988045;-1.009470;0.050479;-0.051568;0.989333;0.505393;-0.000000;1.000000;0.505393;0.000000;0.000010;0.000010;
17.499999;0.500000;-0.000000;0.989328;1.000005;0.500003;0.000005;0.000003;0.988045;-1.009470;0.050479;-0.051568;0.989333;0.505393;-0.000000;1.000000;0.505393;0.000000;0.000010;0.000010;
17.500001;0.500000;-0.000000;0.989328;1.000005;0.500003;0.000005;0.000003;0.988045;-1.009470;0.050479;-0.051568;0.989333;0.505393;-0.000000;1.000000;0.505393;0.000000;0.000010;0.000010;
17.500005;0.500000;-0.000000;0.989328;1.000005;0.500003;0.000005;0.000003;0.988045;-1.009470;0.050479;-0.051568;0.989333;0.505393;-0.000000;1.000000;0.505393;0.000000;0.000010;0.000010;
17.500013;0.500000;-0.000000;0.989328;1.000005;0.500003;0.000005;0.000003;0.988045;-1.009470;0.050479;-0.051568;0.989333;0.505393;-0.000000;1.000000;0.505393;0.000000;0.000010;0.000010;
17.500029;0.500000;-0.000000;0.989328;1.000005;0.500003;0.000005;0.000003;0.988045;-1.009470;0.050479;-0.051568;0.989333;0.505393;-0.000000;1.000000;0.505393;0.000000;0.000010;0.000010;
17.500061;0.500000;-0.000000;0.989328;1.000005;0.500003;0.000005;0.000003;0.988045;-1.009470;0.050479;-0.051568;0.989333;0.505393;-0.000000;1.000000;0.505393;0.000000;0.000010;0.000010;
17.500125;0.500000;-0.000000;0.989328;1.000005;0.500003;0.000005;0.000003;0.988045;-1.009470;0.050479;-0.051568;0.989333;0.505393;-0.000000;1.000000;0.505393;0.000000;0.000010;0.000010;
17.500253;0.500000;-0.000000;0.989328;1.000005;0.500003;0.000005;0.000003;0.988045;-1.009470;0.050479;-0.051568;0.989333;0.505393;-0.000000;1.000000;0.505393;0.000000;0.000010;0.000010;
17.500509;0.500000;-0.000000;0.989328;1.000005;0.500003;0.000005;0.000003;0.988045;-1.009470;0.050479;-0.051568;0.989333;0.505393;-0.000000;1.000000;0.505393;0.000000;0.000010;0.000010;
17.501021;0.500000;-0.000000;0.989328;1.000005;0.500003;0.000005;0.000003;0.988045;-1.009470;0.050479;-0.051568;0.989333;0.505393;-0.000000;1.000000;0.505393;0.000000;0.000010;0.000010;
17.502045;0.500000;-0.000000;0.989328;1.000005;0.500003;0.000005;0.000003;0.988045;-1.009470;0.050479;-0.051568;0.989333;0.505393;-0.000000;1.000000;0.505393;0.000000;0.000010;0.000010;
17.504093;0.500000;-0.000000;0.989328;1.000005;0.500003;0.000005;0.000003;0.988045;-1.009470;0.050479;-0.051568;0.989333;0.505393;-0.000000;1.000000;0.505393;0.000000;0.000010;0.000010;
17.508189;0.500000;-0.000000;0.989328;1.000005;0.500003;0.000005;0.000003;0.988045;-1.009470;0.050479;-0.051568;0.989333;0.505393;-0.000000;1.000000;0.505393;0.000000;0.000010;0.000010;
17.516381;0.500000;-0.000000;0.989328;1.000005;0.500003;0.000005;0.000003;0.988045;-1.009470;0.050479;-0.051568;0.989333;0.505393;-0.000000;1.000000;0.505393;0.000000;0.000010;0.000010;
17.532765;0.500000;-0.000000;0.989328;1.000005;0.500003;0.000005;0.000003;0.988045;-1.009470;0.050479;-0.051568;0.989333;0.505393;-0.000000;1.000000;0.505393;0.000000;0.000010;0.000010;
17.565533;0.500000;-0.000000;0.989328;1.000005;0.500003;0.000005;0.000003;0.988045;-1.009470;0.050479;-0.051568;0.989333;0.505393;-0.000000;1.000000;0.505393;0.000000;0.000010;0.000010;
17.631069;0.500000;-0.000000;0.989328;1.000005;0.500003;0.000005;0.000003;0.988045;-1.009470;0.050479;-0.051568;0.989333;0.505393;-0.000000;1.000000;0.505393;0.000000;0.000010;0.000010;
17.762141;0.500000;-0.000000;0.989328;1.000005;0.500003;0.000005;0.000003;0.988045;-1.009470;0.050479;-0.051568;0.989333;0.505393;-0.000000;1.000000;0.505393;0.000000;0.000010;0.000010;
18.024285;0.500000;-0.000000;0.989328;1.000005;0.500003;0.000005;0.000003;0.988045;-1.009470;0.050479;-0.051568;0.989333;0.505393;-0.000000;1.000000;0.505393;0.000000;0.000010;0.000010;
18.548573;0.500000;-0.000000;0.989328;1.000005;0.500003;0.000005;0.000003;0.988045;-1.009470;0.050479;-0.051568;0.989333;0.505393;-0.000000;1.000000;0.505393;0.000000;0.000010;0.000010;
19.597149;0.500000;-0.000000;0.989328;1.000005;0.500003;0.000005;0.000003;0.988045;-1.009470;0.050479;-0.051568;0.989333;0.505393;-0.000000;1.000000;0.505393;0.000000;0.000010;0.000010;
20.000000;0.500000;-0.000000;0.989328;1.000005;0.500003;0.000005;0.000003;0.988045;-1.009470;0.050479;-0.051568;0.989333;0.505393;-0.000000;1.000000;0.505393;0.000000;0.000010;0.000010;
