time;WTG4A_WTG4A_injector_PInjPu;WTG4A_WTG4A_injector_QInjPu;WTG4A_WTG4A_injector_UPu;WTG4A_WTG4A_LvTfo_terminal1_i_im;WTG4A_WTG4A_injector_terminal_V_re;WTG4A_WTG4A_injector_terminal_i_re;WTG4A_WTG4A_injector_terminal_V_im;WTG4A_WTG4A_injector_terminal_i_im;WTG4A_WTG4A_pll_omegaPLLPu;WTG4A_WTG4A_wecc_wtgt_PePu;WTG4A_WTG4A_injector_switchOffSignal3;WTG4A_WTG4A_injector_running;
0.000000;0.700006;0.279505;1.035348;-0.199999;1.030009;-0.700000;0.105006;0.199999;1.000000;0.700006;-1.000000;1.000000;
0.020000;0.700005;0.279505;1.035348;-0.199999;1.030009;-0.700000;0.105006;0.199999;1.000000;0.700005;-1.000000;1.000000;
0.040000;0.700005;0.279505;1.035348;-0.199999;1.030009;-0.700000;0.105006;0.199999;1.000000;0.700005;-1.000000;1.000000;
0.080000;0.700005;0.279505;1.035348;-0.199999;1.030009;-0.700000;0.105006;0.199999;1.000000;0.700005;-1.000000;1.000000;
0.160000;0.700005;0.279505;1.035348;-0.199999;1.030009;-0.700000;0.105006;0.199999;1.000000;0.700005;-1.000000;1.000000;
0.320000;0.700005;0.279505;1.035348;-0.199999;1.030009;-0.700000;0.105006;0.199999;1.000000;0.700005;-1.000000;1.000000;
0.640000;0.700005;0.279505;1.035348;-0.199999;1.030009;-0.700000;0.105006;0.199999;1.000000;0.700005;-1.000000;1.000000;
1.000000;0.700005;0.279505;1.035348;-0.199999;1.030009;-0.700000;0.105006;0.199999;1.000000;0.700005;-1.000000;1.000000;
1.000000;0.420005;0.199506;0.638700;-0.199999;0.630009;-0.700000;0.105006;0.199999;1.121701;0.420005;-1.000000;1.000000;
1.000000;0.420006;0.199505;0.638700;-0.199997;0.630009;-0.700001;0.105007;0.199997;1.121694;0.420006;-1.000000;1.000000;
1.001054;0.424039;0.196316;0.637834;-0.193006;0.628960;-0.706723;0.106015;0.193006;1.089983;0.424039;-1.000000;1.000000;
1.001054;0.424045;0.196383;0.637847;-0.193104;0.628975;-0.706732;0.106016;0.193104;1.089944;0.424045;-1.000000;1.000000;
1.001561;0.426018;0.195841;0.637651;-0.191218;0.628692;-0.710020;0.106510;0.191218;1.077904;0.426018;-1.000000;1.000000;
1.001561;0.426009;0.195873;0.637658;-0.191270;0.628700;-0.710007;0.106508;0.191270;1.077888;0.426009;-1.000000;1.000000;
1.003600;0.435172;0.203922;0.639114;-0.198501;0.629785;-0.725278;0.108798;0.198501;1.038070;0.435172;-1.000000;1.000000;
1.005220;0.444470;0.220494;0.642449;-0.218370;0.632766;-0.740774;0.111123;0.218370;1.023837;0.444470;-1.000000;1.000000;
1.005220;0.444077;0.220539;0.642474;-0.218656;0.632808;-0.740119;0.111025;0.218656;1.023715;0.444077;-1.000000;1.000000;
1.005713;0.447156;0.226848;0.643753;-0.226403;0.633971;-0.745249;0.111794;0.226403;1.021744;0.447156;-1.000000;1.000000;
1.005713;0.447110;0.226860;0.643757;-0.226448;0.633977;-0.745173;0.111783;0.226448;1.021742;0.447110;-1.000000;1.000000;
1.005763;0.447427;0.227510;0.643888;-0.227244;0.634097;-0.745701;0.111862;0.227244;1.021568;0.447427;-1.000000;1.000000;
1.005763;0.447422;0.227512;0.643889;-0.227250;0.634098;-0.745692;0.111861;0.227250;1.021568;0.447422;-1.000000;1.000000;
1.005768;0.447456;0.227582;0.643903;-0.227336;0.634111;-0.745750;0.111869;0.227336;1.021549;0.447456;-1.000000;1.000000;
1.005768;0.447455;0.227582;0.643903;-0.227336;0.634111;-0.745749;0.111869;0.227336;1.021549;0.447455;-1.000000;1.000000;
1.005769;0.447459;0.227590;0.643904;-0.227346;0.634112;-0.745755;0.111870;0.227346;1.021547;0.447459;-1.000000;1.000000;
1.008680;0.466063;0.266170;0.651613;-0.273996;0.641111;-0.776760;0.116521;0.273996;1.011507;0.466063;-1.000000;1.000000;
1.011591;0.486965;0.308464;0.659829;-0.323290;0.648506;-0.811595;0.121746;0.323290;1.008211;0.486965;-1.000000;1.000000;
1.013319;0.499480;0.333329;0.664554;-0.351414;0.652725;-0.832454;0.124875;0.351414;1.006919;0.499480;-1.000000;1.000000;
1.013319;0.499245;0.333388;0.664584;-0.351637;0.652758;-0.832062;0.124816;0.351637;1.006898;0.499245;-1.000000;1.000000;
1.014528;0.507958;0.349684;0.667629;-0.369484;0.655436;-0.846582;0.126994;0.369484;1.006805;0.507958;-1.000000;1.000000;
1.014528;0.507894;0.349713;0.667634;-0.369563;0.655447;-0.846476;0.126978;0.369563;1.006802;0.507894;-1.000000;1.000000;
1.014551;0.508062;0.350018;0.667690;-0.369892;0.655497;-0.846756;0.127020;0.369892;1.006801;0.508062;-1.000000;1.000000;
1.018716;0.531623;0.403807;0.677737;-0.430418;0.664577;-0.886023;0.132910;0.430418;1.005229;0.531623;-1.000000;1.000000;
1.020989;0.540752;0.431055;0.682840;-0.461989;0.669313;-0.901236;0.135192;0.461989;1.004200;0.540752;-1.000000;1.000000;
1.020989;0.540605;0.431096;0.682844;-0.462134;0.669335;-0.900991;0.135155;0.462134;1.004194;0.540605;-1.000000;1.000000;
1.021546;0.542263;0.437070;0.683965;-0.469199;0.670395;-0.903754;0.135569;0.469199;1.004000;0.542263;-1.000000;1.000000;
1.021546;0.542247;0.437070;0.683965;-0.469209;0.670396;-0.903727;0.135565;0.469209;1.004000;0.542247;-1.000000;1.000000;
1.027531;0.559366;0.500903;0.695763;-0.543650;0.681563;-0.932258;0.139844;0.543650;1.002028;0.559366;-1.000000;1.000000;
1.033516;0.570336;0.553823;0.705405;-0.605481;0.690839;-0.950538;0.142586;0.605481;1.000868;0.570336;-1.000000;1.000000;
1.036361;0.575097;0.576152;0.709398;-0.631015;0.694669;-0.958473;0.143776;0.631015;1.000516;0.575097;-1.000000;1.000000;
1.047428;0.589321;0.630627;0.718870;-0.690612;0.703610;-0.982178;0.147332;0.690612;1.000659;0.589321;-1.000000;1.000000;
1.058496;0.602202;0.661951;0.724040;-0.721320;0.708217;-1.003645;0.150552;0.721320;1.000841;0.602202;-1.000000;1.000000;
1.080630;0.623139;0.695391;0.729206;-0.749044;0.712376;-1.038538;0.155786;0.749044;1.000891;0.623139;-1.000000;1.000000;
1.102765;0.635858;0.700339;0.729605;-0.746954;0.712063;-1.059735;0.158966;0.746954;1.000525;0.635858;-1.000000;1.000000;
1.147035;0.646231;0.700352;0.729178;-0.740237;0.711055;-1.077023;0.161559;0.740237;1.000041;0.646231;-1.000000;1.000000;
1.150000;0.646093;0.700092;0.729137;-0.740010;0.711021;-1.076794;0.161525;0.740010;1.000035;0.646093;-1.000000;1.000000;
1.168850;0.644958;0.697117;0.728654;-0.737133;0.710590;-1.074902;0.161241;0.737133;0.999955;0.644958;-1.000000;1.000000;
1.187700;0.644021;0.696106;0.728511;-0.736514;0.710497;-1.073339;0.161007;0.736514;0.999944;0.644021;-1.000000;1.000000;
1.204241;0.643382;0.695588;0.728445;-0.736301;0.710465;-1.072275;0.160847;0.736301;0.999945;0.643382;-1.000000;1.000000;
1.223037;0.642983;0.695652;0.728472;-0.736640;0.710516;-1.071609;0.160747;0.736640;0.999966;0.642983;-1.000000;1.000000;
1.241832;0.642771;0.695693;0.728488;-0.736827;0.710544;-1.071258;0.160694;0.736827;0.999980;0.642771;-1.000000;1.000000;
1.279424;0.642552;0.695739;0.728505;-0.737027;0.710574;-1.070892;0.160639;0.737027;0.999994;0.642552;-1.000000;1.000000;
1.354607;0.642466;0.695773;0.728515;-0.737124;0.710588;-1.070748;0.160618;0.737124;1.000001;0.642466;-1.000000;1.000000;
1.466049;0.642438;0.695805;0.728521;-0.737181;0.710597;-1.070702;0.160611;0.737181;1.000003;0.642438;-1.000000;1.000000;
1.467036;0.642440;0.695805;0.728521;-0.737180;0.710597;-1.070704;0.160611;0.737180;1.000003;0.642440;-1.000000;1.000000;
1.485569;0.642468;0.695805;0.728520;-0.737162;0.710594;-1.070752;0.160618;0.737162;1.000001;0.642468;-1.000000;1.000000;
1.504102;0.642482;0.695808;0.728520;-0.737156;0.710593;-1.070775;0.160622;0.737156;1.000000;0.642482;-1.000000;1.000000;
1.541168;0.642494;0.695813;0.728521;-0.737154;0.710593;-1.070795;0.160625;0.737154;0.999999;0.642494;-1.000000;1.000000;
1.615300;0.642494;0.695820;0.728522;-0.737162;0.710594;-1.070796;0.160625;0.737162;0.999999;0.642494;-1.000000;1.000000;
1.763563;0.642489;0.695826;0.728523;-0.737173;0.710596;-1.070787;0.160624;0.737173;1.000000;0.642489;-1.000000;1.000000;
2.000000;0.642486;0.695826;0.728523;-0.737176;0.710596;-1.070782;0.160623;0.737176;1.000000;0.642486;-1.000000;1.000000;
2.010785;0.642486;0.695826;0.728523;-0.737176;0.710596;-1.070781;0.160623;0.737176;1.000000;0.642486;-1.000000;1.000000;
2.018778;0.642486;0.695826;0.728523;-0.737176;0.710596;-1.070781;0.160623;0.737176;1.000000;0.642486;-1.000000;1.000000;
2.026770;0.642485;0.695826;0.728523;-0.737177;0.710596;-1.070781;0.160623;0.737177;1.000000;0.642485;-1.000000;1.000000;
2.034763;0.642485;0.695826;0.728523;-0.737177;0.710596;-1.070781;0.160623;0.737177;1.000000;0.642485;-1.000000;1.000000;
2.042755;0.642485;0.695826;0.728523;-0.737177;0.710596;-1.070781;0.160623;0.737177;1.000000;0.642485;-1.000000;1.000000;
2.058740;0.642485;0.695827;0.728523;-0.737177;0.710596;-1.070780;0.160623;0.737177;1.000000;0.642485;-1.000000;1.000000;
2.074724;0.642485;0.695827;0.728524;-0.737177;0.710596;-1.070780;0.160623;0.737177;1.000000;0.642485;-1.000000;1.000000;
2.106694;0.642485;0.695827;0.728524;-0.737177;0.710596;-1.070780;0.160623;0.737177;1.000000;0.642485;-1.000000;1.000000;
2.135342;0.642485;0.695827;0.728524;-0.737177;0.710596;-1.070780;0.160623;0.737177;1.000000;0.642485;-1.000000;1.000000;
2.135342;-0.000000;0.000000;0.600000;-0.000000;0.600000;0.000000;0.000000;0.000000;0.603140;0.000000;1.000000;-1.000000;
2.136029;-0.000000;0.000000;0.600000;-0.000000;0.600000;0.000000;0.000000;0.000000;0.711716;0.000000;1.000000;-1.000000;
2.136715;-0.000000;0.000000;0.600000;-0.000000;0.600000;0.000000;0.000000;0.000000;0.791195;0.000000;1.000000;-1.000000;
2.138089;-0.000000;0.000000;0.600000;-0.000000;0.600000;0.000000;0.000000;0.000000;0.903525;0.000000;1.000000;-1.000000;
2.139462;-0.000000;0.000000;0.600000;-0.000000;0.600000;0.000000;0.000000;0.000000;0.960283;0.000000;1.000000;-1.000000;
2.141463;-0.000000;0.000000;0.600000;-0.000000;0.600000;0.000000;0.000000;0.000000;1.004000;0.000000;1.000000;-1.000000;
2.141463;-0.000000;0.000000;0.600000;-0.000000;0.600000;0.000000;0.000000;0.000000;1.004163;0.000000;1.000000;-1.000000;
2.141711;-0.000000;0.000000;0.600000;-0.000000;0.600000;0.000000;0.000000;0.000000;1.004000;0.000000;1.000000;-1.000000;
2.146205;-0.000000;0.000000;0.600000;-0.000000;0.600000;0.000000;0.000000;0.000000;1.001178;0.000000;1.000000;-1.000000;
2.150699;-0.000000;0.000000;0.600000;-0.000000;0.600000;0.000000;0.000000;0.000000;1.000373;0.000000;1.000000;-1.000000;
2.159686;-0.000000;0.000000;0.600000;-0.000000;0.600000;0.000000;0.000000;0.000000;0.999864;0.000000;1.000000;-1.000000;
2.177661;-0.000000;0.000000;0.600000;-0.000000;0.600000;0.000000;0.000000;0.000000;0.999912;0.000000;1.000000;-1.000000;
2.213612;-0.000000;0.000000;0.600000;-0.000000;0.600000;0.000000;0.000000;0.000000;0.999995;0.000000;1.000000;-1.000000;
2.245967;-0.000000;0.000000;0.600000;-0.000000;0.600000;0.000000;0.000000;0.000000;1.000027;0.000000;1.000000;-1.000000;
2.247480;-0.000000;0.000000;0.600000;-0.000000;0.600000;0.000000;0.000000;0.000000;1.000027;0.000000;1.000000;-1.000000;
2.265232;-0.000000;0.000000;0.600000;-0.000000;0.600000;0.000000;0.000000;0.000000;1.000024;0.000000;1.000000;-1.000000;
2.282985;-0.000000;0.000000;0.600000;-0.000000;0.600000;0.000000;0.000000;0.000000;1.000022;0.000000;1.000000;-1.000000;
2.318490;-0.000000;0.000000;0.600000;-0.000000;0.600000;0.000000;0.000000;0.000000;1.000017;0.000000;1.000000;-1.000000;
2.353995;-0.000000;0.000000;0.600000;-0.000000;0.600000;0.000000;0.000000;0.000000;1.000013;0.000000;1.000000;-1.000000;
2.425005;-0.000000;0.000000;0.600000;-0.000000;0.600000;0.000000;0.000000;0.000000;1.000008;0.000000;1.000000;-1.000000;
2.567025;-0.000000;0.000000;0.600000;-0.000000;0.600000;0.000000;0.000000;0.000000;1.000004;0.000000;1.000000;-1.000000;
2.709045;-0.000000;0.000000;0.600000;-0.000000;0.600000;0.000000;0.000000;0.000000;1.000002;0.000000;1.000000;-1.000000;
2.993086;-0.000000;0.000000;0.600000;-0.000000;0.600000;0.000000;0.000000;0.000000;1.000001;0.000000;1.000000;-1.000000;
3.561166;-0.000000;0.000000;0.600000;-0.000000;0.600000;0.000000;0.000000;0.000000;1.000000;0.000000;1.000000;-1.000000;
3.999999;-0.000000;0.000000;0.600000;-0.000000;0.600000;0.000000;0.000000;0.000000;1.000000;0.000000;1.000000;-1.000000;
4.000000;-0.000000;0.000000;0.600000;-0.000000;0.600000;0.000000;0.000000;0.000000;1.000000;0.000000;1.000000;-1.000000;
4.016000;-0.000000;0.000000;0.600000;-0.000000;0.600000;0.000000;0.000000;0.000000;1.000000;0.000000;1.000000;-1.000000;
4.032000;-0.000000;0.000000;0.600000;-0.000000;0.600000;0.000000;0.000000;0.000000;1.000000;0.000000;1.000000;-1.000000;
4.064000;-0.000000;0.000000;0.600000;-0.000000;0.600000;0.000000;0.000000;0.000000;1.000000;0.000000;1.000000;-1.000000;
4.128000;-0.000000;0.000000;0.600000;-0.000000;0.600000;0.000000;0.000000;0.000000;1.000000;0.000000;1.000000;-1.000000;
4.256000;-0.000000;0.000000;0.600000;-0.000000;0.600000;0.000000;0.000000;0.000000;1.000000;0.000000;1.000000;-1.000000;
4.512000;-0.000000;0.000000;0.600000;-0.000000;0.600000;0.000000;0.000000;0.000000;1.000000;0.000000;1.000000;-1.000000;
4.999999;-0.000000;0.000000;0.600000;-0.000000;0.600000;0.000000;0.000000;0.000000;1.000000;0.000000;1.000000;-1.000000;
4.999999;-0.000000;0.000000;1.000000;-0.000000;1.000000;0.000000;0.000000;0.000000;1.000000;0.000000;1.000000;-1.000000;
5.001514;-0.000000;0.000000;1.000000;-0.000000;1.000000;0.000000;0.000000;0.000000;1.000000;0.000000;1.000000;-1.000000;
5.002396;-0.000000;0.000000;1.000000;-0.000000;1.000000;0.000000;0.000000;0.000000;1.000000;0.000000;1.000000;-1.000000;
5.003842;-0.000000;0.000000;1.000000;-0.000000;1.000000;0.000000;0.000000;0.000000;1.000000;0.000000;1.000000;-1.000000;
5.006252;-0.000000;0.000000;1.000000;-0.000000;1.000000;0.000000;0.000000;0.000000;1.000000;0.000000;1.000000;-1.000000;
5.008663;-0.000000;0.000000;1.000000;-0.000000;1.000000;0.000000;0.000000;0.000000;1.000000;0.000000;1.000000;-1.000000;
5.013483;-0.000000;0.000000;1.000000;-0.000000;1.000000;0.000000;0.000000;0.000000;1.000000;0.000000;1.000000;-1.000000;
5.018304;-0.000000;0.000000;1.000000;-0.000000;1.000000;0.000000;0.000000;0.000000;1.000000;0.000000;1.000000;-1.000000;
5.027946;-0.000000;0.000000;1.000000;-0.000000;1.000000;0.000000;0.000000;0.000000;1.000000;0.000000;1.000000;-1.000000;
5.029135;-0.000000;0.000000;1.000000;-0.000000;1.000000;0.000000;0.000000;0.000000;1.000000;0.000000;1.000000;-1.000000;
5.037606;-0.000000;0.000000;1.000000;-0.000000;1.000000;0.000000;0.000000;0.000000;1.000000;0.000000;1.000000;-1.000000;
5.046077;-0.000000;0.000000;1.000000;-0.000000;1.000000;0.000000;0.000000;0.000000;1.000000;0.000000;1.000000;-1.000000;
5.047270;-0.000000;0.000000;1.000000;-0.000000;1.000000;0.000000;0.000000;0.000000;1.000000;0.000000;1.000000;-1.000000;
5.050000;-0.000000;0.000000;1.000000;-0.000000;1.000000;0.000000;0.000000;0.000000;1.000000;0.000000;1.000000;-1.000000;
5.064950;-0.000000;0.000000;1.000000;-0.000000;1.000000;0.000000;0.000000;0.000000;1.000000;0.000000;1.000000;-1.000000;
5.079900;-0.000000;0.000000;1.000000;-0.000000;1.000000;0.000000;0.000000;0.000000;1.000000;0.000000;1.000000;-1.000000;
5.109800;-0.000000;0.000000;1.000000;-0.000000;1.000000;0.000000;0.000000;0.000000;1.000000;0.000000;1.000000;-1.000000;
5.169600;-0.000000;0.000000;1.000000;-0.000000;1.000000;0.000000;0.000000;0.000000;1.000000;0.000000;1.000000;-1.000000;
5.187525;-0.000000;0.000000;1.000000;-0.000000;1.000000;0.000000;0.000000;0.000000;1.000000;0.000000;1.000000;-1.000000;
5.202338;-0.000000;0.000000;1.000000;-0.000000;1.000000;0.000000;0.000000;0.000000;1.000000;0.000000;1.000000;-1.000000;
5.217150;-0.000000;0.000000;1.000000;-0.000000;1.000000;0.000000;0.000000;0.000000;1.000000;0.000000;1.000000;-1.000000;
5.246775;-0.000000;0.000000;1.000000;-0.000000;1.000000;0.000000;0.000000;0.000000;1.000000;0.000000;1.000000;-1.000000;
5.306025;-0.000000;0.000000;1.000000;-0.000000;1.000000;0.000000;0.000000;0.000000;1.000000;0.000000;1.000000;-1.000000;
5.424525;-0.000000;0.000000;1.000000;-0.000000;1.000000;0.000000;0.000000;0.000000;1.000000;0.000000;1.000000;-1.000000;
5.661524;-0.000000;0.000000;1.000000;-0.000000;1.000000;0.000000;0.000000;0.000000;1.000000;0.000000;1.000000;-1.000000;
5.999999;-0.000000;0.000000;1.000000;-0.000000;1.000000;0.000000;0.000000;0.000000;1.000000;0.000000;1.000000;-1.000000;
5.999999;0.000000;0.000000;1.000000;-0.000000;1.000000;0.000000;-0.000004;0.000000;0.999989;0.000000;1.000000;-1.000000;
6.006003;-0.000000;0.000000;1.000000;-0.000000;0.999585;0.000000;0.018853;0.000000;1.004000;0.000000;1.000000;-1.000000;
6.006003;-0.000000;0.000000;1.000000;-0.000000;0.999822;0.000000;0.018858;0.000000;1.004051;0.000000;1.000000;-1.000000;
6.006218;-0.000000;0.000000;1.000000;-0.000000;0.999795;0.000000;0.019534;0.000000;1.004137;0.000000;1.000000;-1.000000;
6.006218;-0.000000;0.000000;1.000000;-0.000000;0.999809;0.000000;0.019534;0.000000;1.004138;0.000000;1.000000;-1.000000;
6.006238;-0.000000;0.000000;1.000000;-0.000000;0.999807;0.000000;0.019597;0.000000;1.004146;0.000000;1.000000;-1.000000;
6.006238;-0.000000;0.000000;1.000000;-0.000000;0.999808;0.000000;0.019597;0.000000;1.004146;0.000000;1.000000;-1.000000;
6.006239;-0.000000;0.000000;1.000000;-0.000000;0.999808;0.000000;0.019600;0.000000;1.004147;0.000000;1.000000;-1.000000;
6.006239;-0.000000;0.000000;1.000000;-0.000000;0.999808;0.000000;0.019601;0.000000;1.004147;0.000000;1.000000;-1.000000;
6.015243;-0.000000;0.000000;1.000000;-0.000000;0.998632;0.000000;0.047860;0.000000;1.007680;0.000000;1.000000;-1.000000;
6.029228;-0.000000;0.000000;1.000000;-0.000000;0.995787;0.000000;0.091693;0.000000;1.009894;0.000000;1.000000;-1.000000;
6.043213;-0.000000;0.000000;1.000000;-0.000000;0.990799;0.000000;0.135340;0.000000;1.010043;0.000000;1.000000;-1.000000;
6.044097;-0.000000;0.000000;1.000000;-0.000000;0.990420;0.000000;0.138089;0.000000;1.010049;0.000000;1.000000;-1.000000;
6.058053;-0.000000;0.000000;1.000000;-0.000000;0.983415;0.000000;0.181368;0.000000;1.010050;0.000000;1.000000;-1.000000;
6.072009;-0.000000;0.000000;1.000000;-0.000000;0.974521;0.000000;0.224297;0.000000;1.010046;0.000000;1.000000;-1.000000;
6.073098;-0.000000;0.000000;1.000000;-0.000000;0.973748;0.000000;0.227630;0.000000;1.010045;0.000000;1.000000;-1.000000;
6.087025;-0.000000;0.000000;1.000000;-0.000000;0.962859;0.000000;0.270005;0.000000;1.010041;0.000000;1.000000;-1.000000;
6.100952;-0.000000;0.000000;1.000000;-0.000000;0.950128;0.000000;0.311861;0.000000;1.010038;0.000000;1.000000;-1.000000;
6.102053;-0.000000;0.000000;1.000000;-0.000000;0.949045;0.000000;0.315141;0.000000;1.010038;0.000000;1.000000;-1.000000;
6.115950;-0.000000;0.000000;1.000000;-0.000000;0.934384;0.000000;0.356267;0.000000;1.010034;0.000000;1.000000;-1.000000;
6.129848;-0.000000;0.000000;1.000000;-0.000000;0.917944;0.000000;0.396711;0.000000;1.010031;0.000000;1.000000;-1.000000;
6.130955;-0.000000;0.000000;1.000000;-0.000000;0.916560;0.000000;0.399898;0.000000;1.010031;0.000000;1.000000;-1.000000;
6.144824;-0.000000;0.000000;1.000000;-0.000000;0.898270;0.000000;0.439443;0.000000;1.010029;0.000000;1.000000;-1.000000;
6.158693;-0.000000;0.000000;1.000000;-0.000000;0.878277;0.000000;0.478152;0.000000;1.010026;0.000000;1.000000;-1.000000;
6.159807;-0.000000;0.000000;1.000000;-0.000000;0.876600;0.000000;0.481219;0.000000;1.010026;0.000000;1.000000;-1.000000;
6.173647;-0.000000;0.000000;1.000000;-0.000000;0.854854;0.000000;0.518869;0.000000;1.010024;0.000000;1.000000;-1.000000;
6.187487;-0.000000;0.000000;1.000000;-0.000000;0.831492;0.000000;0.555536;0.000000;1.010022;0.000000;1.000000;-1.000000;
6.188607;-0.000000;0.000000;1.000000;-0.000000;0.829534;0.000000;0.558456;0.000000;1.010022;0.000000;1.000000;-1.000000;
6.202418;-0.000000;0.000000;1.000000;-0.000000;0.804528;0.000000;0.593914;0.000000;1.010020;0.000000;1.000000;-1.000000;
6.216230;-0.000000;0.000000;1.000000;-0.000000;0.778009;0.000000;0.628253;0.000000;1.010018;0.000000;1.000000;-1.000000;
6.217356;-0.000000;0.000000;1.000000;-0.000000;0.775783;0.000000;0.631000;0.000000;1.010018;0.000000;1.000000;-1.000000;
6.231139;-0.000000;0.000000;1.000000;-0.000000;0.747741;0.000000;0.663991;0.000000;1.010016;0.000000;1.000000;-1.000000;
6.244921;-0.000000;0.000000;1.000000;-0.000000;0.718299;0.000000;0.695735;0.000000;1.010015;0.000000;1.000000;-1.000000;
6.246054;-0.000000;0.000000;1.000000;-0.000000;0.715819;0.000000;0.698285;0.000000;1.010015;0.000000;1.000000;-1.000000;
6.259808;-0.000000;0.000000;1.000000;-0.000000;0.684987;0.000000;0.728556;0.000000;1.010014;0.000000;1.000000;-1.000000;
6.273562;-0.000000;0.000000;1.000000;-0.000000;0.652877;0.000000;0.757464;0.000000;1.010012;0.000000;1.000000;-1.000000;
6.274701;-0.000000;0.000000;1.000000;-0.000000;0.650163;0.000000;0.759795;0.000000;1.010012;0.000000;1.000000;-1.000000;
6.288427;-0.000000;0.000000;1.000000;-0.000000;0.616805;0.000000;0.787116;0.000000;1.010011;0.000000;1.000000;-1.000000;
6.302152;-0.000000;0.000000;1.000000;-0.000000;0.582302;0.000000;0.812972;0.000000;1.010010;0.000000;1.000000;-1.000000;
6.303298;-0.000000;0.000000;1.000000;-0.000000;0.579373;0.000000;0.815062;0.000000;1.010010;0.000000;1.000000;-1.000000;
6.316995;-0.000000;0.000000;1.000000;-0.000000;0.543774;0.000000;0.839232;0.000000;1.010009;0.000000;1.000000;-1.000000;
6.330691;-0.000000;0.000000;1.000000;-0.000000;0.507170;0.000000;0.861846;0.000000;1.010009;0.000000;1.000000;-1.000000;
6.331844;-0.000000;0.000000;1.000000;-0.000000;0.504048;0.000000;0.863676;0.000000;1.010009;0.000000;1.000000;-1.000000;
6.345512;-0.000000;0.000000;1.000000;-0.000000;0.466506;0.000000;0.884518;0.000000;1.010008;0.000000;1.000000;-1.000000;
6.359181;-0.000000;0.000000;1.000000;-0.000000;0.428107;0.000000;0.903728;0.000000;1.010007;0.000000;1.000000;-1.000000;
6.360340;-0.000000;0.000000;1.000000;-0.000000;0.424814;0.000000;0.905280;0.000000;1.010007;0.000000;1.000000;-1.000000;
6.373980;-0.000000;0.000000;1.000000;-0.000000;0.385643;0.000000;0.922648;0.000000;1.010007;0.000000;1.000000;-1.000000;
6.387619;-0.000000;0.000000;1.000000;-0.000000;0.345765;0.000000;0.938321;0.000000;1.010006;0.000000;1.000000;-1.000000;
6.388786;-0.000000;0.000000;1.000000;-0.000000;0.342327;0.000000;0.939581;0.000000;1.010006;0.000000;1.000000;-1.000000;
6.402397;-0.000000;0.000000;1.000000;-0.000000;0.301847;0.000000;0.953356;0.000000;1.010005;0.000000;1.000000;-1.000000;
6.416008;-0.000000;0.000000;1.000000;-0.000000;0.260817;0.000000;0.965388;0.000000;1.010005;0.000000;1.000000;-1.000000;
6.417181;-0.000000;0.000000;1.000000;-0.000000;0.257260;0.000000;0.966342;0.000000;1.010005;0.000000;1.000000;-1.000000;
6.430764;-0.000000;0.000000;1.000000;-0.000000;0.215801;0.000000;0.976437;0.000000;1.010005;0.000000;1.000000;-1.000000;
6.444347;-0.000000;0.000000;1.000000;-0.000000;0.173951;0.000000;0.984754;0.000000;1.010004;0.000000;1.000000;-1.000000;
6.445527;-0.000000;0.000000;1.000000;-0.000000;0.170301;0.000000;0.985392;0.000000;1.010004;0.000000;1.000000;-1.000000;
6.459081;-0.000000;0.000000;1.000000;-0.000000;0.128197;0.000000;0.991749;0.000000;1.010004;0.000000;1.000000;-1.000000;
6.472636;-0.000000;0.000000;1.000000;-0.000000;0.085862;0.000000;0.996307;0.000000;1.010003;0.000000;1.000000;-1.000000;
6.473822;-0.000000;0.000000;1.000000;-0.000000;0.082149;0.000000;0.996620;0.000000;1.010003;0.000000;1.000000;-1.000000;
6.487348;-0.000000;0.000000;1.000000;-0.000000;0.039736;0.000000;0.999210;0.000000;1.010003;0.000000;1.000000;-1.000000;
6.499999;-0.000000;0.000000;1.000000;-0.000000;0.000003;0.000000;0.999945;0.000000;1.010003;0.000000;1.000000;-1.000000;
6.499999;0.000000;-0.000000;1.000000;-0.000000;-0.000000;0.000000;1.000000;0.000000;1.010015;0.000000;1.000000;-1.000000;
6.508391;0.000000;-0.000000;1.000000;-0.000000;-0.000000;0.000000;1.000000;0.000000;1.004209;0.000000;1.000000;-1.000000;
6.509075;0.000000;-0.000000;1.000000;-0.000000;-0.000000;0.000000;1.000000;0.000000;1.004009;0.000000;1.000000;-1.000000;
6.509106;0.000000;-0.000000;1.000000;-0.000000;-0.000000;0.000000;1.000000;0.000000;1.004000;0.000000;1.000000;-1.000000;
6.522581;0.000000;-0.000000;1.000000;-0.000000;-0.000000;0.000000;1.000000;0.000000;1.000243;0.000000;1.000000;-1.000000;
6.536058;0.000000;-0.000000;1.000000;-0.000000;-0.000000;0.000000;1.000000;0.000000;0.999967;0.000000;1.000000;-1.000000;
6.549536;0.000000;-0.000000;1.000000;-0.000000;-0.000000;0.000000;1.000000;0.000000;0.999951;0.000000;1.000000;-1.000000;
6.576491;0.000000;-0.000000;1.000000;-0.000000;-0.000000;0.000000;1.000000;0.000000;0.999963;0.000000;1.000000;-1.000000;
6.630400;0.000000;-0.000000;1.000000;-0.000000;-0.000000;0.000000;1.000000;0.000000;0.999970;0.000000;1.000000;-1.000000;
6.738220;0.000000;-0.000000;1.000000;-0.000000;-0.000000;0.000000;1.000000;0.000000;0.999987;0.000000;1.000000;-1.000000;
6.953858;0.000000;-0.000000;1.000000;-0.000000;-0.000000;0.000000;1.000000;0.000000;1.000001;0.000000;1.000000;-1.000000;
7.385136;0.000000;-0.000000;1.000000;-0.000000;-0.000000;0.000000;1.000000;0.000000;1.000006;0.000000;1.000000;-1.000000;
8.247691;0.000000;-0.000000;1.000000;-0.000000;-0.000000;0.000000;1.000000;0.000000;1.000001;0.000000;1.000000;-1.000000;
9.533719;0.000000;-0.000000;1.000000;-0.000000;-0.000000;0.000000;1.000000;0.000000;1.000000;0.000000;1.000000;-1.000000;
9.544185;0.000000;-0.000000;1.000000;-0.000000;-0.000000;0.000000;1.000000;0.000000;1.000000;0.000000;1.000000;-1.000000;
9.554651;0.000000;-0.000000;1.000000;-0.000000;-0.000000;0.000000;1.000000;0.000000;1.000000;0.000000;1.000000;-1.000000;
9.572290;0.000000;-0.000000;1.000000;-0.000000;-0.000000;0.000000;1.000000;0.000000;1.000000;0.000000;1.000000;-1.000000;
9.582717;0.000000;-0.000000;1.000000;-0.000000;-0.000000;0.000000;1.000000;0.000000;1.000000;0.000000;1.000000;-1.000000;
9.593145;0.000000;-0.000000;1.000000;-0.000000;-0.000000;0.000000;1.000000;0.000000;1.000000;0.000000;1.000000;-1.000000;
9.614000;0.000000;-0.000000;1.000000;-0.000000;-0.000000;0.000000;1.000000;0.000000;1.000000;0.000000;1.000000;-1.000000;
9.655711;0.000000;-0.000000;1.000000;-0.000000;-0.000000;0.000000;1.000000;0.000000;1.000000;0.000000;1.000000;-1.000000;
9.739133;0.000000;-0.000000;1.000000;-0.000000;-0.000000;0.000000;1.000000;0.000000;1.000000;0.000000;1.000000;-1.000000;
9.905976;0.000000;-0.000000;1.000000;-0.000000;-0.000000;0.000000;1.000000;0.000000;1.000000;0.000000;1.000000;-1.000000;
10.239663;0.000000;-0.000000;1.000000;-0.000000;-0.000000;0.000000;1.000000;0.000000;1.000000;0.000000;1.000000;-1.000000;
10.907036;0.000000;-0.000000;1.000000;-0.000000;-0.000000;0.000000;1.000000;0.000000;1.000000;0.000000;1.000000;-1.000000;
11.539311;0.000000;-0.000000;1.000000;-0.000000;-0.000000;0.000000;1.000000;0.000000;1.000000;0.000000;1.000000;-1.000000;
11.541465;0.000000;-0.000000;1.000000;-0.000000;-0.000000;0.000000;1.000000;0.000000;1.000000;0.000000;1.000000;-1.000000;
11.549924;0.000000;-0.000000;1.000000;-0.000000;-0.000000;0.000000;1.000000;0.000000;1.000000;0.000000;1.000000;-1.000000;
11.558382;0.000000;-0.000000;1.000000;-0.000000;-0.000000;0.000000;1.000000;0.000000;1.000000;0.000000;1.000000;-1.000000;
11.575299;0.000000;-0.000000;1.000000;-0.000000;-0.000000;0.000000;1.000000;0.000000;1.000000;0.000000;1.000000;-1.000000;
11.609134;0.000000;-0.000000;1.000000;-0.000000;-0.000000;0.000000;1.000000;0.000000;1.000000;0.000000;1.000000;-1.000000;
11.676802;0.000000;-0.000000;1.000000;-0.000000;-0.000000;0.000000;1.000000;0.000000;1.000000;0.000000;1.000000;-1.000000;
11.812138;0.000000;-0.000000;1.000000;-0.000000;-0.000000;0.000000;1.000000;0.000000;1.000000;0.000000;1.000000;-1.000000;
12.082812;0.000000;-0.000000;1.000000;-0.000000;-0.000000;0.000000;1.000000;0.000000;1.000000;0.000000;1.000000;-1.000000;
12.624158;0.000000;-0.000000;1.000000;-0.000000;-0.000000;0.000000;1.000000;0.000000;1.000000;0.000000;1.000000;-1.000000;
13.706850;0.000000;-0.000000;1.000000;-0.000000;-0.000000;0.000000;1.000000;0.000000;1.000000;0.000000;1.000000;-1.000000;
15.389145;0.000000;-0.000000;1.000000;-0.000000;-0.000000;0.000000;1.000000;0.000000;1.000000;0.000000;1.000000;-1.000000;
15.393756;0.000000;-0.000000;1.000000;-0.000000;-0.000000;0.000000;1.000000;0.000000;1.000000;0.000000;1.000000;-1.000000;
15.398367;0.000000;-0.000000;1.000000;-0.000000;-0.000000;0.000000;1.000000;0.000000;1.000000;0.000000;1.000000;-1.000000;
15.407588;0.000000;-0.000000;1.000000;-0.000000;-0.000000;0.000000;1.000000;0.000000;1.000000;0.000000;1.000000;-1.000000;
15.426032;0.000000;-0.000000;1.000000;-0.000000;-0.000000;0.000000;1.000000;0.000000;1.000000;0.000000;1.000000;-1.000000;
15.462919;0.000000;-0.000000;1.000000;-0.000000;-0.000000;0.000000;1.000000;0.000000;1.000000;0.000000;1.000000;-1.000000;
15.536692;0.000000;-0.000000;1.000000;-0.000000;-0.000000;0.000000;1.000000;0.000000;1.000000;0.000000;1.000000;-1.000000;
15.684240;0.000000;-0.000000;1.000000;-0.000000;-0.000000;0.000000;1.000000;0.000000;1.000000;0.000000;1.000000;-1.000000;
15.979334;0.000000;-0.000000;1.000000;-0.000000;-0.000000;0.000000;1.000000;0.000000;1.000000;0.000000;1.000000;-1.000000;
16.569524;0.000000;-0.000000;1.000000;-0.000000;-0.000000;0.000000;1.000000;0.000000;1.000000;0.000000;1.000000;-1.000000;
17.749903;0.000000;-0.000000;1.000000;-0.000000;-0.000000;0.000000;1.000000;0.000000;1.000000;0.000000;1.000000;-1.000000;
20.000000;0.000000;-0.000000;1.000000;-0.000000;-0.000000;0.000000;1.000000;0.000000;1.000000;0.000000;1.000000;-1.000000;
