"time","loadAlphaBetaFrequencyDependent.PPu","loadAlphaBetaFrequencyDependent.QPu"
0,0.999999797352368,0.9999989123969562
0.024,0.9999993708511764,0.9999992556324278
0.048,0.9999994066393219,0.9999992268311936
0.072,0.9999994110260226,0.9999992233009072
0.096,0.9999994139480167,0.9999992209493732
0.12,0.9999994143711985,0.9999992206088089
0.144,0.9999994145320746,0.9999992204793409
0.168,0.9999994146929508,0.9999992203498729
0.192,0.9999994148538269,0.999999220220405
0.216,0.9999994148136235,0.9999992202527588
0.24,0.9999994147259469,0.999999220323318
0.264,0.9999994146382702,0.9999992203938772
0.288,0.9999994145505936,0.9999992204644361
0.312,0.999999414462917,0.9999992205349955
0.336,0.9999994143752402,0.9999992206055546
0.36,0.9999994142875636,0.9999992206761139
0.384,0.999999414199887,0.999999220746673
0.408,0.999999414174341,0.9999992207672344
0.432,0.9999994141873593,0.9999992207567576
0.456,0.9999994142003775,0.9999992207462807
0.48,0.9999994142133957,0.999999220735804
0.504,0.9999994142264139,0.9999992207253272
0.528,0.9999994142394322,0.9999992207148505
0.552,0.9999994142524504,0.9999992207043735
0.576,0.9999994142654687,0.9999992206938969
0.6,0.9999994142784869,0.9999992206834201
0.624,0.9999994142915052,0.9999992206729433
0.648,0.9999994143045234,0.9999992206624664
0.672,0.9999994143175417,0.9999992206519895
0.696,0.9999994143305599,0.9999992206415129
0.72,0.9999994143435782,0.999999220631036
0.744,0.9999994143565964,0.9999992206205592
0.768,0.9999994143696147,0.9999992206100824
0.792,0.9999994143822541,0.9999992205999121
0.816,0.9999994143936329,0.9999992205907545
0.84,0.9999994144050116,0.999999220581597
0.864,0.9999994144163905,0.9999992205724394
0.888,0.9999994144277693,0.9999992205632818
0.912,0.999999414439148,0.9999992205541243
0.936,0.9999994144505268,0.9999992205449667
0.96,0.9999994144619054,0.9999992205358091
0.984,0.9999994144732843,0.9999992205266516
1.008,0.999999414484663,0.999999220517494
1.032,0.9999994144960418,0.9999992205083367
1.056,0.9999994145074206,0.9999992204991791
1.08,0.9999994145187993,0.9999992204900215
1.104,0.999999414530178,0.9999992204808639
1.128,0.9999994145415568,0.9999992204717063
1.152,0.9999994145529356,0.9999992204625487
1.176,0.9999994145643143,0.9999992204533912
1.2,0.9999994145756931,0.9999992204442336
1.224,0.9999994145870719,0.999999220435076
1.248,0.9999994145984505,0.9999992204259185
1.272,0.9999994146098294,0.9999992204167611
1.296,0.9999994146212081,0.9999992204076036
1.32,0.9999994146325869,0.999999220398446
1.344,0.9999994146439657,0.9999992203892885
1.368,0.9999994146553444,0.9999992203801309
1.392,0.9999994146667233,0.9999992203709733
1.416,0.9999994146781019,0.9999992203618158
1.44,0.9999994146894807,0.9999992203526582
1.464,0.9999994147008594,0.9999992203435006
1.488,0.9999994147122382,0.9999992203343433
1.512,0.999999414723617,0.9999992203251857
1.536,0.9999994147349958,0.9999992203160282
1.56,0.9999994147463745,0.9999992203068706
1.584,0.9999994147540743,0.9999992203006819
1.608,0.9999994147575406,0.9999992202978922
1.632,0.999999414761007,0.9999992202951026
1.656,0.9999994147644733,0.9999992202923131
1.68,0.9999994147679397,0.9999992202895234
1.704,0.9999994147714061,0.9999992202867338
1.728,0.9999994147748724,0.9999992202839441
1.752,0.9999994147783388,0.9999992202811546
1.776,0.9999994147818052,0.999999220278365
1.8,0.9999994147852715,0.9999992202755753
1.824,0.9999994147887379,0.9999992202727856
1.848,0.9999994147922042,0.9999992202699962
1.872,0.9999994147956707,0.9999992202672066
1.896,0.999999414799137,0.9999992202644169
1.92,0.9999994148026033,0.9999992202616272
1.944,0.9999994148060697,0.9999992202588378
1.968,0.9999994148095361,0.9999992202560481
1.992,0.9999994148130025,0.9999992202532584
2.0000000004000187,0.999999414814158,0.9999992202523285
2.0000000004000187,0.7020109903353668,0.6427028055075785
2.016,0.7112679564008064,0.635935558045667
2.04,0.7118138028408758,0.6355362248448505
2.064,0.7118171996856337,0.6355337396604266
2.088,0.7118140747446026,0.6355360259159043
2.112,0.7118114675499024,0.6355379333792869
2.136,0.7118094407402714,0.6355394162235882
2.16,0.7118078776457043,0.63554055980669
2.184,0.7118066752373533,0.635541439506238
2.208,0.7118057430898954,0.6355421214788513
2.232,0.7118050221057965,0.6355426489612199
2.256,0.7118044601456194,0.6355430600993535
2.28,0.7118040209647865,0.6355433814103316
2.304,0.7118036779463077,0.6355436323675414
2.328,0.7118034109022842,0.6355438277407477
2.352,0.7118032019152247,0.6355439806386476
2.376,0.7118030381685181,0.6355441004380598
2.4,0.71180291,0.6355441942079919
2.424,0.7118028096137499,0.6355442676519636
2.448,0.7118027309330739,0.6355443252158585
2.472,0.7118026684417283,0.6355443709354097
2.496,0.7118026187972615,0.635544407256003
2.52,0.71180258257423,0.6355444337572845
2.544,0.7118025557258857,0.6355444533999121
2.568,0.7118025359336,0.6355444678802279
2.592,0.7118025213473308,0.6355444785517481
2.616,0.7118025093325311,0.6355444873419449
2.64,0.7118024982083985,0.6355444954805176
2.664,0.7118024886549147,0.635544502469981
2.688,0.7118024807488321,0.6355445082541826
2.712,0.7118024744901505,0.6355445128331224
2.736,0.7118024709654336,0.6355445154118549
2.76,0.7118024696966455,0.6355445163401182
2.784,0.7118024684278575,0.6355445172683816
2.808,0.7118024671590695,0.635544518196645
2.832,0.7118024659169901,0.6355445191053675
2.856,0.7118024652920403,0.6355445195625893
2.88,0.7118024646670905,0.6355445200198111
2.904,0.7118024640421406,0.6355445204770329
2.928,0.7118024634171908,0.6355445209342547
2.952,0.7118024631009399,0.6355445211656295
2.976,0.7118024629172169,0.6355445213000438
3,0.711802462733494,0.6355445214344583
3.024,0.7118024625497711,0.6355445215688726
3.048,0.711802462366048,0.635544521703287
3.072,0.7118024621823251,0.6355445218377014
3.096,0.7118024619986022,0.6355445219721159
3.12,0.711802461814879,0.6355445221065301
3.144,0.7118024616335624,0.6355445222391836
3.168,0.7118024616007875,0.6355445222631619
3.192,0.7118024615680127,0.6355445222871404
3.216,0.711802461535238,0.6355445223111187
3.24,0.7118024615024631,0.6355445223350971
3.264,0.7118024614696883,0.6355445223590754
3.288,0.7118024614369134,0.6355445223830538
3.312,0.7118024614041386,0.6355445224070321
3.336,0.7118024613713637,0.6355445224310106
3.36,0.7118024613385888,0.6355445224549889
3.384,0.711802461305814,0.6355445224789673
3.408,0.7118024612730393,0.6355445225029457
3.432,0.7118024612402644,0.635544522526924
3.456,0.7118024612074896,0.6355445225509024
3.48,0.7118024611747147,0.6355445225748808
3.504,0.7118024611419398,0.6355445225988592
3.528,0.711802461109165,0.6355445226228374
3.552,0.7118024610763901,0.6355445226468158
3.576,0.7118024610628056,0.6355445226567573
3.6,0.7118024610596148,0.6355445226590917
3.624,0.7118024610564239,0.635544522661426
3.648,0.711802461053233,0.6355445226637603
3.672,0.7118024610500422,0.6355445226660946
3.696,0.7118024610468512,0.635544522668429
3.72,0.7118024610436604,0.6355445226707632
3.744,0.7118024610404696,0.6355445226730976
3.768,0.7118024610372786,0.6355445226754319
3.792,0.7118024610340878,0.6355445226777662
3.816,0.7118024610308968,0.6355445226801005
3.84,0.7118024610277061,0.6355445226824349
3.864,0.7118024610245152,0.6355445226847691
3.888,0.7118024610213243,0.6355445226871035
3.912,0.7118024610181334,0.6355445226894378
3.936,0.7118024610149426,0.6355445226917722
3.96,0.7118024610117516,0.6355445226941064
3.984,0.7118024610085608,0.6355445226964408
4.000000000800028,0.7118024610064335,0.6355445226979971
4.000000000800028,1.017055154488264,0.9862610579017509
4.008,1.0028498659738267,0.9977049205133539
4.032,0.9999912844653461,1.0000057633122983
4.056,0.999982029465383,1.000013211450895
4.08,0.999985705587883,1.0000102530217208
4.104,0.9999887777272354,1.000007780658547
4.128,0.999991162337708,1.000005861596903
4.152,0.9999930189789868,1.000004367428402
4.176,0.9999944569740802,1.0000032101734346
4.2,0.999995563871169,1.0000023193760113
4.224,0.999996409517876,1.000001638824953
4.248,0.9999970612949092,1.0000011142943417
4.272,0.9999975850786652,1.000000692768856
4.296,0.9999979962424039,1.0000003618765723
4.32,0.9999983170560144,1.0000001036953603
4.344,0.9999985686253302,0.9999999012398829
4.368,0.9999987636378331,0.9999997442996367
4.392,0.9999989137461784,0.9999996234969154
4.416,0.9999990277179912,0.9999995317757967
4.44,0.9999991134727274,0.9999994627629395
4.464,0.9999991772483585,0.9999994114382108
4.488,0.9999992248517041,0.999999373128456
4.512,0.9999992631654061,0.9999993422947298
4.536,0.9999992972515459,0.9999993148632192
4.56,0.9999993257918037,0.9999992918948692
4.584,0.999999348551747,0.9999992735783446
4.608,0.9999993631890747,0.999999261798659
4.632,0.999999370575455,0.99999925585432
4.656,0.9999993779618352,0.999999249909981
4.68,0.9999993853482155,0.9999992439656421
4.704,0.999999389525948,0.9999992406035273
4.728,0.9999993936320237,0.9999992372990798
4.752,0.9999993977380995,0.9999992339946322
4.776,0.9999994001670076,0.9999992320399193
4.8,0.9999994016844208,0.9999992308187503
4.824,0.9999994032018342,0.9999992295975811
4.848,0.9999994047192474,0.9999992283764122
4.872,0.9999994062366608,0.9999992271552433
4.896,0.999999407754074,0.9999992259340742
4.92,0.9999994092714873,0.9999992247129053
4.944,0.9999994059596033,0.9999992273782108
4.968,0.9999994025858852,0.9999992300932785
4.992,0.999999399212167,0.9999992328083465
5.016,0.9999993958384488,0.9999992355234143
5.04,0.9999993924647305,0.9999992382384822
5.064,0.9999993890910123,0.9999992409535501
5.088,0.9999993874921042,0.9999992422403041
5.112,0.9999993895488302,0.9999992405851124
5.136,0.9999993916055561,0.9999992389299208
5.16,0.999999393662282,0.9999992372747292
5.184,0.9999993957190079,0.9999992356195374
5.208,0.9999993977757338,0.9999992339643459
5.232,0.9999993998324597,0.9999992323091541
5.256,0.9999994018891856,0.9999992306539625
5.28,0.9999994039459115,0.9999992289987709
5.304,0.9999994060026374,0.9999992273435792
5.328,0.9999994080593633,0.9999992256883876
5.352,0.9999994101160892,0.9999992240331959
5.376,0.9999994121728151,0.9999992223780042
5.4,0.9999994142178553,0.9999992207322153
5.424,0.999999414246911,0.9999992207088318
5.448,0.9999994142759666,0.9999992206854483
5.472,0.9999994143050221,0.999999220662065
5.496,0.9999994143340778,0.9999992206386815
5.52,0.9999994143631334,0.9999992206152981
5.544,0.9999994143921891,0.9999992205919146
5.568,0.9999994144212447,0.9999992205685313
5.592,0.9999994144503004,0.9999992205451478
5.616,0.999999414479356,0.9999992205217645
5.64,0.9999994145084117,0.9999992204983812
5.664,0.9999994145374672,0.9999992204749976
5.688,0.9999994145665229,0.9999992204516143
5.712,0.9999994145955785,0.9999992204282308
5.736,0.9999994146246342,0.9999992204048475
5.76,0.9999994146536898,0.9999992203814638
5.784,0.9999994146827454,0.9999992203580805
5.808,0.9999994147118011,0.999999220334697
5.832,0.9999994147408567,0.9999992203113137
5.856,0.9999994147699123,0.9999992202879302
5.88,0.9999994147989679,0.9999992202645468
5.904,0.9999994148280236,0.9999992202411635
5.928,0.9999994148570792,0.99999922021778
5.952,0.9999994148861349,0.9999992201943967
5.976,0.9999994149151905,0.9999992201710131
6,0.9999994149442462,0.9999992201476298
6.000000001200091,0.9999994149442462,0.9999992201476298
6.000000001200091,0.9999994452034644,0.9999991957959191
6.024,1.1130157262870868,0.9085153556718069
6.048,1.1127706680258524,0.908714863436752
6.072,1.1121657371805425,0.9092073310467012
6.096,1.111692789978811,0.9095923313942782
6.12,1.1113242242572587,0.909892347844129
6.144,1.1110370646650818,0.9101260911410769
6.168,1.1108133177392014,0.910308212876682
6.192,1.1106389693883636,0.9104501231611335
6.216,1.1105031175468911,0.9105606976130195
6.24,1.1103972478890545,0.9106468674965963
6.264,1.1103147453525124,0.9107140176782214
6.288,1.110250457642357,0.9107663421252896
6.312,1.1102003632358937,0.9108071142583134
6.336,1.1101613283803484,0.910838884815445
6.36,1.1101309048266343,0.9108636465282236
6.384,1.1101071893330636,0.9108829485022739
6.408,1.1100887007697497,0.9108979962604935
6.432,1.1100742911937922,0.9109097241299482
6.456,1.110063062283081,0.9109188632628308
6.48,1.1100543101588336,0.9109259865491703
6.504,1.1100474873413104,0.9109315395833235
6.528,1.110042168598605,0.9109358684609161
6.552,1.1100380230619784,0.9109392424748668
6.576,1.1100347925416223,0.9109418717645565
6.6,1.1100322746503966,0.9109439210516069
6.624,1.110030311948458,0.9109455184751645
6.648,1.110028781990477,0.910946763692508
6.672,1.110027589375911,0.9109477343493211
6.696,1.1100266598864303,0.9109484908512349
6.72,1.110025937031376,0.9109490791754686
6.744,1.1100253766924917,0.910949535229447
6.768,1.1100249435389942,0.9109498877685472
6.792,1.1100246062561525,0.9109501622795125
6.816,1.1100243412331703,0.9109503779789309
6.84,1.1100241363890166,0.9109505446994288
6.864,1.1100239738546138,0.9109506769844642
6.888,1.110023843564349,0.9109507830263346
6.912,1.1100237399459911,0.9109508673602204
6.936,1.11002365568164,0.9109509359420841
6.96,1.1100235900210815,0.9109509893825175
6.984,1.1100235397703009,0.910951030281096
7.008,1.110023500367901,0.9109510623502913
7.032,1.1100234723294187,0.9109510851705147
7.056,1.110023450768073,0.9109511027190659
7.08,1.11002343430023,0.9109511161220688
7.104,1.1100234236466504,0.9109511247929039
7.128,1.1100234167389669,0.9109511304149943
7.152,1.1100234121857357,0.9109511341208205
7.176,1.110023408630119,0.910951137014699
7.2,1.1100234044773432,0.9109511403945999
7.224,1.1100233998281144,0.9109511441785583
7.248,1.1100233956075376,0.9109511476136404
7.272,1.1100233918156186,0.9109511506998432
7.296,1.110023388452334,0.9109511534371849
7.32,1.1100233869431755,0.9109511546654725
7.344,1.11002338601887,0.9109511554177552
7.368,1.110023385094559,0.9109511561700422
7.392,1.1100233841702536,0.9109511569223248
7.416,1.1100233832459534,0.9109511576746024
7.44,1.1100233823216428,0.9109511584268895
7.464,1.1100233813973375,0.9109511591791721
7.488,1.1100233804730373,0.9109511599314497
7.512,1.1100233795487258,0.9109511606837369
7.536,1.1100233789334464,0.9109511611845066
7.56,1.11002337865391,0.9109511614120178
7.584,1.1100233783743678,0.9109511616395345
7.608,1.1100233780948316,0.9109511618670457
7.632,1.110023377815301,0.9109511620945532
7.656,1.1100233775357533,0.9109511623220741
7.68,1.1100233772562178,0.9109511625495854
7.704,1.110023376976681,0.9109511627770969
7.728,1.1100233766971392,0.9109511630046132
7.752,1.110023376470107,0.9109511631893923
7.776,1.1100233764203085,0.9109511632299228
7.8,1.1100233763705043,0.910951163270458
7.824,1.1100233763207057,0.9109511633109884
7.848,1.1100233762709073,0.9109511633515189
7.872,1.1100233762210971,0.9109511633920588
7.896,1.1100233761712983,0.9109511634325893
7.92,1.1100233761215,0.91095116347312
7.944,1.1100233760716953,0.9109511635136549
7.968,1.1100233760218972,0.9109511635541853
7.992,1.1100233759720932,0.9109511635947205
8.000000001600059,1.1100233759554938,0.9109511636082308
8.000000001600059,1.1100233348005915,0.9109511971037688
8.016,0.9994618459966358,1.0004318274887056
8.04,0.9970572240307678,1.0023666438295904
8.064,0.9976925684359685,1.0018554778062823
8.088,0.9982024652980347,1.0014452159772438
8.112,0.9985990956261085,1.001126073015446
8.136,0.9989083128629281,1.0008772565775699
8.16,0.9991492021101736,1.0006834157422149
8.184,0.9993369418085646,1.0005323403602109
8.208,0.9994831665622286,1.0004146702766445
8.232,0.99959708187608,1.0003229990215945
8.256,0.999685881705598,1.0002515382341177
8.28,0.9997550929994232,1.000195840667871
8.304,0.9998090025113217,1.0001524568824027
8.328,0.9998510145439083,1.0001186474473345
8.352,0.9998837396828534,1.0000923115927747
8.376,0.9999092671532942,1.0000717680651896
8.4,0.9999291521959413,1.0000557653087792
8.424,0.9999446725502343,1.0000432750711203
8.448,0.9999567349715726,1.0000335676428302
8.472,0.9999661664646271,1.000025977488024
8.496,0.9999735247716341,1.0000200557598353
8.52,0.9999792509631237,1.0000154475024337
8.544,0.9999837063710979,1.0000118619294165
8.568,0.9999871818138433,1.0000090650006133
8.592,0.9999898962890135,1.0000068804742666
8.616,0.9999920095233775,1.0000051798076475
8.64,0.9999936599249932,1.0000038516144594
8.664,0.9999949407927272,1.0000028208107787
8.688,0.9999959223353557,1.0000020308948132
8.712,0.9999966835164177,1.0000014183191475
8.736,0.999997270966041,1.000000945557295
8.76,0.9999977300513933,1.0000005760991406
8.784,0.9999980943427252,1.0000002829283647
8.808,0.9999983888645165,1.0000000459060217
8.832,0.9999986303964605,0.9999998515283197
8.856,0.9999988260683066,0.9999996940574529
8.88,0.9999989743506547,0.9999995747242387
8.904,0.9999990992724656,0.9999994741908874
8.928,0.9999991946233161,0.9999993974553628
8.952,0.999999258304783,0.9999993462064142
8.976,0.9999993115206058,0.9999993033799048
9,0.9999993493485879,0.9999992729370709
9.024,0.9999993737214465,0.9999992533225197
9.048,0.999999387563564,0.9999992421827957
9.072,0.9999993937746059,0.9999992371843341
9.096,0.9999993955309032,0.999999235770918
9.12,0.9999993960106559,0.9999992353848275
9.144,0.9999993980450804,0.9999992337475829
9.168,0.9999993986906819,0.9999992332280223
9.192,0.9999993993023556,0.9999992327357652
9.216,0.9999994016599214,0.9999992308384668
9.24,0.9999994031733306,0.9999992296205199
9.264,0.999999404947356,0.9999992281928374
9.288,0.9999994066614815,0.9999992268133598
9.312,0.9999994075719107,0.9999992260806738
9.336,0.99999940848234,0.9999992253479879
9.36,0.9999994093927694,0.9999992246153019
9.384,0.9999994103031987,0.9999992238826159
9.408,0.999999411213628,0.99999922314993
9.432,0.9999994116528221,0.9999992227964773
9.456,0.9999994118926475,0.9999992226034735
9.48,0.9999994121324729,0.9999992224104697
9.504,0.9999994123722983,0.999999222217466
9.528,0.9999994126121237,0.999999222024462
9.552,0.999999412851949,0.9999992218314582
9.576,0.9999994130917744,0.9999992216384543
9.6,0.9999994133315997,0.9999992214454504
9.624,0.9999994135714251,0.9999992212524467
9.648,0.9999994138112505,0.9999992210594428
9.672,0.9999994140510758,0.999999220866439
9.696,0.9999994141713758,0.9999992207696204
9.72,0.9999994142061296,0.9999992207416518
9.744,0.9999994142408833,0.999999220713683
9.768,0.999999414275637,0.9999992206857142
9.792,0.9999994143103907,0.9999992206577454
9.816,0.9999994143451445,0.9999992206297768
9.84,0.9999994143798981,0.9999992206018079
9.864,0.9999994144146518,0.999999220573839
9.888,0.9999994144494055,0.9999992205458703
9.912,0.9999994144841592,0.9999992205179017
9.936,0.9999994145189129,0.9999992204899328
9.96,0.9999994145537011,0.9999992204619367
9.984,0.9999994145884894,0.9999992204339404
10.008,0.9999994146232143,0.9999992204059943
10.032,0.9999994146579737,0.9999992203780209
10.056,0.9999994146927331,0.9999992203500476
10.08,0.9999994147274927,0.9999992203220741
10.104,0.999999414762252,0.9999992202941008
10.128,0.9999994147970115,0.9999992202661274
10.152,0.999999414831771,0.9999992202381541
10.176,0.9999994148665303,0.9999992202101808
10.2,0.9999994149012899,0.9999992201822075
10.224,0.9999994149249962,0.9999992201631293
10.248,0.9999994149276018,0.9999992201610324
10.272,0.9999994149302073,0.9999992201589354
10.296,0.9999994149328129,0.9999992201568383
10.32,0.9999994149354186,0.9999992201547414
10.344,0.9999994149380241,0.9999992201526443
10.368,0.9999994149406297,0.9999992201505472
10.392,0.9999994149432353,0.9999992201484504
10.416,0.999999414945841,0.9999992201463533
10.44,0.9999994149484466,0.9999992201442562
10.464,0.9999994149510522,0.9999992201421594
10.488,0.9999994149536576,0.9999992201400623
10.512,0.9999994149562632,0.9999992201379653
10.536,0.9999994149588689,0.9999992201358684
10.56,0.9999994149614745,0.9999992201337713
10.584,0.9999994149640801,0.9999992201316744
10.608,0.9999994149666857,0.9999992201295774
10.632,0.9999994149692913,0.9999992201274803
10.656,0.9999994149718969,0.9999992201253834
10.68,0.9999994149745024,0.9999992201232863
10.704,0.999999414977108,0.9999992201211894
10.728,0.9999994149797136,0.9999992201190925
10.752,0.9999994149823193,0.9999992201169954
10.776,0.9999994149849248,0.9999992201148983
10.8,0.9999994149875304,0.9999992201128014
10.824,0.9999994149901361,0.9999992201107044
10.848,0.9999994149927417,0.9999992201086073
10.872,0.9999994149953473,0.9999992201065104
10.896,0.9999994149979528,0.9999992201044133
10.92,0.9999994150005583,0.9999992201023162
10.944,0.999999415003164,0.9999992201002195
10.968,0.9999994150057696,0.9999992200981224
10.992,0.9999994150083752,0.9999992200960255
11.016,0.9999994150109808,0.9999992200939284
11.04,0.9999994150135865,0.9999992200918314
11.064,0.999999415016192,0.9999992200897345
11.088,0.9999994150187975,0.9999992200876374
11.112,0.9999994150214031,0.9999992200855403
11.136,0.9999994150240088,0.9999992200834436
11.16,0.9999994150266144,0.9999992200813465
11.184,0.99999941502922,0.9999992200792494
11.208,0.9999994150318255,0.9999992200771525
11.232,0.9999994150344311,0.9999992200750554
11.256,0.9999994150370368,0.9999992200729584
11.28,0.9999994150396424,0.9999992200708615
11.304,0.9999994150293231,0.99999922007917
11.328,0.999999415016958,0.999999220089121
11.352,0.9999994150045928,0.9999992200990717
11.376,0.9999994149922277,0.9999992201090228
11.4,0.9999994149798623,0.9999992201189736
11.424,0.9999994149674972,0.9999992201289243
11.448,0.999999414955132,0.9999992201388753
11.472,0.9999994149427669,0.9999992201488261
11.496,0.9999994149304017,0.9999992201587768
11.52,0.9999994149180366,0.9999992201687279
11.544,0.9999994149056712,0.9999992201786787
11.568,0.9999994148933061,0.9999992201886296
11.592,0.9999994148809761,0.9999992201985552
11.616,0.999999414868611,0.9999992202085062
11.64,0.9999994148562459,0.9999992202184574
11.664,0.9999994148438807,0.9999992202284084
11.688,0.9999994148315156,0.9999992202383594
11.712,0.9999994148191503,0.9999992202483104
11.736,0.9999994148067852,0.9999992202582616
11.76,0.99999941479442,0.9999992202682126
11.784,0.9999994147820549,0.9999992202781636
11.808,0.9999994147696898,0.9999992202881146
11.832,0.9999994147573246,0.9999992202980659
11.856,0.9999994147449593,0.9999992203080168
11.88,0.9999994147326295,0.9999992203179404
11.904,0.9999994147202642,0.9999992203278915
11.928,0.9999994147078988,0.9999992203378427
11.952,0.9999994146955334,0.9999992203477938
11.976,0.999999414683168,0.9999992203577448
12,0.9999994146708027,0.9999992203676958
12,0.9999994146708027,0.9999992203676958
