"time","generatorSynchronous.PGenPu","generatorSynchronous.PmPu","generatorSynchronous.UPu"
0,3.8,0.8,1
0.05,3.8000000022628426,0.8000000000008722,1.0000000002977425
0.1,3.800000004497025,0.8000000000035125,1.0000000005917138
0.10000000011000162,3.800000004497025,0.8000000000035125,1.0000000005917138
0.10000000011000162,4.024667599453402,0.8000000000035125,0.9984095835172712
0.10000001692381882,4.024667618977553,0.8000000000647778,0.9984095859389323
0.10000001692381882,4.024667618977553,0.8000000000647778,0.9984095859389323
0.15,4.059377417899528,0.8001925651496895,1.0027056175752238
0.2,4.057922905999678,0.8003676808803596,1.0025259622032547
0.25,4.036161745793781,0.8004886721940311,0.9998342581897526
0.3,4.015457007887027,0.8005482188866461,0.9972664816336583
0.35,4.0102811042242825,0.8005624072452302,0.9966235386676594
0.4,4.020650812733712,0.8005555767667916,0.9979112318654764
0.45,4.035846411920468,0.8005455621897781,0.9997952003190058
0.5,4.044399774529819,0.8005378669907124,1.000854096501666
0.55,4.042224189567765,0.8005298934585032,1.0005848679205183
0.6,4.033668131966241,0.8005194875713787,0.9995253526139067
0.65,4.026370644927787,0.8005105567902165,0.9986208005983487
0.7,4.0252160308065585,0.8005126150815244,0.9984776065841047
0.75,4.029617426508164,0.8005360154595715,0.9990233529884393
0.8,4.035352859094636,0.8005871876521652,0.9997340648367227
0.85,4.038285818984008,0.8006674642980163,1.000097310309811
0.9,4.037230999018975,0.8007750784926808,0.9999666866301221
0.95,4.034036884041682,0.8009085614055034,0.999571039146966
1,4.031536699362564,0.8010687158867661,0.9992612378722332
1.05,4.03139891397558,0.8012583098098424,0.999244161905543
1.1,4.033234027197927,0.8014802643212577,0.9994715665335778
1.15,4.035424909048893,0.8017359524912239,0.9997429897653022
1.2,4.03648750944898,0.8020249074928794,0.9998746063114597
1.25,4.036076254188111,0.8023456190563021,0.9998236691828994
1.3,4.034937280111244,0.8026968036820155,0.9996825849317312
1.35,4.0341080596448355,0.8030780743897112,0.9995798572068696
1.4,4.034170337155933,0.803489758447201,0.9995875728040318
1.45,4.03493713738019,0.8039322202770537,0.9996825672504465
1.5,4.0358054394594705,0.8044052624765303,0.9997901252777829
1.55,4.036239700933677,0.8049080235022977,0.9998439136307428
1.6,4.0361272601490334,0.8054392815957702,0.999829986804603
1.65,4.035754983749296,0.805997924775753,0.9997838755614349
1.7,4.035499538404442,0.8065832087591245,0.9997522341239229
1.75,4.035573575157935,0.8071946324089834,0.9997614049923023
1.8,4.035905237959511,0.8078317113648493,0.9998024867431126
1.85,4.036274175585054,0.8084937899532013,0.9998481835947816
1.9,4.036485101655045,0.8091799667258179,0.9998743080952054
1.95,4.036491617820731,0.8098891966167412,0.9998751151518233
2,4.03639825151441,0.8106204674083095,0.9998635512499294
2.05,4.036336538791499,0.811372974181873,0.999855907735304
2.1,4.036389703450574,0.8121459260045978,0.9998624925211498
2.15,4.036541386999256,0.8129385922780251,0.9998812792683914
2.2,4.0367162012761355,0.8137501870872799,0.9999029304313048
2.25,4.036840891445559,0.8145798423657495,0.9999183733181473
2.3,4.03688969302654,0.8154266346554911,0.9999244173326755
2.35,4.036890341765313,0.8162896477071412,0.9999244976779119
2.4,4.036891464511308,0.8171680393684513,0.9999246367281526
2.45,4.036933583345973,0.8180624863597342,0.9999298530624248
2.5,4.0370110918033895,0.8189704276634819,0.9999394522602848
2.55,4.037098424310048,0.8198900859565612,0.9999502680277678
2.6,4.037173972628381,0.8208217641885628,0.9999596242781985
2.65,4.037225315203375,0.8217647378140293,0.9999659827283321
2.7,4.0372575918638365,0.8227181325229497,0.9999699799659731
2.75,4.037284767077699,0.8236811296719373,0.9999733454129026
2.8,4.037317169303256,0.8246530485937654,0.9999773581713215
2.85,4.037359987569879,0.8256329971012217,0.9999826608490427
2.9,4.037410151616462,0.8266202937699465,0.9999888732032937
2.95,4.037460700552261,0.8276141448920833,0.9999951331834835
3,4.037505417087032,0.8286137737896379,1.0000006708464664
3.05,4.037542109986551,0.8296184500706837,1.0000052148454184
3.1,4.0375722877084375,0.8306274325138253,1.0000089519981274
3.15,4.0376001415725025,0.8316399567187485,1.0000124013562306
3.2,4.037628454994689,0.8326551690451448,1.0000159076127544
3.25,4.037658673267561,0.8336724633971815,1.0000196497471991
3.3,4.037690495717407,0.8346911647784039,1.0000235905226609
3.35,4.037722617398134,0.8357105982741987,1.0000275683380286
3.4,4.037753285642489,0.8367300689771257,1.000031366151115
3.45,4.037781595299678,0.837748931037536,1.0000348718749086
3.5,4.037807078000685,0.8387664655104256,1.0000380275123333
3.55,4.037830026571771,0.8397820936225164,1.0000408693285359
3.6,4.037851496028644,0.8407950558143188,1.0000435279726139
3.65,4.037872087624282,0.8418048591751747,1.0000460779011728
3.7,4.037892339476481,0.8428108990777056,1.0000485857517845
3.75,4.037912493604208,0.8438125593755607,1.0000510814946233
3.8,4.037932351395886,0.844809211669599,1.0000535405352364
3.85,4.037951454535508,0.8458002316790784,1.0000559061196688
3.9,4.037969466835314,0.8467848793792737,1.0000581366178458
3.95,4.0379861379212425,0.8477625929859304,1.0000602010264623
4,4.0380015793967505,0.848733417102421,1.0000621131665501
4.05,4.038016014608923,0.8496960717875568,1.0000639006962977
4.1,4.038029353485386,0.850651094653651,1.0000655524626307
4.15,4.03804191899026,0.8515969451440257,1.0000671084590955
4.2,4.03805359381251,0.852534169544938,1.0000685541594527
4.25,4.038064731187035,0.853461160739466,1.0000699333053829
4.3,4.038075217641628,0.85437840510842,1.0000712318458764
4.35,4.038084997459097,0.8552846016487751,1.0000724428817849
4.4,4.038094071088108,0.8561799847368271,1.0000735664689853
4.45,4.038102314509927,0.8570635607067666,1.00007458725056
4.5,4.03810972140372,0.8579353600094651,1.0000755044441179
4.55,4.038116377704406,0.858794632128675,1.0000763286912262
4.6,4.038122283008028,0.8596412439078672,1.0000770599420936
4.65,4.038127548960635,0.8604746465117981,1.0000777120219857
4.7,4.0381322124135135,0.8612945739410286,1.0000782894943265
4.75,4.038136264323437,0.8621006488149106,1.00007879123943
4.8,4.038139718833349,0.8628924996086622,1.000079219008719
4.85,4.038142544114112,0.8636698938475686,1.0000795688609136
4.9,4.038144727148443,0.8644323802753924,1.0000798391841765
4.95,4.038146283391965,0.8651798464781629,1.0000800318924283
5,4.0381472452224205,0.8659117858888615,1.00008015099502
5.05,4.038147617856888,0.8666281827048682,1.0000801971380038
5.1,4.038147482740889,0.8673284978403842,1.000080180406714
5.15,4.0381468020492965,0.8680127901766693,1.0000800961172962
5.2,4.038145640892701,0.8686805089727293,1.0000799523323203
5.25,4.038143954945822,0.8693317676516149,1.0000797435629987
5.3,4.03814178430708,0.8699660226905822,1.0000794747746455
5.35,4.038139094647821,0.870583423800045,1.0000791417163217
5.4,4.038135950771515,0.8711834516616285,1.0000787524125292
5.45,4.038132306339758,0.8717662758615334,1.0000783011251488
5.5,4.038128260459688,0.8723314163715451,1.0000778001264727
5.55,4.038123748713415,0.8728790480930972,1.000077241439594
5.6,4.038118866785209,0.8734087433518806,1.0000766369129535
5.65,4.038113551629415,0.8739206594047878,1.0000759787395495
5.7,4.038107874082601,0.8744144628974313,1.0000752756909461
5.75,4.038101787787856,0.8748902519770875,1.0000745220266833
5.8,4.038095353666755,0.8753478063629336,1.0000737252905578
5.85,4.038088539478792,0.8757871648013197,1.0000728814901247
5.9,4.038081401203913,0.8762082031802682,1.0000719975572674
5.95,4.038073920679682,0.8766109246219013,1.000071071242821
6,4.038066136859429,0.8769952775657348,1.0000701073702714
6.05,4.038058045667221,0.8773612511601037,1.0000691054347854
6.1,4.038049667548111,0.8777088448225803,1.0000680679679717
6.15,4.0380410087514305,0.87803805321277,1.0000669957435784
6.2,4.038032079968925,0.8783489072483847,1.000065890085462
6.25,4.038022897050371,0.8786414244009394,1.0000647529562048
6.3,4.038013463921422,0.8789156497202777,1.000063584841818
6.35,4.038003806764853,0.8791716386078308,1.0000623889844393
6.4,4.037993920687645,0.8794094349750831,1.00006116477806
6.45,4.037983838889446,0.8796291450935568,1.0000599163337405
6.461780617932415,4.037981430539312,0.879678271914712,1.0000596181038701
6.461780617932415,4.037981430539312,0.879678271914712,1.0000596181038701
6.461792375337979,4.037981428137388,0.8796783198924406,1.000059617806436
6.461792375337979,4.037981428137388,0.8796783203617815,1.000059617806436
6.5,4.037973551345369,0.8798307490553768,1.0000586424099915
6.55,4.037963047444321,0.8800144508472878,1.000057341692723
6.6,4.037952358978739,0.8801803566212434,1.0000560181187546
6.65,4.0379415412563455,0.8803286920951191,1.0000546785368745
6.7,4.037930575290353,0.8804594186867825,1.0000533205958384
6.75,4.037919487006886,0.8805727875745024,1.0000519475060703
6.8,4.037908282624546,0.8806688881334487,1.0000505600375744
6.85,4.037896947580299,0.8807476704326639,1.0000491563869083
6.9,4.037885527609777,0.8808097480666514,1.0000477422175884
6.95,4.03787399699146,0.8808548432584175,1.00004631434439
7,4.0378623739621675,0.8808833101536969,1.0000448750255826
7.05,4.037850675841685,0.8808954498760738,1.0000434264058893
7.1,4.037838888548321,0.8808910488327126,1.0000419667414795
7.15,4.037827057789406,0.8808709430765713,1.0000405016924265
7.2,4.037815167600535,0.8808348132056104,1.0000390292817674
7.25,4.037803231436324,0.8807829635949839,1.0000375511756139
7.3,4.037791274755256,0.8807159303436679,1.00003607052658
7.35,4.037779287761154,0.8806333972638104,1.0000345861215478
7.4,4.037767294485007,0.8805362127882043,1.0000331009363754
7.45,4.037755297142612,0.8804242304405646,1.0000316152454534
7.5,4.0377433008184465,0.8802975963622306,1.0000301296784164
7.55,4.0377313201751175,0.8801571060268655,1.0000286460510166
7.6,4.0377193584088,0.8800023418728709,1.0000271647590628
7.65,4.037707423795153,0.879834103595139,1.000025686827388
7.7,4.037695525591152,0.8796524756475962,1.0000242134023543
7.75,4.037683671425912,0.8794574043412609,1.000022745428742
7.8,4.037671865387968,0.8792499482221531,1.000021283412885
7.85,4.037660120831182,0.8790295970064141,1.0000198290085052
7.9,4.0376484398476755,0.8787970558550227,1.0000183824747173
7.95,4.037636830233528,0.8785526726637184,1.0000169447769982
8,4.0376253065286205,0.8782961743070723,1.000015517715962
8.05,4.037613857987112,0.8780288672109335,1.000014099960919
8.1,4.037602507997398,0.8777501635530494,1.0000126944082677
8.15,4.037591256264642,0.8774606424114852,1.0000113010215483
8.2,4.037580102717931,0.8771609245258577,1.0000099197920287
8.25,4.037569070366712,0.8768505931453474,1.000008553569203
8.3,4.037558139224751,0.8765309438009056,1.0000071998780746
8.35,4.037547334917603,0.8762015589832203,1.00000586189212
8.4,4.037536660957297,0.8758627974665322,1.000004540046325
8.45,4.037526106534263,0.8755155420006091,1.0000032330021131
8.5,4.037515701351641,0.8751592889178857,1.000001944437941
8.55,4.037505424588349,0.8747951585691125,1.0000006717754213
8.6,4.037495295066439,0.8744230479960745,0.9999994173455192
8.65,4.037485324329648,0.8740430489097089,0.9999981825778715
8.7,4.037475489802569,0.8736562784193155,0.9999969646768261
8.75,4.037465826481918,0.8732621640678062,0.9999957679764219
8.8,4.037456316412652,0.8728616332061062,0.9999945902531882
8.85,4.037446967995985,0.8724548880875025,0.9999934325475965
8.9,4.037437802029678,0.8720417684476065,0.9999922974353108
8.95,4.037428785218633,0.8716235850736821,0.9999911807931396
9,4.037419955856743,0.8711997184481008,0.9999900873634696
9.05,4.037411301159062,0.8707708979479161,0.9999890155630843
9.1,4.0374028179704275,0.8703376038768957,0.9999879650013166
9.15,4.037394535618364,0.8698994532222164,0.9999869393101724
9.2,4.037386412450945,0.8694579006948888,0.9999859333315221
9.25,4.0373784878795425,0.869012303264216,0.9999849519461642
9.3,4.037370755069919,0.8685631982364951,0.9999839943078122
9.35,4.037363200090129,0.8681113031013956,0.999983058691187
9.4,4.037355854405212,0.8676561640185325,0.999982148993019
9.45,4.037348684260206,0.8671989873950512,0.9999812610331199
9.5,4.0373417148957795,0.8667394677002954,0.999980397937388
9.55,4.037334949562594,0.8662778523628064,0.9999795601084546
9.6,4.037328365640231,0.8658150456937848,0.9999787447450335
9.65,4.0373219948286545,0.8653505508800463,0.9999779557729584
9.7,4.037315812137307,0.8648853237671307,0.9999771900974155
9.75,4.0373098292375555,0.8644193645677927,0.9999764491638625
9.8,4.037304057666694,0.8639526700182948,0.9999757344011561
9.85,4.037298468888648,0.8634862754732769,0.9999750422753855
9.9,4.037293093193859,0.8630196650464471,0.9999743765378316
9.95,4.037287913656324,0.8625535638400103,0.999973735092393
9.992934776475021,4.037283621911564,0.8621539486786356,0.9999732035928728
9.992934776475021,4.037283621911564,0.8621539486786356,0.9999732035928728
10,4.037282933036323,0.8620881450492858,0.9999731182809558
10.05,4.037278173839743,0.8616230496413883,0.9999725288907488
10.1,4.037273609589109,0.8611592313874056,0.9999719636427844
10.15,4.03726923540122,0.860697020213904,0.9999714219323553
10.2,4.037265051577124,0.8602366875655243,0.9999709037967829
10.25,4.037261068339856,0.8597781631398587,0.9999704105021511
10.3,4.037257275262217,0.8593221725678587,0.9999699407571643
10.35,4.037253687652474,0.8588683911497231,0.9999694964576741
10.4,4.037250300223054,0.8584172083334112,0.999969076948886
10.45,4.03724710460545,0.8579690982672583,0.9999686811944518
10.5,4.037244116534747,0.8575237530981971,0.9999683111430782
10.55,4.037241310169097,0.8570820300824356,0.9999679635944625
10.6,4.037238699798028,0.8566436859097089,0.9999676403182866
10.65,4.037236283831181,0.8562089111676079,0.9999673411176189
10.7,4.037234046050377,0.8557782963819172,0.999967063983972
10.75,4.037232002381563,0.8553515120420514,0.9999668108896828
10.8,4.037230137424841,0.8549291967522181,0.9999665799275979
10.85,4.037228455553664,0.8545113248372589,0.9999663716393548
10.9,4.037226960085824,0.8540979093089536,0.999966186435854
10.95,4.037225636649086,0.8536895791766739,0.9999660225372038
11,4.037224496641522,0.8532860176545712,0.9999658813549898
11.05,4.03722353025019,0.8528876690593609,0.9999657616739539
11.1,4.037222735984869,0.8524946623234294,0.999965663309551
11.15,4.037222118586903,0.8521068903917421,0.9999655868489699
11.2,4.037221662709953,0.8517249666828859,0.9999655303916758
11.25,4.037221377443749,0.8513486056155373,0.9999654950633733
11.3,4.037221256204694,0.8509780950756322,0.9999654800487304
11.35,4.037221293927638,0.8506136552776539,0.9999654847204641
11.4,4.037221495525438,0.8502551196214708,0.9999655096869972
11.45,4.037221848038296,0.849903020698872,0.999965553343345
11.5,4.0372223570162316,0.8495571387326061,0.9999656163768378
11.55,4.037223018447158,0.849217635432832,0.9999656982906013
11.6,4.037223825886852,0.848884765524445,0.9999657982865583
11.65,4.037224782584702,0.8485583736558381,0.9999659167671174
11.7,4.03722587957355,0.8482388036112992,0.9999660526217506
11.75,4.037227117780016,0.8479259835901274,0.9999662059652066
11.8,4.037228495065598,0.8476199592456475,0.9999663765326382
11.85,4.037230004377403,0.8473209713563182,0.9999665634505842
11.9,4.03723164767446,0.8470288910424592,0.9999667669616475
11.95,4.037233418415599,0.8467439170120193,0.9999669862557397
12,4.037235314869099,0.8464660610882105,0.9999672211183884
12.05,4.037237335803005,0.8461953065821135,0.9999674713970139
12.1,4.037239474180671,0.8459318411170893,0.9999677362201647
12.15,4.037241730942619,0.8456755731965716,0.9999680157043066
12.2,4.037244100994404,0.8454265964505617,0.9999683092185165
12.25,4.03724658113768,0.8451849510972287,0.9999686163666892
12.3,4.037249170585822,0.844950603,0.9999689370513947
12.35,4.037251862237636,0.8447236570494565,0.9999692703931876
12.4,4.037254656519688,0.8445040657998064,0.9999696164448828
12.45,4.037257549136756,0.84429185321799,0.9999699746745347
12.5,4.037260535945955,0.8440870426231526,0.9999703445690648
12.55,4.037263616452751,0.843889618128546,0.9999707260672153
12.6,4.037266783809177,0.843699581615538,0.999971118320903
12.65,4.037270037773635,0.8435169326011749,0.9999715213001952
12.7,4.037273374845274,0.843341655626769,0.9999719345715247
12.75,4.037276790003181,0.8431737220149643,0.9999723575130773
12.8,4.037280283131374,0.8430131485962873,0.9999727901104766
12.85,4.037283847909055,0.842859858937244,0.9999732315809278
12.9,4.037287483126228,0.8427138629139709,0.9999736817745708
12.95,4.037291186344489,0.8425751425287565,0.999974140389416
13,4.037294951423746,0.8424435920074017,0.9999746066650501
13.05,4.037298778978047,0.8423192662141082,0.9999750806775071
13.1,4.037302663097845,0.8422020442601147,0.9999755616949259
13.15,4.037306601585082,0.842091905773273,0.9999760494450842
13.2,4.037310593365494,0.8419888621014324,0.9999765437949335
13.223437153813798,4.0373124799201685,0.8419429232567975,0.9999767774294483
13.223437153813798,4.0373124799201685,0.8419429232567975,0.9999767774294483
13.25,4.037314634098357,0.8418928027681061,0.9999770442069007
13.3,4.037318721146431,0.8418037456084058,0.9999775503543759
13.300980400488141,4.037318801705522,0.8418020680206864,0.9999775603309577
13.300980400488141,4.037318801705522,0.8418020680206864,0.9999775603309577
13.35,4.037322849882769,0.841721582654632,0.9999780616643416
13.4,4.037327019435223,0.8416462115103575,0.9999785780287815
13.45,4.037331226248285,0.8415775544445769,0.9999790990073681
13.5,4.037335464911812,0.8415155062462628,0.9999796239300935
13.55,4.037339735633596,0.8414600930414329,0.9999801528226852
13.6,4.0373440306220285,0.8414111174867211,0.9999806847202128
13.65,4.037348350612137,0.8413686203102823,0.9999812197136982
13.7,4.037352693325764,0.841332539372464,0.9999817575210072
13.75,4.037357051568565,0.8413026332755779,0.9999822972511783
13.8,4.0373614283928365,0.841279030834315,0.9999828392822082
13.85,4.037365816879296,0.8412614656453506,0.9999833827572026
13.9,4.037370216374283,0.8412499210209341,0.9999839275952084
13.95,4.037374626667213,0.8412444043651207,0.9999844737701448
14,4.037379038799234,0.841244572779975,0.9999850201725373
14.05,4.03738345702152,0.8412505931489144,0.9999855673288547
14.1,4.037387874631931,0.8412622215931955,0.9999861144090975
14.15,4.037392288917675,0.841279352458871,0.9999866610773122
14.2,4.037396702249452,0.8413020676096119,0.9999872076270879
14.25,4.037401103032444,0.8413299316999919,0.9999877526225172
14.3,4.037405497006762,0.8413631417073334,0.99998829677446
14.35,4.037409879048999,0.8414014917945695,0.9999888394484331
14.4,4.037414244348035,0.8414447805649702,0.9999893800486283
14.45,4.037418597113059,0.8414931463025985,0.9999899190963157
14.5,4.037422925935541,0.8415461324718133,0.9999904551786638
14.55,4.037427235722688,0.8416038974151511,0.9999909889033861
14.6,4.037431523523423,0.8416663026122339,0.9999915199050252
14.65,4.037435782382982,0.8417330515331866,0.9999920473223071
14.7,4.03744001766587,0.8418043150510053,0.9999925718195776
14.75,4.037444219694573,0.8418796905517454,0.9999930921983792
14.8,4.037448390808787,0.8419592280263448,0.999993608748466
14.85,4.037452530806197,0.8420428811410734,0.9999941214447892
14.9,4.037456630788734,0.8421302648148957,0.9999946291854204
14.95,4.037460697017087,0.8422215772391186,0.9999951327456889
15,4.0374647219261535,0.8423164781007475,0.9999956311887419
15.05,4.037468705243449,0.8424149085279292,0.999996124480843
15.1,4.037472649301623,0.842516912334355,0.9999966129108736
15.15,4.037476543782739,0.8426220271802126,0.9999970952010738
15.2,4.03748039545352,0.8427304719224704,0.9999975721894392
15.25,4.037484198862754,0.8428419724136124,0.9999980432009035
15.3,4.037487951392663,0.8429563667580127,0.9999985079112911
15.35,4.037491657468703,0.8430737817561369,0.9999989668686554
15.4,4.037495305911793,0.843193692555416,0.999999418688598
15.45,4.037498903631554,0.8433163311906219,0.9999998642268085
15.5,4.037502447162041,0.8434414897496836,1.000000303054077
15.55,4.037505932021944,0.8435689141445554,1.0000007346154507
15.6,4.037509363325607,0.8436987668577319,1.0000011595442944
15.65,4.037512732166358,0.8438305863643429,1.0000015767376247
15.7,4.0375160427843735,0.8439645012253527,1.0000019867205494
15.75,4.037519294244641,0.8441004030260127,1.0000023893772867
15.8,4.037522480844413,0.8442379600067971,1.000002784001625
15.85,4.037525607812919,0.8443773551760094,1.0000031712411535
15.9,4.037528668862241,0.8445182128515669,1.0000035503171951
15.95,4.037531665574262,0.8446605460754248,1.0000039214256562
16,4.037534599064179,0.8448043419619267,1.000004284704651
16.05,4.037537463120242,0.8449492080674312,1.0000046393849338
16.1,4.037540262719539,0.8450953401884459,1.0000049860828684
16.15,4.037542993838751,0.8452424441610933,1.0000053243002225
16.2,4.037545656129614,0.8453904329838294,1.0000056539938758
16.25,4.037548252008731,0.8455393745741199,1.0000059754631043
16.3,4.037550775475644,0.8456888341348249,1.0000062879648306
16.35,4.037553230931376,0.8458390124954184,1.0000065920440775
16.4,4.037555616169124,0.845989690250625,1.0000068874275665
16.45,4.037557929708249,0.8461406984049845,1.0000071739319452
16.5,4.037560174428832,0.8462921629144875,1.0000074519138855
16.55,4.037562345445434,0.8464436442067643,1.000007720768391
16.6,4.037564446080009,0.8465953218582024,1.0000079809068534
16.65,4.037566475533338,0.8467470490018116,1.0000082322303057
16.7,4.037568431978173,0.8468985941236757,1.000008474512472
16.75,4.037570317850908,0.8470500970347067,1.0000087080550766
16.8,4.037572130567671,0.8472012125098032,1.0000089325381447
16.85,4.037573871553797,0.847352011211352,1.0000091481381927
16.9,4.037575541144952,0.8475024361389657,1.0000093548967943
16.95,4.037577137873292,0.8476522131352837,1.0000095526321808
17,4.037578663487562,0.8478014879475615,1.000009741560918
17.05,4.037580117097256,0.8479499992276052,1.0000099215727323
17.1,4.03758149914612,0.8480977303442048,1.000010092722582
17.15,4.037582810326135,0.8482446948006295,1.0000102550961638
17.2,4.037584050102875,0.8483905951753253,1.000010408627301
17.25,4.037585219380306,0.8485355758754306,1.0000105534279418
17.3,4.03758631919615,0.8486793155475659,1.0000106896265997
17.35,4.037587350170391,0.8488216749052466,1.0000108173000553
17.4,4.0375883123340275,0.8489627885117533,1.000010936452151
17.45,4.037589205959629,0.849102656210823,1.0000110471166437
17.5,4.037590031286255,0.8492412778557571,1.0000111493231412
17.55,4.037590789523429,0.849378384182937,1.00001124322143
17.6,4.037591481370168,0.8495138319040801,1.0000113288980779
17.65,4.037592106138213,0.8496478417919127,1.000011406267854
17.7,4.037592663933889,0.8497804137337148,1.0000114753439278
17.75,4.037593154831998,0.8499115476260021,1.000011536135564
17.8,4.037593584981469,0.850040536797063,1.0000115894042323
17.85,4.037593951380559,0.8501677301167214,1.0000116347782058
17.9,4.037594253414602,0.8502931972135576,1.0000116721813663
17.95,4.037594491043427,0.8504169380135572,1.0000117016087409
18,4.0375946666464,0.8505388014822217,1.0000117233549841
18.05,4.037594786107343,0.8506584192831401,1.0000117381487357
18.1,4.0375948444179555,0.8507760935925632,1.0000117453697792
18.15,4.03759484144236,0.8508918243643478,1.0000117450012889
18.2,4.037594777020103,0.851005611560343,1.000011737023394
18.25,4.037594659485361,0.8511171170177839,1.000011722468179
18.3,4.037594488211817,0.8512263584751509,1.0000117012580811
18.35,4.037594259688357,0.8513334670697467,1.000011672958293
18.4,4.037593973683802,0.8514384427872654,1.000011637540185
18.45,4.037593630829792,0.8515412613600002,1.0000115950819775
18.5,4.037593244986662,0.8516415355296202,1.0000115473000992
18.55,4.037592806441619,0.8517395250930015,1.0000114929917412
18.6,4.0375923149146855,0.8518352300559178,1.0000114321222304
18.65,4.037591770108524,0.8519286504306098,1.0000113646547442
18.7,4.037591178837427,0.8520196529097137,1.0000112914331467
18.75,4.037590546511536,0.8521081311229849,1.0000112131274161
18.8,4.03758986612929,0.8521942105240184,1.000011128870494
18.85,4.037589137369546,0.8522778911401871,1.0000110386226098
18.9,4.037588359897276,0.8523591730045162,1.000010942342272
18.95,4.037587548577651,0.8524378762896337,1.0000108418703477
19,4.037586696614845,0.8525140781536522,1.0000107363652564
19.05,4.037585801536597,0.8525878040767446,1.0000106255208367
19.1,4.0375848630072255,0.852659054101981,1.0000105092955174
19.15,4.037583884696026,0.8527278036356926,1.0000103881436937
19.2,4.037582878923277,0.8527939753143429,1.0000102635910786
19.25,4.037581835545784,0.852857629663065,1.0000101343815615
19.3,4.037580754244718,0.8529187667307834,1.000010000475657
19.35,4.037579634693414,0.8529773865705005,1.0000098618329094
19.4,4.037578487962716,0.8530334766442421,1.0000097198243065
19.45,4.037577314513864,0.8530870362141066,1.0000095745069648
19.5,4.0375761088005815,0.8531380711517567,1.000009425194045
19.55,4.037574870530336,0.8531865815113988,1.000009271849318
19.6,4.037573599846967,0.853232568956442,1.0000091144905952
19.65,4.037572314635492,0.8532760994277355,1.0000089553327174
19.7,4.037571002830858,0.8533171298651456,1.0000087928815728
19.75,4.037569664186071,0.8533556603206113,1.0000086271065725
19.8,4.037568298450691,0.8533916908487837,1.000008457976701
19.85,4.037566912218282,0.8534252785730558,1.0000082863084898
19.9,4.037565512518784,0.8534564834890225,1.000008112972512
19.937855164554012,4.03756443871187,0.8534784819969944,1.0000079799943977
19.937855164554012,4.03756443871187,0.8534784819969944,1.0000079799943977
19.95,4.03756408924519,0.8534852100743984,1.0000079367171346
20,4.037562634524887,0.8535114106015188,1.000007756567427
20.05,4.0375611593283764,0.8535352066299944,1.000007573881953
20.1,4.0375596698168135,0.8535566287469357,1.000007389423697
20.15,4.037558169238119,0.8535756958282443,1.000007203594874
20.2,4.037556656931448,0.8535924170359648,1.0000070163136454
20.25,4.037555138008088,0.8536069369306855,1.0000068282129835
20.3,4.037553609971606,0.8536191877327176,1.0000066389837334
20.35,4.037552072751328,0.8536291694712402,1.0000064486171432
20.4,4.037550526276357,0.8536368821767479,1.0000062571044315
20.45,4.037548970496815,0.8536423266310222,1.000006064439421
20.5,4.037547414115079,0.8536458109484334,1.0000058716997993
20.55,4.037545851252436,0.853647127378467,1.0000056781575557
20.6,4.037544281883577,0.8536462759444648,1.0000054838095556
20.65,4.037542705983153,0.8536432566708546,1.0000052886526596
20.7,4.0375411235258145,0.8536380695831528,1.0000050926837278
20.75,4.037539547136953,0.8536311231194953,1.000004897466268
20.8,4.03753797044701,0.8536222081249855,1.0000047022114846
20.85,4.037536392099146,0.853611279464002,1.0000045067513488
20.9,4.037534812128896,0.8535983371492409,1.000004311090261
20.95,4.037533230571743,0.853583381194261,1.0000041152326151
21,4.037531658020624,0.8535668055146026,1.000003920490225
21.05,4.037530091497566,0.8535484933371789,1.0000037264943034
21.1,4.037528528382236,0.8535283430463835,1.0000035329203518
21.15,4.037526968766229,0.8535063546425576,1.0000033397797146
21.2,4.037525412740735,0.8534825281267717,1.0000031470836839
21.25,4.037523867637605,0.8534572183381623,1.0000029557402268
21.3,4.037522333633463,0.8534304248580923,1.0000027657712172
21.35,4.037520807558448,0.8534019847733638,1.0000025767841039
21.4,4.0375192895513505,0.8533718980724985,1.0000023887960758
21.45,4.03751777974996,0.8533401647446999,1.0000022018241963
21.5,4.03751628300263,0.8533070844937793,1.000002016468881
21.55,4.037514801537391,0.8532727857278434,1.0000018330060467
21.6,4.037513332010099,0.8532370434149693,1.0000016510215595
21.65,4.037511874595825,0.853199857533154,1.0000014705371016
21.7,4.037510429467896,0.8531612280610897,1.0000012915741376
21.75,4.037508999667612,0.8531213893999107,1.0000011145092997
21.8,4.037507588611499,0.853080602304178,1.0000009397656884
21.85,4.037506193034951,0.853038582222956,1.0000007669390187
21.9,4.037504813137568,0.8529953291255069,1.0000005960540106
21.95,4.0375034491163815,0.8529508429818559,1.0000004271350647
22,4.037502102676114,0.8529052876345222,1.000000260393293
22.05,4.037500777632375,0.8528590521041998,1.0000000963012183
22.1,4.037499471096102,0.8528117978383735,0.9999999345010634
22.15,4.037498183279713,0.8527635247996576,0.9999997750191343
22.2,4.037496914392246,0.8527142329515297,0.9999996178813197
22.25,4.037495665245484,0.8526640145788275,0.9999994631881512
22.3,4.037494439394534,0.8526133764913363,0.999999311379891
22.35,4.037493234545215,0.8525619340221701,0.9999991621724311
22.4,4.0374920509117995,0.8525096871295091,0.999999015592308
22.45,4.037490888704433,0.8524566357725173,0.9999988716655471
22.5,4.037489748229268,0.8524028033156936,0.9999987304300633
22.55,4.037488632308446,0.8523487987111393,0.9999985922353493
22.6,4.037487539361856,0.852294200858766,0.9999984568857266
22.65,4.037486469595923,0.8522390097145166,0.9999983244067602
22.7,4.037485423212336,0.8521832252354378,0.9999981948234277
22.75,4.037484400408038,0.8521268473796783,0.9999980681601202
22.8,4.037483402664585,0.852070448042008,0.9999979446003132
22.85,4.037482429452034,0.8520137002152358,0.99999782407838
22.9,4.037481480871588,0.8519565639796369,0.9999977066068549
22.95,4.03748055710858,0.8518990392921792,0.99999759220869
23,4.03747965834314,0.8518411261110392,0.9999974809061943
23.05,4.037478784916498,0.8517832907684995,0.9999973727416259
23.1,4.037477936945288,0.8517253581441411,0.9999972677294299
23.15,4.03747711456477,0.851667233034684,0.9999971658863579
23.2,4.037476317937927,0.8516089153988102,0.9999970672325946
23.25,4.037475547222254,0.8515504051964967,0.9999969717876447
23.3,4.037474802031893,0.8514920685462821,0.9999968795037248
23.35,4.037474082575647,0.8514338647702833,0.999996790406694
23.4,4.03747338920278,0.8513756531029598,0.999996704539806
23.45,4.037472722049914,0.8513174335061809,0.9999966219199804
23.5,4.0374720812480644,0.8512592059431681,0.9999965425634428
23.55,4.037471466017162,0.8512012445725701,0.9999964663735911
23.6,4.037470876235777,0.8511436220448969,0.9999963933353879
23.65,4.037470312596741,0.8510861628721063,0.9999963235346341
23.7,4.037469775208222,0.851028867020373,0.9999962569847253
23.75,4.037469264172837,0.8509717344572506,0.9999961936983707
23.8,4.037468778577542,0.8509149578210361,0.9999961335624996
23.85,4.037468317659025,0.8508586995965877,0.9999960764825847
23.9,4.0374678825434,0.8508027609670855,0.9999960225980838
23.95,4.037467473310049,0.8507471419037586,0.9999959719188285
24,4.037467090033077,0.8506918423792074,0.9999959244539957
24.05,4.0374667318683395,0.8506369854516505,0.9999958800990476
24.1,4.0374663971878295,0.8505827987614454,0.9999958386523732
24.15,4.0374660876099036,0.8505290716000762,0.9999958003143893
24.2,4.03746580318643,0.8504758039442135,0.9999957650915196
24.25,4.037465543964342,0.8504229957718625,0.9999957329895764
24.3,4.0374653093225215,0.850370713366714,0.9999957039316415
24.35,4.037465096615511,0.8503192247376092,0.9999956775901025
24.4,4.037464907989267,0.8502683183171161,0.999995654230714
24.45,4.037464743470627,0.8502179940874022,0.9999956338568
24.5,4.037464603081972,0.8501682520319049,0.9999956164711319
24.55,4.037464486541113,0.8501191147565208,0.9999956020387641
24.6,4.03746439008739,0.8500708666841578,0.9999955900939781
24.65,4.037464316411423,0.8500233056383958,0.999995580969979
24.7,4.0374642655185005,0.8499764316066656,0.9999955746674218
24.75,4.037464237409969,0.8499302445775814,0.999995571186474
24.8,4.037464232083262,0.8498847445409413,0.9999955705268169
24.85,4.0374642450423694,0.8498401854718237,0.999995572131667
24.9,4.037464279091217,0.8497964082794643,0.9999955763482611
24.95,4.037464334362196,0.849753404778194,0.9999955831929945
25,4.037464410839761,0.8497111749613138,0.9999955926639424
25.05,4.037464508505014,0.8496697188232031,0.9999956047587638
25.1,4.037464623177782,0.8496292086948742,0.9999956189597881
25.15,4.037464756696356,0.8495895675453019,0.9999956354946683
25.2,4.037464909680775,0.8495507686367444,0.9999956544401898
25.25,4.0374650821029965,0.8495128119665313,0.9999956757928792
25.3,4.037465273932222,0.849475697532954,0.9999956995489232
25.35,4.037465481422479,0.8494395324701067,0.9999957252444209
25.4,4.037465705320631,0.8494042944087422,0.9999957529718646
25.45,4.0374659467731195,0.8493699493096454,0.9999957828732281
25.5,4.037466205743839,0.8493364971734041,0.9999958149440401
25.55,4.037466482194455,0.849303938001443,0.9999958491795531
25.6,4.0374667729042395,0.8492723294804908,0.9999958851809135
25.65,4.037467077448686,0.849241678719259,0.9999959228955507
25.7,4.037467397519771,0.8492119543642649,0.9999959625329976
25.75,4.037467733077439,0.8491831564185304,0.9999960040882936
25.8,4.03746808407997,0.8491552848857892,0.999996047556272
25.85,4.0374684478987035,0.8491283626674744,0.9999960926114005
25.9,4.0374688228997915,0.8491024039374199,0.9999961390513443
25.95,4.037469211321123,0.8490773885562423,0.9999961871532417
26,4.037469613122454,0.8490533165285739,0.9999962369121088
26.05,4.037470028262304,0.8490301878596397,0.9999962883228087
26.1,4.0374704547482265,0.8490080039367789,0.9999963411385976
26.15,4.037470889739242,0.8489867667538874,0.9999963950076497
26.2,4.037471336001243,0.8489664743320579,0.9999964502724915
26.25,4.037471793496896,0.8489471266767545,0.9999965069284995
26.3,4.037472262188051,0.848928723793924,0.9999965649709487
26.35,4.037472740740424,0.8489112572170384,0.9999966242346022
26.4,4.037473225147618,0.848894700928897,0.99999668422331
26.45,4.037473718667456,0.8488790764190585,0.9999967453405185
26.5,4.037474221267987,0.8488643836931229,0.999996807582271
26.55,4.037474732916756,0.8488506227570749,0.9999968709445479
26.6,4.03747525293757,0.8488377851978609,0.9999969353436098
26.626980247964415,4.03747553444556,0.8488312079515933,0.9999969702053866
26.626980247964415,4.03747553444556,0.8488312079515933,0.9999969702053866
26.65,4.037475777664065,0.8488258368838603,0.999997000325416
26.7,4.037476315676497,0.848814829752231,0.9999970669525403
26.75,4.037476863059573,0.8488047206550408,0.9999971347401148
26.8,4.037477414266906,0.8487954946644152,0.9999972030012781
26.85,4.03747796887246,0.8487871506443028,0.9999972716832701
26.9,4.037478526716846,0.8487796725584796,0.9999973407663524
26.95,4.0374790867484736,0.84877302159737,0.9999974101202963
27,4.037479649531422,0.8487672192320221,0.9999974798149571
27.05,4.0374802150537485,0.8487622654657233,0.9999975498488559
27.1,4.037480783303459,0.8487581603019573,0.9999976202205069
27.15,4.037481354074988,0.8487548816176538,0.9999976909044532
27.2,4.037481926672134,0.8487523503297605,0.9999977618144779
27.25,4.037482501648257,0.8487506300530429,0.999997833019108
27.3,4.037483078997099,0.8487497207901937,0.999997904517569
27.35,4.037483658712377,0.8487496225440777,0.9999979763090827
27.4,4.037484240404849,0.8487503203366019,0.9999980483454453
27.45,4.037484820224634,0.848751663454975,0.9999981201498905
27.5,4.037485400952328,0.8487537604250535,0.9999981920667654
27.55,4.03748598258947,0.8487566112481827,0.9999982640962607
27.6,4.037486565137589,0.8487602159258388,0.999998336238565
27.65,4.0374871485982,0.8487645744596349,0.9999984084938668
27.7,4.0374877271039695,0.848769492786577,0.9999984801355595
27.75,4.037488304481958,0.8487750968278454,0.9999985516375837
27.8,4.037488880839282,0.8487813898278435,0.9999986230132045
27.85,4.037489456184789,0.8487883717865501,0.9999986942635178
27.9,4.037490030527286,0.8487960427040548,0.9999987653896139
27.95,4.037490599436753,0.8488042208824376,0.9999988358428832
28,4.037491165049934,0.8488129928397589,0.9999989058879382
28.05,4.037491727982588,0.8488223831262296,0.9999989756010341
28.1,4.037492288249801,0.8488323917403713,0.9999990449840396
28.15,4.037492845866576,0.8488430186808006,0.999999114038812
28.2,4.037493397590437,0.8488541017934612,0.9999991823638064
28.25,4.037493944256122,0.84886568133046,0.9999992500623964
28.3,4.037494486832274,0.8488778044425204,0.9999993172545377
28.35,4.037495025338887,0.8488904711268438,0.9999993839427067
28.4,4.037495559795765,0.8489036813807318,0.9999994501293553
28.45,4.037496087743695,0.8489172973836517,0.9999995155099378
28.5,4.03749660904481,0.8489313099135043,0.9999995800673807
28.55,4.037497124976755,0.8489457886031159,0.9999996439599063
28.6,4.037497635562934,0.8489607334485839,0.9999997071904134
28.65,4.037498140826476,0.8489761444461118,0.9999997697617662
28.7,4.0374986390304075,0.8489919109483115,0.9999998314588598
28.75,4.037499129267303,0.8490079740967341,0.9999998921693196
28.8,4.037499613008719,0.8490244246999437,0.9999999520753822
28.85,4.037500090279998,0.8490412627531905,1.0000000111801857
28.9,4.037500561106063,0.84905848825184,1.0000000694868165
28.95,4.037501024390437,0.8490760188744552,1.0000001268594887
29,4.037501478716854,0.8490937485421938,1.0000001831228134
29.05,4.037501925606921,0.8491117869539191,1.0000002384652251
29.1,4.037502365086468,0.8491301341043113,1.000000292889922
29.15,4.0375027971808155,0.849148789988182,1.000000346400041
29.2,4.037503221293211,0.8491677003100624,1.0000003989216804
29.25,4.037503635747446,0.8491867163112385,1.0000004502472606
29.3,4.037504042007596,0.8492059635275003,1.0000005005580908
29.35,4.037504440098704,0.8492254419532383,1.0000005498572735
29.4,4.037504830045238,0.8492451515829861,1.0000005981478381
29.45,4.03750521161125,0.8492650646291597,1.0000006454005659
29.5,4.037505583089224,0.8492849958642641,1.0000006914039994
29.55,4.037505945792243,0.8493050830493653,1.00000073632075
29.6,4.037506299743516,0.8493253261788276,1.0000007801536914
29.65,4.037506644965597,0.8493457252471721,1.0000008229056179
29.7,4.037506981453251,0.8493662764746236,1.0000008645758804
29.75,4.037507307687512,0.8493867656002055,1.000000904976372
29.8,4.037507624740273,0.8494073386424651,1.0000009442398359
29.85,4.03750793263207,0.8494279955959756,1.000000982368814
29.9,4.037508231382741,0.849448736455479,1.0000010193657642
29.95,4.037508521011447,0.8494695612158852,1.0000010552330592
30,4.037508800632405,0.8494902857650295,1.0000010898610043
30.05,4.037509070751121,0.8495110092936685,1.0000011233122015
30.1,4.037509331468311,0.849531748780418,1.000001155599123
30.15,4.037509582800564,0.849552504220434,1.000001186723824
30.2,4.037509824763747,0.8495732756090476,1.0000012166882688
30.25,4.03751005701403,0.8495939176068033,1.0000012454498781
30.3,4.037510279684958,0.8496144784519564,1.0000012730251908
30.35,4.037510492874148,0.8496349921062465,1.0000012994262948
30.4,4.037510696594609,0.84965545856539,1.0000013246548018
30.45,4.037510890858668,0.8496758778252831,1.0000013487122381
30.5,4.0375110757015555,0.8496961397025438,1.0000013716029672
30.55,4.037511251132649,0.849716249789445,1.00000139332815
30.6,4.037511417151905,0.8497362549394039,1.0000014138877813
30.65,4.03751157376871,0.8497561551487982,1.000001433283024
30.7,4.037511720991774,0.8497759504141856,1.0000014515149558
30.75,4.037511859087346,0.8497955614273495,1.0000014686165495
30.8,4.037511988153833,0.8498149601042566,1.0000014845999918
30.85,4.037512108016885,0.8498342019745698,1.0000014994436912
30.9,4.037512218682393,0.8498532870353815,1.0000015131483775
30.95,4.037512320155623,0.8498722152839565,1.0000015257147028
31,4.037512413264903,0.8498909017626421,1.0000015372452462
31.05,4.037512498827979,0.8499092624866031,1.0000015478412765
31.1,4.037512575917247,0.8499273934413238,1.0000015573879202
31.15,4.037512644535428,0.8499452946245415,1.0000015658855144
31.2,4.037512704684697,0.8499629660341507,1.0000015733343286
31.25,4.037512756366733,0.8499804076682003,1.0000015797345707
31.3,4.03751279958268,0.8499976195248999,1.0000015850863821
31.35,4.037512834333172,0.8500146016026098,1.0000015893898417
31.4,4.037512860618306,0.8500313538998497,1.0000015926449617
31.45,4.037512878437672,0.8500478764152968,1.0000015948516907
31.5,4.037512888405704,0.8500641362743281,1.00000159608612
31.55,4.0375128930882065,0.8500799963496398,1.0000015966659954
31.6,4.037512889956243,0.8500955916638417,1.0000015962781372
31.65,4.037512879007844,0.8501109222160488,1.0000015949223
31.7,4.0375128602405805,0.8501259880055132,1.0000015925981847
31.75,4.03751283365162,0.8501407890316279,1.0000015893054395
31.8,4.037512799237684,0.8501553252939231,1.0000015850436583
31.85,4.037512756995071,0.8501695967920676,1.0000015798123831
31.9,4.037512706919639,0.8501836035258692,1.000001573611101
31.95,4.037512649006825,0.8501973454952733,1.0000015664392468
32,4.037512589509118,0.8502106108877445,1.0000015590711213
32.05,4.037512523650325,0.8502235613150372,1.0000015509152465
32.1,4.037512451217736,0.8502362038289809,1.0000015419452801
32.15,4.037512372206638,0.8502485384296635,1.000001532160639
32.2,4.037512286612016,0.8502605651172817,1.000001521560702
32.25,4.037512194428579,0.8502722838921398,1.0000015101448139
32.3,4.037512095650734,0.8502836947546496,1.0000014979122818
32.35,4.037511990272603,0.8502947977053347,1.000001484862378
32.4,4.037511878288012,0.8503055927448245,1.0000014709943377
32.45,4.037511764449216,0.8503160055074963,1.0000014568966744
32.5,4.037511646710883,0.8503260679225543,1.0000014423160972
32.55,4.037511523628964,0.8503358024827696,1.0000014270737763
32.6,4.037511395197983,0.8503452091887636,1.0000014111690332
32.65,4.037511261412296,0.850354288041241,1.0000013946011694
32.7,4.037511122266075,0.8503630390409881,1.0000013773694632
32.75,4.037510977753302,0.8503714621888733,1.0000013594731691
32.8,4.03751082786779,0.850379557485846,1.0000013409115207
32.85,4.037510672603152,0.8503873249329389,1.0000013216837276
32.9,4.037510515606575,0.8503947543350509,1.0000013022414524
32.95,4.03751035751078,0.8504018439224693,1.000001282663051
33,4.0375101954324215,0.8504086017323996,1.0000012625914534
33.05,4.037510029366672,0.8504150277656655,1.000001242026061
33.1,4.037509859308607,0.8504211220231476,1.0000012209662648
33.15,4.0375096852532115,0.8504268845057845,1.000001199411443
33.2,4.0375095071953755,0.8504323152145705,1.0000011773609636
33.25,4.037509325129904,0.8504374141505594,1.0000011548141823
33.3,4.037509139051505,0.8504421813148593,1.000001131770444
33.35,4.037508951076552,0.8504466341515833,1.0000011084918379
33.4,4.037508764593177,0.8504508005184839,1.0000010853979469
33.45,4.037508575496842,0.8504546466820693,1.0000010619804691
33.5,4.037508383784266,0.8504581726430953,1.0000010382389988
33.546059608801386,4.037508204862192,0.8504611373862895,1.000001016081489
33.546059608801386,4.037508204862192,0.8504611373862895,1.000001016081489
33.55,4.037508189016918,0.8504613733606209,1.0000010141192281
33.6,4.037507986349853,0.8504641962560949,1.0000009890211647
33.65,4.037507781169665,0.850466700598677,1.000000963611878
33.7,4.037507574326663,0.850468890614489,1.0000009379966701
33.75,4.037507366494707,0.8504707707049052,1.0000009122589906
33.8,4.0375071574837715,0.8504723396729336,1.0000008863753065
33.85,4.037506948011303,0.8504736211874324,1.0000008604344661
33.9,4.037506737806338,0.8504746063385943,1.0000008344029137
33.95,4.037506526846081,0.8504752943989159,1.0000008082778258
34,4.0375063151298285,0.8504756853687825,1.0000007820591157
34.05,4.037506102656884,0.8504757792486023,1.000000755746697
34.1,4.037505891308994,0.8504756577615131,1.000000729573603
34.15,4.037505680260474,0.8504752849536307,1.0000007034375822
34.2,4.037505469211268,0.8504746477559685,1.0000006773014758
34.25,4.037505258162165,0.8504737461686002,1.0000006511653812
34.3,4.037505047113946,0.8504725801916154,1.0000006250293958
34.35,4.037504836067401,0.8504711498251198,1.0000005988936167
34.4,4.037504625023304,0.8504694550692349,1.0000005727581398
34.45,4.037504413982444,0.8504674959240963,1.0000005466230637
34.5,4.037504202945597,0.8504652723898566,1.0000005204884834
34.55,4.037503991913531,0.8504627844666833,1.000000494354495
34.6,4.037503783429326,0.8504601464453577,1.0000004685360298
34.65,4.037503577284854,0.8504573487611591,1.000000443007314
34.7,4.03750337193675,0.8504543219054284,1.0000004175772195
34.75,4.037503167386956,0.8504510658780217,1.000000392245986
34.8,4.037502963637421,0.8504475806788088,1.0000003670138549
34.85,4.037502760690074,0.8504438663076709,1.0000003418810652
34.9,4.037502558546819,0.8504399227645025,1.0000003168478533
34.95,4.0375023572095765,0.8504357500492127,1.0000002919144562
35,4.03750215668023,0.8504313481617185,1.0000002670811072
35.05,4.037501956960666,0.8504267171019548,1.0000002423480407
35.1,4.037501759844059,0.8504219551760582,1.000000217937321
35.15,4.037501567385575,0.850417174875803,1.0000001941034578
35.2,4.037501376690645,0.8504122171012622,1.000000170487991
35.25,4.037501187762349,0.8504070818519793,1.0000001470913016
35.3,4.037501000603725,0.8504017691275081,1.0000001239137664
35.35,4.037500815217779,0.8503962789274165,1.000000100955757
35.4,4.037500631607484,0.8503906112512843,1.0000000782176421
35.45,4.037500449775787,0.8503847660987048,1.0000000556997863
35.5,4.037500269725577,0.8503787434692842,1.0000000334025474
35.55,4.037500091459733,0.8503725433626411,1.0000000113262826
35.6,4.037499915428983,0.850366199580423,0.9999999895268089
35.65,4.037499744919335,0.8503599597561403,0.9999999684110628
35.7,4.037499576934277,0.8503535973830207,0.9999999476079586
35.75,4.037499411477328,0.850347112460393,0.999999927117933
35.8,4.037499248551955,0.850340504987599,0.9999999069414142
35.85,4.037499088161559,0.8503337749639993,0.9999998870788246
35.9,4.037498930309483,0.8503269223889675,0.9999998675305773
35.95,4.037498774999001,0.8503199472618953,0.9999998482970783
36,4.037498622233338,0.8503128495821884,0.9999998293787271
36.05,4.0374984720156615,0.8503056293492682,0.9999998107759155
36.1,4.037498324349061,0.850298286562574,0.9999997924890264
36.15,4.0374981816473134,0.8502910868787026,0.9999997748169794
36.2,4.037498042300404,0.8502838523546382,0.9999997575603923
36.25,4.037497906009197,0.8502765496489894,0.99999974068222
36.3,4.037497772776916,0.8502691787610236,0.9999997241828619
36.35,4.037497642606716,0.8502617396900286,0.9999997080627087
36.4,4.037497515501666,0.8502542324353117,0.9999996923221405
36.45,4.037497391464757,0.8502466569961987,0.9999996769615276
36.5,4.037497270498889,0.8502390133720367,0.9999996619812296
36.55,4.037497152606887,0.8502313015621898,0.9999996473815957
36.6,4.037497037791495,0.850223521566044,0.9999996331629664
36.65,4.037496926949628,0.8502158497925764,0.999999619436414
36.7,4.037496819906626,0.8502082511764383,0.9999996061803098
36.75,4.037496716206076,0.850200635140759,0.999999593338131
36.8,4.037496615850501,0.8501930016848561,0.999999580910191
36.85,4.037496518842347,0.8501853508080729,0.9999995688967922
36.9,4.037496425183961,0.8501776825097702,0.9999995572982252
36.95,4.03749633487759,0.8501699967893336,0.9999995461147688
37,4.037496247925409,0.8501622936461715,0.9999995353466922
37.05,4.037496164329479,0.8501545730797123,0.99999952499425
37.1,4.037496084091779,0.8501468350894109,0.9999995150576879
37.15,4.037496007292641,0.8501391746583727,0.999999505546954
37.2,4.037495933999505,0.8501316713023589,0.9999994964704002
37.25,4.037495864106929,0.8501241952941941,0.9999994878149685
37.3,4.037495797616516,0.8501167466333358,0.9999994795808572
37.35,4.037495734529777,0.8501093253192644,0.999999471768254
37.4,4.037495674848136,0.850101931351485,0.9999994643773347
37.45,4.037495618572922,0.8500945647295248,0.9999994574082642
37.5,4.037495565705375,0.8500872254529352,0.999999450861196
37.55,4.037495516246643,0.8500799135212913,0.9999994447362722
37.6,4.037495470197781,0.8500726289341908,0.9999994390336236
37.65,4.037495427432474,0.850065402293439,0.9999994337376074
37.7,4.037495387315266,0.8500583865674537,0.9999994287695292
37.75,4.0374953504562106,0.8500514352465628,0.9999994242049377
37.8,4.037495316855987,0.8500445483304071,0.9999994200439168
37.85,4.037495286515198,0.850037725818647,0.9999994162865415
37.9,4.03749525943437,0.8500309677109674,0.9999994129328766
37.95,4.037495235613936,0.8500242740070749,0.9999994099829761
38,4.037495215054262,0.850017644706698,0.9999994074368848
38.05,4.037495197755626,0.8500110798095886,0.9999994052946376
38.1,4.037495183718229,0.8500045793155205,0.999999403556259
38.15,4.037495172942174,0.84999814322429,0.9999994022217624
38.2,4.0374951638363425,0.849991916653804,0.9999994010941046
38.25,4.037495157553499,0.8499857944681074,0.999999400316043
38.3,4.037495154221592,0.8499797649925789,0.9999993999034228
38.35,4.037495153840503,0.849973828227057,0.9999993998562291
38.4,4.037495156410045,0.8499679841713998,0.9999994001744387
38.45,4.037495161929965,0.8499622328254872,0.9999994008580205
38.5,4.037495170399953,0.8499565741892172,0.999999401906936
38.55,4.037495181819625,0.8499510082625076,0.9999994033211378
38.6,4.037495196188546,0.849945535045296,0.9999994051005718
38.65,4.037495213506207,0.8499401545375416,0.999999407245175
38.7,4.037495232182729,0.8499349377176588,0.9999994095580584
38.75,4.0374952526951535,0.8499298632690255,0.9999994120982982
38.8,4.037495275726142,0.8499249006825312,0.9999994149504348
38.85,4.0374953012751345,0.8499200499581563,0.9999994181143986
38.9,4.037495329341505,0.8499153110958981,0.999999421590112
38.95,4.037495359924596,0.8499106840957684,0.9999994253774939
39,4.037495393023701,0.8499061689577985,0.9999994294764568
39.05,4.037495428638077,0.849901765682032,0.9999994338869082
39.1,4.037495466766917,0.8498974742685302,0.9999994386087486
39.15,4.037495507409393,0.8498932947173687,0.9999994436418753
39.2,4.037495549372963,0.8498892508618816,0.9999994488386054
39.25,4.037495591959049,0.849885356667106,0.9999994541124266
39.3,4.037495636548422,0.8498815845069634,0.9999994596343336
39.35,4.037495683140357,0.849877934381525,0.9999994654042357
39.4,4.0374957317340945,0.8498744062908723,0.9999994714220393
39.45,4.037495782328851,0.8498710002351015,0.999999477687647
39.5,4.037495834923814,0.8498677162143176,0.9999994842009585
39.55,4.037495889518148,0.8498645542286387,0.9999994909618702
39.6,4.03749594611099,0.8498615142781928,0.9999994979702753
39.65,4.037496004701442,0.8498585963631229,0.9999995052260625
39.7,4.037496064717306,0.8498558024056652,0.9999995126583712
39.75,4.037496124097326,0.849853139340004,0.9999995200119376
39.8,4.037496184922934,0.8498506001622236,0.999999527544524
39.8287295004986,4.0374962205264175,0.8498491972194671,0.9999995319536265
39.8287295004986,4.0374962205264175,0.8498491972194671,0.9999995319536265
39.85,4.037496248218965,0.8498481834667814,0.9999995353830458
39.9,4.037496314684466,0.8498458918395821,0.9999995436140714
39.95,4.0374963826868795,0.8498437282141581,0.9999995520354266
40,4.037496451689106,0.849841691345194,0.9999995605805978
40.05,4.037496521611119,0.8498397810400253,0.9999995692396743
40.1,4.037496592421441,0.8498379959261949,0.9999995780087582
40.15,4.037496663920081,0.8498363319310506,0.9999995868630824
40.2,4.037496736213469,0.8498347912347457,0.9999995958158278
40.25,4.037496809301184,0.8498333738373687,0.9999996048669417
40.3,4.03749688318281,0.8498320797390154,0.9999996140163727
40.35,4.037496957717523,0.8498309044060336,0.9999996232466811
40.4,4.0374970322596075,0.8498298269898448,0.9999996324779025
40.45,4.037497107309518,0.8498288636548578,0.9999996417720124
40.5,4.037497182867047,0.8498280144011271,0.9999996511289853
40.55,4.037497258932003,0.8498272792287113,0.9999996605487972
40.6,4.0374973355041694,0.8498266581376738,0.9999996700314217
40.65,4.037497412583354,0.8498261511280795,0.9999996795768348
40.7,4.037497490169338,0.8498257581999988,0.999999689185009
40.75,4.037497568261918,0.8498254793535052,0.9999996988559199
40.8,4.037497646860891,0.849825314588674,0.9999997085895418
40.85,4.037497725966044,0.8498252639055865,0.9999997183858481
40.9,4.03749780377597,0.8498252693582948,0.9999997280217551
40.95,4.037497881657112,0.8498253748866333,0.999999737666481
41,4.037497959704198,0.8498255835374259,0.9999997473317572
41.05,4.037498037917223,0.8498258953107055,0.9999997570175834
41.1,4.03749811629619,0.8498263102065097,0.9999997667239593
41.15,4.037498194841092,0.8498268282248779,0.9999997764508841
41.2,4.037498273551931,0.8498274493658523,0.9999997861983588
41.25,4.037498352428717,0.8498281736294764,0.9999997959663838
41.3,4.0374984314714295,0.849829001015798,0.999999805754957
41.35,4.03749851068008,0.8498299315248659,0.9999998155640797
41.4,4.0374985883518075,0.8498308988577656,0.9999998251828711
41.45,4.0374986651030484,0.849831926981732,0.9999998346876703
41.5,4.037498741580342,0.8498330410545791,0.9999998441585444
41.55,4.037498817783936,0.8498342410762906,0.999999853595523
41.6,4.037498893714069,0.8498355270468515,0.9999998629986369
41.65,4.037498969370979,0.8498368989662493,0.9999998723679151
41.7,4.037499044754915,0.8498383568344722,0.999999881703388
41.75,4.037499119866108,0.8498399006515113,0.9999998910050848
41.8,4.037499194704801,0.8498415304173581,0.9999999002730353
41.85,4.037499269271224,0.849843246132008,0.9999999095072685
41.9,4.037499342621522,0.849844999053131,0.9999999185908973
41.95,4.03749941433847,0.8498467675993817,0.9999999274722537
42,4.037499485405786,0.8498486025283447,0.9999999362731603
42.05,4.037499555823872,0.849850503839958,0.9999999449936667
42.1,4.037499625593138,0.84985247153416,0.9999999536338241
42.15,4.037499694713985,0.8498545056108936,0.9999999621936818
42.2,4.037499763186811,0.8498566060701013,0.999999970673289
42.25,4.037499831012008,0.8498587729117271,0.9999999790726944
42.3,4.037499898189958,0.8498610061357192,0.9999999873919452
42.35,4.037499964721052,0.8498633057420247,0.99999999563109
42.4,4.037500030258347,0.8498656474713582,1.0000000037471637
42.45,4.037500093775909,0.8498679596176089,1.0000000116131156
42.5,4.037500156353838,0.8498703175784841,1.000000019362704
42.55,4.0375002179926085,0.8498727213538926,1.0000000269959883
42.6,4.037500278692692,0.8498751709437433,1.0000000345130262
42.65,4.0375003384545405,0.8498776663479488,1.0000000419138744
42.7,4.037500397278613,0.8498802075664238,1.0000000491985888
42.75,4.037500455165346,0.8498827945990833,1.0000000563672238
42.8,4.037500512115178,0.8498854274458482,1.0000000634198343
42.85,4.037500568128535,0.8498881061066363,1.0000000703564724
42.9,4.037500623205839,0.8498908305813732,1.0000000771771906
42.95,4.037500676222255,0.8498934886063333,1.0000000837426906
43,4.037500728085064,0.8498961706330017,1.0000000901653288
43.05,4.037500778809889,0.8498988781753807,1.0000000964470406
43.1,4.03750082839717,0.8499016112333698,1.0000001025878795
43.15,4.0375008768473295,0.849904369806871,1.0000001085878987
43.2,4.037500924160784,0.8499071538957896,1.0000001144471495
43.25,4.037500970337936,0.8499099635000334,1.0000001201656814
43.3,4.0375010153791795,0.8499127986195136,1.0000001257435436
43.35,4.037501059284893,0.849915659254142,1.0000001311807831
43.4,4.037501102055449,0.849918545403835,1.0000001364774458
43.45,4.0375011432347145,0.8499213795567584,1.0000001415770443
43.5,4.037501183026385,0.849924196229215,1.000000146504805
43.55,4.037501221572556,0.8499270194848492,1.0000001512783234
43.6,4.037501258873554,0.8499298493235689,1.0000001558976417
43.65,4.037501294929722,0.8499326857452842,1.0000001603628013
43.7,4.03750132974137,0.8499355287499067,1.0000001646738401
43.75,4.037501363308797,0.8499383783373538,1.0000001688307967
43.8,4.0375013956323045,0.849941234507545,1.000000172833707
43.85,4.037501426712161,0.8499440972604005,1.0000001766826052
43.9,4.037501456548635,0.849946966595847,1.0000001803775236
43.95,4.037501485074135,0.8499497971995223,1.000000183910093
44,4.037501512271542,0.8499525774804527,1.000000187278192
44.05,4.037501538201303,0.8499553476559397,1.0000001904893072
44.1,4.037501562863621,0.8499581077259081,1.0000001935434637
44.15,4.037501586258708,0.8499608576902872,1.0000001964406875
44.2,4.037501608386747,0.849963597549011,1.0000001991810015
44.25,4.037501629247914,0.849966327302014,1.0000002017644272
44.3,4.037501648842377,0.8499690469492361,1.0000002041909857
44.35,4.037501667170282,0.8499717564906202,1.0000002064606948
44.4,4.037501684231776,0.8499744559261098,1.0000002085735729
44.45,4.037501700098459,0.8499771260026011,1.0000002105384869
44.5,4.037501714929235,0.8499797239475599,1.0000002123751148
44.55,4.037501728545187,0.8499822979762696,1.0000002140613005
44.6,4.037501740946397,0.8499848480886824,1.0000002155970538
44.65,4.0375017521329495,0.8499873742847518,1.000000216982385
44.7,4.037501762104899,0.8499898765644354,1.0000002182173011
44.75,4.037501770862311,0.849992354927694,1.0000002193018103
44.8,4.037501778405225,0.8499948093744921,1.000000220235917
44.85,4.037501784733675,0.8499972399047959,1.0000002210196257
44.9,4.037501789847684,0.8499996465185753,1.0000002216529393
44.95,4.037501793762139,0.8500020278402142,1.0000002221377016
45,4.037501797091615,0.8500043270774452,1.0000002225500204
45.05,4.037501799320786,0.8500065918508327,1.0000002228260787
45.1,4.0375018004496415,0.8500088221603536,1.000000222965875
45.15,4.037501800478159,0.850011018005987,1.0000002229694067
45.2,4.03750179940631,0.8500131793877144,1.00000022283667
45.25,4.037501797234052,0.8500153063055199,1.0000002225676596
45.3,4.037501793961336,0.8500173987593913,1.0000002221623698
45.35,4.0375017895881085,0.8500194567493186,1.000000221620794
45.4,4.0375017841143,0.850021480275293,1.000000220942923
45.45,4.037501777539837,0.8500234693373114,1.0000002201287481
45.5,4.03750177122346,0.8500253859497662,1.0000002193465345
45.55,4.037501764457774,0.8500272498879162,1.0000002185086787
45.6,4.037501756905146,0.8500290705888714,1.000000217573369
45.65,4.037501748565522,0.8500308480526254,1.0000002165405986
45.7,4.03750173943883,0.8500325822791746,1.0000002154103584
45.75,4.037501729525001,0.8500342732685146,1.0000002141826396
45.8,4.037501718823965,0.8500359210206448,1.0000002128574341
45.85,4.03750170733564,0.8500375255355659,1.0000002114347317
45.9,4.037501695059946,0.8500390868132792,1.0000002099145224
45.95,4.037501681996797,0.8500406048537904,1.0000002082967951
46,4.037501668146101,0.8500420796571024,1.0000002065815392
46.05,4.037501653507765,0.8500435112232255,1.0000002047687426
46.1,4.037501638081688,0.8500448995521662,1.0000002028583928
46.15,4.037501621867771,0.8500462446439367,1.000000200850478
46.2,4.037501604865907,0.8500475464985479,1.0000001987449845
46.25,4.037501587075986,0.8500488051160153,1.0000001965418983
46.3,4.037501568497884,0.8500500204963538,1.0000001942412051
46.35,4.03750154913149,0.8500511926395807,1.0000001918428907
46.4,4.03750152897668,0.8500523215457162,1.0000001893469395
46.45,4.0375015080333245,0.85005340721478,1.0000001867533357
46.5,4.037501487147109,0.8500544516246957,1.0000001841668078
46.55,4.037501467569875,0.8500554577025836,1.000000181742383
46.6,4.037501447470571,0.8500564211665316,1.0000001792533053
46.65,4.037501426849113,0.850057342016552,1.000000176699565
46.7,4.037501405705425,0.8500582202526591,1.000000174081152
46.75,4.0375013840394205,0.8500590558748655,1.0000001713980557
46.8,4.037501361851019,0.8500598488831868,1.0000001686502666
46.85,4.037501339140128,0.850060599277639,1.000000165837773
46.9,4.03750131590667,0.8500613070582383,1.0000001629605653
46.95,4.037501292150551,0.8500619722250042,1.0000001600186312
47,4.037501267871675,0.8500625947779533,1.0000001570119597
47.05,4.037501243069959,0.8500631747171076,1.0000001539405403
47.1,4.037501217745301,0.8500637120424858,1.00000015080436
47.15,4.037501191897605,0.8500642067541119,1.0000001476034077
47.2,4.037501165526784,0.8500646588520074,1.0000001443376718
47.25,4.0375011386327255,0.8500650683361958,1.0000001410071386
47.3,4.037501111215335,0.8500654352067024,1.0000001376117968
47.35,4.037501083274513,0.8500657594635526,1.0000001341516336
47.4,4.037501054810153,0.8500660411067738,1.000000130626636
47.45,4.037501025822148,0.8500662801363918,1.0000001270367904
47.5,4.037500996310391,0.8500664765524382,1.0000001233820843
47.55,4.037500969421321,0.8500666772793284,1.0000001200521689
47.6,4.037500943001001,0.8500668501887656,1.000000116780303
47.65,4.0375009164151345,0.8500669858212018,1.0000001134879357
47.7,4.037500889663696,0.8500670841766469,1.0000001101750646
47.75,4.037500862746669,0.8500671452551076,1.000000106841687
47.8,4.037500835664029,0.8500671690565946,1.0000001034878003
47.85,4.037500808415748,0.8500671555811165,1.0000001001134005
47.9,4.0375007810018095,0.8500671048286829,1.0000000967184857
47.95,4.037500753422185,0.8500670167993046,1.0000000933030526
48,4.0375007256768525,0.850066891492992,1.0000000898670984
48.05,4.0375006977657915,0.8500667289097547,1.0000000864106207
48.1,4.037500669688973,0.8500665290496064,1.0000000829336158
48.15,4.037500641446381,0.8500662919125564,1.0000000794360813
48.2,4.037500613037988,0.8500660174986184,1.0000000759180143
48.25,4.037500584463768,0.8500657058078034,1.0000000723794111
48.3,4.0375005557237005,0.8500653568401255,1.0000000688202701
48.35,4.037500526817759,0.8500649705955966,1.0000000652405872
48.4,4.037500497745922,0.8500645470742308,1.0000000616403601
48.42642990059434,4.037500482311577,0.8500643081415833,1.0000000597289862
48.42642990059434,4.037500482311577,0.8500643081415833,1.0000000597289862
48.45,4.037500468237477,0.850064080249752,1.0000000579860637
48.5,4.037500438324208,0.8500635739101022,1.0000000542816343
48.55,4.037500408472653,0.8500630370705667,1.0000000505848474
48.6,4.037500378886009,0.8500624711829082,1.000000046920867
48.65,4.037500349574767,0.8500618763235459,1.000000043290992
48.7,4.03750032054629,0.850061253888754,1.0000000396961342
48.75,4.037500291838508,0.8500606070651875,1.0000000361409913
48.8,4.037500263430319,0.8500599340706001,1.0000000326229492
48.85,4.037500235321786,0.8500592349049794,1.0000000291420164
48.9,4.037500207512979,0.8500585095683161,1.0000000256982013
48.95,4.0375001800279575,0.8500577616333698,1.0000000222944838
49,4.0375001529463805,0.8500570029470474,1.000000018940728
49.05,4.037500126203515,0.8500562238599657,1.0000000156289182
49.1,4.037500099799445,0.8500554243721087,1.0000000123590644
49.15,4.0375000737342415,0.8500546044834623,1.0000000091311754
49.2,4.037500048007986,0.8500537641940134,1.0000000059452612
49.25,4.037500022620744,0.8500529035037472,1.0000000028013303
49.3,4.0374999975725885,0.8500520224126524,0.9999999996993918
49.35,4.037499972863594,0.8500511209207149,0.9999999966394544
49.4,4.0374999484938305,0.8500501990279243,0.9999999936215269
49.45,4.037499924463367,0.8500492567342658,0.9999999906456182
49.5,4.037499901236814,0.8500483529393176,0.9999999877692648
49.55,4.037499878436854,0.8500474397881236,0.9999999849457403
49.6,4.037499856059895,0.8500465168153324,0.9999999821746
49.65,4.037499834106008,0.8500455840209296,0.9999999794558522
49.7,4.037499812575265,0.8500446414048979,0.9999999767895064
49.75,4.037499791467737,0.8500436889672205,0.999999974175571
49.8,4.037499770783496,0.8500427267078827,0.999999971614055
49.85,4.037499750522609,0.850041754626867,0.9999999691049666
49.9,4.037499730685145,0.8500407727241607,0.9999999666483147
49.95,4.037499711271168,0.8500397809997465,0.9999999642441069
50,4.037499692280736,0.8500387794536118,0.9999999618923505
50,4.037499692280736,0.8500387794536118,0.9999999618923505
