Time (s),Ip lower (pu),Ip upper (pu)
-1.0,0.95,0.0
-0.995,0.95,0.0
-0.99,0.95,0.0
-0.985,0.95,0.0
-0.98,0.95,0.0
-0.975,0.95,0.0
-0.97,0.95,0.95
-0.965,0.95,0.95
-0.96,0.95,0.95
-0.955,0.95,0.95
-0.95,0.95,0.95
-0.945,0.95,0.95
-0.94,0.95,0.95
-0.935,0.95,0.95
-0.9299999999999999,0.95,0.95
-0.925,0.95,0.95
-0.92,0.95,0.95
-0.915,0.95,0.95
-0.91,0.95,0.95
-0.905,0.95,0.95
-0.9,0.95,0.95
-0.895,0.95,0.95
-0.89,0.95,0.95
-0.885,0.95,0.95
-0.88,0.95,0.95
-0.875,0.95,0.95
-0.87,0.95,0.95
-0.865,0.95,0.95
-0.86,0.95,0.95
-0.855,0.95,0.95
-0.85,0.95,0.95
-0.845,0.95,0.95
-0.84,0.95,0.95
-0.835,0.95,0.95
-0.83,0.95,0.95
-0.825,0.95,0.95
-0.8200000000000001,0.95,0.95
-0.815,0.95,0.95
-0.81,0.95,0.95
-0.8049999999999999,0.95,0.95
-0.8,0.95,0.95
-0.7949999999999999,0.95,0.95
-0.79,0.95,0.95
-0.785,0.95,0.95
-0.78,0.95,0.95
-0.775,0.95,0.95
-0.77,0.95,0.95
-0.765,0.95,0.95
-0.76,0.95,0.95
-0.755,0.95,0.95
-0.75,0.95,0.95
-0.745,0.95,0.95
-0.74,0.95,0.95
-0.735,0.95,0.95
-0.73,0.95,0.95
-0.725,0.95,0.95
-0.72,0.95,0.95
-0.715,0.95,0.95
-0.71,0.95,0.95
-0.7050000000000001,0.95,0.95
-0.7,0.95,0.95
-0.6950000000000001,0.95,0.95
-0.69,0.95,0.95
-0.685,0.95,0.95
-0.6799999999999999,0.95,0.95
-0.675,0.95,0.95
-0.6699999999999999,0.95,0.95
-0.665,0.95,0.95
-0.6599999999999999,0.95,0.95
-0.655,0.95,0.95
-0.6499999999999999,0.95,0.95
-0.645,0.95,0.95
-0.64,0.95,0.95
-0.635,0.95,0.95
-0.63,0.95,0.95
-0.625,0.95,0.95
-0.62,0.95,0.95
-0.615,0.95,0.95
-0.61,0.95,0.95
-0.605,0.95,0.95
-0.6,0.95,0.95
-0.595,0.95,0.95
-0.59,0.95,0.95
-0.585,0.95,0.95
-0.5800000000000001,0.95,0.95
-0.575,0.95,0.95
-0.5700000000000001,0.95,0.95
-0.565,0.95,0.95
-0.56,0.95,0.95
-0.5549999999999999,0.95,0.95
-0.55,0.95,0.95
-0.5449999999999999,0.95,0.95
-0.54,0.95,0.95
-0.5349999999999999,0.95,0.95
-0.53,0.95,0.95
-0.5249999999999999,0.95,0.95
-0.52,0.95,0.95
-0.515,0.95,0.95
-0.51,0.95,0.95
-0.505,0.95,0.95
-0.5,0.95,0.95
-0.495,0.95,0.95
-0.49,0.95,0.95
-0.485,0.95,0.95
-0.48,0.95,0.95
-0.475,0.95,0.95
-0.47,0.95,0.95
-0.46499999999999997,0.95,0.95
-0.45999999999999996,0.95,0.95
-0.45499999999999996,0.95,0.95
-0.44999999999999996,0.95,0.95
-0.44499999999999995,0.95,0.95
-0.43999999999999995,0.95,0.95
-0.43499999999999994,0.95,0.95
-0.42999999999999994,0.95,0.95
-0.42499999999999993,0.95,0.95
-0.42000000000000004,0.95,0.95
-0.41500000000000004,0.95,0.95
-0.41000000000000003,0.95,0.95
-0.405,0.95,0.95
-0.4,0.95,0.95
-0.395,0.95,0.95
-0.39,0.95,0.95
-0.385,0.95,0.95
-0.38,0.95,0.95
-0.375,0.95,0.95
-0.37,0.95,0.95
-0.365,0.95,0.95
-0.36,0.95,0.95
-0.355,0.95,0.95
-0.35,0.95,0.95
-0.345,0.95,0.95
-0.33999999999999997,0.95,0.95
-0.33499999999999996,0.95,0.95
-0.32999999999999996,0.95,0.95
-0.32499999999999996,0.95,0.95
-0.31999999999999995,0.95,0.95
-0.31499999999999995,0.95,0.95
-0.30999999999999994,0.95,0.95
-0.30499999999999994,0.95,0.95
-0.29999999999999993,0.95,0.95
-0.29500000000000004,0.95,0.95
-0.29000000000000004,0.95,0.95
-0.28500000000000003,0.95,0.95
-0.28,0.95,0.95
-0.275,0.95,0.95
-0.27,0.95,0.95
-0.265,0.95,0.95
-0.26,0.95,0.95
-0.255,0.95,0.95
-0.25,0.95,0.95
-0.245,0.95,0.95
-0.24,0.95,0.95
-0.235,0.95,0.95
-0.22999999999999998,0.95,0.95
-0.22499999999999998,0.95,0.95
-0.21999999999999997,0.95,0.95
-0.21499999999999997,0.95,0.95
-0.20999999999999996,0.95,0.95
-0.20499999999999996,0.95,0.95
-0.19999999999999996,0.95,0.95
-0.19499999999999995,0.95,0.95
-0.18999999999999995,0.95,0.95
-0.18499999999999994,0.95,0.95
-0.17999999999999994,0.95,0.95
-0.17499999999999993,0.95,0.95
-0.16999999999999993,0.95,0.95
-0.16500000000000004,0.95,0.95
-0.16000000000000003,0.95,0.95
-0.15500000000000003,0.95,0.95
-0.15000000000000002,0.95,0.95
-0.14500000000000002,0.95,0.95
-0.14,0.95,0.95
-0.135,0.95,0.95
-0.13,0.95,0.95
-0.125,0.95,0.95
-0.12,0.95,0.95
-0.11499999999999999,0.95,0.95
-0.10999999999999999,0.95,0.95
-0.10499999999999998,0.95,0.95
-0.09999999999999998,0.95,0.95
-0.09499999999999997,0.95,0.95
-0.08999999999999997,0.95,0.95
-0.08499999999999996,0.95,0.95
-0.07999999999999996,0.95,0.95
-0.07499999999999996,0.95,0.95
-0.06999999999999995,0.95,0.95
-0.06499999999999995,0.95,0.95
-0.05999999999999994,0.95,0.95
-0.05499999999999994,0.95,0.95
-0.04999999999999993,0.95,0.95
-0.04499999999999993,0.95,0.95
-0.040000000000000036,0.95,0.95
-0.03500000000000003,0.95,0.95
-0.030000000000000027,0.95,0.95
-0.025000000000000022,0.95,0.95
-0.020000000000000018,0.95,0.95
-0.015000000000000013,0.95,0.95
-0.010000000000000009,0.95,0.95
-0.0050000000000000044,0.95,0.95
0.0,0.9479318776231561,0.060323725995627166
0.0050000000000001155,0.9484619048861856,0.06675305929488455
0.010000000000000009,0.9489831715691223,0.07313684086273298
0.015000000000000124,0.9494958224716188,0.07947534976420668
0.020000000000000018,0.95,0.08576886414973717
0.02499999999999991,0.9504958442068212,0.09201766124141332
0.030000000000000027,0.7048275532868313,0.09822201731969012
0.03499999999999992,0.7130682148481771,0.10438220771054098
0.040000000000000036,0.7212737535795697,0.11049850677304655
0.04499999999999993,0.7294445470026517,0.1165711878874051
0.050000000000000044,0.7375783478385849,0.12260052344336338
0.05499999999999994,0.7456716237527894,0.12858678482905067
0.06000000000000005,0.7537202513560683,0.13453024242021738
0.06499999999999995,0.7617198756188349,0.140431165569859
0.07000000000000006,0.7696660958962526,0.14628982259822945
0.07499999999999996,0.7775545620751454,0.1521064807832232
0.08000000000000007,0.7853810241074373,0.15788140635112985
0.08499999999999996,0.7931413573451719,0.16361486446774373
0.09000000000000008,0.8008315752908893,0.16930711922982952
0.09499999999999997,0.8084478357814642,0.1749584336569283
0.10000000000000009,0.8159864437246488,0.18056906968350522
0.10499999999999998,0.8234438520057894,0.18613928815142236
0.1100000000000001,0.8308166614041742,0.19166934880274017
0.11499999999999999,0.8381016199554174,0.19715951027282896
0.1200000000000001,0.8452956219874665,0.20261003008379583
0.125,0.8523957069496371,0.20802116463820924
0.13000000000000012,0.8593990580980235,0.21339316921312404
0.135,0.8663030010715838,0.21872629795439247
0.14000000000000012,0.8731050023781352,0.22402080387126247
0.14500000000000002,0.8806706701902162,0.22927693883125022
0.15000000000000013,0.8920559400487422,0.23449495355528635
0.15500000000000003,0.9030714068531238,0.23967509761312533
0.15999999999999992,0.9137216438478446,0.2448176194190172
0.16500000000000004,0.9240113712433697,0.2499227662276309
0.16999999999999993,0.9339454463980901,0.25499078413022586
0.17500000000000004,0.9435288542549332,0.2600219180510687
0.17999999999999994,0.9527666980313992,0.26501641174408375
0.18500000000000005,0.9616641901615921,0.2699745077897387
0.18999999999999995,0.970226643488641,0.2748964475921546
0.19500000000000006,0.980455171540086,0.27978247137643975
0.19999999999999996,0.9920880306739108,0.2846328181862378
0.20500000000000007,1.0033903105971285,0.2894477258814904
0.20999999999999996,1.0143584594052484,0.29422743113640326
0.21500000000000008,1.0249893793314322,0.2989721694376183
0.21999999999999997,1.035280418425279,0.3036821750825795
0.2250000000000001,1.0452293619578426,0.3083576811780948
0.22999999999999998,1.0548344235694123,0.31299891963908355
0.2350000000000001,1.064094236176468,0.31760612118751114
0.24,1.0730078426540308,0.32217951535149997
0.2450000000000001,1.081574686309473,0.326719330464619
0.25,1.089794601163657,0.33122579366534194
0.2550000000000001,1.09766780205507,0.33569913089667536
0.26,1.1051948745824125,0.3401395669059472
0.2650000000000001,1.112376764900869,0.34454732524475706
0.27,1.119631060453166,0.34892262826908005
0.27500000000000013,1.13494781826479,0.35326569713952405
0.28,1.1498735682195125,0.3575767518217334
0.2849999999999999,1.164401789720499,0.3618560110869381
0.29000000000000004,1.1785264087763048,0.3661036925126433
0.29499999999999993,1.1922417961793326,0.37032001248345575
0.30000000000000004,1.2,0.37450518619204515
0.30499999999999994,1.2,0.37865942764023414
0.31000000000000005,1.2,0.3827829496402184
0.31499999999999995,1.2,0.3868759638159075
0.32000000000000006,1.2,0.390938680604389
0.32499999999999996,1.2,0.3949713092575085
0.33000000000000007,1.2,0.39897405784356577
0.33499999999999996,1.2,0.4029471332491214
0.3400000000000001,1.2,0.4068907411809128
0.345,1.2,0.41080508616787526
0.3500000000000001,1.2,0.41469037156326777
0.355,1.2,0.4185467995468963
0.3600000000000001,1.2,0.42237457112743715
0.365,1.2,0.4261738861448538
0.3700000000000001,1.2,0.42994494327290667
0.375,1.2,0.43368794002175143
0.3800000000000001,1.2,0.43740307274062656
0.385,1.2,0.44109053662062303
0.3900000000000001,1.2,0.4447505256975392
0.395,1.2,0.4483832328548124
0.40000000000000013,1.2,0.45198884982653176
0.405,1.2,0.4555675672005228
0.4099999999999999,1.2,0.4591195744215084
0.41500000000000004,1.2,0.4626450597943389
0.41999999999999993,1.2,0.46614421048729027
0.42500000000000004,1.2,0.46961721253543237
0.42999999999999994,1.2,0.47306425084405757
0.43500000000000005,1.2,0.476485509192176
0.43999999999999995,1.2,0.47988117023606863
0.44500000000000006,1.2,0.4832514155129009
0.44999999999999996,1.2,0.486596425444392
0.45500000000000007,1.2,0.489916379340541
0.45999999999999996,1.2,0.49321145540340333
0.4650000000000001,1.2,0.4964818307309228
0.47,1.2,0.49972768132080836
0.4750000000000001,1.2,0.5029491820744642
0.48,1.2,0.5061465068009613
0.4850000000000001,1.2,0.5093198282210575
0.49,1.2,0.512469317971258
0.4950000000000001,1.2,0.5155951466079204
0.5,1.2,0.5186974836113952
0.5050000000000001,1.2,0.5217764973902098
0.51,1.2,0.5248323552852865
0.5150000000000001,1.2,0.5278652235741966
0.52,1.2,0.5308752674754492
0.5250000000000001,1.2,0.5338626511528131
0.53,1.2,0.5368275377196683
0.5350000000000001,1.2,0.5397700892433911
0.54,1.2,0.5426904667497633
0.5449999999999999,1.2,0.5455888302274139
0.55,1.2,0.5484653386322839
0.5549999999999999,1.2,0.5513201498921164
0.56,1.2,0.5541534209109731
0.565,1.2,0.55696530757377
0.5700000000000001,1.2,0.5597559647508381
0.575,1.2,0.5625255463025021
0.5800000000000001,1.2,0.5652742050836805
0.585,1.2,0.5680020929485021
0.5900000000000001,1.2,0.5707093607549416
0.595,1.2,0.5733961583694704
0.6000000000000001,1.2,0.5760626346717235
0.605,1.2,0.5787089375591794
0.6100000000000001,1.2,0.581335213951856
0.615,1.2,0.5839416097970154
0.6200000000000001,1.2,0.5865282700738836
0.625,1.2,0.5890953387983787
0.6300000000000001,1.2,0.5916429590278502
0.635,1.2,0.5941712728658257
0.6400000000000001,1.2,0.5966804214667681
0.645,1.2,0.5991705450408374
0.6500000000000001,1.2,0.6016417828586611
0.655,1.2,0.6040942732561093
0.6600000000000001,1.2,0.6065281536390758
0.665,1.2,0.608943560488261
0.6699999999999999,1.2,0.6113406293639625
0.675,1.2,0.6137194949108642
0.6799999999999999,1.2,0.61608029086283
0.685,1.2,0.618423150047699
0.69,1.2,0.6207482043920799
0.6950000000000001,1.2,0.623055584926148
0.7,1.2,0.6253454217884391
0.7050000000000001,1.1977159421320502,0.6276178442306445
0.71,1.1909240658989988,0.6298729806224028
0.7150000000000001,1.184042822012101,0.6321109584560914
0.72,1.1770780422181466,0.6343319043516125
0.7250000000000001,1.1700355621003737,0.6365359440611784
0.73,1.1629212168636507,0.6387232024740914
0.7350000000000001,1.155740837159821,0.6408938036215196
0.74,1.1485002449558281,0.6430478706812683
0.7450000000000001,1.141205249447179,0.6451855259825452
0.75,1.1338616430192605,0.6473068910107203
0.7550000000000001,1.126475197258947,0.6494120864120795
0.76,1.1190516590188964,0.6515012319985706
0.7650000000000001,1.1115967465368515,0.6535744467525434
0.77,1.1041161456122253,0.6556318488314805
0.7750000000000001,1.0966155058421612,0.6576735555727211
0.78,1.0891004369192165,0.6596996834981764
0.7850000000000001,1.0815765049927395,0.6617103483190351
0.79,1.0740492290959494,0.6637056649404597
0.7949999999999999,1.0665240776406666,0.6656857474662744
0.8,1.0590064649815634,0.667650709203642
0.8049999999999999,1.0515017480517457,0.6696006626677288
0.81,1.0440152230714075,0.6715357195863625
0.815,1.0386791549613246,0.6734559909046752
0.8200000000000001,1.0343120287055192,0.6753615867897372
0.825,1.0299763113606726,0.6772526166351777
0.8300000000000001,1.0256744228539691,0.6791291890657951
0.835,1.0214087218790022,0.6809914119421528
0.8400000000000001,1.017181505296628,0.6828393923651642
0.845,1.0129950075864502,0.6846732366806627
0.8500000000000001,1.0088514003485023,0.6864930504839618
0.855,1.0047527918546713,0.6882989386243971
0.8600000000000001,1.0007012266493718,0.6900910052098584
0.865,0.9966986851989672,0.6918693536113064
0.8700000000000001,0.9927470835893937,0.6936340864672751
0.875,0.9888482732714355,0.6953853056883585
0.8800000000000001,0.9850040408530661,0.6971231124616857
0.885,0.9812161079382496,0.6988476072553775
0.8900000000000001,0.9774861310115814,0.7005588898229907
0.895,0.9766284456844608,0.7022570592079449
0.9000000000000001,0.9758167962448273,0.7039422137479352
0.905,0.9750885616367996,0.7056144510793282
0.9100000000000001,0.9746963685641874,0.7072738681415431
0.915,0.9743231869731968,0.7089205611814152
0.9199999999999999,0.97396863152269,0.7105546257575445
0.925,0.9736323148668642,0.7121761567446271
0.9299999999999999,0.9733138480814565,0.7137852483377701
0.935,0.9730128410748959,0.7153819940567897
0.94,0.9727289029846197,0.716966486750493
0.9450000000000001,0.9724616425587684,0.7185388186009414
0.95,0.9722106685234873,0.7200990811276978
0.9550000000000001,0.9719755899360549,0.7216473651920567
0.96,0.9717560165240784,0.723183761001256
0.9650000000000001,0.9715515590109818,0.7247083581126714
0.97,0.9713618294280316,0.7262212454379936
0.9750000000000001,0.9711864414131371,0.7277225112473876
0.98,0.9710250104966693,0.7292122431736334
0.9850000000000001,0.9708771543745441,0.7306905282162494
0.99,0.9707424931688173,0.7321574527455973
0.9950000000000001,0.9706206496760401,0.7336131025069691
1.0,0.9705112496036239,0.7350575626246559
1.005,0.97041392179447,0.7364909176059976
1.0100000000000002,0.9703282984401101,0.7379132513454151
1.0150000000000001,0.9702540152826172,0.7393246471284226
1.02,0.9701907118055316,0.7407251876356237
1.025,0.9701380314140648,0.7421149549466863
1.0300000000000002,0.9700956216048244,0.7397722770106522
1.0350000000000001,0.9700631341253195,0.7370856775004702
1.04,0.9700402251234944,0.7345567996982327
1.045,0.9700265552875432,0.7321859454476768
1.0499999999999998,0.9700217899762552,0.7299733005009921
1.0550000000000002,0.9700255993401394,0.7279189354854851
1.06,0.9700376584335755,0.7260228069437705
1.065,0.9700576473182381,0.7242847584460392
1.0699999999999998,0.9700852511580371,0.7227045217729245
1.0750000000000002,0.9701201603058179,0.7212817181674388
1.08,0.9701620703820607,0.7200158596544274
1.085,0.9702106823458185,0.7189063504259477
1.0899999999999999,0.9702657025581273,0.7179524882909545
1.0950000000000002,0.9703268428381258,0.7171534661876316
1.1,0.9703938205121118,0.7165083737566955
1.105,0.970466358455767,0.7160161989739537
1.1099999999999999,0.9705441851297749,0.7156758298403866
1.1150000000000002,0.9706270346090532,0.7154860561279877
1.12,0.9707146466058233,0.7154455711795807
1.125,0.9708067664867328,0.7155529737608054
1.13,0.9709031452842456,0.7158067699624455
1.1350000000000002,0.9710035397025092,0.7162053751512553
1.1400000000000001,0.9711077121179085,0.7167471159674205
1.145,0.9712154305745107,0.717430232366775
1.15,0.9713264687746,0.7182528797058828
1.1550000000000002,0.9714406060645034,0.7192131308680778
1.1600000000000001,0.9715576274158991,0.7203089784285451
1.165,0.9716773234027999,0.7215383368565192
1.17,0.9717994901743979,0.7228990447526618
1.1750000000000003,0.9725171577724929,0.7243888671196792
1.1800000000000002,0.9734774277344104,0.7260054976642323
1.185,0.9744193354970959,0.7277465611281874
1.19,0.9753423350842415,0.729609615647255
1.1949999999999998,0.976245915249441,0.731592155135063
1.2000000000000002,0.9771295991378155,0.733691611690707
1.205,0.9779929439186865,0.7359053580278293
1.21,0.9788355403904511,0.7382307099232754
1.2149999999999999,0.9796570125588147,0.7406649286833817
1.2200000000000002,0.9804570171895369,0.7432052236259582
1.225,0.9812352433368398,0.7458487545760328
1.23,0.9819914118486304,0.7485926343734344
1.2349999999999999,0.9827252748496811,0.7514339313902996
1.2400000000000002,0.9834366152039066,0.7543696720566054
1.245,0.9841252459568707,0.7573968433918311
1.25,0.9847910097596464,0.7605123955408779
1.255,0.9854337782751472,0.7637132443123835
1.2600000000000002,0.9860534515680334,0.7669962737175836
1.2650000000000001,0.98664995747929,0.7703583385078957
1.27,0.9872232509865613,0.7737962667094108
1.275,0.9877733135513105,0.777306862152506
1.2800000000000002,0.9883001524538644,0.7808869069948047
1.2850000000000001,0.9888038001173873,0.7845331642357376
1.29,0.9892843134218104,0.7882423802209783
1.295,0.9897417730087325,0.7920112871350492
1.3000000000000003,0.9901762825782857,0.7958366054804256
1.3050000000000002,0.9905879681789505,0.7997150465414766
1.31,0.990976977491275,0.8036433148316292
1.315,0.9913434791064499,0.8068081234182704
1.3199999999999998,0.9916876618006563,0.8076880098305794
1.3250000000000002,0.9920097338060978,0.8085610871507446
1.33,0.9923099220795991,0.8094274075642204
1.335,0.992588471569637,0.8102870228649657
1.3399999999999999,0.992845644482648,0.8111399844582382
1.3450000000000002,0.9930817195494364,0.8119863433633716
1.35,0.9932969912924843,0.8128261502165349
1.355,0.9954700063331329,0.8136594552734758
1.3599999999999999,0.998251012562136,0.8144863084122441
1.3650000000000002,1.0009713489464152,0.8153067591359013
1.37,1.0036296285843964,0.8161208565752099
1.375,1.0062245405958814,0.8169286494913078
1.38,1.0087548500452799,0.8177301862783642
1.3850000000000002,1.011219397800083,0.8185255149662195
1.3900000000000001,1.0136171003257333,0.8193146832230074
1.395,1.0159469494180884,0.8200977383577619
1.4,1.0182080118747099,0.8208747273230053
1.4050000000000002,1.0203994291062455,0.8216456967173209
1.4100000000000001,1.0225204166891961,0.8224106927879088
1.415,1.0245702638613987,0.8231697614331254
1.42,1.0265483329615812,0.8239229482050062
1.4250000000000003,1.0284540588143651,0.8246702983117716
1.4300000000000002,1.0302869480621342,0.8254118566203178
1.435,1.0320465784451902,0.82614766765869
1.44,1.0337325980316545,0.8268777756185405
1.4449999999999998,1.0353447243985896,0.8276022243575705
1.4500000000000002,1.0368827437658301,0.8283210574019549
1.455,1.0383465100840326,0.8290343179487527
1.46,1.0397359440784741,0.8297420488683003
1.4649999999999999,1.0410510322501338,0.8304442927065896
1.4700000000000002,1.0422918258356104,0.8311410916876305
1.475,1.0434584397274407,0.831832487715797
1.48,1.0445510513563867,0.8325185223781589
1.4849999999999999,1.0455698995372773,0.8331992369467968
1.4900000000000002,1.0465152832799827,0.8338746723811022
1.495,1.0473875605671203,0.8345448693300633
1.5,1.048187147100083,0.8352098681345328
1.505,1.048914515014986,0.835869708829484
1.5100000000000002,1.0495701915701299,0.8365244311462489
1.5150000000000001,1.0501547578065784,0.8371740745147428
1.52,1.050668847183441,0.8378186780656739
1.525,1.051113144189453,0.8384582806327373
1.5300000000000002,1.0514883829324406,0.8390929207547944
1.5350000000000001,1.0517953457082463,0.839722636678038
1.54,1.0520348615506907,0.8403474663581428
1.545,1.0522078047641292,0.8409674474624007
1.5500000000000003,1.0523150934401646,0.8415826173718421
1.5550000000000002,1.0526480483492702,0.8421930131833425
1.56,1.0553460483209274,0.8427986717117146
1.565,1.0579641505459318,0.8433996294917878
1.5699999999999998,1.0605012375029244,0.8439959227804704
1.5750000000000002,1.0629562604215927,0.8445875875588008
1.58,1.0653282393825803,0.845174659533982
1.585,1.0676162633670063,0.845757174141405
1.5899999999999999,1.0698194902560367,0.8463351665466561
1.5950000000000002,1.0719371467809784,0.8469086716475106
1.6,1.073968528424409,0.8474777240759139
1.605,1.0759129992728744,0.8480423581999483
1.6099999999999999,1.0777699918217236,0.8486026081257863
1.6150000000000002,1.0795390067326738,0.8491585076996297
1.62,1.0812196125447293,0.8497100905096371
1.625,1.0828114453391098,0.850257389887836
1.63,1.0843142083588597,0.8508004389120226
1.6350000000000002,1.0857276715838489,0.8513392704076493
1.6400000000000001,1.087051671261887,0.851873916949697
1.645,1.0882861093967156,0.852404410864536
1.65,1.0894309531936441,0.8529307842317736
1.6550000000000002,1.0904862344636412,0.8534530688860887
1.6600000000000001,1.0914520489866966,0.8539712964190531
1.665,1.0923285558353018,0.854485498180941
1.67,1.0931159766589167,0.8549957052825253
1.6750000000000003,1.0938145949302995,0.8555019485968611
1.6800000000000002,1.0944247551546127,0.8560042587610573
1.685,1.0949468620422205,0.8565026661780355
1.69,1.09538137964612,0.8569972010182759
1.6949999999999998,1.0957288304649622,0.857487893221552
1.7000000000000002,1.0959897945126305,0.8579747724986528
1.705,1.0961649083553695,0.8584578683330919
1.71,1.096254864117455,0.8589372099828059
1.7149999999999999,1.0962604084564276,0.8594128264818396
1.7200000000000002,1.0961823415089085,0.8598847466420205
1.725,1.096021515808038,0.8603529990546206
1.73,1.09577883517358,0.8608176120920061
1.7349999999999999,1.095455253575756,0.8612786139092765
1.7400000000000002,1.0950517739738657,0.8617360324458914
1.745,1.0945694471307752,0.8621898954272855
1.75,1.0940093704043488,0.8626402303664731
1.755,1.0933726865169144,0.8630870645656396
1.7600000000000002,1.0926605823038535,0.8635304251177234
1.7650000000000001,1.0918742874424117,0.8639703389079851
1.77,1.091015073161834,0.8644068326155666
1.775,1.0900842509359259,0.8648399327150382
1.7800000000000002,1.0890831711591442,0.8652696654779352
1.7850000000000001,1.0880132218073335,0.8656960569742826
1.79,1.0868758270842025,0.8661191330741109
1.795,1.0856724460546607,0.8665389194489586
1.8000000000000003,1.0844045712661128,0.8669554415733651
1.8050000000000002,1.0830737273588193,0.8673687247263536
1.81,1.081681469666425,0.8677787939929016
1.815,1.0802293828077512,0.8681856742654022
1.8199999999999998,1.0787190792709493,0.8685893902451144
1.8250000000000002,1.0771521979911018,0.8689899664436033
1.83,1.075530402922356,0.8693874271841687
1.835,1.073855381605669,0.8697817966032655
1.8399999999999999,1.0721288437332293,0.8701730986519118
1.8450000000000002,1.0703525197106227,0.8705613570970878
1.85,1.0685281592177953,0.8709465955231247
1.855,1.0666575297698528,0.8713288373330831
1.8599999999999999,1.0647424152787401,0.8717081057501217
1.8650000000000002,1.0627846146168178,0.8720844238188561
1.87,1.060785940183353,0.8724578144067073
1.875,1.0587482164749242,0.8728283002052412
1.88,1.0566732786607318,0.8731959037314975
1.8850000000000002,1.054562971163786,0.8735606473293097
1.8900000000000001,1.0524191462489403,0.873922553170615
1.895,1.050243662618717,0.8742816432567546
1.9,1.0480383840178555,0.8746379394197654
1.9050000000000002,1.04580517784751,0.8749914633236612
1.9100000000000001,1.0435459137899907,0.8753422364657046
1.915,1.041262462444944,0.8756902801776711
1.92,1.0389566939778374,0.876035615627102
1.9250000000000003,1.0366304767816021,0.8763782638185491
1.9300000000000002,1.0342856761522732,0.8767182455948105
1.935,1.0319241529794396,0.8770555816381572
1.94,1.0295477624523097,0.8773902924715505
1.9449999999999998,1.0271583527821673,0.8777223984598502
1.9500000000000002,1.0247577639419825,0.8780519198110148
1.955,1.022347826423919,0.8783788765772924
1.96,1.0199303600154583,0.8787032886564025
1.9649999999999999,1.0175071725948457,0.87902517579271
1.9700000000000002,1.0150800589465347,0.8793445575783901
1.975,1.0126507995972946,0.8796614534545841
1.98,1.010221159673618,0.8799758827125477
1.9849999999999999,1.0077928877810447,0.88028786449479
1.9900000000000002,1.0053677149060039,0.880597417796205
1.995,1.0029473533407414,0.880904561465194
2.0,1.0005334956318912,0.8812093142047797
2.005,0.9981278135532157,0.8815116945737127
2.0100000000000002,0.9972405238193276,0.8818117209875694
2.015,0.996643679715525,0.882109411719842
2.02,0.9960451416397574,0.88240478490302
2.025,0.9954453362299511,0.8826978585296645
2.0300000000000002,0.9948446842150342,0.8829886504534737
2.035,0.9942436002277519,0.8832771783903413
2.04,0.993642492624509,0.8835634599194059
2.045,0.993041763312248,0.8838475124840945
2.0500000000000003,0.992441807582367,0.8841293533931567
2.055,0.9918430139516768,0.8844089998216911
2.06,0.9912457640103931,0.8846864688121657
2.065,0.9906504322771524,0.8849617772754291
2.0700000000000003,0.990057386061038,0.8852349419917152
2.075,0.989466985330598,0.8855059796116391
2.08,0.9888795825898308,0.8857749066571882
2.085,0.9882955227611127,0.8860417395227025
2.09,0.9877151430750326,0.8863064944758511
2.095,0.9871387729671025,0.886569187658598
2.1,0.9865667339812998,0.8868298350881643
2.105,0.9859993396804015,0.8870884526579792
2.11,0.985436895563059,0.8873450561386281
2.115,0.9848796989875654,0.8875996611787905
2.12,0.9843280391022585,0.8878522833061724
2.125,0.9837821967825021,0.8867928847378423
2.13,0.9832424445741833,0.8850553622817358
2.1350000000000002,0.9827090466436589,0.8833594725874524
2.14,0.9821822587340858,0.8817060369937562
2.145,0.9816623281280605,0.880095838555504
2.15,0.9811494936164935,0.8785296218453726
2.1550000000000002,0.980643985473642,0.8770080927851038
2.16,0.9801460254382193,0.8755319185061016
2.165,0.980030114881886,0.8741017272392094
2.17,0.9800261634848215,0.872718108233465
2.1750000000000003,0.9800223280231635,0.871381611703615
2.18,0.9800186076567228,0.8700927488061581
2.185,0.9800150014716893,0.8688519916436562
2.19,0.9800115084843347,0.8676597732970476
2.1950000000000003,0.9800081276446336,0.8665164878856689
2.2,0.980004857839804,0.8654224906546806
2.205,0.980001697897765,0.8643780980895728
2.21,0.9799986465905163,0.8633835880574114
2.215,0.9799957026374343,0.862439199974468
2.22,0.9799928647084886,0.861545134999865
2.225,0.9799901314273777,0.8607015562548452
2.23,0.9799875013745842,0.8599085890672699
2.235,0.9799849730903513,0.8591663212409247
2.24,0.9799849923448312,0.8584748033492092
2.245,0.9800388394345597,0.8578340490527628
2.25,0.980091228806903,0.8572440354405746
2.255,0.980142141158241,0.8567047033941068
2.2600000000000002,0.9801915592999747,0.8562159579739539
2.265,0.9802394681225499,0.8557776688285431
2.27,0.9802858545581377,0.8553896706243734
2.275,0.9803307075420395,0.8550517634972825
2.2800000000000002,0.9803740179729035,0.854763713524213
2.285,0.9804157786718152,0.8545252532149477
2.29,0.9804559843403451,0.8543360820232708
2.295,0.980494631517622,0.8541958668770004
2.3000000000000003,0.9805317185365051,0.8541042427263366
2.305,0.9805672454789273,0.854060813109953
2.31,0.9806012141304793,0.8540651507382601
2.315,0.9806336279343036,0.8541167980932566
2.3200000000000003,0.9806644919443686,0.8542152680443801
2.325,0.9806938127781877,0.854360044479763
2.33,0.9807215985690522,0.8545505829522962
2.335,0.9807478589178407,0.8547863113398917
2.34,0.9807726048444697,0.8550666305193387
2.345,0.9807958487390496,0.8553909150531384
2.35,0.9808176043128032,0.8557585138887011
2.355,0.9808378865488118,0.8561687510692867
2.36,0.9808567116526429,0.8566209264560655
2.365,0.9808740970029197,0.857114316460676
2.37,0.9808900611018856,0.8576481747876545
2.375,0.9809046235260215,0.8582217331861065
2.38,0.9809178048767644,0.8588342022099967
2.3850000000000002,0.9809296267313818,0.8594847719864273
2.39,0.9809401115940517,0.8601726129912757
2.395,0.9809492828471932,0.8608968768315689
2.4,0.9809571647030986,0.8616566970339642
2.4050000000000002,0.9809637821559107,0.8624511898387164
2.41,0.9809691609339876,0.8632794549985036
2.415,0.9809733274526988,0.8641405765814995
2.42,0.980976308767693,0.865033623778068
2.4250000000000003,0.9809781325286757,0.8659576517104711
2.43,0.9809788269337357,0.8669117022449775
2.435,0.9809784206842531,0.8678948048057679
2.44,0.9809769429404275,0.8689059771900343
2.4450000000000003,0.9813540729797934,0.8699442263836773
2.45,0.9818481610976639,0.8710085493770094
2.455,0.9823327267285397,0.8720979339798807
2.46,0.9828075015103728,0.8732113596356427
2.465,0.9832722298791079,0.8743477982333827
2.47,0.983726669085863,0.8755062149178582
2.475,0.9841705892027054,0.876685568896572
2.48,0.9846037731171957,0.8778848142434373
2.485,0.9850260165158874,0.879102900698486
2.49,0.9854371278569718,0.8803387744630874
2.495,0.9858369283322681,0.8815913789901438
2.5,0.9862252518187571,0.8828596557687483
2.505,0.9866019448198743,0.8841425451027908
2.5100000000000002,0.9869668663967731,0.8854389868830127
2.515,0.9873198880897792,0.8867479213520172
2.52,0.9876608938302621,0.8880682898617537
2.525,0.9879897798431548,0.8893990356230028
2.5300000000000002,0.988306454540351,0.8907391044464019
2.535,0.9886108384052267,0.8920874454745569
2.54,0.9889028638685197,0.8934430119048021
2.545,0.9891824751758203,0.8948047617021774
2.5500000000000003,0.9894496282469183,0.8961716583022011
2.555,0.9897042905272602,0.8975426713030368
2.56,0.9899464408317726,0.8989167771466505
2.565,0.9901760691813083,0.9002929597885824
2.5700000000000003,0.9903931766319761,0.9016702113559514
2.575,0.9905977750976166,0.9030475327933398
2.58,0.990789887165687,0.9043575742265451
2.585,0.9909695459068222,0.9044796052462782
2.59,0.9911367946783358,0.9046006847616335
2.595,0.9912916869219314,0.9047208201842796
2.6,0.9914342859558924,0.9048400188682757
2.605,0.991564664762018,0.9049582881105168
2.61,0.9916829057675727,0.9050756351511768
2.615,0.9917891006225259,0.9051920671741469
2.62,0.9918833499723403,0.905307591307471
2.625,0.9919657632265867,0.9054222146237783
2.63,0.9920364583236461,0.9055359441407123
2.6350000000000002,0.9920955614917725,0.9056487868213562
2.64,0.9921432070067758,0.9057607495746556
2.645,0.9921795369465943,0.9058718392558373
2.65,0.9922047009430183,0.9059820626668248
2.6550000000000002,0.9922188559308236,0.9060914265566526
2.66,0.9922221658945787,0.9061999376218742
2.665,0.9922148016133807,0.9063076025069687
2.67,0.9921969404037719,0.9064144278047451
2.6750000000000003,0.9921687658610954,0.9065204200567415
2.68,0.9921304675995349,0.9066255857536227
2.685,0.9920822409910868,0.9067299313355743
2.69,0.9926166315805633,0.9068334631926934
2.6950000000000003,0.9937289717884552,0.9069361876653771
2.7,0.9948208745078634,0.907038111044707
2.705,0.9958917501885209,0.9071392395728324
2.71,0.9969410299815248,0.9072395794433479
2.715,0.9979681659509184,0.907339136801671
2.72,0.9989726312682469,0.9074379177454148
2.725,0.9999539203901093,0.9075359283247589
2.73,1.0009115492187388,0.9076331745428164
2.735,1.0018450552456606,0.9077296623559997
2.74,1.0027539976784816,0.9078253976743815
2.745,1.0036379575508845,0.9079203863620546
2.75,1.0044965378159048,0.9080146342374882
2.755,1.0053293634225844,0.908108147073882
2.7600000000000002,1.0061360813761027,0.9082009305995163
2.765,1.006916360781501,0.9082929904981017
2.77,1.0076698928711254,0.908384332409123
2.775,1.0083963910159197,0.9084749619281837
2.7800000000000002,1.0090955907207177,0.9085648846073453
2.785,1.0097672496036891,0.9086541059554657
2.79,1.0104111473601038,0.9087426314385337
2.795,1.01102708571059,0.9088304664800019
2.8000000000000003,1.0116148883340714,0.9089176164611167
2.805,1.0121744007855753,0.9090040867212452
2.81,1.0127054903991188,0.9090898825582008
2.815,1.013208046175879,0.909175009228565
2.8200000000000003,1.0136819786578721,0.9092594719480076
2.825,1.0141272197873676,0.9093432758916044
2.83,1.014543722752274,0.9094264261941511
2.835,1.014931461817742,0.9095089279504777
2.84,1.015290432144236,0.9095907862157564
2.845,1.0156206495923328,0.9096720060058116
2.85,1.0159221505145157,0.9097525922974236
2.855,1.0161949915342345,0.9098325500286325
2.86,1.0164392493125132,0.9099118840990384
2.865,1.0166550203023912,0.9099905993701006
2.87,1.0168424204914879,0.9100687006654326
2.875,1.0170015851329925,0.9101461927710964
2.88,1.017132668465377,0.9102230804358945
2.8850000000000002,1.0172358434211453,0.9102993683716581
2.89,1.0173113013249302,0.9103750612535353
2.895,1.017359251581255,0.9104501637202748
2.9,1.0173799213522843,0.9105246803745095
2.9050000000000002,1.017373555225889,0.9105986157830366
2.91,1.0173404148743574,0.9106719744770952
2.915,1.017280778704085,0.9107447609526438
2.92,1.0171949414965793,0.9108169796706331
2.9250000000000003,1.017083214041125,0.9108886350572785
2.93,1.016945922759445,0.9109597315043295
2.935,1.0167834093227095,0.9110302733693378
2.94,1.016596030261238,0.9111002649759227
2.9450000000000003,1.0163841565672422,0.9111697106140345
2.95,1.0161481732909656,0.9112386145402166
2.955,1.0158884791305691,0.9113069809778644
2.96,1.015605486016117,0.9113748141174833
2.9650000000000003,1.015299618688019,0.911442118116944
2.97,1.014971314270284,0.9115088971017355
2.975,1.0146210218389398,0.9115751551652183
2.98,1.014249201985975,0.9116408963688718
2.985,1.013856326379161,0.9117061247425441
2.99,1.013442877318105,0.9117708442846966
2.995,1.013009347286894,0.9118350589626482
3.0,1.0125562385036766,0.9118987727128173
3.005,1.0120840624675425,0.9119619894409619
3.01,1.0115933395030454,0.9120247130224182
3.0149999999999997,1.0110845983027208,0.9120869473023365
3.0200000000000005,1.010558375467945,0.9121486960959162
3.0250000000000004,1.0100152150484838,0.9122099631886385
3.0300000000000002,1.0094556680810698,0.9122707523364972
3.035,1.00888029212735,0.9123310672662287
3.04,1.0082896508115464,0.912390911675538
3.045,1.0076843133581543,0.9124502892333256
3.05,1.0070648541300207,0.912509203579911
3.0549999999999997,1.0064318521671218,0.9125676583272551
3.0600000000000005,1.0057858907263713,0.9126256570591802
3.0650000000000004,1.0051275568227735,0.9126832033315893
3.0700000000000003,1.0044574407722455,0.9127403006726825
3.075,1.003776135736411,0.9127969525831734
3.08,1.003084237269685,0.912853162536502
3.085,1.0023823428689427,0.9129089339790468
3.09,1.0016710515260778,0.912964270330336
3.0949999999999998,1.000950963283742,0.9130191749832551
3.0999999999999996,1.0002226787945538,0.9130736513042553
3.1050000000000004,0.9994867988840606,0.9131277026335581
3.1100000000000003,0.9987439241177317,0.9131813322853601
3.115,0.9979946543722572,0.9132345435480346
3.12,0.9972395884114149,0.9132873396843328
3.125,0.9964793234667715,0.9133397239315838
3.13,0.9957144548234699,0.9133916995018908
3.135,0.9949455754113508,0.9134432695823288
3.1399999999999997,0.9941732754016567,0.9134944373351382
3.1450000000000005,0.9933981418095477,0.9135452058979187
3.1500000000000004,0.9926207581026644,0.9135955783838207
3.1550000000000002,0.9918417038159598,0.913645557881735
3.16,0.9910615541730163,0.9136951474564828
3.165,0.9902808797140592,0.9137443501490017
3.17,0.9895002459308696,0.9137931689765318
3.175,0.9887202129087931,0.9138416069328009
3.1799999999999997,0.9879413349760344,0.913889666988206
3.1850000000000005,0.9871641603604199,0.913937352089996
3.1900000000000004,0.986389230853803,0.9139846651624515
3.1950000000000003,0.9856170814842822,0.914031609107063
3.2,0.9848482401963912,0.9140781868027089
3.205,0.984083227539416,0.9141244011058312
3.21,0.9833525247106382,0.91417025485061
3.215,0.9832840018291883,0.9142157508491369
3.2199999999999998,0.9832143702476205,0.9142608918915865
3.2249999999999996,0.9831436939745041,0.9143056807463877
3.2300000000000004,0.9830720367030823,0.9143501201603922
3.2350000000000003,0.9829994617737576,0.9143942128590425
3.24,0.9829260321374066,0.9144379615465393
3.245,0.9828518103195348,0.9144813689060058
3.25,0.9827768583852825,0.9145244375996522
3.255,0.9827012379052908,0.9145671702689386
3.26,0.9826250099224376,0.9146095695347364
3.2649999999999997,0.9825482349194519,0.9146516379974883
3.2700000000000005,0.9824709727874135,0.9146933782373676
3.2750000000000004,0.9823932827951475,0.9140491618015951
3.2800000000000002,0.9823152235595153,0.9133981423638063
3.285,0.9822368530166126,0.9127580540606622
3.29,0.9821582283938761,0.9121292524995068
3.295,0.9820794061831053,0.9115120818031046
3.3,0.9820004421144004,0.9109068744717758
3.3049999999999997,0.9819213911310218,0.9103139512551864
3.3100000000000005,0.9818423073651718,0.9097336210337954
3.3150000000000004,0.9817632441147001,0.9091661807099487
3.3200000000000003,0.9816842538207359,0.9086119151086096
3.325,0.9816053880462436,0.9080710968877053
3.33,0.9815266974555046,0.9075439864580587
3.335,0.9814482317945237,0.9070308319128764
3.34,0.9813700398723567,0.906531868966751
3.3449999999999998,0.9812921695433606,0.9060473209041282
3.3500000000000005,0.9812146676903595,0.9055773985371914
3.3550000000000004,0.9811375802087259,0.9051223001730997
3.3600000000000003,0.9810609519913736,0.9046822115905148
3.365,0.9809848269146548,0.9042573060253479
3.37,0.980909247825161,0.9038477441656458
3.375,0.9808342565274175,0.9034536741555352
3.38,0.9807598937724696,0.9030752316081347
3.385,0.9806861992473512,0.9027125396273425
3.3899999999999997,0.9806132115654309,0.9023657088383956
3.3950000000000005,0.9805409682576264,0.9020348374270996
3.4000000000000004,0.9804695057644806,0.9017200111876152
3.4050000000000002,0.9803988594290901,0.9014213035786885
3.41,0.980329063490879,0.9011387757882007
3.415,0.9802601510802065,0.9008724768059155
3.42,0.9801921542138,0.9006224435042932
3.425,0.9801251037910045,0.9003887007272338
3.4299999999999997,0.9800645174289944,0.9001712613866144
3.4350000000000005,0.980064889714096,0.8999701265664743
3.4400000000000004,0.9800651800971267,0.8997852856347017
3.4450000000000003,0.9800653903906669,0.8996167163620695
3.45,0.9800655224479394,0.8994643850484666
3.455,0.9800655781597264,0.8993282466561634
3.46,0.9800655594513225,0.8992082449499511
3.465,0.9800654682795316,0.8991043126439864
3.4699999999999998,0.9800653066297058,0.8990163715551754
3.4750000000000005,0.9800650765128299,0.8989443327629218
3.4800000000000004,0.9800647799626545,0.8988880967750651
3.4850000000000003,0.980064419032876,0.8988475536998315
3.49,0.9800639957943715,0.8988225834236161
3.495,0.9800635123324832,0.898813055794413
3.5,0.9800629707443602,0.8988188308107088
3.505,0.9800623731363537,0.8988397588156523
3.51,0.9800617216214723,0.8988756806963074
3.5149999999999997,0.980061018316894,0.8989264280878043
3.5200000000000005,0.980060265341539,0.8989918235821885
3.5250000000000004,0.9800594648137038,0.8990716809417785
3.5300000000000002,0.9800586188487568,0.8991658053168335
3.535,0.9800577295568972,0.8992739934673349
3.54,0.9800854778054098,0.8993960339886817
3.545,0.9801713332222443,0.899531707541103
3.55,0.9802556647459264,0.8996807870825857
3.5549999999999997,0.9803384235179193,0.8998430381051175
3.5600000000000005,0.9804195628278234,0.9000182188740425
3.5650000000000004,0.9804990381195677,0.900206080670332
3.5700000000000003,0.9805768069956315,0.900406368035563
3.575,0.980652829219324,0.9006188190194082
3.58,0.9807270667151485,0.9008431654294331
3.585,0.9807994835672854,0.9010791330829984
3.59,0.9808700460162233,0.9013264420610688
3.5949999999999998,0.9809387224535687,0.9015848069637276
3.6000000000000005,0.9810054834150739,0.9018539371671948
3.6050000000000004,0.9810703015719103,0.9021335370821538
3.6100000000000003,0.9811331517202297,0.9024233064131859
3.615,0.981194010769044,0.9027229404191164
3.62,0.9812528577264656,0.9030321301740775
3.625,0.9813096736843441,0.9033505628290939
3.63,0.9813644418013375,0.9036779218739963
3.635,0.9814171472844624,0.9040138873994745
3.6399999999999997,0.9814677773691557,0.9043581363590778
3.6450000000000005,0.9815163212978977,0.9047103428309778
3.6500000000000004,0.9815627702974308,0.9050701782793059
3.6550000000000002,0.9816071175546215,0.9054373118148822
3.66,0.9816493581910042,0.9058114104551562
3.665,0.9816894892360536,0.9061921393831771
3.67,0.9817275095992265,0.90657916220542
3.675,0.9817634200408182,0.9069721412082917
3.6799999999999997,0.9817972231416779,0.907370737613146
3.6850000000000005,0.9818289232718276,0.9077746118296378
3.6900000000000004,0.9818585265580291,0.9081834237072512
3.6950000000000003,0.9818860408503427,0.9085968327848398
3.7,0.9819114756877271,0.9090144985380141
3.705,0.9819348422627207,0.9094360806242247
3.71,0.9819561533852512,0.9098612391253835
3.715,0.9819754234456223,0.9102896347878732
3.7199999999999998,0.9819926683767177,0.9107209292597973
3.7250000000000005,0.9820079056154715,0.9111547853253279
3.7300000000000004,0.9820211540636465,0.9115908671360083
3.7350000000000003,0.9820324340479724,0.9120288404388748
3.74,0.9820417672796783,0.9124683728012649
3.745,0.9820491768134758,0.9129091338321795
3.75,0.982054687006028,0.9133507954000755
3.755,0.9820583234739546,0.9137930318469646
3.76,0.982060113051412,0.9142355201987018
3.7649999999999997,0.9820600837472977,0.9146779403713453
3.7700000000000005,0.9820582647021179,0.9151199753734813
3.7750000000000004,0.9820546861445624,0.9155613115044027
3.7800000000000002,0.9820493793478294,0.916001638548043
3.785,0.9820423765857426,0.9164406499625625
3.79,0.9820337110887005,0.9168780430654949
3.795,0.9820234169995014,0.917313519214362
3.8,0.9820115293290808,0.9176874464749563
3.8049999999999997,0.9819980839122052,0.9177054989961171
3.8100000000000005,0.9819831173631589,0.9177234106461983
3.8150000000000004,0.9819666670314616,0.9177411825243462
3.8200000000000003,0.9819487709576582,0.9177588157211334
3.825,0.9819294678292142,0.9177763113186248
3.83,0.9819087969365566,0.9177936703904451
3.835,0.9818867981292934,0.9178108940018438
3.84,0.981863511772649,0.9178279832097606
3.8449999999999998,0.9818389787041486,0.9178449390628902
3.8500000000000005,0.9818947297871878,0.9178617626017469
3.8550000000000004,0.9822856075161531,0.9178784548587281
3.8600000000000003,0.9826711269794848,0.9178950168581778
3.865,0.9830510623420537,0.9179114496164487
3.87,0.9834251939252255,0.9179277541419655
3.875,0.9837933083060406,0.9179439314352863
3.88,0.9841551984109599,0.9179599824891636
3.885,0.9845106636041608,0.9179759082886056
3.8899999999999997,0.9848595097703717,0.9179917098109365
3.8950000000000005,0.9852015493922366,0.9180073880258564
3.9000000000000004,0.9855366016222076,0.9180229438955004
3.9050000000000002,0.9858644923489656,0.9180383783744983
3.91,0.9861850542583724,0.9180536924100324
3.915,0.9864981268889642,0.9180688869418961
3.92,0.9868035566819948,0.9180839629025512
3.925,0.9871011970260511,0.9180989212171854
3.9299999999999997,0.9873909082962536,0.9181137628037684
3.9350000000000005,0.987672557888069,0.918128488573109
3.9400000000000004,0.9879460202457606,0.9181430994289103
3.9450000000000003,0.9882111768855086,0.918157596267825
3.95,0.9884679164132317,0.9181719799795117
3.955,0.9887161345371507,0.9181862514466874
3.96,0.9889557340751313,0.9182004115451834
3.965,0.9891866249568553,0.918214461143998
3.9699999999999998,0.9894087242208633,0.9182284011053499
3.9750000000000005,0.9896219560065227,0.9182422322847317
3.9800000000000004,0.9898262515409727,0.9182559555309615
3.9850000000000003,0.9900215491211066,0.9182695716862356
3.99,0.9902077940906481,0.9182830815861796
3.995,0.9903849388123865,0.9182964860599001
4.0,0.9905529426356375,0.9183097859300354
4.005,0.9907117718589964,0.918322982012806
4.01,0.9908613996884561,0.9183360751180644
4.015,0.991001806190965,0.9183490660493447
4.0200000000000005,0.9911329782435001,0.9183619556039126
4.025,0.9912549094777346,0.9183747445728134
4.03,0.9913676002203835,0.9183874337409212
4.035,0.9914710574293076,0.9184000238869863
4.04,0.9915652946254662,0.9184125157836838
4.045,0.991650331820803,0.9184249101976603
4.05,0.9917261954421597,0.9184372078895813
4.055,0.9917929182513051,0.9184494096141776
4.0600000000000005,0.9918505392611775,0.9184615161202921
4.065,0.9918991036484364,0.9184735281509249
4.07,0.9919386626624178,0.9184854464432792
4.075,0.9919692735305987,0.9184972717288074
4.08,0.9919909993606656,0.918509004733254
4.085,0.9920039090392936,0.9185206461767025
4.09,0.9920080771277394,0.9185321967736174
4.095,0.9920035837543522,0.9185436572328893
4.1000000000000005,0.9919905145041092,0.9185550282578784
4.105,0.9919689603052864,0.9185663105464565
4.11,0.9919390173133666,0.9185775047910512
4.115,0.9919007867923031,0.9185886116786877
4.12,0.9918543749932405,0.9185996318910306
4.125,0.9917998930308113,0.9186105661044262
4.13,0.9917374567571148,0.9186214149899441
4.135,0.9916671866334942,0.9186321792134182
4.14,0.9915892076002233,0.9186428594354872
4.1450000000000005,0.9915036489442172,0.9186534563116352
4.15,0.9914106441648787,0.9186639704922325
4.155,0.9913103308381974,0.9186744026225749
4.16,0.9912028504792139,0.9186847533429235
4.165,0.9910883484029628,0.918695023288544
4.17,0.9909669735840112,0.9187052130897454
4.175,0.9908388785147045,0.918715323371919
4.18,0.9907042190622344,0.9187253547555765
4.1850000000000005,0.9905631543246429,0.9187353078563882
4.19,0.9904158464858765,0.918745183285221
4.195,0.9902624606700031,0.9187549816481753
4.2,0.9901031647947034,0.9187647035466227
4.205,0.9899381294241504,0.9187743495772422
4.21,0.9897675276213872,0.9187839203320581
4.215,0.9895915348003154,0.9187934163984747
4.22,0.9894103285774017,0.9188028383593136
4.2250000000000005,0.9892240886232146,0.9188121867928488
4.23,0.9890329965138966,0.9188214622728424
4.235,0.9888372355826819,0.9188306653685797
4.24,0.9886369907715634,0.918839796644904
4.245,0.9884324484832164,0.9188488566622518
4.25,0.9882237964332794,0.9188578459766865
4.255,0.9880112235030994,0.9188667651399328
4.26,0.9877949195930393,0.9188756146994106
4.265,0.9875750754764475,0.9188843951982687
4.2700000000000005,0.987351882654391,0.9188931071754176
4.275,0.9871255332112469,0.918901751165563
4.28,0.9868962196712469,0.9189103276992389
4.285,0.9866641348560722,0.9189188373028391
4.29,0.9864294717435875,0.9189272804986506
4.295,0.9861924233278058,0.9189356578048851
4.3,0.9859531824801746,0.9189439697357108
4.305,0.9857119418122677,0.9189522168012839
4.3100000000000005,0.98546889353997,0.9189603995077804
4.315,0.9852242293492375,0.9189685183574264
4.32,0.9849781402635139,0.9189765738485294
4.325,0.9847308165128844,0.9189845664755086
4.33,0.9844824474050423,0.9189924967289257
4.335,0.9842332211981455,0.9190003650955143
4.34,0.9839833249756347,0.9190081720582104
4.345,0.9837329445230862,0.9190159180961817
4.3500000000000005,0.9834822642071667,0.919023603684857
4.355,0.9832314668567584,0.9190312292959555
4.36,0.9829807336463179,0.9190387953975155
4.365,0.9827302439815329,0.9190463024539235
4.37,0.9824801753873342,0.9190537509259421
4.375,0.9822307033983256,0.9190611412707393
4.38,0.9819820014516819,0.9190684739419153
4.385,0.9817342407825732,0.919075749389531
4.39,0.9814875903221632,0.9190829680601357
4.3950000000000005,0.9812422165982317,0.9190901303967941
4.4,0.9809982836384693,0.919097236839114
4.405,0.9807559528764833,0.9191042878232729
4.41,0.9805495205507904,0.9191112837820445
4.415,0.9805436030556975,0.9191182251448262
4.42,0.9805374158960521,0.9191251123376641
4.425,0.9805309674656446,0.9191319457832805
4.43,0.9805242661998603,0.9191387259010989
4.4350000000000005,0.9805173205693917,0.9191454531072701
4.44,0.9805101390740276,0.9191189714969868
4.445,0.9805027302365212,0.918894929441024
4.45,0.98049510259654,0.9186738116426592
4.455,0.9804872647046988,0.9184557490489188
4.46,0.9804792251166814,0.9182408691682061
4.465,0.9804709923874508,0.9180292960114542
4.47,0.980462575065552,0.9178211500363458
4.4750000000000005,0.980453981687509,0.9176165480946175
4.48,0.9804452207723184,0.9174156033824521
4.485,0.980436300816042,0.9172184253939688
4.49,0.9804272302864991,0.9170251198778121
4.495,0.9804180176180644,0.9168357887968428
4.5,0.9804086712065663,0.9166505302909318
4.505,0.9803991994042961,0.91646943864285
4.51,0.9803896105151215,0.916292604247254
4.515,0.9803799127897121,0.9161201135827566
4.5200000000000005,0.9803701144208746,0.9159520491870754
4.525,0.9803602235390008,0.9157884896352466
4.53,0.9803502482076294,0.9156295095208912
4.535,0.9803401964191226,0.9154751794405175
4.54,0.9803300760904581,0.9153255659808435
4.545,0.9803198950591381,0.9151807317091173
4.55,0.980309661079217,0.9150407351664167
4.555,0.9802993818174467,0.9149056308639019
4.5600000000000005,0.98028906484954,0.9147754692819979
4.565,0.9802787176565569,0.9146502968724795
4.57,0.9802683476214081,0.9145301560634259
4.575,0.9802579620254811,0.9144150852670208
4.58,0.980247568045387,0.9143051188901576
4.585,0.9802371727498286,0.9142002873478242
4.59,0.9802267830965896,0.9141006170792209
4.595,0.9802164059296462,0.9140061305665844
4.6000000000000005,0.9802060479764003,0.9139168463566707
4.605,0.980195715845033,0.913832779084861
4.61,0.9801854160219815,0.9137539395018451
4.615,0.9801751548695354,0.9136803345028413
4.62,0.9801649386235552,0.9136119671593055
4.625,0.9801547733913095,0.9135488367530857
4.63,0.9801446651494343,0.9134909388129707
4.635,0.9801346197420109,0.9134382651535861
4.64,0.9801246428787614,0.9133908039165887
4.6450000000000005,0.9801147401333647,0.9133485396141041
4.65,0.9801049169418881,0.9133114531743586
4.655,0.9800951786013362,0.9132795219894493
4.66,0.980085530268316,0.9132527199651996
4.665,0.9800759769578156,0.913231017573043
4.67,0.9800877482996716,0.9132143819038797
4.675,0.9801007639590014,0.9132027767238478
4.68,0.9801134831147374,0.9131961625319512
4.6850000000000005,0.9801258994644911,0.9131944966194866
4.69,0.9801380070697795,0.9131977331312053
4.695,0.9801498003553578,0.9132058231281567
4.7,0.9801612741082498,0.913218714652144
4.705,0.9801724234764766,0.9132363527917381
4.71,0.9801832439674923,0.9132586797497818
4.715,0.9801937314463355,0.9132856349123248
4.72,0.9802038821334947,0.9133171549189271
4.7250000000000005,0.9802136926025047,0.9133531737342618
4.73,0.9802231597772701,0.9133936227209617
4.735,0.9802322809291302,0.9134384307136393
4.74,0.9802410536736679,0.913487524094018
4.745,0.9802494759672703,0.9135408268671107
4.75,0.9802575461034504,0.9135982607383795
4.755,0.9802652627089311,0.9136597451918138
4.76,0.9802726247395077,0.91372519756886
4.765,0.9802796314756845,0.9137945331481391
4.7700000000000005,0.9802862825181046,0.913867665225888
4.775,0.9802925777827721,0.913944505197058
4.78,0.9802985174960772,0.9140249626370083
4.785,0.9803041021896307,0.9141089453837287
4.79,0.9803093326949192,0.9141963596205271
4.795,0.9803142101377799,0.9142871099591208
4.8,0.9803187359327131,0.914381099523063
4.805,0.9803229117770335,0.9144782300314476
4.8100000000000005,0.9803267396448675,0.9145784018828239
4.815,0.980330221781009,0.9146815142392634
4.82,0.9803333606946361,0.9147874651105132
4.825,0.9803361591529013,0.9148961514381788
4.83,0.9803386201743969,0.9150074691798705
4.835,0.9803407470225092,0.9151213133932586
4.84,0.980342543198666,0.9152375783199745
4.845,0.9803440124354843,0.9153561574692991
4.8500000000000005,0.9803451586898274,0.9154769437015832
4.855,0.9803459861357796,0.9155998293113382
4.86,0.9803464991575424,0.9157247061099454
4.865,0.9803467023422637,0.9158514655079237
4.87,0.9803466004728044,0.9159799985967039
4.875,0.9803461985204511,0.9161101962298546
4.88,0.9803455016375836,0.9162419491037055
4.885,0.9803445151502975,0.9163751478373185
4.89,0.9803432445510002,0.9165096830517527
4.8950000000000005,0.9803416954909767,0.9166454454485746
4.9,0.9803398737729375,0.9167823258875645
4.905,0.9803377853435549,0.9169202154635686
4.91,0.9803354362859926,0.9170590055824549
4.915,0.9803328328124384,0.9171985880361199
4.92,0.9803299812566407,0.9173388550765076
4.925,0.9803268880664623,0.917479699488593
4.93,0.9803235597964535,0.9176210146622894
4.9350000000000005,0.9803200031004493,0.917762694663238
4.94,0.9803162247242025,0.9179046343024376
4.945,0.9803122314980508,0.9180467292046803
4.95,0.9803080303296312,0.9181888758757485
4.955,0.9803036281966421,0.9183309717683432
4.96,0.9802990321396605,0.9184729153467037
4.965,0.9802942492550203,0.9186146061498883
4.97,0.9802892866877553,0.9187559448536804
4.9750000000000005,0.9802841516246137,0.91889683333109
4.98,0.980278851287147,0.919037174711421
4.985,0.9802733929248809,0.9191768734378742
4.99,0.9802677838085699,0.9193158353236596
4.995,0.9802620312235415,0.9194539676065911
5.0,0.9802561424631349,0.9195911790021407
