time;WTG4A_WTG4A_injector_PInjPu;WTG4A_WTG4A_injector_QInjPu;WTG4A_WTG4A_injector_terminal_V_re;WTG4A_WTG4A_injector_terminal_i_re;WTG4A_WTG4A_injector_terminal_V_im;WTG4A_WTG4A_injector_terminal_i_im;WTG4A_WTG4A_pll_omegaPLLPu;WTG4A_WTG4A_wecc_wtgt_PePu;
0.000000;0.700000;0.279500;1.030000;-0.700000;0.105001;0.199999;1.000000;0.700000;
0.000001;0.700000;0.279500;1.030000;-0.700000;0.105001;0.199999;1.000000;0.700000;
0.000002;0.700000;0.279500;1.030000;-0.700000;0.105001;0.199999;1.000000;0.700000;
0.000004;0.700000;0.279500;1.030000;-0.700000;0.105001;0.199999;1.000000;0.700000;
0.000008;0.700000;0.279500;1.030000;-0.700000;0.105001;0.199999;1.000000;0.700000;
0.000016;0.700000;0.279500;1.030000;-0.700000;0.105001;0.199999;1.000000;0.700000;
0.000032;0.700000;0.279500;1.030000;-0.700000;0.105001;0.199999;1.000000;0.700000;
0.000064;0.700000;0.279500;1.030000;-0.700000;0.105001;0.199999;1.000000;0.700000;
0.000128;0.700000;0.279500;1.030000;-0.700000;0.105001;0.199999;1.000000;0.700000;
0.000256;0.700000;0.279500;1.030000;-0.700000;0.105001;0.199999;1.000000;0.700000;
0.000512;0.700000;0.279500;1.030000;-0.700000;0.105001;0.199999;1.000000;0.700000;
0.001024;0.700000;0.279500;1.030000;-0.700000;0.105001;0.199999;1.000000;0.700000;
0.002048;0.700000;0.279500;1.030000;-0.700000;0.105001;0.199999;1.000000;0.700000;
0.004096;0.700000;0.279500;1.030000;-0.700000;0.105001;0.199999;1.000000;0.700000;
0.008192;0.700000;0.279500;1.030000;-0.700000;0.105001;0.199999;1.000000;0.700000;
0.016384;0.700000;0.279500;1.030000;-0.700000;0.105001;0.199999;1.000000;0.700000;
0.032768;0.700000;0.279500;1.030000;-0.700000;0.105001;0.199999;1.000000;0.700000;
0.065536;0.700000;0.279500;1.030000;-0.700000;0.105001;0.199999;1.000000;0.700000;
0.131072;0.700000;0.279500;1.030000;-0.700000;0.105001;0.199999;1.000000;0.700000;
0.262144;0.700000;0.279500;1.030000;-0.700000;0.105001;0.199999;1.000000;0.700000;
0.524288;0.700000;0.279500;1.030000;-0.700000;0.105001;0.199999;1.000000;0.700000;
1.000000;0.700000;0.279500;1.030000;-0.700000;0.105001;0.199999;1.000000;0.700000;
1.000000;0.420000;0.199500;0.630000;-0.700000;0.105001;0.199999;1.121701;0.420000;
1.000001;0.420005;0.199486;0.629997;-0.700008;0.105003;0.199975;1.121633;0.420005;
1.000002;0.420010;0.199473;0.629993;-0.700016;0.105004;0.199952;1.121566;0.420010;
1.000004;0.420019;0.199445;0.629986;-0.700032;0.105006;0.199905;1.121431;0.420019;
1.000008;0.420038;0.199390;0.629972;-0.700064;0.105011;0.199811;1.121161;0.420038;
1.000016;0.420076;0.199280;0.629944;-0.700127;0.105021;0.199624;1.120624;0.420076;
1.000032;0.420152;0.199062;0.629888;-0.700253;0.105039;0.199254;1.119556;0.420152;
1.000064;0.420302;0.198633;0.629779;-0.700503;0.105077;0.198525;1.117449;0.420302;
1.000128;0.420596;0.197807;0.629568;-0.700993;0.105150;0.197114;1.113348;0.420596;
1.000256;0.421162;0.196267;0.629172;-0.701937;0.105292;0.194476;1.105573;0.421162;
1.000384;0.421702;0.194874;0.628811;-0.702837;0.105427;0.192071;1.098342;0.421702;
1.000640;0.422721;0.192482;0.628183;-0.704535;0.105682;0.187884;1.085327;0.422721;
1.000896;0.423676;0.190576;0.627670;-0.706126;0.105920;0.184465;1.074070;0.423676;
1.001013;0.424096;0.189850;0.627470;-0.706827;0.106025;0.183130;1.069444;0.424096;
1.001014;0.424099;0.189844;0.627468;-0.706832;0.106026;0.183119;1.069407;0.424099;
1.001015;0.424102;0.189838;0.627467;-0.706837;0.106027;0.183108;1.069369;0.424102;
1.001017;0.424110;0.189827;0.627463;-0.706849;0.106029;0.183087;1.069293;0.424110;
1.001021;0.424124;0.189804;0.627457;-0.706873;0.106032;0.183045;1.069142;0.424124;
1.001029;0.424152;0.189759;0.627444;-0.706920;0.106039;0.182960;1.068841;0.424152;
1.001045;0.424208;0.189669;0.627419;-0.707014;0.106054;0.182793;1.068243;0.424208;
1.001077;0.424321;0.189494;0.627370;-0.707201;0.106082;0.182465;1.067063;0.424321;
1.001141;0.424544;0.189163;0.627276;-0.707574;0.106138;0.181839;1.064766;0.424544;
1.001269;0.424986;0.188570;0.627104;-0.708311;0.106248;0.180694;1.060413;0.424986;
1.001341;0.425235;0.188272;0.627016;-0.708725;0.106310;0.180103;1.058073;0.425235;
1.001342;0.425239;0.188268;0.627015;-0.708731;0.106311;0.180095;1.058042;0.425239;
1.001343;0.425242;0.188264;0.627013;-0.708737;0.106312;0.180087;1.058010;0.425242;
1.001345;0.425249;0.188257;0.627011;-0.708748;0.106314;0.180072;1.057948;0.425249;
1.001349;0.425262;0.188241;0.627007;-0.708771;0.106317;0.180041;1.057822;0.425262;
1.001357;0.425290;0.188211;0.626997;-0.708816;0.106324;0.179980;1.057573;0.425290;
1.001373;0.425344;0.188152;0.626979;-0.708907;0.106337;0.179860;1.057077;0.425344;
1.001405;0.425453;0.188040;0.626945;-0.709089;0.106365;0.179629;1.056100;0.425453;
1.001469;0.425672;0.187837;0.626881;-0.709453;0.106419;0.179202;1.054197;0.425672;
1.001597;0.426110;0.187521;0.626772;-0.710183;0.106529;0.178479;1.050592;0.426110;
1.001853;0.426998;0.187217;0.626630;-0.711663;0.106751;0.177531;1.044111;0.426998;
1.002109;0.427908;0.187327;0.626581;-0.713179;0.106978;0.177203;1.038512;0.427908;
1.002365;0.428845;0.187817;0.626616;-0.714742;0.107213;0.177441;1.033686;0.428845;
1.002621;0.429816;0.188656;0.626729;-0.716361;0.107456;0.178193;1.029531;0.429816;
1.002877;0.430825;0.189816;0.626913;-0.718042;0.107708;0.179415;1.025958;0.430825;
1.003133;0.431874;0.191271;0.627160;-0.719790;0.107970;0.181063;1.022888;0.431874;
1.003389;0.432966;0.193000;0.627466;-0.721610;0.108243;0.183102;1.020254;0.432966;
1.003901;0.435284;0.197170;0.628228;-0.725473;0.108822;0.188184;1.016008;0.435284;
1.004362;0.437525;0.201675;0.629070;-0.729209;0.109383;0.193798;1.013181;0.437525;
1.004823;0.439914;0.206805;0.630039;-0.733189;0.109980;0.200256;1.011077;0.439914;
1.004834;0.439972;0.206933;0.630063;-0.733286;0.109994;0.200417;1.011034;0.439972;
1.004835;0.439977;0.206945;0.630065;-0.733295;0.109996;0.200432;1.011030;0.439977;
1.004836;0.439982;0.206956;0.630067;-0.733304;0.109997;0.200447;1.011026;0.439982;
1.004838;0.439993;0.206980;0.630072;-0.733322;0.110000;0.200477;1.011019;0.439993;
1.004842;0.440014;0.207028;0.630081;-0.733357;0.110005;0.200537;1.011004;0.440014;
1.004850;0.440057;0.207123;0.630099;-0.733429;0.110016;0.200657;1.010974;0.440057;
1.004866;0.440143;0.207313;0.630135;-0.733572;0.110037;0.200898;1.010915;0.440143;
1.004898;0.440315;0.207696;0.630208;-0.733859;0.110080;0.201382;1.010798;0.440315;
1.004962;0.440662;0.208469;0.630354;-0.734436;0.110167;0.202360;1.010572;0.440662;
1.005090;0.441363;0.210046;0.630654;-0.735606;0.110342;0.204355;1.010148;0.441363;
1.005346;0.442799;0.213313;0.631274;-0.737999;0.110701;0.208492;1.009397;0.442799;
1.005858;0.445792;0.220208;0.632582;-0.742986;0.111449;0.217209;1.008223;0.445792;
1.006370;0.448934;0.227514;0.633962;-0.748224;0.112235;0.226413;1.007410;0.448934;
1.006882;0.452216;0.235158;0.635399;-0.753694;0.113056;0.235992;1.006870;0.452216;
1.007394;0.455627;0.243080;0.636879;-0.759379;0.113908;0.245856;1.006533;0.455627;
1.007906;0.459157;0.251226;0.638390;-0.765262;0.114791;0.255927;1.006342;0.459157;
1.008930;0.466519;0.267968;0.641457;-0.777532;0.116631;0.276377;1.006211;0.466519;
1.009954;0.474229;0.285131;0.644549;-0.790382;0.118559;0.296990;1.006302;0.474229;
1.010978;0.482212;0.302480;0.647619;-0.803687;0.120555;0.317458;1.006492;0.482212;
1.011268;0.484513;0.307398;0.648479;-0.807522;0.121130;0.323191;1.006550;0.484513;
1.011269;0.484521;0.307415;0.648482;-0.807536;0.121132;0.323210;1.006550;0.484521;
1.011270;0.484529;0.307432;0.648485;-0.807549;0.121134;0.323230;1.006551;0.484529;
1.011272;0.484545;0.307466;0.648491;-0.807576;0.121138;0.323270;1.006551;0.484545;
1.011276;0.484577;0.307534;0.648503;-0.807629;0.121146;0.323349;1.006552;0.484577;
1.011284;0.484641;0.307670;0.648527;-0.807735;0.121162;0.323507;1.006554;0.484641;
1.011300;0.484768;0.307942;0.648574;-0.807947;0.121194;0.323824;1.006557;0.484768;
1.011332;0.485023;0.308486;0.648669;-0.808371;0.121257;0.324457;1.006564;0.485023;
1.011396;0.485529;0.309574;0.648859;-0.809215;0.121384;0.325723;1.006574;0.485529;
1.011524;0.486532;0.311745;0.649238;-0.810887;0.121635;0.328251;1.006588;0.486532;
1.011780;0.488505;0.316075;0.649995;-0.814175;0.122128;0.333298;1.006588;0.488505;
1.012292;0.492318;0.324679;0.651502;-0.820530;0.123081;0.343340;1.006504;0.492318;
1.013316;0.499467;0.341630;0.654476;-0.832445;0.124868;0.363167;1.006135;0.499467;
1.014340;0.506043;0.358196;0.657386;-0.843406;0.126513;0.382568;1.005620;0.506043;
1.015364;0.512135;0.374314;0.660215;-0.853559;0.128036;0.401428;1.005083;0.512135;
1.016388;0.517826;0.389920;0.662945;-0.863044;0.129458;0.419630;1.004594;0.517826;
1.017379;0.523026;0.404477;0.665479;-0.871711;0.130758;0.436518;1.004200;0.523026;
1.017379;0.523027;0.404476;0.665478;-0.871711;0.130759;0.436516;1.004200;0.523027;
1.017379;0.523027;0.404477;0.665479;-0.871712;0.130759;0.436517;1.004200;0.523027;
1.017380;0.523032;0.404491;0.665481;-0.871720;0.130760;0.436534;1.004200;0.523032;
1.017381;0.523037;0.404506;0.665484;-0.871729;0.130761;0.436551;1.004199;0.523037;
1.017383;0.523048;0.404534;0.665489;-0.871746;0.130764;0.436584;1.004199;0.523048;
1.017387;0.523068;0.404592;0.665499;-0.871780;0.130769;0.436651;1.004197;0.523068;
1.017395;0.523109;0.404707;0.665519;-0.871848;0.130779;0.436784;1.004194;0.523109;
1.017411;0.523190;0.404938;0.665559;-0.871983;0.130799;0.437051;1.004189;0.523190;
1.017443;0.523353;0.405398;0.665638;-0.872254;0.130840;0.437584;1.004177;0.523353;
1.017507;0.523677;0.406317;0.665798;-0.872795;0.130921;0.438647;1.004155;0.523677;
1.017635;0.524323;0.408148;0.666115;-0.873872;0.131083;0.440762;1.004111;0.524323;
1.017891;0.525604;0.411779;0.666744;-0.876007;0.131403;0.444952;1.004029;0.525604;
1.017980;0.526046;0.413038;0.666962;-0.876744;0.131513;0.446405;1.004000;0.526046;
1.017981;0.526051;0.413052;0.666964;-0.876752;0.131515;0.446421;1.004000;0.526051;
1.017982;0.526056;0.413066;0.666966;-0.876761;0.131516;0.446437;1.004000;0.526056;
1.017984;0.526066;0.413094;0.666971;-0.876777;0.131518;0.446469;1.003999;0.526066;
1.017988;0.526086;0.413151;0.666981;-0.876810;0.131523;0.446534;1.003998;0.526086;
1.017996;0.526126;0.413263;0.667000;-0.876876;0.131533;0.446663;1.003995;0.526126;
1.018012;0.526205;0.413488;0.667039;-0.877008;0.131553;0.446922;1.003991;0.526205;
1.018044;0.526363;0.413936;0.667117;-0.877272;0.131593;0.447438;1.003981;0.526363;
1.018108;0.526680;0.414832;0.667271;-0.877799;0.131672;0.448469;1.003963;0.526680;
1.018236;0.527308;0.416616;0.667579;-0.878847;0.131829;0.450521;1.003926;0.527308;
1.018492;0.528540;0.420173;0.668194;-0.880900;0.132137;0.454619;1.003842;0.528540;
1.019004;0.530900;0.427243;0.669420;-0.884833;0.132727;0.462792;1.003645;0.530900;
1.020028;0.535223;0.441208;0.671857;-0.892038;0.133808;0.479040;1.003176;0.535223;
1.021052;0.539055;0.454914;0.674268;-0.898426;0.134766;0.495111;1.002665;0.539055;
1.023100;0.545539;0.481385;0.678956;-0.909232;0.136387;0.526364;1.001737;0.545539;
1.025148;0.550722;0.506423;0.683416;-0.917869;0.137682;0.556101;1.001010;0.550722;
1.027196;0.554967;0.529816;0.687587;-0.924946;0.138744;0.583905;1.000530;0.554967;
1.029244;0.558594;0.551409;0.691421;-0.930990;0.139650;0.609464;1.000275;0.558594;
1.031292;0.561852;0.571112;0.694889;-0.936420;0.140465;0.632586;1.000196;0.561852;
1.033340;0.564927;0.588896;0.697981;-0.941545;0.141234;0.653196;1.000241;0.564927;
1.035388;0.567948;0.604787;0.700697;-0.946579;0.141989;0.671307;1.000365;0.567948;
1.037436;0.570992;0.618851;0.703053;-0.951654;0.142750;0.687008;1.000533;0.570992;
1.039484;0.574103;0.631188;0.705067;-0.956839;0.143528;0.700437;1.000718;0.574103;
1.041532;0.577295;0.641915;0.706766;-0.962158;0.144326;0.711765;1.000901;0.577295;
1.043580;0.580561;0.651167;0.708179;-0.967602;0.145142;0.721184;1.001069;0.580561;
1.045628;0.583886;0.659082;0.709335;-0.973143;0.145974;0.728892;1.001216;0.583886;
1.047676;0.587243;0.665799;0.710265;-0.978739;0.146813;0.735089;1.001336;0.587243;
1.049724;0.590604;0.671454;0.710996;-0.984340;0.147653;0.739966;1.001428;0.590604;
1.051772;0.593940;0.676178;0.711558;-0.989900;0.148487;0.743707;1.001493;0.593940;
1.055868;0.600400;0.683444;0.712295;-1.000666;0.150102;0.748624;1.001551;0.600400;
1.059555;0.605892;0.687881;0.712600;-1.009820;0.151475;0.750657;1.001532;0.605892;
1.063241;0.610979;0.690864;0.712673;-1.018299;0.152747;0.751146;1.001463;0.610979;
1.066927;0.615607;0.692780;0.712592;-1.026012;0.153904;0.750602;1.001360;0.615607;
1.070614;0.619749;0.693947;0.712417;-1.032914;0.154939;0.749433;1.001235;0.619749;
1.074300;0.623399;0.694608;0.712193;-1.038999;0.155852;0.747941;1.001099;0.623399;
1.077987;0.626575;0.694942;0.711952;-1.044291;0.156646;0.746339;1.000961;0.626575;
1.081673;0.629304;0.695078;0.711717;-1.048841;0.157328;0.744770;1.000828;0.629304;
1.085359;0.631626;0.695105;0.711500;-1.052710;0.157909;0.743322;1.000704;0.631626;
1.089046;0.633582;0.695081;0.711307;-1.055970;0.158398;0.742040;1.000591;0.633582;
1.096419;0.636619;0.695023;0.711004;-1.061032;0.159157;0.740014;1.000404;0.636619;
1.103054;0.638517;0.694996;0.710815;-1.064195;0.159631;0.738753;1.000276;0.638517;
1.109690;0.639841;0.695016;0.710689;-1.066401;0.159962;0.737920;1.000182;0.639841;
1.116325;0.640744;0.695076;0.710613;-1.067906;0.160188;0.737407;1.000117;0.640744;
1.122961;0.641351;0.695161;0.710569;-1.068918;0.160340;0.737114;1.000072;0.641351;
1.129596;0.641756;0.695252;0.710546;-1.069593;0.160441;0.736961;1.000043;0.641756;
1.136232;0.642025;0.695337;0.710535;-1.070041;0.160508;0.736891;1.000024;0.642025;
1.142867;0.642204;0.695411;0.710531;-1.070340;0.160553;0.736864;1.000012;0.642204;
1.149503;0.642324;0.695471;0.710530;-1.070540;0.160583;0.736858;1.000005;0.642324;
1.162774;0.642473;0.695554;0.710531;-1.070788;0.160620;0.736862;0.999996;0.642473;
1.176045;0.642540;0.695602;0.710533;-1.070900;0.160637;0.736877;0.999993;0.642540;
1.189316;0.642566;0.695629;0.710535;-1.070944;0.160644;0.736893;0.999992;0.642566;
1.201088;0.642572;0.695645;0.710538;-1.070953;0.160645;0.736908;0.999992;0.642572;
1.212860;0.642570;0.695657;0.710540;-1.070950;0.160645;0.736925;0.999992;0.642570;
1.224632;0.642565;0.695668;0.710543;-1.070941;0.160643;0.736942;0.999993;0.642565;
1.236404;0.642558;0.695679;0.710545;-1.070931;0.160642;0.736959;0.999993;0.642558;
1.248176;0.642552;0.695689;0.710548;-1.070919;0.160640;0.736975;0.999994;0.642552;
1.259948;0.642545;0.695698;0.710550;-1.070909;0.160639;0.736991;0.999994;0.642545;
1.271720;0.642539;0.695707;0.710552;-1.070899;0.160637;0.737005;0.999995;0.642539;
1.283492;0.642534;0.695715;0.710554;-1.070889;0.160636;0.737019;0.999995;0.642534;
1.295264;0.642529;0.695722;0.710556;-1.070881;0.160634;0.737031;0.999995;0.642529;
1.307036;0.642524;0.695729;0.710558;-1.070873;0.160633;0.737042;0.999996;0.642524;
1.318808;0.642520;0.695735;0.710559;-1.070866;0.160632;0.737052;0.999996;0.642520;
1.330580;0.642516;0.695741;0.710561;-1.070859;0.160631;0.737062;0.999996;0.642516;
1.342352;0.642512;0.695746;0.710562;-1.070853;0.160630;0.737071;0.999997;0.642512;
1.354124;0.642509;0.695751;0.710563;-1.070848;0.160629;0.737079;0.999997;0.642509;
1.377668;0.642502;0.695760;0.710566;-1.070837;0.160628;0.737094;0.999997;0.642502;
1.401212;0.642497;0.695767;0.710567;-1.070829;0.160627;0.737106;0.999998;0.642497;
1.424756;0.642493;0.695774;0.710569;-1.070822;0.160625;0.737117;0.999998;0.642493;
1.445946;0.642490;0.695778;0.710570;-1.070816;0.160625;0.737125;0.999998;0.642490;
1.465016;0.642487;0.695782;0.710571;-1.070812;0.160624;0.737131;0.999999;0.642487;
1.482180;0.642485;0.695785;0.710572;-1.070808;0.160623;0.737137;0.999999;0.642485;
1.499344;0.642483;0.695788;0.710573;-1.070805;0.160623;0.737141;0.999999;0.642483;
1.516507;0.642481;0.695791;0.710573;-1.070802;0.160623;0.737145;0.999999;0.642481;
1.533671;0.642480;0.695793;0.710574;-1.070800;0.160622;0.737149;0.999999;0.642480;
1.550834;0.642478;0.695795;0.710574;-1.070797;0.160622;0.737152;0.999999;0.642478;
1.567998;0.642477;0.695796;0.710575;-1.070795;0.160622;0.737155;0.999999;0.642477;
1.585162;0.642476;0.695798;0.710575;-1.070794;0.160621;0.737157;0.999999;0.642476;
1.602325;0.642475;0.695799;0.710575;-1.070792;0.160621;0.737160;0.999999;0.642475;
1.619489;0.642474;0.695800;0.710576;-1.070791;0.160621;0.737162;0.999999;0.642474;
1.636652;0.642474;0.695802;0.710576;-1.070789;0.160621;0.737163;1.000000;0.642474;
1.653816;0.642473;0.695802;0.710576;-1.070788;0.160620;0.737165;1.000000;0.642473;
1.670980;0.642472;0.695803;0.710576;-1.070787;0.160620;0.737166;1.000000;0.642472;
1.695241;0.642472;0.695804;0.710577;-1.070786;0.160620;0.737168;1.000000;0.642472;
1.719503;0.642471;0.695805;0.710577;-1.070785;0.160620;0.737170;1.000000;0.642471;
1.743764;0.642471;0.695806;0.710577;-1.070784;0.160620;0.737171;1.000000;0.642471;
1.765599;0.642470;0.695807;0.710577;-1.070784;0.160620;0.737172;1.000000;0.642470;
1.785251;0.642470;0.695807;0.710577;-1.070783;0.160620;0.737173;1.000000;0.642470;
1.804903;0.642470;0.695807;0.710578;-1.070783;0.160620;0.737173;1.000000;0.642470;
1.822590;0.642469;0.695808;0.710578;-1.070782;0.160620;0.737174;1.000000;0.642469;
1.840276;0.642469;0.695808;0.710578;-1.070782;0.160620;0.737174;1.000000;0.642469;
1.857963;0.642469;0.695808;0.710578;-1.070782;0.160619;0.737175;1.000000;0.642469;
1.875650;0.642469;0.695809;0.710578;-1.070781;0.160619;0.737175;1.000000;0.642469;
1.893336;0.642469;0.695809;0.710578;-1.070781;0.160619;0.737175;1.000000;0.642469;
1.911023;0.642469;0.695809;0.710578;-1.070781;0.160619;0.737176;1.000000;0.642469;
1.928709;0.642469;0.695809;0.710578;-1.070781;0.160619;0.737176;1.000000;0.642469;
1.946396;0.642468;0.695809;0.710578;-1.070781;0.160619;0.737176;1.000000;0.642468;
1.964083;0.642468;0.695809;0.710578;-1.070781;0.160619;0.737176;1.000000;0.642468;
1.986851;0.642468;0.695809;0.710578;-1.070780;0.160619;0.737177;1.000000;0.642468;
2.000000;0.642468;0.695810;0.710578;-1.070780;0.160619;0.737177;1.000000;0.642468;
2.000000;1.070780;0.990680;1.110578;-1.070780;0.160619;0.737177;0.735425;1.070780;
2.000001;1.070719;0.990769;1.110591;-1.070719;0.160610;0.737266;0.735666;1.070719;
2.000002;1.070658;0.990858;1.110605;-1.070658;0.160601;0.737354;0.735907;1.070658;
2.000004;1.070536;0.991035;1.110631;-1.070536;0.160583;0.737532;0.736388;1.070536;
2.000008;1.070292;0.991389;1.110684;-1.070292;0.160546;0.737886;0.737349;1.070292;
2.000016;1.069807;0.992092;1.110790;-1.069807;0.160473;0.738589;0.739260;1.069807;
2.000032;1.068847;0.993481;1.110998;-1.068847;0.160329;0.739977;0.743043;1.068847;
2.000064;1.066967;0.996189;1.111404;-1.066967;0.160047;0.742685;0.750450;1.066967;
2.000128;1.063362;1.001340;1.112177;-1.063362;0.159507;0.747837;0.764659;1.063362;
2.000256;1.056741;1.010660;1.113575;-1.056741;0.158513;0.757158;0.790823;1.056741;
2.000384;1.050871;1.018773;1.114793;-1.050871;0.157633;0.765273;0.814189;1.050871;
2.000469;1.047332;1.023596;1.115516;-1.047332;0.157102;0.770099;0.828415;1.047332;
2.000470;1.047290;1.023646;1.115524;-1.047290;0.157096;0.770150;0.828575;1.047290;
2.000471;1.047251;1.023699;1.115532;-1.047251;0.157090;0.770203;0.828734;1.047251;
2.000473;1.047173;1.023805;1.115548;-1.047173;0.157078;0.770310;0.829050;1.047173;
2.000477;1.047016;1.024017;1.115580;-1.047016;0.157055;0.770521;0.829682;1.047016;
2.000485;1.046704;1.024437;1.115643;-1.046704;0.157008;0.770942;0.830940;1.046704;
2.000501;1.046087;1.025265;1.115767;-1.046087;0.156915;0.771772;0.833427;1.046087;
2.000533;1.044877;1.026877;1.116010;-1.044877;0.156734;0.773389;0.838293;1.044877;
2.000597;1.042549;1.029925;1.116470;-1.042549;0.156384;0.776454;0.847613;1.042549;
2.000725;1.038233;1.035371;1.117296;-1.038233;0.155737;0.781959;0.864724;1.038233;
2.000853;1.034343;1.040011;1.118006;-1.034343;0.155154;0.786694;0.879943;1.034343;
2.000981;1.030837;1.043923;1.118612;-1.030837;0.154628;0.790736;0.893462;1.030837;
2.001109;1.027674;1.047179;1.119125;-1.027674;0.154153;0.794156;0.905464;1.027674;
2.001237;1.024815;1.049844;1.119554;-1.024815;0.153724;0.797018;0.916115;1.024815;
2.001365;1.022227;1.051977;1.119909;-1.022227;0.153336;0.799380;0.925563;1.022227;
2.001493;1.019876;1.053629;1.120196;-1.019876;0.152984;0.801293;0.933943;1.019876;
2.001621;1.017735;1.054846;1.120422;-1.017735;0.152662;0.802801;0.941371;1.017735;
2.001749;1.015777;1.055668;1.120593;-1.015777;0.152369;0.803945;0.947956;1.015777;
2.002005;1.012295;1.056306;1.120798;-1.012295;0.151846;0.805312;0.959059;1.012295;
2.002236;1.009585;1.055847;1.120842;-1.009585;0.151440;0.805604;0.966983;1.009585;
2.002462;1.007220;1.054585;1.120776;-1.007220;0.151085;0.805164;0.973237;1.007220;
2.002463;1.007210;1.054577;1.120776;-1.007210;0.151084;0.805160;0.973261;1.007210;
2.002464;1.007200;1.054570;1.120775;-1.007200;0.151082;0.805157;0.973285;1.007200;
2.002466;1.007181;1.054555;1.120774;-1.007181;0.151079;0.805150;0.973333;1.007181;
2.002470;1.007142;1.054525;1.120772;-1.007142;0.151073;0.805135;0.973430;1.007142;
2.002478;1.007064;1.054465;1.120768;-1.007064;0.151062;0.805106;0.973621;1.007064;
2.002494;1.006909;1.054343;1.120758;-1.006909;0.151038;0.805045;0.974000;1.006909;
2.002526;1.006602;1.054088;1.120739;-1.006602;0.150992;0.804914;0.974741;1.006602;
2.002590;1.005999;1.053540;1.120695;-1.005999;0.150902;0.804619;0.976156;1.005999;
2.002718;1.004834;1.052298;1.120587;-1.004834;0.150727;0.803902;0.978746;1.004834;
2.002974;1.002629;1.049293;1.120304;-1.002629;0.150396;0.802015;0.983098;1.002629;
2.003230;1.000553;1.045654;1.119939;-1.000553;0.150085;0.799585;0.986501;1.000553;
2.003486;0.998561;1.041462;1.119504;-0.998561;0.149786;0.796684;0.989145;0.998561;
2.003742;0.996617;1.036785;1.119008;-0.996617;0.149495;0.793378;0.991189;0.996617;
2.003998;0.994691;1.031682;1.118459;-0.994691;0.149206;0.789719;0.992762;0.994691;
2.004254;0.992761;1.026201;1.117864;-0.992761;0.148916;0.785751;0.993966;0.992761;
2.004510;0.990811;1.020384;1.117228;-0.990811;0.148624;0.781511;0.994883;0.990811;
2.005022;0.986800;1.007905;1.115855;-0.986800;0.148022;0.772356;0.996149;0.986800;
2.005534;0.982615;0.994432;1.114363;-0.982615;0.147394;0.762408;0.996846;0.982615;
2.006046;0.978238;0.980125;1.112771;-0.978238;0.146738;0.751799;0.997190;0.978238;
2.006558;0.973666;0.965120;1.111096;-0.973666;0.146052;0.740633;0.997327;0.973666;
2.007070;0.968909;0.949530;1.109351;-0.968909;0.145338;0.728994;0.997346;0.968909;
2.008094;0.958938;0.917055;1.105697;-0.958938;0.143843;0.704640;0.997267;0.958938;
2.009118;0.948467;0.883231;1.101868;-0.948467;0.142272;0.679111;0.997115;0.948467;
2.010142;0.937652;0.848543;1.097914;-0.937652;0.140650;0.652749;0.996971;0.937652;
2.010679;0.931901;0.830173;1.095808;-0.931901;0.139787;0.638711;0.996911;0.931901;
2.010679;0.931900;0.830173;1.095808;-0.931900;0.139787;0.638712;0.996911;0.931900;
2.010680;0.931889;0.830138;1.095804;-0.931889;0.139785;0.638685;0.996910;0.931889;
2.010681;0.931878;0.830104;1.095800;-0.931878;0.139784;0.638659;0.996910;0.931878;
2.010683;0.931857;0.830035;1.095792;-0.931857;0.139780;0.638606;0.996910;0.931857;
2.010687;0.931814;0.829897;1.095776;-0.931814;0.139774;0.638501;0.996910;0.931814;
2.010695;0.931727;0.829622;1.095745;-0.931727;0.139761;0.638290;0.996909;0.931727;
2.010711;0.931554;0.829071;1.095682;-0.931554;0.139735;0.637868;0.996907;0.931554;
2.010743;0.931208;0.827970;1.095555;-0.931208;0.139683;0.637025;0.996904;0.931208;
2.010807;0.930517;0.825772;1.095303;-0.930517;0.139579;0.635342;0.996897;0.930517;
2.010935;0.929134;0.821392;1.094799;-0.929134;0.139372;0.631985;0.996884;0.929134;
2.011191;0.926372;0.812694;1.093798;-0.926372;0.138958;0.625314;0.996861;0.926372;
2.011703;0.920868;0.795548;1.091822;-0.920868;0.138132;0.612138;0.996825;0.920868;
2.011835;0.919459;0.791195;1.091320;-0.919459;0.137921;0.608789;0.996817;0.919459;
2.011836;0.919448;0.791162;1.091316;-0.919448;0.137919;0.608763;0.996817;0.919448;
2.011837;0.919438;0.791129;1.091312;-0.919438;0.137918;0.608738;0.996817;0.919438;
2.011839;0.919416;0.791063;1.091304;-0.919416;0.137914;0.608687;0.996817;0.919416;
2.011843;0.919373;0.790931;1.091289;-0.919373;0.137908;0.608585;0.996817;0.919373;
2.011851;0.919288;0.790668;1.091259;-0.919288;0.137895;0.608382;0.996816;0.919288;
2.011867;0.919117;0.790140;1.091198;-0.919117;0.137869;0.607976;0.996816;0.919117;
2.011899;0.918775;0.789086;1.091076;-0.918775;0.137818;0.607164;0.996814;0.918775;
2.011963;0.918094;0.786982;1.090833;-0.918094;0.137716;0.605543;0.996813;0.918094;
2.012091;0.916741;0.782791;1.090348;-0.916741;0.137513;0.602310;0.996813;0.916741;
2.012347;0.914073;0.774473;1.089383;-0.914073;0.137113;0.595880;0.996825;0.914073;
2.012859;0.908884;0.758093;1.087476;-0.908884;0.136334;0.583168;0.996881;0.908884;
2.013883;0.899079;0.726342;1.083750;-0.899079;0.134864;0.558328;0.997065;0.899079;
2.014907;0.890011;0.695912;1.080142;-0.890011;0.133504;0.534275;0.997297;0.890011;
2.015931;0.881640;0.666782;1.076653;-0.881640;0.132248;0.511016;0.997538;0.881640;
2.016955;0.873921;0.638929;1.073285;-0.873921;0.131090;0.488563;0.997769;0.873921;
2.017979;0.866811;0.612330;1.070039;-0.866811;0.130023;0.466922;0.997985;0.866811;
2.019003;0.860269;0.586958;1.066915;-0.860269;0.129042;0.446096;0.998184;0.860269;
2.020027;0.854258;0.562783;1.063914;-0.854258;0.128140;0.426085;0.998368;0.854258;
2.021051;0.848741;0.539771;1.061033;-0.848741;0.127313;0.406882;0.998538;0.848741;
2.022075;0.843754;0.518518;1.058355;-0.843754;0.126565;0.389027;0.998695;0.843754;
2.023099;0.839283;0.499234;1.055911;-0.839283;0.125894;0.372733;0.998840;0.839283;
2.024123;0.835302;0.481862;1.053698;-0.835302;0.125297;0.357979;0.998974;0.835302;
2.026171;0.828618;0.452114;1.049881;-0.828618;0.124294;0.332534;0.999213;0.828618;
2.027905;0.824153;0.431558;1.047222;-0.824153;0.123625;0.314807;0.999386;0.824153;
2.029638;0.820612;0.414523;1.045002;-0.820612;0.123093;0.300010;0.999535;0.820612;
2.031372;0.817851;0.400430;1.043153;-0.817851;0.122679;0.287682;0.999662;0.817851;
2.033106;0.815745;0.388788;1.041614;-0.815745;0.122363;0.277425;0.999771;0.815745;
2.034840;0.814189;0.379191;1.040337;-0.814189;0.122130;0.268907;0.999862;0.814189;
2.036574;0.813091;0.371297;1.039277;-0.813091;0.121965;0.261843;0.999938;0.813091;
2.038307;0.812371;0.364817;1.038400;-0.812371;0.121857;0.255994;1.000000;0.812371;
2.040041;0.811960;0.359512;1.037674;-0.811960;0.121796;0.251157;1.000051;0.811960;
2.041775;0.811800;0.355181;1.037075;-0.811800;0.121772;0.247164;1.000092;0.811800;
2.043509;0.811842;0.351657;1.036581;-0.811842;0.121778;0.243871;1.000124;0.811842;
2.045243;0.812044;0.348798;1.036175;-0.812044;0.121808;0.241160;1.000148;0.812044;
2.046977;0.812370;0.346488;1.035840;-0.812370;0.121857;0.238932;1.000166;0.812370;
2.048710;0.812790;0.344631;1.035566;-0.812790;0.121920;0.237103;1.000179;0.812790;
2.050444;0.813277;0.343139;1.035340;-0.813277;0.121993;0.235599;1.000187;0.813277;
2.053912;0.814364;0.340960;1.034998;-0.814364;0.122156;0.233314;1.000194;0.814364;
2.057380;0.815528;0.339615;1.034769;-0.815528;0.122331;0.231791;1.000190;0.815528;
2.060847;0.816690;0.338835;1.034620;-0.816690;0.122505;0.230796;1.000179;0.816690;
2.061835;0.817010;0.338681;1.034587;-0.817010;0.122553;0.230579;1.000175;0.817010;
2.061836;0.817010;0.338681;1.034587;-0.817010;0.122553;0.230578;1.000175;0.817010;
2.061837;0.817011;0.338681;1.034587;-0.817011;0.122553;0.230578;1.000175;0.817011;
2.061839;0.817011;0.338680;1.034587;-0.817011;0.122553;0.230578;1.000175;0.817011;
2.061843;0.817013;0.338680;1.034587;-0.817013;0.122554;0.230577;1.000175;0.817013;
2.061851;0.817015;0.338679;1.034587;-0.817015;0.122554;0.230576;1.000175;0.817015;
2.061867;0.817021;0.338677;1.034586;-0.817021;0.122555;0.230573;1.000175;0.817021;
2.061899;0.817031;0.338674;1.034586;-0.817031;0.122556;0.230567;1.000175;0.817031;
2.061963;0.817052;0.338666;1.034584;-0.817052;0.122560;0.230555;1.000175;0.817052;
2.062091;0.817094;0.338652;1.034580;-0.817094;0.122566;0.230532;1.000174;0.817094;
2.062347;0.817178;0.338624;1.034574;-0.817178;0.122578;0.230487;1.000173;0.817178;
2.062859;0.817343;0.338573;1.034561;-0.817343;0.122603;0.230402;1.000171;0.817343;
2.063883;0.817668;0.338486;1.034537;-0.817668;0.122652;0.230246;1.000166;0.817668;
2.065931;0.818289;0.338361;1.034498;-0.818289;0.122745;0.229986;1.000156;0.818289;
2.070027;0.819414;0.338255;1.034445;-0.819414;0.122914;0.229628;1.000135;0.819414;
2.074123;0.820377;0.338283;1.034415;-0.820377;0.123058;0.229433;1.000115;0.820377;
2.078219;0.821178;0.338389;1.034403;-0.821178;0.123178;0.229347;1.000095;0.821178;
2.082315;0.821824;0.338534;1.034401;-0.821824;0.123275;0.229334;1.000077;0.821824;
2.086411;0.822327;0.338696;1.034406;-0.822327;0.123351;0.229370;1.000060;0.822327;
2.090507;0.822700;0.338862;1.034416;-0.822700;0.123407;0.229439;1.000045;0.822700;
2.094603;0.822958;0.339026;1.034430;-0.822958;0.123445;0.229533;1.000032;0.822958;
2.102795;0.823195;0.339339;1.034466;-0.823195;0.123481;0.229771;1.000010;0.823195;
2.110168;0.823134;0.339607;1.034506;-0.823134;0.123472;0.230035;0.999995;0.823134;
2.117541;0.822871;0.339863;1.034551;-0.822871;0.123432;0.230336;0.999983;0.822871;
2.124914;0.822446;0.340108;1.034600;-0.822446;0.123369;0.230663;0.999974;0.822446;
2.132286;0.821894;0.340343;1.034652;-0.821894;0.123286;0.231010;0.999966;0.821894;
2.139659;0.821238;0.340569;1.034706;-0.821238;0.123187;0.231373;0.999960;0.821238;
2.146690;0.820534;0.340778;1.034760;-0.820534;0.123082;0.231730;0.999955;0.820534;
2.146691;0.820534;0.340778;1.034760;-0.820534;0.123082;0.231730;0.999955;0.820534;
2.146692;0.820534;0.340778;1.034760;-0.820534;0.123082;0.231730;0.999955;0.820534;
2.146694;0.820534;0.340778;1.034760;-0.820534;0.123082;0.231730;0.999955;0.820534;
2.146698;0.820533;0.340778;1.034760;-0.820533;0.123082;0.231730;0.999955;0.820533;
2.146706;0.820532;0.340778;1.034760;-0.820532;0.123082;0.231731;0.999955;0.820532;
2.146722;0.820531;0.340779;1.034760;-0.820531;0.123081;0.231732;0.999955;0.820531;
2.146754;0.820527;0.340780;1.034760;-0.820527;0.123081;0.231733;0.999955;0.820527;
2.146818;0.820521;0.340781;1.034761;-0.820521;0.123080;0.231737;0.999955;0.820521;
2.146946;0.820507;0.340785;1.034762;-0.820507;0.123078;0.231743;0.999955;0.820507;
2.147202;0.820480;0.340793;1.034764;-0.820480;0.123074;0.231756;0.999955;0.820480;
2.147714;0.820425;0.340807;1.034768;-0.820425;0.123065;0.231783;0.999954;0.820425;
2.148738;0.820315;0.340837;1.034776;-0.820315;0.123049;0.231836;0.999954;0.820315;
2.150786;0.820090;0.340896;1.034792;-0.820090;0.123015;0.231943;0.999953;0.820090;
2.154882;0.819627;0.341013;1.034824;-0.819627;0.122946;0.232159;0.999950;0.819627;
2.163074;0.818649;0.341247;1.034891;-0.818649;0.122799;0.232601;0.999946;0.818649;
2.171266;0.817610;0.341479;1.034959;-0.817610;0.122643;0.233057;0.999942;0.817610;
2.179458;0.816517;0.341712;1.035029;-0.816517;0.122479;0.233526;0.999939;0.816517;
2.187650;0.815375;0.341946;1.035101;-0.815375;0.122308;0.234005;0.999936;0.815375;
2.195842;0.814189;0.342181;1.035175;-0.814189;0.122130;0.234496;0.999934;0.814189;
2.204034;0.812964;0.342417;1.035250;-0.812964;0.121946;0.234995;0.999931;0.812964;
2.212226;0.811703;0.342654;1.035326;-0.811703;0.121757;0.235504;0.999929;0.811703;
2.220418;0.810409;0.342891;1.035403;-0.810409;0.121563;0.236019;0.999927;0.810409;
2.228610;0.809083;0.343129;1.035482;-0.809083;0.121364;0.236542;0.999925;0.809083;
2.236802;0.807728;0.343368;1.035561;-0.807728;0.121161;0.237072;0.999924;0.807728;
2.244994;0.806345;0.343606;1.035642;-0.806345;0.120953;0.237608;0.999922;0.806345;
2.253186;0.804935;0.343846;1.035723;-0.804935;0.120742;0.238149;0.999920;0.804935;
2.261378;0.803498;0.344085;1.035805;-0.803498;0.120526;0.238696;0.999919;0.803498;
2.269570;0.802035;0.344325;1.035888;-0.802035;0.120307;0.239248;0.999917;0.802035;
2.277762;0.800547;0.344564;1.035971;-0.800547;0.120084;0.239805;0.999915;0.800547;
2.285954;0.799033;0.344804;1.036056;-0.799033;0.119857;0.240368;0.999914;0.799033;
2.294146;0.797494;0.345043;1.036141;-0.797494;0.119626;0.240935;0.999912;0.797494;
2.302338;0.795930;0.345283;1.036227;-0.795930;0.119391;0.241507;0.999911;0.795930;
2.318722;0.792725;0.345761;1.036400;-0.792725;0.118910;0.242665;0.999908;0.792725;
2.333468;0.789754;0.346191;1.036559;-0.789754;0.118465;0.243723;0.999905;0.789754;
2.348214;0.786701;0.346619;1.036720;-0.786701;0.118007;0.244795;0.999902;0.786701;
2.362959;0.783567;0.347047;1.036883;-0.783567;0.117537;0.245880;0.999900;0.783567;
2.377705;0.780356;0.347473;1.037047;-0.780356;0.117055;0.246978;0.999897;0.780356;
2.392450;0.777072;0.347897;1.037214;-0.777072;0.116562;0.248087;0.999895;0.777072;
2.421942;0.770326;0.348740;1.037550;-0.770326;0.115550;0.250329;0.999891;0.770326;
2.446541;0.764553;0.349438;1.037833;-0.764553;0.114685;0.252214;0.999889;0.764553;
2.468680;0.759293;0.350062;1.038087;-0.759293;0.113895;0.253911;0.999888;0.759293;
2.488605;0.754549;0.350620;1.038315;-0.754549;0.113184;0.255430;0.999888;0.754549;
2.506496;0.750320;0.351118;1.038517;-0.750320;0.112550;0.256779;0.999890;0.750320;
2.522586;0.746568;0.351563;1.038697;-0.746568;0.111987;0.257975;0.999891;0.746568;
2.537067;0.743254;0.351962;1.038855;-0.743254;0.111490;0.259032;0.999894;0.743254;
2.551548;0.740019;0.352360;1.039011;-0.740019;0.111004;0.260069;0.999896;0.740019;
2.564581;0.737188;0.352716;1.039148;-0.737188;0.110580;0.260981;0.999899;0.737188;
2.577614;0.734447;0.353071;1.039281;-0.734447;0.110169;0.261871;0.999903;0.734447;
2.590647;0.731809;0.353425;1.039411;-0.731809;0.109773;0.262737;0.999907;0.731809;
2.603680;0.729285;0.353778;1.039537;-0.729285;0.109394;0.263577;0.999911;0.729285;
2.616713;0.726884;0.354129;1.039659;-0.726884;0.109034;0.264389;0.999915;0.726884;
2.629746;0.724615;0.354480;1.039776;-0.724615;0.108694;0.265171;0.999920;0.724615;
2.642779;0.722485;0.354829;1.039889;-0.722485;0.108374;0.265923;0.999925;0.722485;
2.655811;0.720500;0.355178;1.039997;-0.720500;0.108076;0.266644;0.999931;0.720500;
2.668844;0.718664;0.355525;1.040100;-0.718664;0.107801;0.267333;0.999936;0.718664;
2.681877;0.716979;0.355872;1.040199;-0.716979;0.107548;0.267989;0.999942;0.716979;
2.707943;0.714062;0.356562;1.040382;-0.714062;0.107111;0.269207;0.999952;0.714062;
2.731403;0.711938;0.357180;1.040530;-0.711938;0.106792;0.270199;0.999962;0.711938;
2.754862;0.710259;0.357795;1.040665;-0.710259;0.106540;0.271099;0.999970;0.710259;
2.774435;0.709172;0.358306;1.040768;-0.709172;0.106377;0.271785;0.999977;0.709172;
2.792052;0.708410;0.358763;1.040854;-0.708410;0.106263;0.272358;0.999982;0.708410;
2.807906;0.707878;0.359173;1.040927;-0.707878;0.106183;0.272842;0.999986;0.707878;
2.822176;0.707505;0.359541;1.040989;-0.707505;0.106127;0.273255;0.999989;0.707505;
2.836445;0.707215;0.359907;1.041048;-0.707215;0.106084;0.273650;0.999991;0.707215;
2.849287;0.707013;0.360235;1.041100;-0.707013;0.106053;0.273993;0.999993;0.707013;
2.862129;0.706853;0.360562;1.041150;-0.706853;0.106029;0.274327;0.999994;0.706853;
2.874972;0.706723;0.360888;1.041199;-0.706723;0.106010;0.274653;0.999995;0.706723;
2.887814;0.706612;0.361212;1.041247;-0.706612;0.105993;0.274975;0.999995;0.706612;
2.900656;0.706508;0.361535;1.041295;-0.706508;0.105978;0.275293;0.999996;0.706508;
2.913498;0.706402;0.361857;1.041342;-0.706402;0.105962;0.275611;0.999995;0.706402;
2.926341;0.706283;0.362177;1.041390;-0.706283;0.105944;0.275930;0.999995;0.706283;
2.939183;0.706145;0.362495;1.041438;-0.706145;0.105923;0.276251;0.999994;0.706145;
2.952025;0.705980;0.362812;1.041487;-0.705980;0.105898;0.276576;0.999993;0.705980;
2.964867;0.705781;0.363128;1.041536;-0.705781;0.105869;0.276906;0.999991;0.705781;
2.990552;0.705267;0.363753;1.041638;-0.705267;0.105791;0.277584;0.999989;0.705267;
3.016237;0.704591;0.364372;1.041744;-0.704591;0.105690;0.278287;0.999986;0.704591;
3.039353;0.703847;0.364924;1.041842;-0.703847;0.105579;0.278941;0.999983;0.703847;
3.060157;0.703079;0.365415;1.041932;-0.703079;0.105463;0.279544;0.999981;0.703079;
3.078881;0.702323;0.365854;1.042015;-0.702323;0.105350;0.280096;0.999980;0.702323;
3.095733;0.701604;0.366246;1.042090;-0.701604;0.105242;0.280597;0.999979;0.701604;
3.110899;0.700938;0.366596;1.042158;-0.700938;0.105142;0.281049;0.999978;0.700938;
3.126066;0.700269;0.366944;1.042226;-0.700269;0.105042;0.281500;0.999979;0.700269;
3.139715;0.699673;0.367255;1.042286;-0.699673;0.104952;0.281902;0.999979;0.699673;
3.153365;0.699094;0.367565;1.042346;-0.699094;0.104866;0.282300;0.999980;0.699094;
3.167015;0.698541;0.367873;1.042404;-0.698541;0.104783;0.282690;0.999981;0.698541;
3.180665;0.698023;0.368179;1.042462;-0.698023;0.104705;0.283073;0.999982;0.698023;
3.194315;0.697547;0.368484;1.042517;-0.697547;0.104634;0.283446;0.999984;0.697547;
3.207965;0.697122;0.368787;1.042572;-0.697122;0.104570;0.283807;0.999985;0.697122;
3.221614;0.696755;0.369089;1.042624;-0.696755;0.104515;0.284156;0.999987;0.696755;
3.235264;0.696450;0.369389;1.042674;-0.696450;0.104469;0.284491;0.999990;0.696450;
3.248914;0.696213;0.369688;1.042722;-0.696213;0.104433;0.284812;0.999992;0.696213;
3.276214;0.695953;0.370282;1.042812;-0.695953;0.104394;0.285410;0.999997;0.695953;
3.303513;0.695973;0.370870;1.042893;-0.695973;0.104397;0.285947;1.000002;0.695973;
3.328083;0.696221;0.371395;1.042958;-0.696221;0.104435;0.286383;1.000006;0.696221;
3.350196;0.696609;0.371864;1.043012;-0.696609;0.104493;0.286740;1.000009;0.696609;
3.370097;0.697073;0.372283;1.043056;-0.697073;0.104562;0.287037;1.000011;0.697073;
3.388008;0.697562;0.372657;1.043094;-0.697562;0.104636;0.287287;1.000013;0.697562;
3.404128;0.698044;0.372992;1.043126;-0.698044;0.104708;0.287503;1.000014;0.698044;
3.420249;0.698551;0.373325;1.043157;-0.698551;0.104784;0.287712;1.000014;0.698551;
3.434757;0.699015;0.373623;1.043185;-0.699015;0.104854;0.287896;1.000014;0.699015;
3.449265;0.699475;0.373920;1.043213;-0.699475;0.104923;0.288080;1.000014;0.699475;
3.463773;0.699919;0.374214;1.043240;-0.699919;0.104989;0.288265;1.000013;0.699919;
3.478281;0.700337;0.374507;1.043269;-0.700337;0.105052;0.288454;1.000012;0.700337;
3.492789;0.700720;0.374798;1.043298;-0.700720;0.105110;0.288648;1.000011;0.700720;
3.507297;0.701060;0.375087;1.043328;-0.701060;0.105160;0.288848;1.000009;0.701060;
3.521806;0.701349;0.375374;1.043359;-0.701349;0.105204;0.289056;1.000008;0.701349;
3.536314;0.701581;0.375659;1.043392;-0.701581;0.105239;0.289274;1.000006;0.701581;
3.550822;0.701751;0.375942;1.043426;-0.701751;0.105264;0.289501;1.000004;0.701751;
3.579838;0.701898;0.376503;1.043499;-0.701898;0.105286;0.289988;1.000000;0.701898;
3.605953;0.701814;0.377000;1.043570;-0.701814;0.105274;0.290462;0.999996;0.701814;
3.632067;0.701543;0.377491;1.043646;-0.701543;0.105233;0.290967;0.999993;0.701543;
3.653834;0.701192;0.377896;1.043712;-0.701192;0.105180;0.291407;0.999991;0.701192;
3.673423;0.700797;0.378256;1.043773;-0.700797;0.105121;0.291814;0.999989;0.700797;
3.691054;0.700397;0.378578;1.043829;-0.700397;0.105061;0.292187;0.999988;0.700397;
3.706922;0.700014;0.378865;1.043879;-0.700014;0.105004;0.292525;0.999988;0.700014;
3.722789;0.699622;0.379149;1.043930;-0.699622;0.104945;0.292862;0.999988;0.699622;
3.738657;0.699234;0.379432;1.043980;-0.699234;0.104887;0.293197;0.999988;0.699234;
3.754524;0.698862;0.379713;1.044030;-0.698862;0.104831;0.293527;0.999989;0.698862;
3.770392;0.698517;0.379991;1.044078;-0.698517;0.104779;0.293849;0.999990;0.698517;
3.786260;0.698210;0.380268;1.044125;-0.698210;0.104733;0.294162;0.999991;0.698210;
3.802127;0.697951;0.380543;1.044170;-0.697951;0.104694;0.294465;0.999992;0.697951;
3.817995;0.697746;0.380816;1.044214;-0.697746;0.104663;0.294755;0.999994;0.697746;
3.833862;0.697602;0.381087;1.044255;-0.697602;0.104642;0.295032;0.999996;0.697602;
3.849730;0.697522;0.381356;1.044295;-0.697522;0.104630;0.295295;0.999998;0.697522;
3.881465;0.697560;0.381890;1.044367;-0.697560;0.104635;0.295778;1.000002;0.697560;
3.906979;0.697773;0.382315;1.044420;-0.697773;0.104667;0.296127;1.000005;0.697773;
3.932493;0.698130;0.382735;1.044467;-0.698130;0.104721;0.296444;1.000007;0.698130;
3.953623;0.698518;0.383080;1.044504;-0.698518;0.104779;0.296686;1.000009;0.698518;
3.972640;0.698919;0.383388;1.044534;-0.698919;0.104839;0.296892;1.000010;0.698919;
3.989755;0.699309;0.383663;1.044561;-0.699309;0.104898;0.297069;1.000010;0.699309;
4.006870;0.699711;0.383935;1.044587;-0.699711;0.104958;0.297242;1.000010;0.699711;
4.023985;0.700112;0.384206;1.044613;-0.700112;0.105018;0.297413;1.000010;0.700112;
4.041100;0.700499;0.384475;1.044638;-0.700499;0.105076;0.297585;1.000010;0.700499;
4.058215;0.700859;0.384741;1.044665;-0.700859;0.105130;0.297760;1.000009;0.700859;
4.075330;0.701182;0.385006;1.044692;-0.701182;0.105179;0.297941;1.000008;0.701182;
4.092445;0.701456;0.385268;1.044720;-0.701456;0.105220;0.298128;1.000006;0.701456;
4.109560;0.701673;0.385527;1.044749;-0.701673;0.105252;0.298325;1.000005;0.701673;
4.126675;0.701827;0.385785;1.044780;-0.701827;0.105275;0.298531;1.000003;0.701827;
4.143790;0.701913;0.386040;1.044813;-0.701913;0.105288;0.298749;1.000001;0.701913;
4.167101;0.701921;0.386384;1.044860;-0.701921;0.105290;0.299063;0.999998;0.701921;
4.190412;0.701805;0.386723;1.044910;-0.701805;0.105272;0.299396;0.999996;0.701805;
4.213723;0.701575;0.387058;1.044963;-0.701575;0.105238;0.299748;0.999994;0.701575;
4.234703;0.701285;0.387355;1.045012;-0.701285;0.105194;0.300077;0.999992;0.701285;
4.255683;0.700936;0.387650;1.045063;-0.700936;0.105142;0.300415;0.999991;0.700936;
4.274565;0.700584;0.387912;1.045109;-0.700584;0.105089;0.300723;0.999990;0.700584;
4.293447;0.700213;0.388171;1.045155;-0.700213;0.105033;0.301032;0.999990;0.700213;
4.310441;0.699876;0.388402;1.045197;-0.699876;0.104983;0.301309;0.999990;0.699876;
4.327435;0.699548;0.388632;1.045238;-0.699548;0.104934;0.301582;0.999991;0.699548;
4.344428;0.699240;0.388859;1.045278;-0.699240;0.104887;0.301850;0.999991;0.699240;
4.361422;0.698962;0.389084;1.045317;-0.698962;0.104846;0.302110;0.999992;0.698962;
4.378416;0.698723;0.389308;1.045355;-0.698723;0.104810;0.302361;0.999993;0.698723;
4.395410;0.698531;0.389529;1.045391;-0.698531;0.104781;0.302601;0.999995;0.698531;
4.412403;0.698391;0.389749;1.045425;-0.698391;0.104760;0.302830;0.999996;0.698391;
4.429397;0.698308;0.389967;1.045457;-0.698308;0.104748;0.303046;0.999998;0.698308;
4.463385;0.698314;0.390399;1.045517;-0.698314;0.104748;0.303440;1.000001;0.698314;
4.491098;0.698481;0.390745;1.045559;-0.698481;0.104774;0.303726;1.000003;0.698481;
4.518811;0.698774;0.391088;1.045598;-0.698774;0.104818;0.303983;1.000005;0.698774;
4.541491;0.699092;0.391365;1.045627;-0.699092;0.104865;0.304176;1.000007;0.699092;
4.561903;0.699419;0.391612;1.045652;-0.699419;0.104914;0.304339;1.000007;0.699419;
4.580274;0.699732;0.391832;1.045673;-0.699732;0.104961;0.304480;1.000008;0.699732;
4.590299;0.699908;0.391951;1.045684;-0.699908;0.104988;0.304556;1.000008;0.699908;
4.600324;0.700081;0.392069;1.045695;-0.700081;0.105014;0.304631;1.000008;0.700081;
4.610349;0.700250;0.392187;1.045707;-0.700250;0.105039;0.304706;1.000007;0.700250;
4.630399;0.700570;0.392420;1.045729;-0.700570;0.105087;0.304859;1.000007;0.700570;
4.650448;0.700857;0.392652;1.045753;-0.700857;0.105130;0.305016;1.000006;0.700857;
4.670498;0.701097;0.392881;1.045777;-0.701097;0.105166;0.305179;1.000005;0.701097;
4.690548;0.701282;0.393107;1.045803;-0.701282;0.105194;0.305351;1.000003;0.701282;
4.710597;0.701404;0.393331;1.045830;-0.701404;0.105212;0.305532;1.000002;0.701404;
4.730647;0.701457;0.393552;1.045859;-0.701457;0.105220;0.305725;1.000000;0.701457;
4.754734;0.701431;0.393814;1.045896;-0.701431;0.105216;0.305970;0.999998;0.701431;
4.778820;0.701311;0.394072;1.045935;-0.701311;0.105198;0.306229;0.999996;0.701311;
4.802907;0.701105;0.394327;1.045976;-0.701105;0.105167;0.306502;0.999995;0.701105;
4.826993;0.700831;0.394577;1.046018;-0.700831;0.105126;0.306784;0.999994;0.700831;
4.848527;0.700544;0.394798;1.046057;-0.700544;0.105083;0.307042;0.999993;0.700544;
4.870062;0.700233;0.395016;1.046096;-0.700233;0.105036;0.307301;0.999993;0.700233;
4.880608;0.700076;0.395122;1.046115;-0.700076;0.105013;0.307428;0.999993;0.700076;
4.891154;0.699921;0.395226;1.046134;-0.699921;0.104990;0.307554;0.999993;0.699921;
4.901701;0.699770;0.395331;1.046152;-0.699770;0.104967;0.307678;0.999993;0.699770;
4.912247;0.699623;0.395434;1.046171;-0.699623;0.104945;0.307801;0.999993;0.699623;
4.922794;0.699483;0.395537;1.046189;-0.699483;0.104924;0.307922;0.999994;0.699483;
4.933340;0.699351;0.395640;1.046207;-0.699351;0.104904;0.308041;0.999994;0.699351;
4.954433;0.699120;0.395843;1.046241;-0.699120;0.104869;0.308272;0.999995;0.699120;
4.975526;0.698940;0.396044;1.046274;-0.698940;0.104842;0.308491;0.999996;0.698940;
4.996619;0.698817;0.396243;1.046305;-0.698817;0.104824;0.308696;0.999998;0.698817;
5.017712;0.698758;0.396439;1.046334;-0.698758;0.104815;0.308887;0.999999;0.698758;
5.043189;0.698772;0.396674;1.046365;-0.698772;0.104817;0.309099;1.000001;0.698772;
5.068666;0.698877;0.396905;1.046394;-0.698877;0.104833;0.309290;1.000002;0.698877;
5.094144;0.699063;0.397133;1.046420;-0.699063;0.104861;0.309463;1.000004;0.699063;
5.117073;0.699285;0.397336;1.046442;-0.699285;0.104894;0.309606;1.000005;0.699285;
5.137710;0.699519;0.397516;1.046460;-0.699519;0.104929;0.309726;1.000005;0.699519;
5.158346;0.699770;0.397694;1.046477;-0.699770;0.104967;0.309841;1.000006;0.699770;
5.170503;0.699924;0.397798;1.046487;-0.699924;0.104990;0.309906;1.000005;0.699924;
5.182660;0.700075;0.397901;1.046496;-0.700075;0.105013;0.309971;1.000005;0.700075;
5.194817;0.700220;0.398003;1.046506;-0.700220;0.105034;0.310037;1.000005;0.700220;
5.206974;0.700360;0.398104;1.046516;-0.700360;0.105055;0.310103;1.000005;0.700360;
5.219130;0.700492;0.398205;1.046526;-0.700492;0.105075;0.310170;1.000005;0.700492;
5.231287;0.700614;0.398305;1.046536;-0.700614;0.105094;0.310238;1.000004;0.700614;
5.243444;0.700724;0.398405;1.046547;-0.700724;0.105110;0.310308;1.000004;0.700724;
5.267757;0.700898;0.398601;1.046569;-0.700898;0.105136;0.310454;1.000002;0.700898;
5.292071;0.701007;0.398795;1.046592;-0.701007;0.105152;0.310610;1.000001;0.701007;
5.316384;0.701044;0.398985;1.046617;-0.701044;0.105158;0.310777;1.000000;0.701044;
5.341960;0.701006;0.399181;1.046645;-0.701006;0.105152;0.310964;0.999998;0.701006;
5.367535;0.700894;0.399374;1.046675;-0.700894;0.105136;0.311162;0.999997;0.700894;
5.393110;0.700718;0.399564;1.046706;-0.700718;0.105109;0.311369;0.999996;0.700718;
5.418685;0.700493;0.399750;1.046738;-0.700493;0.105075;0.311583;0.999995;0.700493;
5.441703;0.700262;0.399915;1.046767;-0.700262;0.105041;0.311778;0.999995;0.700262;
5.464720;0.700021;0.400077;1.046796;-0.700021;0.105005;0.311972;0.999995;0.700021;
5.485436;0.699805;0.400220;1.046822;-0.699805;0.104972;0.312145;0.999995;0.699805;
5.506152;0.699603;0.400362;1.046848;-0.699603;0.104942;0.312313;0.999995;0.699603;
5.526868;0.699424;0.400502;1.046872;-0.699424;0.104915;0.312476;0.999996;0.699424;
5.547584;0.699277;0.400640;1.046895;-0.699277;0.104893;0.312630;0.999997;0.699277;
5.568300;0.699168;0.400776;1.046917;-0.699168;0.104877;0.312775;0.999998;0.699168;
5.589016;0.699103;0.400910;1.046937;-0.699103;0.104867;0.312910;0.999999;0.699103;
5.630447;0.699106;0.401173;1.046973;-0.699106;0.104867;0.313150;1.000001;0.699106;
5.665235;0.699236;0.401389;1.046999;-0.699236;0.104887;0.313323;1.000002;0.699236;
5.696544;0.699437;0.401580;1.047019;-0.699437;0.104917;0.313458;1.000003;0.699437;
5.724374;0.699663;0.401745;1.047036;-0.699663;0.104951;0.313566;1.000004;0.699663;
5.749420;0.699887;0.401892;1.047049;-0.699887;0.104984;0.313657;1.000004;0.699887;
5.762202;0.700004;0.401966;1.047056;-0.700004;0.105002;0.313702;1.000004;0.700004;
5.774984;0.700118;0.402038;1.047063;-0.700118;0.105019;0.313747;1.000004;0.700118;
5.787765;0.700226;0.402111;1.047069;-0.700226;0.105035;0.313792;1.000004;0.700226;
5.800547;0.700330;0.402182;1.047076;-0.700330;0.105051;0.313838;1.000003;0.700330;
5.813329;0.700425;0.402254;1.047083;-0.700425;0.105065;0.313885;1.000003;0.700425;
5.826110;0.700511;0.402324;1.047091;-0.700511;0.105078;0.313932;1.000003;0.700511;
5.851673;0.700648;0.402463;1.047106;-0.700648;0.105099;0.314033;1.000002;0.700648;
5.877237;0.700732;0.402599;1.047122;-0.700732;0.105111;0.314141;1.000001;0.700732;
5.912525;0.700755;0.402783;1.047146;-0.700755;0.105115;0.314305;0.999999;0.700755;
5.947813;0.700673;0.402961;1.047173;-0.700673;0.105102;0.314483;0.999998;0.700673;
5.983101;0.700502;0.403134;1.047202;-0.700502;0.105077;0.314674;0.999997;0.700502;
5.999999;0.700397;0.403215;1.047216;-0.700397;0.105061;0.314768;0.999997;0.700397;
6.000000;0.700397;0.403214;1.047216;-0.700397;0.105060;0.314768;0.999995;0.700397;
6.000001;0.700396;0.403216;1.047216;-0.700397;0.105063;0.314768;1.000004;0.700396;
6.000003;0.700394;0.403221;1.047216;-0.700397;0.105070;0.314768;1.000024;0.700394;
6.000007;0.700390;0.403229;1.047216;-0.700397;0.105082;0.314768;1.000060;0.700390;
6.000015;0.700382;0.403247;1.047216;-0.700397;0.105107;0.314768;1.000134;0.700382;
6.000031;0.700367;0.403281;1.047216;-0.700397;0.105158;0.314767;1.000281;0.700367;
6.000063;0.700336;0.403349;1.047215;-0.700398;0.105258;0.314764;1.000569;0.700336;
6.000127;0.700277;0.403477;1.047213;-0.700403;0.105460;0.314752;1.001119;0.700277;
6.000255;0.700170;0.403712;1.047206;-0.700422;0.105865;0.314705;1.002127;0.700170;
6.000511;0.699988;0.404102;1.047179;-0.700494;0.106680;0.314533;1.003832;0.699988;
6.000539;0.699970;0.404140;1.047176;-0.700504;0.106772;0.314509;1.004000;0.699970;
6.000540;0.699969;0.404141;1.047175;-0.700504;0.106775;0.314508;1.004006;0.699969;
6.000541;0.699969;0.404142;1.047175;-0.700505;0.106778;0.314507;1.004011;0.699969;
6.000543;0.699967;0.404145;1.047175;-0.700505;0.106785;0.314505;1.004023;0.699967;
6.000547;0.699965;0.404150;1.047174;-0.700507;0.106797;0.314501;1.004045;0.699965;
6.000555;0.699960;0.404160;1.047173;-0.700510;0.106823;0.314494;1.004090;0.699960;
6.000571;0.699951;0.404180;1.047171;-0.700516;0.106874;0.314479;1.004178;0.699951;
6.000575;0.699948;0.404185;1.047170;-0.700518;0.106887;0.314475;1.004200;0.699948;
6.000576;0.699948;0.404186;1.047170;-0.700518;0.106890;0.314474;1.004205;0.699948;
6.000577;0.699947;0.404187;1.047170;-0.700519;0.106893;0.314473;1.004211;0.699947;
6.000579;0.699946;0.404190;1.047170;-0.700520;0.106900;0.314471;1.004222;0.699946;
6.000583;0.699944;0.404195;1.047169;-0.700521;0.106913;0.314467;1.004244;0.699944;
6.000591;0.699939;0.404204;1.047168;-0.700525;0.106938;0.314459;1.004287;0.699939;
6.000607;0.699930;0.404223;1.047165;-0.700531;0.106989;0.314443;1.004372;0.699930;
6.000639;0.699912;0.404261;1.047160;-0.700545;0.107092;0.314410;1.004540;0.699912;
6.000703;0.699877;0.404332;1.047149;-0.700574;0.107297;0.314341;1.004860;0.699877;
6.000831;0.699814;0.404461;1.047126;-0.700637;0.107709;0.314189;1.005447;0.699814;
6.001087;0.699707;0.404673;1.047071;-0.700783;0.108535;0.313841;1.006439;0.699707;
6.001599;0.699549;0.404964;1.046939;-0.701131;0.110196;0.313010;1.007877;0.699549;
6.002111;0.699449;0.405120;1.046785;-0.701534;0.111865;0.312044;1.008769;0.699449;
6.002623;0.699386;0.405191;1.046615;-0.701973;0.113539;0.310992;1.009308;0.699387;
6.003135;0.699347;0.405209;1.046435;-0.702433;0.115217;0.309887;1.009627;0.699347;
6.003647;0.699321;0.405197;1.046248;-0.702905;0.116896;0.308751;1.009814;0.699322;
6.004159;0.699304;0.405167;1.046055;-0.703384;0.118576;0.307597;1.009922;0.699304;
6.005183;0.699280;0.405091;1.045658;-0.704344;0.121937;0.305268;1.010037;0.699280;
6.006207;0.699267;0.405003;1.045249;-0.705308;0.125298;0.302922;1.010050;0.699266;
6.008255;0.699237;0.404851;1.044401;-0.707209;0.132015;0.298246;1.010057;0.699237;
6.012351;0.699160;0.404631;1.042589;-0.710904;0.145431;0.288939;1.010056;0.699160;
6.016447;0.699056;0.404474;1.040613;-0.714453;0.158818;0.279649;1.010051;0.699056;
6.020543;0.698923;0.404362;1.038473;-0.717854;0.172174;0.270365;1.010045;0.698924;
6.028735;0.698586;0.404206;1.033692;-0.724231;0.198789;0.251754;1.010038;0.698586;
6.036927;0.698124;0.404129;1.028245;-0.730013;0.225254;0.233106;1.010025;0.698124;
6.045119;0.697530;0.404097;1.022133;-0.735194;0.251554;0.214411;1.010014;0.697530;
6.061503;0.695970;0.404072;1.007922;-0.743774;0.303586;0.176871;1.009995;0.695970;
6.077887;0.693961;0.404074;0.991097;-0.750032;0.354762;0.139230;1.009978;0.693970;
6.094271;0.691567;0.404080;0.971703;-0.754047;0.404960;0.101596;1.009964;0.691590;
6.110655;0.688857;0.404084;0.949793;-0.755903;0.454062;0.064075;1.009952;0.688891;
6.127039;0.685899;0.404090;0.925424;-0.755691;0.501950;0.026767;1.009943;0.685943;
6.143423;0.682748;0.404096;0.898660;-0.753491;0.548511;-0.010239;1.009935;0.682800;
6.159807;0.679453;0.404105;0.869569;-0.749377;0.593632;-0.046861;1.009929;0.679512;
6.176191;0.676054;0.404117;0.838225;-0.743419;0.637201;-0.083022;1.009924;0.676120;
6.192575;0.672588;0.404130;0.804708;-0.735683;0.679111;-0.118652;1.009921;0.672660;
6.208959;0.669083;0.404146;0.769101;-0.726229;0.719257;-0.153685;1.009918;0.669161;
6.225343;0.665565;0.404163;0.731496;-0.715116;0.757537;-0.188058;1.009916;0.665650;
6.241727;0.662056;0.404182;0.691986;-0.702399;0.793854;-0.221710;1.009915;0.662146;
6.258111;0.658571;0.404202;0.650672;-0.688131;0.828115;-0.254582;1.009915;0.658667;
6.274495;0.655125;0.404223;0.607659;-0.672364;0.860232;-0.286617;1.009915;0.655227;
6.290879;0.651730;0.404246;0.563057;-0.655151;0.890119;-0.317758;1.009916;0.651837;
6.307263;0.648395;0.404270;0.516979;-0.636541;0.917700;-0.347952;1.009917;0.648506;
6.323647;0.645124;0.404294;0.469545;-0.616586;0.942901;-0.377143;1.009918;0.645241;
6.340031;0.641923;0.404320;0.420874;-0.595338;0.965656;-0.405280;1.009919;0.642046;
6.356415;0.638800;0.404348;0.371094;-0.572852;0.985904;-0.432313;1.009921;0.638926;
6.372799;0.635754;0.404375;0.320332;-0.549176;1.003589;-0.458191;1.009922;0.635884;
6.389183;0.632782;0.404399;0.268720;-0.524366;1.018665;-0.482862;1.009924;0.632921;
6.405567;0.629894;0.404431;0.216392;-0.498489;1.031090;-0.506284;1.009926;0.630037;
6.438335;0.624387;0.404582;0.110132;-0.443823;1.047868;-0.549218;1.009920;0.624387;
6.471103;0.619226;0.404648;0.002651;-0.385499;1.053708;-0.586694;1.009934;0.619312;
6.499999;0.614905;0.404629;-0.092196;-0.331459;1.049717;-0.614893;1.009937;0.615132;
6.499999;0.614900;0.404640;-0.092236;-0.331445;1.049718;-0.614900;1.009994;0.614900;
6.500000;0.614901;0.404638;-0.092236;-0.331444;1.049717;-0.614901;1.009985;0.614901;
6.500001;0.614902;0.404636;-0.092237;-0.331442;1.049717;-0.614902;1.009975;0.614902;
6.500003;0.614904;0.404632;-0.092237;-0.331438;1.049716;-0.614904;1.009956;0.614904;
6.500007;0.614907;0.404625;-0.092237;-0.331430;1.049715;-0.614907;1.009919;0.614907;
6.500015;0.614914;0.404609;-0.092238;-0.331415;1.049713;-0.614914;1.009844;0.614914;
6.500031;0.614928;0.404579;-0.092241;-0.331385;1.049708;-0.614928;1.009696;0.614928;
6.500063;0.614956;0.404520;-0.092245;-0.331327;1.049700;-0.614956;1.009407;0.614956;
6.500127;0.615008;0.404407;-0.092252;-0.331216;1.049683;-0.615008;1.008854;0.615008;
6.500255;0.615102;0.404202;-0.092267;-0.331013;1.049653;-0.615102;1.007840;0.615102;
6.500511;0.615255;0.403860;-0.092290;-0.330677;1.049602;-0.615255;1.006127;0.615255;
6.500882;0.615415;0.403487;-0.092314;-0.330310;1.049547;-0.615415;1.004200;0.615415;
6.500883;0.615415;0.403486;-0.092314;-0.330309;1.049547;-0.615415;1.004196;0.615415;
6.500884;0.615416;0.403485;-0.092314;-0.330308;1.049547;-0.615416;1.004192;0.615416;
6.500886;0.615416;0.403484;-0.092314;-0.330307;1.049547;-0.615416;1.004184;0.615416;
6.500890;0.615417;0.403481;-0.092314;-0.330304;1.049546;-0.615417;1.004168;0.615417;
6.500898;0.615420;0.403475;-0.092314;-0.330298;1.049545;-0.615420;1.004136;0.615420;
6.500914;0.615425;0.403463;-0.092315;-0.330287;1.049544;-0.615425;1.004073;0.615425;
6.500933;0.615430;0.403450;-0.092316;-0.330273;1.049542;-0.615430;1.004000;0.615430;
6.500934;0.615430;0.403449;-0.092316;-0.330273;1.049542;-0.615430;1.003996;0.615430;
6.500935;0.615431;0.403448;-0.092316;-0.330272;1.049541;-0.615431;1.003993;0.615431;
6.500937;0.615431;0.403447;-0.092316;-0.330271;1.049541;-0.615431;1.003985;0.615431;
6.500941;0.615432;0.403444;-0.092316;-0.330268;1.049541;-0.615432;1.003969;0.615432;
6.500949;0.615434;0.403438;-0.092316;-0.330262;1.049540;-0.615434;1.003939;0.615434;
6.500965;0.615439;0.403427;-0.092317;-0.330252;1.049538;-0.615439;1.003879;0.615439;
6.500997;0.615447;0.403406;-0.092318;-0.330230;1.049535;-0.615447;1.003761;0.615447;
6.501061;0.615463;0.403364;-0.092321;-0.330190;1.049529;-0.615463;1.003535;0.615463;
6.501189;0.615491;0.403290;-0.092325;-0.330118;1.049518;-0.615491;1.003121;0.615491;
6.501445;0.615532;0.403170;-0.092331;-0.330002;1.049501;-0.615532;1.002422;0.615532;
6.501957;0.615571;0.403013;-0.092337;-0.329852;1.049478;-0.615571;1.001408;0.615571;
6.502981;0.615551;0.402891;-0.092334;-0.329745;1.049462;-0.615551;1.000291;0.615551;
6.504005;0.615452;0.402920;-0.092319;-0.329788;1.049469;-0.615452;0.999900;0.615452;
6.505029;0.615321;0.403006;-0.092299;-0.329888;1.049484;-0.615321;0.999808;0.615321;
6.507077;0.615046;0.403187;-0.092258;-0.330099;1.049516;-0.615046;0.999773;0.615046;
6.511173;0.614514;0.403462;-0.092178;-0.330439;1.049567;-0.614514;0.999856;0.614514;
6.515269;0.614020;0.403660;-0.092104;-0.330701;1.049606;-0.614020;0.999878;0.614020;
6.519365;0.613563;0.403808;-0.092036;-0.330912;1.049638;-0.613563;0.999888;0.613563;
6.527557;0.612736;0.404029;-0.091912;-0.331252;1.049688;-0.612736;0.999901;0.612736;
6.535749;0.612053;0.404164;-0.091809;-0.331489;1.049724;-0.612053;0.999913;0.612053;
6.543941;0.611521;0.404249;-0.091729;-0.331655;1.049749;-0.611521;0.999924;0.611521;
6.560325;0.610896;0.404378;-0.091636;-0.331876;1.049782;-0.610896;0.999946;0.610896;
6.576709;0.610818;0.404476;-0.091624;-0.331979;1.049798;-0.610818;0.999965;0.610818;
6.593093;0.611225;0.404567;-0.091685;-0.331994;1.049800;-0.611225;0.999982;0.611225;
6.609477;0.612057;0.404657;-0.091810;-0.331937;1.049791;-0.612057;0.999997;0.612057;
6.625861;0.613255;0.404745;-0.091990;-0.331816;1.049773;-0.613255;1.000010;0.613255;
6.642245;0.614769;0.404830;-0.092217;-0.331640;1.049747;-0.614769;1.000021;0.614769;
6.658629;0.616553;0.404911;-0.092484;-0.331414;1.049713;-0.616553;1.000031;0.616553;
6.675013;0.618567;0.404989;-0.092786;-0.331146;1.049673;-0.618567;1.000039;0.618567;
6.691397;0.620775;0.405064;-0.093118;-0.330841;1.049627;-0.620775;1.000046;0.620775;
6.707781;0.623146;0.405137;-0.093473;-0.330504;1.049576;-0.623146;1.000052;0.623146;
6.724165;0.625651;0.405207;-0.093849;-0.330141;1.049522;-0.625651;1.000057;0.625651;
6.740549;0.628264;0.405274;-0.094241;-0.329755;1.049464;-0.628264;1.000062;0.628264;
6.756933;0.630963;0.405340;-0.094646;-0.329351;1.049403;-0.630963;1.000065;0.630963;
6.773317;0.633727;0.405403;-0.095060;-0.328931;1.049340;-0.633727;1.000068;0.633727;
6.806085;0.639352;0.405525;-0.095904;-0.328064;1.049210;-0.639352;1.000072;0.639352;
6.835576;0.644464;0.405628;-0.096671;-0.327262;1.049090;-0.644464;1.000073;0.644464;
6.865067;0.649535;0.405727;-0.097432;-0.326455;1.048969;-0.649535;1.000073;0.649535;
6.891609;0.654006;0.405811;-0.098102;-0.325736;1.048861;-0.654006;1.000072;0.654006;
6.918151;0.658337;0.405891;-0.098752;-0.325032;1.048755;-0.658337;1.000070;0.658337;
6.944693;0.662487;0.405968;-0.099374;-0.324353;1.048654;-0.662487;1.000067;0.662487;
6.971235;0.666421;0.406042;-0.099964;-0.323705;1.048556;-0.666421;1.000064;0.666421;
6.997778;0.670110;0.406112;-0.100518;-0.323095;1.048465;-0.670110;1.000059;0.670110;
7.024320;0.673533;0.406179;-0.101031;-0.322527;1.048380;-0.673533;1.000055;0.673533;
7.050862;0.676677;0.406242;-0.101503;-0.322004;1.048301;-0.676677;1.000050;0.676677;
7.077404;0.679535;0.406302;-0.101932;-0.321529;1.048230;-0.679535;1.000046;0.679535;
7.103946;0.682108;0.406359;-0.102318;-0.321102;1.048166;-0.682108;1.000041;0.682108;
7.130488;0.684404;0.406413;-0.102662;-0.320722;1.048109;-0.684404;1.000036;0.684404;
7.157030;0.686436;0.406464;-0.102967;-0.320387;1.048059;-0.686436;1.000032;0.686436;
7.183572;0.688224;0.406513;-0.103235;-0.320095;1.048015;-0.688224;1.000028;0.688224;
7.210114;0.689795;0.406558;-0.103471;-0.319840;1.047977;-0.689795;1.000025;0.689795;
7.236656;0.691172;0.406601;-0.103677;-0.319619;1.047944;-0.691172;1.000022;0.691172;
7.263198;0.692383;0.406642;-0.103859;-0.319427;1.047915;-0.692383;1.000019;0.692383;
7.289740;0.693451;0.406680;-0.104019;-0.319258;1.047889;-0.693451;1.000017;0.693451;
7.316282;0.694404;0.406715;-0.104162;-0.319110;1.047867;-0.694404;1.000015;0.694404;
7.342825;0.695263;0.406749;-0.104291;-0.318977;1.047847;-0.695263;1.000014;0.695263;
7.369367;0.696048;0.406781;-0.104409;-0.318857;1.047829;-0.696048;1.000013;0.696048;
7.395909;0.696774;0.406812;-0.104517;-0.318746;1.047813;-0.696774;1.000012;0.696774;
7.426915;0.697558;0.406845;-0.104635;-0.318627;1.047795;-0.697558;1.000011;0.697558;
7.457922;0.698280;0.406876;-0.104744;-0.318517;1.047778;-0.698280;1.000010;0.698280;
7.488929;0.698941;0.406904;-0.104843;-0.318417;1.047763;-0.698941;1.000009;0.698941;
7.519935;0.699535;0.406931;-0.104932;-0.318328;1.047750;-0.699535;1.000008;0.699535;
7.538536;0.699843;0.406946;-0.104978;-0.318282;1.047743;-0.699843;1.000007;0.699843;
7.557137;0.700119;0.406960;-0.105019;-0.318242;1.047737;-0.700119;1.000007;0.700119;
7.575738;0.700362;0.406973;-0.105056;-0.318207;1.047732;-0.700362;1.000006;0.700362;
7.594340;0.700583;0.406986;-0.105089;-0.318176;1.047727;-0.700583;1.000005;0.700583;
7.612941;0.700772;0.406998;-0.105117;-0.318151;1.047723;-0.700772;1.000004;0.700772;
7.631542;0.700928;0.407009;-0.105141;-0.318131;1.047720;-0.700928;1.000003;0.700928;
7.668744;0.701135;0.407029;-0.105172;-0.318110;1.047717;-0.701135;1.000002;0.701135;
7.705946;0.701211;0.407047;-0.105183;-0.318112;1.047717;-0.701211;1.000000;0.701211;
7.743148;0.701172;0.407061;-0.105177;-0.318132;1.047721;-0.701172;0.999999;0.701172;
7.780350;0.701045;0.407073;-0.105158;-0.318168;1.047726;-0.701045;0.999998;0.701045;
7.813832;0.700879;0.407082;-0.105133;-0.318207;1.047732;-0.700879;0.999997;0.700879;
7.847314;0.700691;0.407088;-0.105105;-0.318249;1.047738;-0.700691;0.999997;0.700691;
7.880796;0.700507;0.407093;-0.105077;-0.318289;1.047744;-0.700507;0.999997;0.700507;
7.914278;0.700346;0.407096;-0.105053;-0.318323;1.047749;-0.700346;0.999998;0.700346;
7.947760;0.700226;0.407098;-0.105035;-0.318347;1.047753;-0.700226;0.999999;0.700226;
7.981242;0.700157;0.407098;-0.105025;-0.318361;1.047755;-0.700157;0.999999;0.700157;
8.018105;0.700140;0.407096;-0.105022;-0.318362;1.047755;-0.700140;1.000000;0.700140;
8.054967;0.700180;0.407093;-0.105028;-0.318352;1.047753;-0.700180;1.000001;0.700180;
8.091830;0.700260;0.407088;-0.105040;-0.318332;1.047750;-0.700260;1.000001;0.700260;
8.128693;0.700362;0.407082;-0.105056;-0.318307;1.047747;-0.700362;1.000001;0.700362;
8.148491;0.700419;0.407078;-0.105064;-0.318292;1.047744;-0.700419;1.000001;0.700419;
8.168289;0.700469;0.407073;-0.105072;-0.318278;1.047742;-0.700469;1.000001;0.700469;
8.188087;0.700508;0.407068;-0.105078;-0.318266;1.047741;-0.700508;1.000001;0.700508;
8.227683;0.700557;0.407056;-0.105085;-0.318246;1.047738;-0.700557;1.000000;0.700557;
8.267279;0.700556;0.407043;-0.105085;-0.318234;1.047736;-0.700556;1.000000;0.700556;
8.306875;0.700499;0.407027;-0.105076;-0.318230;1.047735;-0.700499;0.999999;0.700499;
8.346471;0.700395;0.407010;-0.105061;-0.318234;1.047736;-0.700395;0.999999;0.700395;
8.386067;0.700256;0.406990;-0.105040;-0.318243;1.047737;-0.700256;0.999998;0.700256;
8.425663;0.700102;0.406969;-0.105017;-0.318253;1.047739;-0.700102;0.999998;0.700102;
8.447744;0.700018;0.406956;-0.105004;-0.318258;1.047739;-0.700018;0.999998;0.700018;
8.469824;0.699945;0.406943;-0.104993;-0.318260;1.047740;-0.699945;0.999998;0.699945;
8.491904;0.699885;0.406929;-0.104984;-0.318259;1.047739;-0.699885;0.999999;0.699885;
8.536064;0.699797;0.406901;-0.104971;-0.318250;1.047738;-0.699797;0.999999;0.699797;
8.575808;0.699766;0.406874;-0.104966;-0.318231;1.047735;-0.699766;1.000000;0.699766;
8.615553;0.699783;0.406846;-0.104969;-0.318202;1.047731;-0.699783;1.000000;0.699783;
8.655297;0.699840;0.406816;-0.104977;-0.318164;1.047725;-0.699840;1.000001;0.699840;
8.695041;0.699925;0.406786;-0.104990;-0.318120;1.047719;-0.699925;1.000001;0.699925;
8.734785;0.700022;0.406754;-0.105005;-0.318073;1.047712;-0.700022;1.000001;0.700022;
8.758120;0.700076;0.406735;-0.105013;-0.318045;1.047707;-0.700076;1.000001;0.700076;
8.781455;0.700120;0.406715;-0.105019;-0.318018;1.047703;-0.700120;1.000001;0.700120;
8.804790;0.700154;0.406694;-0.105025;-0.317993;1.047700;-0.700154;1.000001;0.700154;
8.851459;0.700193;0.406653;-0.105030;-0.317947;1.047693;-0.700193;1.000000;0.700193;
8.898128;0.700187;0.406609;-0.105030;-0.317909;1.047687;-0.700187;1.000000;0.700187;
8.944798;0.700139;0.406564;-0.105022;-0.317877;1.047682;-0.700139;0.999999;0.700139;
8.991467;0.700062;0.406518;-0.105011;-0.317849;1.047678;-0.700062;0.999999;0.700062;
9.038137;0.699972;0.406470;-0.104997;-0.317823;1.047674;-0.699972;0.999999;0.699972;
9.063879;0.699927;0.406442;-0.104991;-0.317806;1.047672;-0.699927;0.999999;0.699927;
9.089621;0.699891;0.406414;-0.104985;-0.317788;1.047669;-0.699891;0.999999;0.699891;
9.115362;0.699866;0.406386;-0.104981;-0.317767;1.047666;-0.699866;1.000000;0.699866;
9.166846;0.699844;0.406329;-0.104978;-0.317719;1.047659;-0.699844;1.000000;0.699844;
9.218330;0.699861;0.406271;-0.104981;-0.317663;1.047650;-0.699861;1.000000;0.699861;
9.268418;0.699919;0.406213;-0.104989;-0.317599;1.047640;-0.699919;1.000001;0.699919;
9.305422;0.699965;0.406169;-0.104996;-0.317550;1.047633;-0.699965;1.000001;0.699965;
9.339911;0.700005;0.406128;-0.105002;-0.317505;1.047626;-0.700005;1.000001;0.700005;
9.374400;0.700038;0.406086;-0.105007;-0.317460;1.047620;-0.700038;1.000000;0.700038;
9.408890;0.700061;0.406044;-0.105011;-0.317417;1.047613;-0.700061;1.000000;0.700061;
9.477868;0.700081;0.405958;-0.105014;-0.317335;1.047601;-0.700081;1.000000;0.700081;
9.546847;0.700063;0.405871;-0.105011;-0.317258;1.047589;-0.700063;1.000000;0.700063;
9.615826;0.700020;0.405781;-0.105005;-0.317185;1.047578;-0.700020;1.000000;0.700020;
9.684804;0.699970;0.405690;-0.104997;-0.317111;1.047567;-0.699970;1.000000;0.699970;
9.723185;0.699952;0.405639;-0.104994;-0.317068;1.047561;-0.699952;1.000000;0.699952;
9.761565;0.699944;0.405587;-0.104993;-0.317022;1.047554;-0.699944;1.000000;0.699944;
9.799945;0.699946;0.405534;-0.104993;-0.316974;1.047547;-0.699946;1.000000;0.699946;
9.876706;0.699964;0.405429;-0.104996;-0.316874;1.047532;-0.699964;1.000000;0.699964;
9.945790;0.699994;0.405333;-0.105001;-0.316781;1.047518;-0.699994;1.000000;0.699994;
10.014875;0.700024;0.405237;-0.105005;-0.316687;1.047504;-0.700024;1.000000;0.700024;
10.083960;0.700040;0.405140;-0.105007;-0.316595;1.047490;-0.700040;1.000000;0.700040;
10.153044;0.700038;0.405041;-0.105007;-0.316506;1.047477;-0.700038;1.000000;0.700038;
10.258365;0.700010;0.404890;-0.105003;-0.316373;1.047457;-0.700010;1.000000;0.700010;
10.353154;0.699993;0.404753;-0.105000;-0.316251;1.047438;-0.699993;1.000000;0.699993;
10.447942;0.699989;0.404616;-0.105000;-0.316127;1.047420;-0.699989;1.000000;0.699989;
10.542731;0.699993;0.404479;-0.105000;-0.316000;1.047401;-0.699993;1.000000;0.699993;
10.637519;0.699998;0.404341;-0.105001;-0.315874;1.047382;-0.699998;1.000000;0.699998;
10.827097;0.700002;0.404069;-0.105002;-0.315624;1.047344;-0.700002;1.000000;0.700002;
11.016674;0.700001;0.403799;-0.105002;-0.315378;1.047307;-0.700001;1.000000;0.700001;
11.395829;0.700000;0.403280;-0.105001;-0.314904;1.047236;-0.700000;1.000000;0.700000;
12.154138;0.700000;0.402358;-0.105001;-0.314062;1.047110;-0.700000;1.000000;0.700000;
12.912447;0.700000;0.401568;-0.105001;-0.313339;1.047002;-0.700000;1.000000;0.700000;
13.670756;0.700000;0.400910;-0.105001;-0.312738;1.046911;-0.700000;1.000000;0.700000;
15.187375;0.700000;0.399877;-0.105001;-0.311794;1.046770;-0.700000;1.000000;0.700000;
16.703993;0.700000;0.399242;-0.105001;-0.311212;1.046683;-0.700000;1.000000;0.700000;
18.220612;0.700000;0.398920;-0.105001;-0.310918;1.046638;-0.700000;1.000000;0.700000;
19.737230;0.700000;0.398807;-0.105001;-0.310815;1.046623;-0.700000;1.000000;0.700000;
20.000000;0.700000;0.398806;-0.105001;-0.310814;1.046623;-0.700000;1.000000;0.700000;
