time;WTG4A_WTG4A_injector_PInjPu;WTG4A_WTG4A_injector_QInjPu;WTG4A_WTG4A_injector_terminal_V_re;WTG4A_WTG4A_injector_terminal_i_re;WTG4A_WTG4A_injector_terminal_V_im;WTG4A_WTG4A_injector_terminal_i_im;WTG4A_WTG4A_pll_omegaPLLPu;WTG4A_WTG4A_wecc_wtgt_PePu;
0.000000;0.700006;0.279505;1.030009;-0.700000;0.105006;0.199999;1.000000;0.700006;
0.000001;0.700006;0.279505;1.030009;-0.700000;0.105006;0.199999;1.000000;0.700006;
0.000002;0.700006;0.279505;1.030009;-0.700000;0.105006;0.199999;1.000000;0.700006;
0.000004;0.700006;0.279505;1.030009;-0.700000;0.105006;0.199999;1.000000;0.700006;
0.000008;0.700006;0.279505;1.030009;-0.700000;0.105006;0.199999;1.000000;0.700006;
0.000016;0.700006;0.279505;1.030009;-0.700000;0.105006;0.199999;1.000000;0.700006;
0.000032;0.700006;0.279505;1.030009;-0.700000;0.105006;0.199999;1.000000;0.700006;
0.000064;0.700006;0.279505;1.030009;-0.700000;0.105006;0.199999;1.000000;0.700006;
0.000128;0.700006;0.279505;1.030009;-0.700000;0.105006;0.199999;1.000000;0.700006;
0.000256;0.700006;0.279505;1.030009;-0.700000;0.105006;0.199999;1.000000;0.700006;
0.000512;0.700006;0.279505;1.030009;-0.700000;0.105006;0.199999;1.000000;0.700006;
0.001024;0.700006;0.279505;1.030009;-0.700000;0.105006;0.199999;1.000000;0.700006;
0.002048;0.700006;0.279505;1.030009;-0.700000;0.105006;0.199999;1.000000;0.700006;
0.004096;0.700006;0.279505;1.030009;-0.700000;0.105006;0.199999;1.000000;0.700006;
0.006144;0.700006;0.279505;1.030009;-0.700000;0.105006;0.199999;1.000000;0.700006;
0.010240;0.700006;0.279505;1.030009;-0.700000;0.105006;0.199999;1.000000;0.700006;
0.013926;0.700005;0.279505;1.030009;-0.700000;0.105006;0.199999;1.000000;0.700005;
0.017613;0.700005;0.279505;1.030009;-0.700000;0.105006;0.199999;1.000000;0.700005;
0.021299;0.700005;0.279505;1.030009;-0.700000;0.105006;0.199999;1.000000;0.700005;
0.024986;0.700005;0.279505;1.030009;-0.700000;0.105006;0.199999;1.000000;0.700005;
0.028672;0.700005;0.279505;1.030009;-0.700000;0.105006;0.199999;1.000000;0.700005;
0.032358;0.700005;0.279505;1.030009;-0.700000;0.105006;0.199999;1.000000;0.700005;
0.039731;0.700005;0.279505;1.030009;-0.700000;0.105006;0.199999;1.000000;0.700005;
0.047104;0.700005;0.279505;1.030009;-0.700000;0.105006;0.199999;1.000000;0.700005;
0.054477;0.700005;0.279505;1.030009;-0.700000;0.105006;0.199999;1.000000;0.700005;
0.061850;0.700005;0.279505;1.030009;-0.700000;0.105006;0.199999;1.000000;0.700005;
0.076595;0.700005;0.279505;1.030009;-0.700000;0.105006;0.199999;1.000000;0.700005;
0.106086;0.700005;0.279505;1.030009;-0.700000;0.105006;0.199999;1.000000;0.700005;
0.165069;0.700005;0.279505;1.030009;-0.700000;0.105006;0.199999;1.000000;0.700005;
0.283034;0.700005;0.279505;1.030009;-0.700000;0.105006;0.199999;1.000000;0.700005;
0.518963;0.700005;0.279505;1.030009;-0.700000;0.105006;0.199999;1.000000;0.700005;
0.990822;0.700005;0.279505;1.030009;-0.700000;0.105006;0.199999;1.000000;0.700005;
1.000000;0.700005;0.279505;1.030009;-0.700000;0.105006;0.199999;1.000000;0.700005;
1.000000;0.420005;0.199506;0.630009;-0.700000;0.105006;0.199999;1.121701;0.420005;
1.000001;0.420010;0.199492;0.630006;-0.700008;0.105008;0.199975;1.121633;0.420010;
1.000002;0.420015;0.199478;0.630002;-0.700016;0.105009;0.199952;1.121566;0.420015;
1.000004;0.420024;0.199450;0.629995;-0.700032;0.105011;0.199905;1.121431;0.420024;
1.000008;0.420043;0.199395;0.629981;-0.700064;0.105016;0.199811;1.121161;0.420043;
1.000016;0.420082;0.199285;0.629953;-0.700127;0.105026;0.199624;1.120624;0.420082;
1.000032;0.420157;0.199067;0.629897;-0.700253;0.105044;0.199254;1.119556;0.420157;
1.000064;0.420307;0.198639;0.629788;-0.700503;0.105082;0.198525;1.117449;0.420307;
1.000128;0.420601;0.197812;0.629577;-0.700993;0.105155;0.197114;1.113348;0.420601;
1.000256;0.421167;0.196273;0.629181;-0.701937;0.105297;0.194476;1.105573;0.421167;
1.000512;0.422227;0.193614;0.628489;-0.703704;0.105562;0.189867;1.091579;0.422227;
1.000768;0.423212;0.191472;0.627921;-0.705344;0.105808;0.186075;1.079470;0.423212;
1.001013;0.424102;0.189853;0.627478;-0.706828;0.106031;0.183125;1.069432;0.424102;
1.001014;0.424105;0.189846;0.627476;-0.706833;0.106032;0.183114;1.069395;0.424105;
1.001015;0.424108;0.189841;0.627475;-0.706839;0.106032;0.183103;1.069357;0.424108;
1.001017;0.424116;0.189829;0.627472;-0.706850;0.106034;0.183082;1.069281;0.424116;
1.001021;0.424130;0.189806;0.627465;-0.706874;0.106038;0.183040;1.069130;0.424130;
1.001029;0.424158;0.189761;0.627453;-0.706921;0.106045;0.182955;1.068829;0.424158;
1.001045;0.424214;0.189671;0.627427;-0.707015;0.106059;0.182788;1.068231;0.424214;
1.001077;0.424327;0.189497;0.627378;-0.707203;0.106087;0.182460;1.067051;0.424327;
1.001141;0.424550;0.189166;0.627284;-0.707575;0.106143;0.181834;1.064754;0.424550;
1.001269;0.424992;0.188573;0.627113;-0.708312;0.106253;0.180689;1.060402;0.424992;
1.001341;0.425241;0.188275;0.627024;-0.708726;0.106316;0.180099;1.058063;0.425241;
1.001342;0.425244;0.188271;0.627023;-0.708732;0.106317;0.180091;1.058032;0.425244;
1.001343;0.425248;0.188267;0.627022;-0.708737;0.106317;0.180083;1.058000;0.425248;
1.001345;0.425255;0.188260;0.627019;-0.708749;0.106319;0.180068;1.057938;0.425255;
1.001349;0.425268;0.188244;0.627015;-0.708772;0.106322;0.180037;1.057813;0.425268;
1.001357;0.425296;0.188214;0.627006;-0.708817;0.106329;0.179976;1.057563;0.425296;
1.001373;0.425350;0.188155;0.626988;-0.708908;0.106343;0.179856;1.057068;0.425350;
1.001405;0.425459;0.188043;0.626953;-0.709089;0.106370;0.179625;1.056090;0.425459;
1.001469;0.425677;0.187840;0.626889;-0.709453;0.106425;0.179198;1.054188;0.425677;
1.001597;0.426116;0.187524;0.626781;-0.710184;0.106534;0.178475;1.050584;0.426116;
1.001853;0.427004;0.187220;0.626638;-0.711664;0.106756;0.177528;1.044103;0.427004;
1.002109;0.427913;0.187330;0.626589;-0.713180;0.106984;0.177200;1.038506;0.427913;
1.002365;0.428851;0.187821;0.626625;-0.714743;0.107218;0.177438;1.033680;0.428851;
1.002621;0.429822;0.188660;0.626738;-0.716361;0.107461;0.178191;1.029526;0.429822;
1.002877;0.430831;0.189820;0.626921;-0.718042;0.107713;0.179413;1.025954;0.430831;
1.003133;0.431880;0.191276;0.627169;-0.719790;0.107975;0.181062;1.022885;0.431880;
1.003389;0.432971;0.193004;0.627475;-0.721610;0.108248;0.183101;1.020251;0.432971;
1.003901;0.435290;0.197175;0.628237;-0.725473;0.108828;0.188183;1.016006;0.435290;
1.004413;0.437789;0.202216;0.629180;-0.729639;0.109453;0.194468;1.012902;0.437789;
1.004834;0.439977;0.206926;0.630069;-0.733286;0.110000;0.200398;1.011001;0.439977;
1.004834;0.439978;0.206926;0.630069;-0.733288;0.110000;0.200397;1.011001;0.439978;
1.004835;0.439984;0.206938;0.630072;-0.733297;0.110001;0.200412;1.010997;0.439984;
1.004836;0.439989;0.206949;0.630074;-0.733306;0.110003;0.200427;1.010994;0.439989;
1.004838;0.440000;0.206973;0.630078;-0.733323;0.110005;0.200457;1.010986;0.440000;
1.004842;0.440021;0.207021;0.630087;-0.733359;0.110011;0.200517;1.010971;0.440021;
1.004850;0.440064;0.207116;0.630105;-0.733430;0.110021;0.200637;1.010942;0.440064;
1.004866;0.440150;0.207306;0.630141;-0.733573;0.110043;0.200878;1.010883;0.440150;
1.004898;0.440322;0.207689;0.630214;-0.733860;0.110086;0.201362;1.010767;0.440322;
1.004962;0.440669;0.208463;0.630361;-0.734438;0.110173;0.202341;1.010542;0.440669;
1.005090;0.441370;0.210040;0.630660;-0.735607;0.110348;0.204337;1.010120;0.441370;
1.005346;0.442806;0.213309;0.631281;-0.738000;0.110707;0.208477;1.009373;0.442806;
1.005858;0.445798;0.220206;0.632589;-0.742987;0.111455;0.217196;1.008205;0.445798;
1.006370;0.448941;0.227514;0.633971;-0.748225;0.112240;0.226403;1.007396;0.448941;
1.006882;0.452223;0.235160;0.635408;-0.753694;0.113061;0.235984;1.006860;0.452223;
1.007394;0.455634;0.243082;0.636888;-0.759379;0.113914;0.245850;1.006525;0.455634;
1.007906;0.459164;0.251230;0.638399;-0.765262;0.114796;0.255923;1.006337;0.459164;
1.008930;0.466526;0.267974;0.641467;-0.777533;0.116637;0.276374;1.006209;0.466526;
1.009954;0.474237;0.285138;0.644560;-0.790383;0.118564;0.296989;1.006301;0.474237;
1.010978;0.482221;0.302488;0.647631;-0.803688;0.120560;0.317458;1.006492;0.482221;
1.011268;0.484517;0.307395;0.648489;-0.807515;0.121134;0.323179;1.006550;0.484517;
1.011268;0.484517;0.307395;0.648489;-0.807516;0.121134;0.323179;1.006550;0.484517;
1.011269;0.484525;0.307412;0.648492;-0.807529;0.121136;0.323198;1.006550;0.484525;
1.011270;0.484533;0.307429;0.648495;-0.807542;0.121138;0.323218;1.006550;0.484533;
1.011272;0.484549;0.307463;0.648501;-0.807569;0.121142;0.323258;1.006551;0.484549;
1.011276;0.484581;0.307531;0.648513;-0.807622;0.121150;0.323337;1.006552;0.484581;
1.011284;0.484644;0.307667;0.648536;-0.807728;0.121166;0.323495;1.006553;0.484644;
1.011300;0.484772;0.307940;0.648584;-0.807941;0.121198;0.323812;1.006557;0.484772;
1.011332;0.485026;0.308484;0.648679;-0.808364;0.121261;0.324445;1.006563;0.485026;
1.011396;0.485532;0.309571;0.648869;-0.809208;0.121388;0.325711;1.006574;0.485532;
1.011524;0.486536;0.311743;0.649248;-0.810880;0.121639;0.328240;1.006588;0.486536;
1.011780;0.488509;0.316073;0.650005;-0.814168;0.122132;0.333286;1.006588;0.488509;
1.012292;0.492322;0.324677;0.651512;-0.820523;0.123085;0.343329;1.006504;0.492322;
1.013316;0.499471;0.341630;0.654486;-0.832438;0.124872;0.363157;1.006135;0.499471;
1.014340;0.506048;0.358197;0.657397;-0.843399;0.126516;0.382559;1.005620;0.506048;
1.015364;0.512140;0.374316;0.660226;-0.853552;0.128039;0.401419;1.005083;0.512140;
1.016388;0.517832;0.389922;0.662957;-0.863038;0.129462;0.419623;1.004594;0.517832;
1.017378;0.523031;0.404478;0.665490;-0.871703;0.130762;0.436509;1.004200;0.523031;
1.017378;0.523032;0.404477;0.665490;-0.871704;0.130762;0.436507;1.004200;0.523032;
1.017378;0.523032;0.404478;0.665490;-0.871705;0.130762;0.436508;1.004200;0.523032;
1.017379;0.523037;0.404492;0.665493;-0.871713;0.130763;0.436525;1.004200;0.523037;
1.017380;0.523042;0.404506;0.665495;-0.871722;0.130764;0.436542;1.004199;0.523042;
1.017382;0.523053;0.404535;0.665500;-0.871738;0.130767;0.436575;1.004199;0.523053;
1.017386;0.523073;0.404593;0.665510;-0.871772;0.130772;0.436642;1.004197;0.523073;
1.017394;0.523114;0.404708;0.665530;-0.871840;0.130782;0.436775;1.004194;0.523114;
1.017410;0.523195;0.404939;0.665570;-0.871976;0.130803;0.437042;1.004189;0.523195;
1.017442;0.523358;0.405399;0.665650;-0.872247;0.130843;0.437575;1.004177;0.523358;
1.017506;0.523682;0.406318;0.665810;-0.872788;0.130924;0.438638;1.004155;0.523682;
1.017634;0.524328;0.408149;0.666127;-0.873864;0.131086;0.440753;1.004111;0.524328;
1.017890;0.525610;0.411780;0.666756;-0.876000;0.131406;0.444943;1.004029;0.525610;
1.017980;0.526052;0.413039;0.666974;-0.876737;0.131517;0.446396;1.004000;0.526052;
1.017980;0.526052;0.413040;0.666974;-0.876737;0.131517;0.446396;1.004000;0.526052;
1.017981;0.526057;0.413054;0.666976;-0.876745;0.131518;0.446412;1.004000;0.526057;
1.017982;0.526062;0.413068;0.666978;-0.876753;0.131519;0.446428;1.004000;0.526062;
1.017984;0.526071;0.413096;0.666983;-0.876770;0.131522;0.446460;1.003999;0.526071;
1.017988;0.526091;0.413152;0.666993;-0.876803;0.131527;0.446525;1.003998;0.526091;
1.017996;0.526131;0.413264;0.667012;-0.876869;0.131536;0.446654;1.003995;0.526131;
1.018012;0.526210;0.413489;0.667051;-0.877001;0.131556;0.446913;1.003991;0.526210;
1.018044;0.526369;0.413937;0.667129;-0.877265;0.131596;0.447430;1.003981;0.526369;
1.018108;0.526685;0.414833;0.667283;-0.877792;0.131675;0.448460;1.003963;0.526685;
1.018236;0.527314;0.416617;0.667591;-0.878840;0.131832;0.450512;1.003926;0.527314;
1.018492;0.528546;0.420174;0.668206;-0.880893;0.132140;0.454610;1.003843;0.528546;
1.019004;0.530906;0.427245;0.669432;-0.884826;0.132730;0.462784;1.003645;0.530906;
1.020028;0.535229;0.441210;0.671869;-0.892031;0.133811;0.479032;1.003176;0.535229;
1.021052;0.539062;0.454917;0.674280;-0.898419;0.134769;0.495103;1.002665;0.539062;
1.023100;0.545547;0.481389;0.678969;-0.909226;0.136390;0.526357;1.001737;0.545547;
1.024943;0.550245;0.504000;0.682998;-0.917056;0.137564;0.553217;1.001070;0.550245;
1.026786;0.554169;0.525289;0.686795;-0.923595;0.138545;0.578528;1.000606;0.554169;
1.028629;0.557547;0.545139;0.690325;-0.929224;0.139389;0.602058;1.000331;0.557547;
1.030472;0.560573;0.563472;0.693564;-0.934267;0.140145;0.623648;1.000211;0.560573;
1.032316;0.563398;0.580254;0.696499;-0.938976;0.140851;0.643214;1.000208;0.563398;
1.034159;0.566134;0.595486;0.699128;-0.943535;0.141535;0.660741;1.000287;0.566134;
1.036002;0.568856;0.609201;0.701457;-0.948071;0.142215;0.676265;1.000416;0.568856;
1.037845;0.571611;0.621459;0.703498;-0.952662;0.142904;0.689867;1.000573;0.571611;
1.039688;0.574424;0.632335;0.705266;-0.957349;0.143607;0.701654;1.000739;0.574424;
1.041532;0.577302;0.641918;0.706781;-0.962146;0.144326;0.711755;1.000903;0.577302;
1.043375;0.580241;0.650306;0.708065;-0.967044;0.145061;0.720310;1.001055;0.580241;
1.047061;0.586223;0.664033;0.710049;-0.977014;0.146557;0.733535;1.001301;0.586223;
1.050379;0.591643;0.673298;0.711255;-0.986046;0.147911;0.741577;1.001451;0.591643;
1.053697;0.596971;0.680219;0.712036;-0.994927;0.149244;0.746778;1.001534;0.596971;
1.057015;0.602111;0.685255;0.712485;-1.003492;0.150528;0.749771;1.001555;0.602111;
1.060332;0.606976;0.688822;0.712688;-1.011600;0.151745;0.751125;1.001526;0.606976;
1.063650;0.611504;0.691275;0.712716;-1.019147;0.152877;0.751310;1.001458;0.611504;
1.066968;0.615655;0.692902;0.712626;-1.026064;0.153915;0.750710;1.001362;0.615655;
1.070286;0.619408;0.693934;0.712462;-1.032319;0.154853;0.749621;1.001249;0.619408;
1.073603;0.622759;0.694552;0.712259;-1.037904;0.155691;0.748267;1.001127;0.622759;
1.076921;0.625719;0.694891;0.712041;-1.042837;0.156431;0.746810;1.001002;0.625719;
1.083557;0.630586;0.695172;0.711628;-1.050949;0.157648;0.744058;1.000766;0.630586;
1.090192;0.634214;0.695159;0.711277;-1.056996;0.158555;0.741719;1.000561;0.634214;
1.096828;0.636840;0.695079;0.711009;-1.061372;0.159211;0.739930;1.000395;0.636840;
1.103463;0.638691;0.695031;0.710821;-1.064457;0.159674;0.738674;1.000269;0.638691;
1.110099;0.639967;0.695041;0.710698;-1.066584;0.159993;0.737858;1.000176;0.639967;
1.116734;0.640832;0.695098;0.710624;-1.068026;0.160209;0.737365;1.000112;0.640832;
1.123370;0.641412;0.695181;0.710583;-1.068991;0.160354;0.737091;1.000069;0.641412;
1.130005;0.641797;0.695273;0.710562;-1.069634;0.160451;0.736951;1.000041;0.641797;
1.136641;0.642054;0.695359;0.710553;-1.070063;0.160515;0.736888;1.000023;0.642054;
1.143276;0.642226;0.695432;0.710549;-1.070349;0.160558;0.736865;1.000012;0.642226;
1.156547;0.642441;0.695538;0.710548;-1.070706;0.160611;0.736854;0.999999;0.642441;
1.169818;0.642538;0.695601;0.710550;-1.070869;0.160636;0.736867;0.999994;0.642538;
1.183089;0.642578;0.695636;0.710552;-1.070935;0.160646;0.736884;0.999992;0.642578;
1.196360;0.642590;0.695657;0.710555;-1.070955;0.160649;0.736902;0.999992;0.642590;
1.207913;0.642590;0.695670;0.710557;-1.070954;0.160649;0.736918;0.999992;0.642590;
1.219466;0.642585;0.695681;0.710560;-1.070947;0.160648;0.736934;0.999992;0.642585;
1.231018;0.642579;0.695691;0.710562;-1.070936;0.160646;0.736951;0.999993;0.642579;
1.242571;0.642572;0.695701;0.710565;-1.070925;0.160644;0.736967;0.999993;0.642572;
1.254123;0.642565;0.695710;0.710567;-1.070914;0.160643;0.736983;0.999994;0.642565;
1.265676;0.642559;0.695719;0.710569;-1.070904;0.160641;0.736998;0.999994;0.642559;
1.277228;0.642553;0.695727;0.710571;-1.070894;0.160640;0.737012;0.999995;0.642553;
1.288781;0.642548;0.695735;0.710573;-1.070885;0.160638;0.737024;0.999995;0.642548;
1.300334;0.642543;0.695742;0.710575;-1.070877;0.160637;0.737036;0.999996;0.642543;
1.311886;0.642539;0.695748;0.710577;-1.070870;0.160636;0.737046;0.999996;0.642539;
1.323439;0.642535;0.695754;0.710578;-1.070863;0.160635;0.737056;0.999996;0.642535;
1.334991;0.642531;0.695760;0.710579;-1.070857;0.160634;0.737065;0.999996;0.642531;
1.346544;0.642528;0.695765;0.710581;-1.070851;0.160633;0.737074;0.999997;0.642528;
1.369649;0.642521;0.695774;0.710583;-1.070841;0.160632;0.737089;0.999997;0.642521;
1.392754;0.642516;0.695782;0.710585;-1.070832;0.160630;0.737102;0.999998;0.642516;
1.415859;0.642511;0.695788;0.710587;-1.070824;0.160629;0.737113;0.999998;0.642511;
1.438965;0.642508;0.695794;0.710588;-1.070818;0.160628;0.737122;0.999998;0.642508;
1.459759;0.642504;0.695798;0.710589;-1.070813;0.160627;0.737130;0.999998;0.642504;
1.478474;0.642502;0.695802;0.710590;-1.070809;0.160627;0.737135;0.999999;0.642502;
1.495318;0.642500;0.695804;0.710591;-1.070806;0.160626;0.737140;0.999999;0.642500;
1.512162;0.642499;0.695807;0.710591;-1.070803;0.160626;0.737144;0.999999;0.642499;
1.529005;0.642497;0.695809;0.710592;-1.070800;0.160626;0.737148;0.999999;0.642497;
1.545849;0.642496;0.695811;0.710592;-1.070798;0.160625;0.737151;0.999999;0.642496;
1.562693;0.642494;0.695813;0.710593;-1.070796;0.160625;0.737154;0.999999;0.642494;
1.579536;0.642493;0.695814;0.710593;-1.070794;0.160625;0.737157;0.999999;0.642493;
1.596380;0.642492;0.695816;0.710593;-1.070793;0.160624;0.737159;0.999999;0.642492;
1.613224;0.642492;0.695817;0.710594;-1.070791;0.160624;0.737161;0.999999;0.642492;
1.630067;0.642491;0.695818;0.710594;-1.070790;0.160624;0.737163;1.000000;0.642491;
1.646911;0.642490;0.695819;0.710594;-1.070789;0.160624;0.737164;1.000000;0.642490;
1.663754;0.642490;0.695820;0.710594;-1.070788;0.160624;0.737166;1.000000;0.642490;
1.697442;0.642489;0.695821;0.710595;-1.070786;0.160623;0.737168;1.000000;0.642489;
1.727760;0.642488;0.695822;0.710595;-1.070785;0.160623;0.737170;1.000000;0.642488;
1.755047;0.642487;0.695823;0.710595;-1.070784;0.160623;0.737171;1.000000;0.642487;
1.778925;0.642487;0.695824;0.710595;-1.070783;0.160623;0.737172;1.000000;0.642487;
1.800216;0.642487;0.695824;0.710596;-1.070783;0.160623;0.737173;1.000000;0.642487;
1.819379;0.642486;0.695825;0.710596;-1.070782;0.160623;0.737174;1.000000;0.642486;
1.836625;0.642486;0.695825;0.710596;-1.070782;0.160623;0.737174;1.000000;0.642486;
1.853871;0.642486;0.695825;0.710596;-1.070782;0.160623;0.737175;1.000000;0.642486;
1.871118;0.642486;0.695825;0.710596;-1.070781;0.160623;0.737175;1.000000;0.642486;
1.888364;0.642486;0.695826;0.710596;-1.070781;0.160623;0.737175;1.000000;0.642486;
1.905610;0.642486;0.695826;0.710596;-1.070781;0.160623;0.737176;1.000000;0.642486;
1.922856;0.642485;0.695826;0.710596;-1.070781;0.160623;0.737176;1.000000;0.642485;
1.940103;0.642485;0.695826;0.710596;-1.070781;0.160623;0.737176;1.000000;0.642485;
1.957349;0.642485;0.695826;0.710596;-1.070781;0.160623;0.737176;1.000000;0.642485;
1.974595;0.642485;0.695826;0.710596;-1.070780;0.160623;0.737176;1.000000;0.642485;
1.995785;0.642485;0.695826;0.710596;-1.070780;0.160623;0.737177;1.000000;0.642485;
2.000000;0.642485;0.695826;0.710596;-1.070780;0.160623;0.737177;1.000000;0.642485;
2.000000;1.070797;0.990697;1.110596;-1.070780;0.160623;0.737177;0.735425;1.070797;
2.000001;1.070736;0.990786;1.110609;-1.070719;0.160613;0.737266;0.735666;1.070736;
2.000002;1.070675;0.990875;1.110623;-1.070658;0.160604;0.737354;0.735907;1.070675;
2.000004;1.070553;0.991052;1.110649;-1.070536;0.160586;0.737532;0.736388;1.070553;
2.000008;1.070309;0.991406;1.110702;-1.070292;0.160549;0.737886;0.737349;1.070309;
2.000016;1.069824;0.992109;1.110808;-1.069807;0.160477;0.738589;0.739260;1.069824;
2.000032;1.068864;0.993498;1.111016;-1.068847;0.160333;0.739977;0.743043;1.068864;
2.000064;1.066984;0.996206;1.111422;-1.066967;0.160050;0.742685;0.750450;1.066984;
2.000128;1.063379;1.001357;1.112195;-1.063362;0.159510;0.747837;0.764659;1.063379;
2.000256;1.056758;1.010677;1.113593;-1.056741;0.158516;0.757158;0.790823;1.056758;
2.000384;1.050888;1.018790;1.114811;-1.050871;0.157636;0.765273;0.814189;1.050888;
2.000469;1.047349;1.023613;1.115535;-1.047332;0.157105;0.770099;0.828415;1.047349;
2.000470;1.047307;1.023663;1.115542;-1.047290;0.157098;0.770150;0.828575;1.047307;
2.000471;1.047268;1.023716;1.115550;-1.047251;0.157093;0.770203;0.828734;1.047268;
2.000473;1.047189;1.023822;1.115566;-1.047173;0.157081;0.770310;0.829050;1.047189;
2.000477;1.047033;1.024033;1.115598;-1.047016;0.157057;0.770521;0.829682;1.047033;
2.000485;1.046721;1.024454;1.115661;-1.046704;0.157011;0.770942;0.830940;1.046721;
2.000501;1.046104;1.025282;1.115786;-1.046087;0.156918;0.771772;0.833426;1.046104;
2.000533;1.044894;1.026894;1.116028;-1.044877;0.156736;0.773389;0.838293;1.044894;
2.000597;1.042566;1.029942;1.116488;-1.042549;0.156387;0.776454;0.847613;1.042566;
2.000725;1.038250;1.035388;1.117314;-1.038233;0.155740;0.781959;0.864724;1.038250;
2.000853;1.034360;1.040028;1.118024;-1.034343;0.155156;0.786694;0.879942;1.034360;
2.000981;1.030854;1.043939;1.118630;-1.030837;0.154630;0.790736;0.893462;1.030854;
2.001109;1.027691;1.047196;1.119143;-1.027674;0.154156;0.794156;0.905464;1.027691;
2.001237;1.024832;1.049861;1.119573;-1.024815;0.153727;0.797018;0.916115;1.024832;
2.001365;1.022243;1.051994;1.119927;-1.022227;0.153338;0.799380;0.925563;1.022243;
2.001493;1.019893;1.053646;1.120214;-1.019876;0.152986;0.801293;0.933943;1.019893;
2.001621;1.017752;1.054863;1.120440;-1.017735;0.152664;0.802801;0.941371;1.017752;
2.001877;1.013966;1.056189;1.120740;-1.013950;0.152097;0.804800;0.953903;1.013966;
2.002108;1.011049;1.056250;1.120854;-1.011033;0.151659;0.805562;0.962853;1.011049;
2.002338;1.008489;1.055402;1.120845;-1.008472;0.151275;0.805504;0.970026;1.008489;
2.002462;1.007222;1.054624;1.120798;-1.007206;0.151085;0.805186;0.973294;1.007222;
2.002463;1.007213;1.054617;1.120797;-1.007196;0.151083;0.805182;0.973319;1.007213;
2.002464;1.007203;1.054609;1.120797;-1.007186;0.151082;0.805179;0.973343;1.007203;
2.002466;1.007183;1.054595;1.120796;-1.007167;0.151079;0.805172;0.973391;1.007183;
2.002470;1.007144;1.054565;1.120793;-1.007128;0.151073;0.805157;0.973487;1.007144;
2.002478;1.007067;1.054505;1.120789;-1.007050;0.151062;0.805128;0.973678;1.007067;
2.002494;1.006912;1.054382;1.120780;-1.006895;0.151038;0.805066;0.974056;1.006912;
2.002526;1.006605;1.054126;1.120760;-1.006589;0.150992;0.804935;0.974795;1.006605;
2.002590;1.006004;1.053577;1.120716;-1.005987;0.150902;0.804639;0.976208;1.006004;
2.002718;1.004840;1.052334;1.120608;-1.004823;0.150728;0.803920;0.978792;1.004840;
2.002974;1.002637;1.049325;1.120324;-1.002620;0.150397;0.802030;0.983134;1.002637;
2.003230;1.000563;1.045683;1.119959;-1.000547;0.150086;0.799596;0.986530;1.000563;
2.003486;0.998573;1.041489;1.119524;-0.998557;0.149788;0.796694;0.989168;0.998573;
2.003742;0.996630;1.036811;1.119027;-0.996614;0.149496;0.793386;0.991207;0.996630;
2.003998;0.994705;1.031706;1.118478;-0.994689;0.149207;0.789726;0.992776;0.994705;
2.004254;0.992776;1.026224;1.117883;-0.992760;0.148918;0.785757;0.993977;0.992776;
2.004766;0.988834;1.014324;1.116579;-0.988818;0.148327;0.777066;0.995651;0.988834;
2.005278;0.984742;1.001325;1.115144;-0.984726;0.147713;0.767496;0.996594;0.984742;
2.005790;0.980465;0.987413;1.113599;-0.980450;0.147072;0.757199;0.997081;0.980465;
2.006302;0.975992;0.972738;1.111963;-0.975977;0.146401;0.746296;0.997297;0.975992;
2.006814;0.971328;0.957424;1.110251;-0.971313;0.145701;0.734881;0.997359;0.971328;
2.007326;0.966485;0.941575;1.108473;-0.966471;0.144975;0.723031;0.997338;0.966485;
2.008350;0.956372;0.908701;1.104769;-0.956358;0.143458;0.698340;0.997223;0.956372;
2.009374;0.945798;0.874618;1.100903;-0.945785;0.141872;0.672572;0.997070;0.945798;
2.010398;0.934920;0.839783;1.096925;-0.934907;0.140241;0.646052;0.996937;0.934920;
2.010680;0.931894;0.830126;1.095817;-0.931882;0.139787;0.638666;0.996907;0.931894;
2.010680;0.931893;0.830126;1.095817;-0.931881;0.139787;0.638666;0.996907;0.931894;
2.010681;0.931883;0.830092;1.095813;-0.931870;0.139785;0.638640;0.996907;0.931883;
2.010682;0.931872;0.830057;1.095809;-0.931859;0.139784;0.638614;0.996907;0.931872;
2.010684;0.931850;0.829988;1.095801;-0.931837;0.139780;0.638561;0.996907;0.931850;
2.010688;0.931807;0.829851;1.095785;-0.931794;0.139774;0.638455;0.996907;0.931807;
2.010696;0.931721;0.829575;1.095754;-0.931708;0.139761;0.638244;0.996906;0.931721;
2.010712;0.931548;0.829024;1.095690;-0.931535;0.139735;0.637823;0.996904;0.931548;
2.010744;0.931202;0.827924;1.095564;-0.931189;0.139683;0.636980;0.996901;0.931202;
2.010808;0.930510;0.825726;1.095311;-0.930497;0.139579;0.635297;0.996894;0.930510;
2.010936;0.929128;0.821347;1.094808;-0.929115;0.139372;0.631941;0.996882;0.929128;
2.011192;0.926366;0.812650;1.093807;-0.926353;0.138958;0.625271;0.996859;0.926366;
2.011704;0.920861;0.795504;1.091831;-0.920849;0.138132;0.612096;0.996824;0.920861;
2.011834;0.919470;0.791207;1.091335;-0.919458;0.137924;0.608789;0.996816;0.919470;
2.011835;0.919460;0.791174;1.091331;-0.919448;0.137922;0.608763;0.996816;0.919460;
2.011836;0.919449;0.791141;1.091327;-0.919437;0.137921;0.608738;0.996816;0.919449;
2.011838;0.919428;0.791075;1.091320;-0.919415;0.137917;0.608687;0.996816;0.919428;
2.011842;0.919385;0.790943;1.091304;-0.919373;0.137911;0.608585;0.996816;0.919385;
2.011850;0.919299;0.790680;1.091274;-0.919287;0.137898;0.608382;0.996816;0.919299;
2.011866;0.919128;0.790152;1.091213;-0.919116;0.137872;0.607976;0.996815;0.919128;
2.011898;0.918786;0.789098;1.091091;-0.918774;0.137821;0.607164;0.996814;0.918786;
2.011962;0.918105;0.786994;1.090848;-0.918093;0.137719;0.605543;0.996812;0.918105;
2.012090;0.916752;0.782803;1.090363;-0.916740;0.137516;0.602310;0.996812;0.916752;
2.012346;0.914083;0.774485;1.089398;-0.914071;0.137116;0.595881;0.996824;0.914083;
2.012858;0.908888;0.758106;1.087492;-0.908877;0.136337;0.583170;0.996879;0.908888;
2.013882;0.899064;0.726353;1.083766;-0.899053;0.134863;0.558335;0.997059;0.899064;
2.014906;0.889967;0.695923;1.080158;-0.889956;0.133499;0.534287;0.997286;0.889967;
2.015930;0.881556;0.666792;1.076671;-0.881546;0.132237;0.511037;0.997523;0.881556;
2.016954;0.873790;0.638939;1.073304;-0.873780;0.131073;0.488595;0.997750;0.873790;
2.017978;0.866627;0.612340;1.070059;-0.866618;0.129998;0.466966;0.997963;0.866627;
2.019002;0.860028;0.586967;1.066937;-0.860019;0.129009;0.446153;0.998159;0.860028;
2.020026;0.853955;0.562792;1.063937;-0.853946;0.128098;0.426156;0.998341;0.853955;
2.021050;0.848374;0.539780;1.061059;-0.848365;0.127261;0.406967;0.998509;0.848374;
2.022074;0.843319;0.518527;1.058382;-0.843311;0.126503;0.389128;0.998665;0.843319;
2.023098;0.838780;0.499242;1.055940;-0.838772;0.125822;0.372849;0.998809;0.838780;
2.024122;0.834730;0.481871;1.053729;-0.834722;0.125215;0.358111;0.998943;0.834730;
2.026170;0.827905;0.452122;1.049917;-0.827897;0.124191;0.332698;0.999181;0.827905;
2.027955;0.823201;0.431013;1.047190;-0.823193;0.123486;0.314518;0.999358;0.823201;
2.029739;0.819471;0.413614;1.044926;-0.819463;0.122926;0.299428;0.999511;0.819471;
2.031523;0.816562;0.399299;1.043051;-0.816555;0.122490;0.286927;0.999642;0.816562;
2.033308;0.814343;0.387546;1.041500;-0.814335;0.122157;0.276590;0.999752;0.814343;
2.035092;0.812698;0.377914;1.040220;-0.812690;0.121911;0.268057;0.999845;0.812698;
2.036877;0.811529;0.370039;1.039165;-0.811521;0.121735;0.261025;0.999922;0.811529;
2.038661;0.810752;0.363616;1.038297;-0.810744;0.121619;0.255239;0.999985;0.810752;
2.040446;0.810294;0.358392;1.037584;-0.810287;0.121550;0.250487;1.000036;0.810294;
2.042230;0.810095;0.354156;1.037000;-0.810088;0.121521;0.246590;1.000077;0.810095;
2.044015;0.810103;0.350733;1.036521;-0.810096;0.121522;0.243400;1.000109;0.810103;
2.045799;0.810273;0.347978;1.036130;-0.810266;0.121547;0.240792;1.000133;0.810273;
2.047584;0.810569;0.345769;1.035811;-0.810561;0.121592;0.238665;1.000151;0.810569;
2.049368;0.810956;0.344002;1.035550;-0.810949;0.121650;0.236927;1.000164;0.810956;
2.051153;0.811414;0.342600;1.035338;-0.811407;0.121718;0.235514;1.000172;0.811414;
2.054722;0.812437;0.340576;1.035019;-0.812430;0.121872;0.233390;1.000178;0.812437;
2.058291;0.813534;0.339357;1.034811;-0.813527;0.122036;0.232001;1.000174;0.813534;
2.061834;0.814616;0.338679;1.034679;-0.814609;0.122199;0.231119;1.000164;0.814616;
2.061834;0.814616;0.338679;1.034679;-0.814609;0.122199;0.231120;1.000164;0.814616;
2.061835;0.814616;0.338679;1.034679;-0.814609;0.122199;0.231119;1.000164;0.814616;
2.061836;0.814617;0.338679;1.034679;-0.814610;0.122199;0.231119;1.000164;0.814617;
2.061838;0.814617;0.338678;1.034679;-0.814610;0.122199;0.231119;1.000164;0.814617;
2.061842;0.814619;0.338678;1.034679;-0.814611;0.122199;0.231118;1.000164;0.814619;
2.061850;0.814621;0.338677;1.034678;-0.814614;0.122200;0.231117;1.000163;0.814621;
2.061866;0.814626;0.338675;1.034678;-0.814619;0.122200;0.231114;1.000163;0.814626;
2.061898;0.814636;0.338671;1.034677;-0.814628;0.122202;0.231108;1.000163;0.814636;
2.061962;0.814655;0.338664;1.034675;-0.814648;0.122205;0.231097;1.000163;0.814655;
2.062090;0.814694;0.338650;1.034672;-0.814687;0.122211;0.231075;1.000163;0.814694;
2.062346;0.814771;0.338622;1.034666;-0.814764;0.122222;0.231031;1.000162;0.814771;
2.062858;0.814925;0.338571;1.034653;-0.814918;0.122245;0.230948;1.000159;0.814925;
2.063882;0.815226;0.338484;1.034631;-0.815219;0.122290;0.230798;1.000155;0.815226;
2.065930;0.815803;0.338359;1.034593;-0.815796;0.122377;0.230549;1.000146;0.815803;
2.070026;0.816850;0.338252;1.034542;-0.816843;0.122534;0.230209;1.000127;0.816850;
2.074122;0.817746;0.338280;1.034515;-0.817739;0.122668;0.230029;1.000107;0.817746;
2.078218;0.818491;0.338385;1.034504;-0.818484;0.122780;0.229957;1.000089;0.818491;
2.082314;0.819090;0.338529;1.034504;-0.819082;0.122870;0.229954;1.000071;0.819090;
2.086410;0.819552;0.338691;1.034511;-0.819545;0.122939;0.229999;1.000056;0.819552;
2.094602;0.820137;0.339014;1.034536;-0.820130;0.123027;0.230167;1.000029;0.820137;
2.101975;0.820326;0.339299;1.034569;-0.820319;0.123055;0.230390;1.000010;0.820326;
2.109348;0.820261;0.339569;1.034610;-0.820254;0.123046;0.230658;0.999995;0.820261;
2.116721;0.819996;0.339827;1.034655;-0.819989;0.123006;0.230959;0.999983;0.819996;
2.124094;0.819575;0.340073;1.034704;-0.819568;0.122943;0.231287;0.999974;0.819575;
2.131466;0.819029;0.340309;1.034756;-0.819022;0.122861;0.231633;0.999967;0.819029;
2.138839;0.818384;0.340536;1.034810;-0.818376;0.122764;0.231993;0.999961;0.818384;
2.146212;0.817657;0.340755;1.034866;-0.817650;0.122655;0.232364;0.999956;0.817657;
2.146612;0.817616;0.340766;1.034869;-0.817608;0.122649;0.232385;0.999956;0.817616;
2.146613;0.817615;0.340766;1.034869;-0.817608;0.122649;0.232385;0.999956;0.817615;
2.146614;0.817615;0.340766;1.034869;-0.817608;0.122649;0.232385;0.999956;0.817615;
2.146616;0.817615;0.340766;1.034869;-0.817608;0.122649;0.232385;0.999956;0.817615;
2.146620;0.817615;0.340767;1.034869;-0.817607;0.122649;0.232385;0.999956;0.817615;
2.146628;0.817614;0.340767;1.034869;-0.817607;0.122649;0.232385;0.999956;0.817614;
2.146644;0.817612;0.340767;1.034869;-0.817605;0.122648;0.232386;0.999956;0.817612;
2.146676;0.817609;0.340768;1.034869;-0.817602;0.122648;0.232388;0.999956;0.817609;
2.146740;0.817602;0.340770;1.034870;-0.817595;0.122647;0.232391;0.999956;0.817602;
2.146868;0.817589;0.340774;1.034871;-0.817581;0.122645;0.232398;0.999955;0.817589;
2.147124;0.817562;0.340781;1.034873;-0.817555;0.122641;0.232411;0.999955;0.817562;
2.147636;0.817508;0.340796;1.034877;-0.817500;0.122633;0.232437;0.999955;0.817508;
2.148660;0.817399;0.340826;1.034884;-0.817391;0.122616;0.232490;0.999954;0.817399;
2.150708;0.817177;0.340885;1.034900;-0.817170;0.122583;0.232596;0.999953;0.817177;
2.154804;0.816721;0.341002;1.034932;-0.816713;0.122515;0.232810;0.999951;0.816721;
2.162996;0.815761;0.341235;1.034998;-0.815753;0.122371;0.233247;0.999947;0.815761;
2.171188;0.814744;0.341467;1.035066;-0.814736;0.122218;0.233697;0.999944;0.814744;
2.179380;0.813677;0.341700;1.035135;-0.813669;0.122058;0.234158;0.999941;0.813677;
2.187572;0.812565;0.341934;1.035205;-0.812558;0.121891;0.234630;0.999938;0.812565;
2.195764;0.811415;0.342169;1.035278;-0.811408;0.121719;0.235112;0.999936;0.811415;
2.203956;0.810229;0.342405;1.035351;-0.810222;0.121541;0.235602;0.999934;0.810229;
2.212148;0.809010;0.342642;1.035426;-0.809003;0.121358;0.236099;0.999932;0.809010;
2.220340;0.807762;0.342880;1.035501;-0.807755;0.121171;0.236604;0.999930;0.807762;
2.228532;0.806486;0.343118;1.035578;-0.806479;0.120979;0.237115;0.999928;0.806486;
2.236724;0.805183;0.343357;1.035656;-0.805176;0.120784;0.237631;0.999927;0.805183;
2.244916;0.803855;0.343596;1.035734;-0.803848;0.120585;0.238154;0.999925;0.803855;
2.253108;0.802503;0.343835;1.035813;-0.802496;0.120382;0.238681;0.999924;0.802503;
2.261300;0.801127;0.344075;1.035893;-0.801120;0.120175;0.239214;0.999922;0.801127;
2.269492;0.799727;0.344314;1.035974;-0.799720;0.119965;0.239751;0.999921;0.799727;
2.277684;0.798305;0.344554;1.036055;-0.798298;0.119752;0.240293;0.999919;0.798305;
2.285876;0.796858;0.344794;1.036137;-0.796852;0.119535;0.240839;0.999918;0.796858;
2.294068;0.795389;0.345034;1.036219;-0.795382;0.119314;0.241390;0.999916;0.795389;
2.302260;0.793896;0.345274;1.036303;-0.793889;0.119091;0.241946;0.999915;0.793896;
2.310452;0.792379;0.345513;1.036387;-0.792372;0.118863;0.242506;0.999913;0.792379;
2.318644;0.790838;0.345753;1.036471;-0.790831;0.118632;0.243070;0.999912;0.790838;
2.335028;0.787682;0.346231;1.036643;-0.787675;0.118158;0.244212;0.999909;0.787682;
2.351412;0.784428;0.346707;1.036816;-0.784421;0.117670;0.245371;0.999906;0.784428;
2.367796;0.781077;0.347183;1.036993;-0.781070;0.117167;0.246546;0.999903;0.781077;
2.384180;0.777632;0.347656;1.037171;-0.777625;0.116651;0.247737;0.999900;0.777632;
2.400564;0.774098;0.348127;1.037352;-0.774092;0.116121;0.248941;0.999898;0.774098;
2.416948;0.770486;0.348596;1.037534;-0.770479;0.115579;0.250156;0.999896;0.770486;
2.433332;0.766806;0.349063;1.037718;-0.766799;0.115027;0.251380;0.999894;0.766806;
2.449716;0.763073;0.349528;1.037902;-0.763067;0.114467;0.252608;0.999893;0.763073;
2.466100;0.759307;0.349990;1.038086;-0.759301;0.113902;0.253837;0.999892;0.759307;
2.482484;0.755527;0.350450;1.038270;-0.755521;0.113335;0.255062;0.999892;0.755527;
2.498868;0.751757;0.350907;1.038452;-0.751751;0.112769;0.256279;0.999892;0.751757;
2.513614;0.748391;0.351317;1.038615;-0.748384;0.112264;0.257363;0.999893;0.748391;
2.528359;0.745071;0.351725;1.038775;-0.745065;0.111766;0.258431;0.999895;0.745071;
2.541630;0.742138;0.352091;1.038917;-0.742131;0.111326;0.259378;0.999897;0.742138;
2.554901;0.739270;0.352455;1.039057;-0.739264;0.110896;0.260307;0.999900;0.739270;
2.568172;0.736483;0.352818;1.039193;-0.736476;0.110478;0.261216;0.999903;0.736483;
2.581443;0.733789;0.353180;1.039326;-0.733783;0.110074;0.262102;0.999906;0.733789;
2.594715;0.731201;0.353540;1.039455;-0.731195;0.109685;0.262963;0.999910;0.731201;
2.607986;0.728730;0.353899;1.039580;-0.728724;0.109315;0.263798;0.999914;0.728730;
2.621257;0.726387;0.354257;1.039701;-0.726381;0.108963;0.264603;0.999919;0.726387;
2.634528;0.724180;0.354614;1.039817;-0.724174;0.108632;0.265379;0.999924;0.724180;
2.647799;0.722116;0.354970;1.039929;-0.722110;0.108323;0.266123;0.999929;0.722116;
2.661070;0.720202;0.355324;1.040036;-0.720196;0.108035;0.266835;0.999934;0.720202;
2.674341;0.718440;0.355678;1.040138;-0.718434;0.107771;0.267514;0.999940;0.718440;
2.700883;0.715379;0.356382;1.040327;-0.715373;0.107312;0.268776;0.999951;0.715379;
2.727425;0.712919;0.357083;1.040497;-0.712913;0.106943;0.269911;0.999961;0.712919;
2.751313;0.711192;0.357710;1.040635;-0.711187;0.106684;0.270832;0.999970;0.711192;
2.772812;0.710000;0.358271;1.040748;-0.709995;0.106505;0.271586;0.999977;0.710000;
2.792161;0.709187;0.358774;1.040842;-0.709182;0.106383;0.272211;0.999982;0.709187;
2.809575;0.708637;0.359224;1.040921;-0.708631;0.106300;0.272736;0.999987;0.708637;
2.825248;0.708265;0.359628;1.040988;-0.708259;0.106245;0.273182;0.999990;0.708265;
2.840921;0.707987;0.360031;1.041052;-0.707981;0.106203;0.273609;0.999992;0.707987;
2.855027;0.707800;0.360390;1.041107;-0.707794;0.106175;0.273978;0.999994;0.707800;
2.869132;0.707655;0.360749;1.041161;-0.707649;0.106153;0.274338;0.999995;0.707655;
2.883238;0.707537;0.361106;1.041214;-0.707531;0.106135;0.274691;0.999996;0.707537;
2.897343;0.707431;0.361462;1.041266;-0.707425;0.106120;0.275040;0.999996;0.707431;
2.911449;0.707325;0.361815;1.041318;-0.707319;0.106104;0.275387;0.999996;0.707325;
2.925554;0.707205;0.362167;1.041371;-0.707200;0.106086;0.275735;0.999995;0.707205;
2.939660;0.707061;0.362517;1.041423;-0.707055;0.106064;0.276087;0.999994;0.707061;
2.953765;0.706882;0.362865;1.041477;-0.706876;0.106037;0.276443;0.999993;0.706882;
2.967871;0.706661;0.363211;1.041531;-0.706655;0.106004;0.276806;0.999991;0.706661;
2.996082;0.706071;0.363897;1.041644;-0.706065;0.105915;0.277555;0.999988;0.706071;
3.024293;0.705280;0.364575;1.041761;-0.705274;0.105797;0.278336;0.999985;0.705280;
3.049002;0.704429;0.365162;1.041867;-0.704424;0.105669;0.279043;0.999982;0.704429;
3.070633;0.703581;0.365671;1.041962;-0.703575;0.105542;0.279678;0.999980;0.703581;
3.089657;0.702772;0.366114;1.042047;-0.702766;0.105421;0.280245;0.999979;0.702772;
3.106779;0.702012;0.366511;1.042124;-0.702007;0.105307;0.280758;0.999978;0.702012;
3.122189;0.701318;0.366865;1.042193;-0.701312;0.105202;0.281219;0.999978;0.701318;
3.137599;0.700626;0.367217;1.042262;-0.700621;0.105099;0.281678;0.999978;0.700626;
3.153009;0.699952;0.367566;1.042330;-0.699947;0.104998;0.282131;0.999979;0.699952;
3.168419;0.699309;0.367914;1.042397;-0.699304;0.104901;0.282576;0.999980;0.699309;
3.183829;0.698710;0.368259;1.042462;-0.698705;0.104811;0.283010;0.999982;0.698710;
3.199239;0.698168;0.368603;1.042525;-0.698162;0.104730;0.283432;0.999984;0.698168;
3.214649;0.697692;0.368945;1.042586;-0.697686;0.104658;0.283838;0.999986;0.697692;
3.230059;0.697292;0.369284;1.042645;-0.697286;0.104599;0.284228;0.999988;0.697292;
3.245469;0.696976;0.369622;1.042700;-0.696970;0.104551;0.284601;0.999991;0.696976;
3.260879;0.696748;0.369958;1.042754;-0.696742;0.104517;0.284954;0.999993;0.696748;
3.291698;0.696566;0.370625;1.042851;-0.696561;0.104490;0.285604;0.999999;0.696566;
3.319436;0.696704;0.371220;1.042929;-0.696698;0.104510;0.286125;1.000004;0.696704;
3.344400;0.697050;0.371750;1.042992;-0.697045;0.104562;0.286546;1.000007;0.697050;
3.366727;0.697514;0.372221;1.043044;-0.697509;0.104632;0.286890;1.000010;0.697514;
3.386558;0.698021;0.372636;1.043087;-0.698016;0.104708;0.287175;1.000012;0.698021;
3.404405;0.698534;0.373007;1.043123;-0.698528;0.104785;0.287417;1.000013;0.698534;
3.420468;0.699023;0.373338;1.043155;-0.699018;0.104858;0.287628;1.000014;0.699023;
3.436531;0.699522;0.373668;1.043186;-0.699516;0.104933;0.287835;1.000014;0.699522;
3.452593;0.700016;0.373996;1.043217;-0.700010;0.105007;0.288041;1.000013;0.700016;
3.468656;0.700489;0.374321;1.043248;-0.700483;0.105078;0.288249;1.000013;0.700489;
3.484719;0.700929;0.374644;1.043280;-0.700923;0.105144;0.288462;1.000011;0.700929;
3.500782;0.701322;0.374965;1.043313;-0.701316;0.105203;0.288681;1.000010;0.701322;
3.516844;0.701658;0.375284;1.043347;-0.701653;0.105253;0.288909;1.000008;0.701658;
3.532907;0.701928;0.375600;1.043383;-0.701922;0.105294;0.289148;1.000006;0.701928;
3.548970;0.702124;0.375914;1.043420;-0.702118;0.105323;0.289399;1.000004;0.702124;
3.581095;0.702282;0.376535;1.043501;-0.702276;0.105347;0.289939;0.999999;0.702282;
3.610008;0.702162;0.377085;1.043581;-0.702156;0.105329;0.290469;0.999995;0.702162;
3.636030;0.701859;0.377573;1.043657;-0.701853;0.105284;0.290977;0.999992;0.701859;
3.658881;0.701461;0.377997;1.043727;-0.701455;0.105224;0.291443;0.999990;0.701461;
3.679204;0.701028;0.378370;1.043791;-0.701022;0.105159;0.291870;0.999989;0.701028;
3.697486;0.700593;0.378702;1.043849;-0.700588;0.105094;0.292259;0.999988;0.700593;
3.713940;0.700181;0.378999;1.043902;-0.700175;0.105032;0.292612;0.999987;0.700181;
3.730394;0.699764;0.379293;1.043955;-0.699758;0.104969;0.292963;0.999987;0.699764;
3.746848;0.699356;0.379585;1.044007;-0.699350;0.104908;0.293310;0.999988;0.699356;
3.763302;0.698970;0.379875;1.044058;-0.698964;0.104850;0.293651;0.999989;0.698970;
3.779756;0.698619;0.380162;1.044108;-0.698613;0.104797;0.293983;0.999990;0.698619;
3.796210;0.698312;0.380448;1.044156;-0.698307;0.104751;0.294304;0.999991;0.698312;
3.812664;0.698061;0.380732;1.044202;-0.698056;0.104714;0.294613;0.999993;0.698061;
3.829118;0.697873;0.381014;1.044247;-0.697867;0.104686;0.294908;0.999995;0.697873;
3.845572;0.697753;0.381293;1.044289;-0.697747;0.104668;0.295188;0.999997;0.697753;
3.878480;0.697725;0.381848;1.044366;-0.697719;0.104663;0.295703;1.000001;0.697725;
3.907398;0.697926;0.382329;1.044427;-0.697921;0.104694;0.296106;1.000004;0.697926;
3.933423;0.698270;0.382757;1.044476;-0.698264;0.104745;0.296434;1.000007;0.698270;
3.956644;0.698683;0.383136;1.044516;-0.698678;0.104807;0.296702;1.000009;0.698683;
3.977437;0.699117;0.383472;1.044550;-0.699111;0.104872;0.296927;1.000010;0.699117;
3.996151;0.699540;0.383772;1.044579;-0.699534;0.104936;0.297120;1.000010;0.699540;
4.006108;0.699774;0.383930;1.044594;-0.699768;0.104971;0.297221;1.000010;0.699774;
4.016065;0.700006;0.384087;1.044609;-0.700000;0.105005;0.297320;1.000010;0.700006;
4.026023;0.700233;0.384244;1.044624;-0.700228;0.105040;0.297420;1.000010;0.700233;
4.035980;0.700457;0.384400;1.044639;-0.700451;0.105073;0.297521;1.000010;0.700457;
4.045938;0.700673;0.384556;1.044654;-0.700667;0.105106;0.297622;1.000009;0.700673;
4.055895;0.700880;0.384711;1.044669;-0.700874;0.105137;0.297724;1.000009;0.700880;
4.065852;0.701075;0.384865;1.044685;-0.701069;0.105166;0.297828;1.000008;0.701075;
4.085767;0.701418;0.385171;1.044717;-0.701412;0.105217;0.298043;1.000007;0.701418;
4.105682;0.701690;0.385474;1.044751;-0.701684;0.105258;0.298268;1.000005;0.701690;
4.125597;0.701881;0.385774;1.044787;-0.701876;0.105287;0.298507;1.000003;0.701881;
4.145511;0.701985;0.386071;1.044824;-0.701979;0.105302;0.298759;1.000001;0.701985;
4.169670;0.701989;0.386427;1.044873;-0.701984;0.105303;0.299085;0.999998;0.701989;
4.193828;0.701865;0.386778;1.044925;-0.701859;0.105284;0.299431;0.999996;0.701865;
4.217986;0.701621;0.387124;1.044980;-0.701615;0.105248;0.299796;0.999994;0.701621;
4.242144;0.701279;0.387466;1.045037;-0.701273;0.105196;0.300175;0.999992;0.701279;
4.262714;0.700929;0.387753;1.045087;-0.700923;0.105144;0.300507;0.999991;0.700929;
4.283284;0.700542;0.388038;1.045137;-0.700536;0.105086;0.300842;0.999990;0.700542;
4.294594;0.700318;0.388192;1.045165;-0.700313;0.105052;0.301027;0.999990;0.700318;
4.305905;0.700096;0.388346;1.045192;-0.700090;0.105019;0.301211;0.999990;0.700096;
4.317215;0.699879;0.388498;1.045219;-0.699874;0.104986;0.301392;0.999991;0.699879;
4.328526;0.699667;0.388651;1.045247;-0.699662;0.104955;0.301573;0.999991;0.699667;
4.339836;0.699464;0.388802;1.045273;-0.699458;0.104924;0.301751;0.999991;0.699464;
4.351147;0.699271;0.388952;1.045299;-0.699266;0.104895;0.301926;0.999992;0.699271;
4.362458;0.699093;0.389102;1.045325;-0.699087;0.104869;0.302097;0.999992;0.699093;
4.385079;0.698792;0.389399;1.045375;-0.698786;0.104823;0.302427;0.999994;0.698792;
4.407700;0.698573;0.389693;1.045421;-0.698567;0.104790;0.302739;0.999996;0.698573;
4.430321;0.698446;0.389984;1.045465;-0.698440;0.104771;0.303030;0.999998;0.698446;
4.452942;0.698417;0.390271;1.045505;-0.698411;0.104767;0.303299;1.000000;0.698417;
4.475563;0.698485;0.390556;1.045543;-0.698479;0.104777;0.303547;1.000002;0.698485;
4.498184;0.698644;0.390838;1.045577;-0.698638;0.104801;0.303775;1.000004;0.698644;
4.520806;0.698882;0.391117;1.045608;-0.698876;0.104837;0.303984;1.000005;0.698882;
4.543427;0.699184;0.391393;1.045638;-0.699178;0.104882;0.304179;1.000006;0.699184;
4.563786;0.699495;0.391638;1.045662;-0.699489;0.104929;0.304345;1.000007;0.699495;
4.584145;0.699826;0.391882;1.045686;-0.699820;0.104978;0.304504;1.000007;0.699826;
4.594373;0.699997;0.392003;1.045698;-0.699991;0.105004;0.304582;1.000007;0.699997;
4.604600;0.700165;0.392123;1.045710;-0.700160;0.105029;0.304660;1.000007;0.700165;
4.614828;0.700329;0.392243;1.045721;-0.700323;0.105054;0.304738;1.000007;0.700329;
4.625056;0.700487;0.392362;1.045733;-0.700482;0.105078;0.304817;1.000007;0.700487;
4.635284;0.700639;0.392481;1.045745;-0.700633;0.105100;0.304897;1.000006;0.700639;
4.645512;0.700782;0.392599;1.045757;-0.700776;0.105122;0.304977;1.000006;0.700782;
4.665968;0.701032;0.392834;1.045782;-0.701026;0.105159;0.305144;1.000005;0.701032;
4.686423;0.701229;0.393065;1.045808;-0.701223;0.105189;0.305318;1.000003;0.701229;
4.706879;0.701364;0.393294;1.045836;-0.701358;0.105209;0.305502;1.000002;0.701364;
4.727335;0.701432;0.393520;1.045865;-0.701426;0.105219;0.305696;1.000000;0.701432;
4.753340;0.701420;0.393803;1.045904;-0.701414;0.105217;0.305957;0.999998;0.701420;
4.779344;0.701300;0.394082;1.045946;-0.701294;0.105200;0.306236;0.999997;0.701300;
4.805349;0.701085;0.394356;1.045990;-0.701079;0.105167;0.306529;0.999995;0.701085;
4.828753;0.700827;0.394600;1.046031;-0.700821;0.105129;0.306801;0.999994;0.700827;
4.849817;0.700556;0.394816;1.046068;-0.700550;0.105088;0.307051;0.999993;0.700556;
4.870881;0.700264;0.395029;1.046106;-0.700258;0.105044;0.307302;0.999993;0.700264;
4.882517;0.700097;0.395145;1.046127;-0.700091;0.105019;0.307441;0.999993;0.700097;
4.894153;0.699933;0.395260;1.046147;-0.699927;0.104994;0.307578;0.999993;0.699933;
4.905789;0.699774;0.395375;1.046168;-0.699769;0.104971;0.307713;0.999993;0.699774;
4.917424;0.699621;0.395489;1.046188;-0.699616;0.104948;0.307847;0.999994;0.699621;
4.929060;0.699476;0.395603;1.046208;-0.699471;0.104926;0.307979;0.999994;0.699476;
4.940696;0.699342;0.395715;1.046227;-0.699336;0.104906;0.308108;0.999994;0.699342;
4.963968;0.699114;0.395939;1.046264;-0.699108;0.104872;0.308356;0.999996;0.699114;
4.987240;0.698948;0.396159;1.046299;-0.698943;0.104847;0.308590;0.999997;0.698948;
5.010511;0.698854;0.396377;1.046332;-0.698848;0.104833;0.308807;0.999998;0.698854;
5.033783;0.698833;0.396592;1.046362;-0.698827;0.104829;0.309008;1.000000;0.698833;
5.057055;0.698887;0.396804;1.046390;-0.698881;0.104838;0.309192;1.000001;0.698887;
5.080327;0.699010;0.397014;1.046415;-0.699004;0.104856;0.309360;1.000003;0.699010;
5.103598;0.699192;0.397221;1.046438;-0.699186;0.104883;0.309515;1.000004;0.699192;
5.126870;0.699421;0.397426;1.046459;-0.699416;0.104918;0.309658;1.000005;0.699421;
5.150142;0.699683;0.397628;1.046480;-0.699677;0.104957;0.309793;1.000005;0.699683;
5.171086;0.699932;0.397807;1.046497;-0.699926;0.104994;0.309909;1.000005;0.699932;
5.192031;0.700180;0.397984;1.046514;-0.700174;0.105032;0.310023;1.000005;0.700180;
5.212975;0.700416;0.398159;1.046532;-0.700410;0.105067;0.310138;1.000005;0.700416;
5.233920;0.700626;0.398332;1.046549;-0.700620;0.105098;0.310256;1.000004;0.700626;
5.254865;0.700801;0.398503;1.046568;-0.700795;0.105125;0.310378;1.000003;0.700801;
5.275809;0.700932;0.398671;1.046587;-0.700926;0.105144;0.310507;1.000002;0.700932;
5.296754;0.701014;0.398837;1.046607;-0.701008;0.105157;0.310643;1.000001;0.701014;
5.317698;0.701044;0.399000;1.046629;-0.701038;0.105161;0.310787;1.000000;0.701044;
5.344165;0.701007;0.399203;1.046658;-0.701001;0.105155;0.310980;0.999998;0.701007;
5.370632;0.700890;0.399403;1.046688;-0.700884;0.105138;0.311185;0.999997;0.700890;
5.397099;0.700706;0.399598;1.046721;-0.700700;0.105110;0.311399;0.999996;0.700706;
5.420920;0.700497;0.399772;1.046750;-0.700491;0.105079;0.311597;0.999995;0.700497;
5.444740;0.700261;0.399942;1.046781;-0.700255;0.105044;0.311798;0.999995;0.700261;
5.468560;0.700014;0.400109;1.046811;-0.700008;0.105007;0.311999;0.999995;0.700014;
5.492380;0.699773;0.400274;1.046840;-0.699767;0.104970;0.312196;0.999995;0.699773;
5.516201;0.699552;0.400436;1.046869;-0.699546;0.104937;0.312386;0.999996;0.699552;
5.540021;0.699366;0.400595;1.046896;-0.699360;0.104909;0.312568;0.999996;0.699366;
5.563841;0.699225;0.400752;1.046922;-0.699219;0.104888;0.312738;0.999997;0.699225;
5.587662;0.699138;0.400907;1.046945;-0.699133;0.104875;0.312896;0.999999;0.699138;
5.611482;0.699110;0.401059;1.046967;-0.699104;0.104871;0.313041;1.000000;0.699110;
5.638925;0.699149;0.401232;1.046989;-0.699144;0.104877;0.313191;1.000001;0.699149;
5.666368;0.699260;0.401402;1.047010;-0.699255;0.104893;0.313325;1.000002;0.699260;
5.693811;0.699432;0.401569;1.047028;-0.699426;0.104919;0.313445;1.000003;0.699432;
5.721254;0.699647;0.401732;1.047044;-0.699641;0.104951;0.313553;1.000004;0.699647;
5.745953;0.699863;0.401877;1.047057;-0.699857;0.104984;0.313644;1.000004;0.699863;
5.759925;0.699990;0.401958;1.047065;-0.699984;0.105003;0.313694;1.000004;0.699990;
5.773896;0.700113;0.402038;1.047072;-0.700107;0.105021;0.313743;1.000004;0.700113;
5.787867;0.700229;0.402116;1.047080;-0.700223;0.105039;0.313793;1.000004;0.700229;
5.801838;0.700339;0.402195;1.047087;-0.700333;0.105055;0.313843;1.000003;0.700339;
5.815810;0.700440;0.402272;1.047095;-0.700434;0.105070;0.313895;1.000003;0.700440;
5.829781;0.700530;0.402349;1.047103;-0.700524;0.105084;0.313948;1.000003;0.700530;
5.857723;0.700667;0.402501;1.047120;-0.700661;0.105104;0.314060;1.000002;0.700667;
5.885666;0.700741;0.402649;1.047138;-0.700735;0.105116;0.314181;1.000001;0.700741;
5.918838;0.700742;0.402820;1.047161;-0.700736;0.105116;0.314337;0.999999;0.700742;
5.952010;0.700654;0.402987;1.047187;-0.700648;0.105103;0.314506;0.999998;0.700654;
5.985182;0.700491;0.403149;1.047214;-0.700485;0.105078;0.314686;0.999997;0.700491;
5.999999;0.700400;0.403220;1.047226;-0.700394;0.105064;0.314768;0.999997;0.700400;
6.000000;0.700401;0.403219;1.047226;-0.700394;0.105064;0.314768;0.999995;0.700401;
6.000001;0.700400;0.403221;1.047226;-0.700394;0.105067;0.314768;1.000004;0.700400;
6.000003;0.700397;0.403226;1.047226;-0.700394;0.105073;0.314768;1.000024;0.700397;
6.000007;0.700394;0.403235;1.047226;-0.700394;0.105086;0.314768;1.000060;0.700394;
6.000015;0.700386;0.403252;1.047226;-0.700394;0.105111;0.314768;1.000135;0.700386;
6.000031;0.700370;0.403287;1.047226;-0.700395;0.105161;0.314767;1.000281;0.700370;
6.000063;0.700340;0.403354;1.047225;-0.700396;0.105262;0.314764;1.000569;0.700340;
6.000127;0.700281;0.403482;1.047224;-0.700401;0.105464;0.314752;1.001119;0.700281;
6.000255;0.700174;0.403717;1.047216;-0.700420;0.105869;0.314705;1.002127;0.700174;
6.000511;0.699991;0.404107;1.047189;-0.700491;0.106684;0.314533;1.003832;0.699991;
6.000539;0.699973;0.404145;1.047186;-0.700502;0.106775;0.314508;1.004000;0.699973;
6.000540;0.699973;0.404146;1.047185;-0.700502;0.106779;0.314508;1.004006;0.699973;
6.000541;0.699972;0.404148;1.047185;-0.700502;0.106782;0.314507;1.004011;0.699972;
6.000543;0.699971;0.404150;1.047185;-0.700503;0.106788;0.314505;1.004023;0.699971;
6.000547;0.699969;0.404155;1.047184;-0.700505;0.106801;0.314501;1.004045;0.699969;
6.000555;0.699964;0.404165;1.047183;-0.700508;0.106827;0.314494;1.004090;0.699964;
6.000571;0.699954;0.404185;1.047181;-0.700514;0.106878;0.314478;1.004178;0.699954;
6.000575;0.699952;0.404190;1.047180;-0.700516;0.106890;0.314474;1.004200;0.699952;
6.000576;0.699951;0.404191;1.047180;-0.700516;0.106894;0.314474;1.004205;0.699951;
6.000577;0.699951;0.404192;1.047180;-0.700517;0.106897;0.314473;1.004211;0.699951;
6.000579;0.699950;0.404195;1.047180;-0.700517;0.106903;0.314471;1.004222;0.699950;
6.000583;0.699947;0.404200;1.047179;-0.700519;0.106916;0.314467;1.004244;0.699947;
6.000591;0.699943;0.404209;1.047178;-0.700522;0.106942;0.314459;1.004287;0.699943;
6.000607;0.699933;0.404229;1.047175;-0.700529;0.106993;0.314443;1.004372;0.699933;
6.000639;0.699916;0.404266;1.047170;-0.700543;0.107096;0.314410;1.004540;0.699916;
6.000703;0.699881;0.404337;1.047159;-0.700572;0.107301;0.314341;1.004860;0.699881;
6.000831;0.699818;0.404466;1.047136;-0.700635;0.107713;0.314189;1.005447;0.699818;
6.001087;0.699710;0.404679;1.047081;-0.700781;0.108539;0.313841;1.006439;0.699710;
6.001599;0.699553;0.404969;1.046950;-0.701129;0.110199;0.313010;1.007877;0.699553;
6.002111;0.699453;0.405125;1.046795;-0.701532;0.111868;0.312044;1.008769;0.699453;
6.002623;0.699390;0.405196;1.046626;-0.701971;0.113543;0.310992;1.009308;0.699390;
6.003135;0.699351;0.405214;1.046445;-0.702431;0.115220;0.309887;1.009627;0.699351;
6.003647;0.699325;0.405202;1.046258;-0.702903;0.116899;0.308751;1.009814;0.699326;
6.004671;0.699293;0.405142;1.045869;-0.703860;0.120260;0.306440;1.010014;0.699293;
6.005695;0.699274;0.405056;1.045466;-0.704822;0.123621;0.304100;1.010074;0.699274;
6.006719;0.699261;0.404967;1.045051;-0.705782;0.126981;0.301752;1.010082;0.699261;
6.008767;0.699234;0.404807;1.044191;-0.707678;0.133698;0.297065;1.010080;0.699234;
6.012863;0.699158;0.404598;1.042358;-0.711358;0.147110;0.287761;1.010061;0.699158;
6.016959;0.699052;0.404451;1.040363;-0.714891;0.160494;0.278476;1.010051;0.699053;
6.021055;0.698917;0.404347;1.038203;-0.718275;0.173847;0.269194;1.010045;0.698918;
6.029247;0.698573;0.404202;1.033380;-0.724617;0.200453;0.250585;1.010038;0.698574;
6.037439;0.698105;0.404131;1.027891;-0.730362;0.226909;0.231936;1.010024;0.698105;
6.045631;0.697503;0.404101;1.021738;-0.735506;0.253198;0.213237;1.010013;0.697503;
6.062015;0.695930;0.404078;1.007445;-0.744013;0.305206;0.175693;1.009994;0.695930;
6.078399;0.693908;0.404080;0.990538;-0.750201;0.356354;0.138049;1.009978;0.693918;
6.094783;0.691505;0.404085;0.971064;-0.754148;0.406520;0.100415;1.009964;0.691528;
6.111167;0.688789;0.404090;0.949075;-0.755940;0.455586;0.062897;1.009952;0.688822;
6.127551;0.685825;0.404095;0.924630;-0.755665;0.503435;0.025595;1.009943;0.685869;
6.143935;0.682671;0.404102;0.897791;-0.753405;0.549953;-0.011401;1.009935;0.682722;
6.160319;0.679372;0.404111;0.868628;-0.749233;0.595027;-0.048011;1.009929;0.679431;
6.176703;0.675972;0.404122;0.837215;-0.743219;0.638547;-0.084157;1.009924;0.676038;
6.193087;0.672504;0.404136;0.803630;-0.735428;0.680403;-0.119771;1.009921;0.672576;
6.209471;0.668999;0.404151;0.767959;-0.725920;0.720492;-0.154785;1.009918;0.669077;
6.225855;0.665480;0.404168;0.730292;-0.714755;0.758713;-0.189137;1.009916;0.665565;
6.242239;0.661970;0.404187;0.690724;-0.701987;0.794967;-0.222765;1.009915;0.662060;
6.258623;0.658485;0.404207;0.649355;-0.687669;0.829163;-0.255611;1.009915;0.658581;
6.275007;0.655038;0.404229;0.606291;-0.671855;0.861210;-0.287617;1.009915;0.655140;
6.291391;0.651641;0.404252;0.561641;-0.654595;0.891027;-0.318727;1.009916;0.651748;
6.307775;0.648304;0.404275;0.515519;-0.635940;0.918534;-0.348887;1.009917;0.648415;
6.324159;0.645030;0.404300;0.468044;-0.615942;0.943660;-0.378041;1.009918;0.645148;
6.340543;0.641826;0.404325;0.419337;-0.594652;0.966337;-0.406138;1.009919;0.641949;
6.356927;0.638699;0.404353;0.369525;-0.572126;0.986505;-0.433129;1.009920;0.638825;
6.373311;0.635647;0.404380;0.318735;-0.548413;1.004110;-0.458963;1.009922;0.635777;
6.389695;0.632669;0.404404;0.267099;-0.523568;1.019103;-0.483586;1.009924;0.632808;
6.406079;0.629774;0.404437;0.214752;-0.497659;1.031445;-0.506959;1.009926;0.629917;
6.438847;0.624247;0.404587;0.108467;-0.442936;1.048054;-0.549784;1.009920;0.624247;
6.471615;0.619063;0.404653;0.000980;-0.384568;1.053722;-0.587143;1.009933;0.619148;
6.499999;0.614791;0.404634;-0.092177;-0.331482;1.049730;-0.614774;1.009936;0.615015;
6.499999;0.614786;0.404646;-0.092221;-0.331466;1.049730;-0.614781;1.009993;0.614786;
6.500000;0.614787;0.404644;-0.092221;-0.331464;1.049730;-0.614782;1.009984;0.614787;
6.500001;0.614788;0.404642;-0.092222;-0.331462;1.049729;-0.614783;1.009974;0.614788;
6.500003;0.614789;0.404638;-0.092222;-0.331459;1.049729;-0.614785;1.009956;0.614789;
6.500007;0.614793;0.404630;-0.092222;-0.331451;1.049728;-0.614788;1.009918;0.614793;
6.500015;0.614800;0.404615;-0.092223;-0.331436;1.049726;-0.614795;1.009843;0.614800;
6.500031;0.614814;0.404585;-0.092226;-0.331406;1.049721;-0.614809;1.009696;0.614814;
6.500063;0.614842;0.404526;-0.092230;-0.331348;1.049712;-0.614837;1.009407;0.614842;
6.500127;0.614894;0.404413;-0.092237;-0.331236;1.049696;-0.614889;1.008854;0.614894;
6.500255;0.614987;0.404208;-0.092251;-0.331034;1.049665;-0.614983;1.007839;0.614987;
6.500511;0.615140;0.403866;-0.092274;-0.330697;1.049615;-0.615135;1.006126;0.615140;
6.500882;0.615300;0.403493;-0.092298;-0.330331;1.049560;-0.615295;1.004200;0.615300;
6.500883;0.615300;0.403492;-0.092298;-0.330330;1.049560;-0.615295;1.004196;0.615300;
6.500884;0.615300;0.403491;-0.092298;-0.330329;1.049560;-0.615296;1.004192;0.615300;
6.500886;0.615301;0.403490;-0.092299;-0.330328;1.049559;-0.615296;1.004184;0.615301;
6.500890;0.615302;0.403487;-0.092299;-0.330325;1.049559;-0.615297;1.004168;0.615302;
6.500898;0.615305;0.403481;-0.092299;-0.330319;1.049558;-0.615300;1.004136;0.615305;
6.500914;0.615309;0.403469;-0.092300;-0.330308;1.049556;-0.615304;1.004073;0.615309;
6.500933;0.615315;0.403456;-0.092301;-0.330295;1.049554;-0.615310;1.004000;0.615315;
6.500934;0.615315;0.403455;-0.092301;-0.330294;1.049554;-0.615310;1.003996;0.615315;
6.500935;0.615315;0.403454;-0.092301;-0.330293;1.049554;-0.615310;1.003993;0.615315;
6.500937;0.615316;0.403453;-0.092301;-0.330292;1.049554;-0.615311;1.003985;0.615316;
6.500941;0.615317;0.403450;-0.092301;-0.330289;1.049553;-0.615312;1.003969;0.615317;
6.500949;0.615319;0.403444;-0.092301;-0.330284;1.049553;-0.615314;1.003939;0.615319;
6.500965;0.615324;0.403433;-0.092302;-0.330273;1.049551;-0.615319;1.003879;0.615324;
6.500997;0.615332;0.403411;-0.092303;-0.330252;1.049548;-0.615327;1.003761;0.615332;
6.501061;0.615348;0.403370;-0.092306;-0.330211;1.049542;-0.615343;1.003535;0.615348;
6.501189;0.615375;0.403296;-0.092310;-0.330139;1.049531;-0.615370;1.003121;0.615375;
6.501445;0.615416;0.403176;-0.092316;-0.330023;1.049514;-0.615411;1.002422;0.615416;
6.501957;0.615455;0.403018;-0.092322;-0.329873;1.049491;-0.615450;1.001408;0.615455;
6.502981;0.615434;0.402897;-0.092318;-0.329766;1.049475;-0.615429;1.000291;0.615434;
6.504005;0.615333;0.402926;-0.092303;-0.329810;1.049482;-0.615329;0.999899;0.615333;
6.506053;0.615076;0.403078;-0.092265;-0.329991;1.049509;-0.615071;0.999662;0.615076;
6.510149;0.614522;0.403395;-0.092182;-0.330373;1.049566;-0.614517;0.999832;0.614522;
6.514245;0.614014;0.403613;-0.092105;-0.330656;1.049609;-0.614009;0.999872;0.614014;
6.518341;0.613542;0.403774;-0.092035;-0.330881;1.049642;-0.613537;0.999885;0.613542;
6.526533;0.612687;0.404012;-0.091906;-0.331241;1.049696;-0.612682;0.999900;0.612687;
6.534725;0.611973;0.404156;-0.091799;-0.331492;1.049734;-0.611968;0.999911;0.611973;
6.551109;0.610997;0.404332;-0.091653;-0.331815;1.049782;-0.610992;0.999933;0.610997;
6.567493;0.610591;0.404435;-0.091592;-0.331976;1.049806;-0.610586;0.999954;0.610591;
6.583877;0.610704;0.404523;-0.091609;-0.332037;1.049816;-0.610699;0.999972;0.610704;
6.600261;0.611276;0.404611;-0.091695;-0.332022;1.049813;-0.611271;0.999988;0.611276;
6.616645;0.612245;0.404699;-0.091840;-0.331940;1.049801;-0.612240;1.000002;0.612245;
6.633029;0.613557;0.404786;-0.092037;-0.331799;1.049780;-0.613552;1.000014;0.613557;
6.649413;0.615162;0.404869;-0.092278;-0.331606;1.049751;-0.615157;1.000025;0.615162;
6.665797;0.617017;0.404949;-0.092556;-0.331367;1.049715;-0.617012;1.000034;0.617017;
6.682181;0.619085;0.405026;-0.092866;-0.331088;1.049673;-0.619080;1.000041;0.619085;
6.698565;0.621332;0.405099;-0.093203;-0.330775;1.049626;-0.621327;1.000048;0.621332;
6.714949;0.623727;0.405171;-0.093563;-0.330432;1.049575;-0.623722;1.000054;0.623727;
6.731333;0.626244;0.405239;-0.093940;-0.330066;1.049520;-0.626239;1.000058;0.626244;
6.747717;0.628859;0.405306;-0.094332;-0.329678;1.049462;-0.628853;1.000062;0.628859;
6.764101;0.631549;0.405370;-0.094736;-0.329274;1.049401;-0.631544;1.000065;0.631549;
6.796869;0.637057;0.405494;-0.095562;-0.328432;1.049275;-0.637052;1.000070;0.637057;
6.826360;0.642095;0.405598;-0.096318;-0.327647;1.049157;-0.642090;1.000072;0.642095;
6.855851;0.647119;0.405698;-0.097072;-0.326853;1.049038;-0.647114;1.000072;0.647119;
6.885342;0.652055;0.405793;-0.097812;-0.326063;1.048920;-0.652050;1.000071;0.652055;
6.911884;0.656370;0.405874;-0.098459;-0.325366;1.048815;-0.656364;1.000070;0.656370;
6.938426;0.660517;0.405951;-0.099081;-0.324690;1.048714;-0.660511;1.000067;0.660517;
6.962314;0.664077;0.406018;-0.099616;-0.324106;1.048626;-0.664072;1.000064;0.664077;
6.986202;0.667451;0.406082;-0.100122;-0.323550;1.048543;-0.667445;1.000061;0.667451;
7.010090;0.670620;0.406143;-0.100597;-0.323026;1.048465;-0.670615;1.000057;0.670620;
7.033978;0.673573;0.406202;-0.101040;-0.322537;1.048391;-0.673567;1.000053;0.673573;
7.057866;0.676301;0.406258;-0.101449;-0.322084;1.048323;-0.676295;1.000049;0.676301;
7.081754;0.678800;0.406312;-0.101824;-0.321670;1.048261;-0.678794;1.000045;0.678800;
7.114575;0.681868;0.406381;-0.102284;-0.321162;1.048185;-0.681863;1.000039;0.681868;
7.147396;0.684530;0.406446;-0.102684;-0.320723;1.048119;-0.684525;1.000034;0.684530;
7.180217;0.686818;0.406507;-0.103027;-0.320350;1.048063;-0.686812;1.000029;0.686818;
7.209756;0.688588;0.406557;-0.103292;-0.320062;1.048020;-0.688582;1.000025;0.688588;
7.239294;0.690122;0.406605;-0.103523;-0.319816;1.047983;-0.690117;1.000021;0.690122;
7.253767;0.690771;0.406626;-0.103620;-0.319713;1.047968;-0.690766;1.000020;0.690771;
7.268240;0.691382;0.406647;-0.103712;-0.319617;1.047953;-0.691377;1.000019;0.691382;
7.282712;0.691958;0.406668;-0.103798;-0.319527;1.047940;-0.691952;1.000018;0.691958;
7.297185;0.692511;0.406688;-0.103881;-0.319440;1.047927;-0.692505;1.000017;0.692511;
7.311657;0.693037;0.406708;-0.103960;-0.319358;1.047915;-0.693031;1.000016;0.693037;
7.326130;0.693536;0.406727;-0.104035;-0.319281;1.047903;-0.693530;1.000015;0.693536;
7.355075;0.694468;0.406763;-0.104174;-0.319137;1.047881;-0.694462;1.000014;0.694468;
7.384020;0.695322;0.406797;-0.104303;-0.319005;1.047862;-0.695316;1.000013;0.695322;
7.415198;0.696170;0.406831;-0.104430;-0.318875;1.047842;-0.696164;1.000012;0.696170;
7.446376;0.696952;0.406863;-0.104547;-0.318755;1.047824;-0.696947;1.000011;0.696952;
7.477554;0.697673;0.406893;-0.104655;-0.318645;1.047808;-0.697667;1.000010;0.697673;
7.508732;0.698328;0.406921;-0.104754;-0.318545;1.047793;-0.698322;1.000009;0.698328;
7.536792;0.698856;0.406944;-0.104833;-0.318465;1.047781;-0.698850;1.000008;0.698856;
7.551709;0.699102;0.406955;-0.104870;-0.318428;1.047775;-0.699096;1.000007;0.699102;
7.566627;0.699328;0.406966;-0.104904;-0.318395;1.047770;-0.699322;1.000007;0.699328;
7.581544;0.699533;0.406977;-0.104934;-0.318365;1.047766;-0.699528;1.000006;0.699533;
7.611379;0.699891;0.406997;-0.104988;-0.318315;1.047758;-0.699885;1.000005;0.699891;
7.641213;0.700164;0.407014;-0.105029;-0.318279;1.047753;-0.700159;1.000004;0.700164;
7.671048;0.700351;0.407031;-0.105057;-0.318258;1.047750;-0.700345;1.000002;0.700351;
7.700882;0.700453;0.407045;-0.105072;-0.318251;1.047749;-0.700447;1.000001;0.700453;
7.730717;0.700479;0.407057;-0.105076;-0.318258;1.047749;-0.700473;1.000000;0.700479;
7.760551;0.700442;0.407068;-0.105071;-0.318274;1.047752;-0.700436;0.999999;0.700442;
7.790386;0.700356;0.407077;-0.105058;-0.318299;1.047756;-0.700350;0.999998;0.700356;
7.820220;0.700238;0.407084;-0.105040;-0.318328;1.047760;-0.700232;0.999998;0.700238;
7.837453;0.700160;0.407087;-0.105028;-0.318346;1.047763;-0.700154;0.999998;0.700160;
7.854687;0.700083;0.407090;-0.105017;-0.318363;1.047765;-0.700077;0.999998;0.700083;
7.871920;0.700012;0.407093;-0.105006;-0.318379;1.047768;-0.700006;0.999998;0.700012;
7.906386;0.699888;0.407096;-0.104988;-0.318406;1.047772;-0.699882;0.999998;0.699888;
7.940852;0.699802;0.407098;-0.104975;-0.318425;1.047775;-0.699796;0.999999;0.699802;
7.975318;0.699762;0.407099;-0.104969;-0.318433;1.047776;-0.699756;1.000000;0.699762;
8.009784;0.699771;0.407098;-0.104970;-0.318431;1.047775;-0.699766;1.000000;0.699771;
8.044250;0.699825;0.407096;-0.104978;-0.318418;1.047774;-0.699819;1.000001;0.699825;
8.078717;0.699913;0.407092;-0.104991;-0.318398;1.047771;-0.699908;1.000001;0.699913;
8.113183;0.700022;0.407087;-0.105008;-0.318372;1.047767;-0.700016;1.000002;0.700022;
8.133414;0.700089;0.407083;-0.105018;-0.318356;1.047764;-0.700083;1.000002;0.700089;
8.153645;0.700149;0.407079;-0.105027;-0.318340;1.047762;-0.700143;1.000001;0.700149;
8.173876;0.700200;0.407074;-0.105034;-0.318326;1.047760;-0.700195;1.000001;0.700200;
8.214338;0.700276;0.407063;-0.105046;-0.318301;1.047756;-0.700270;1.000001;0.700276;
8.254801;0.700303;0.407049;-0.105050;-0.318284;1.047753;-0.700297;1.000000;0.700303;
8.295263;0.700276;0.407034;-0.105046;-0.318276;1.047752;-0.700270;0.999999;0.700276;
8.335725;0.700200;0.407017;-0.105034;-0.318274;1.047752;-0.700194;0.999999;0.700200;
8.376187;0.700087;0.406998;-0.105017;-0.318279;1.047753;-0.700082;0.999999;0.700087;
8.412603;0.699970;0.406979;-0.105000;-0.318284;1.047753;-0.699964;0.999998;0.699970;
8.433919;0.699900;0.406967;-0.104989;-0.318286;1.047754;-0.699895;0.999999;0.699900;
8.455234;0.699838;0.406955;-0.104980;-0.318287;1.047754;-0.699832;0.999999;0.699838;
8.476549;0.699784;0.406942;-0.104972;-0.318285;1.047754;-0.699779;0.999999;0.699784;
8.519179;0.699705;0.406915;-0.104960;-0.318276;1.047752;-0.699699;0.999999;0.699705;
8.561810;0.699673;0.406887;-0.104955;-0.318257;1.047749;-0.699667;1.000000;0.699673;
8.604440;0.699690;0.406857;-0.104958;-0.318226;1.047745;-0.699684;1.000000;0.699690;
8.647071;0.699750;0.406826;-0.104967;-0.318187;1.047739;-0.699744;1.000001;0.699750;
8.689701;0.699841;0.406794;-0.104981;-0.318140;1.047732;-0.699835;1.000001;0.699841;
8.728069;0.699933;0.406764;-0.104994;-0.318094;1.047725;-0.699927;1.000001;0.699933;
8.749596;0.699983;0.406746;-0.105002;-0.318068;1.047721;-0.699977;1.000001;0.699983;
8.771124;0.700027;0.406728;-0.105008;-0.318043;1.047717;-0.700021;1.000001;0.700027;
8.792651;0.700063;0.406709;-0.105014;-0.318020;1.047714;-0.700057;1.000001;0.700063;
8.835706;0.700111;0.406671;-0.105021;-0.317976;1.047707;-0.700105;1.000000;0.700111;
8.878762;0.700122;0.406632;-0.105023;-0.317938;1.047702;-0.700116;1.000000;0.700122;
8.921817;0.700097;0.406591;-0.105019;-0.317905;1.047697;-0.700092;1.000000;0.700097;
8.964872;0.700043;0.406549;-0.105011;-0.317877;1.047692;-0.700037;0.999999;0.700043;
9.007927;0.699973;0.406506;-0.105000;-0.317851;1.047689;-0.699967;0.999999;0.699973;
9.050982;0.699907;0.406460;-0.104990;-0.317822;1.047684;-0.699901;0.999999;0.699907;
9.082365;0.699870;0.406427;-0.104985;-0.317799;1.047681;-0.699864;0.999999;0.699870;
9.110610;0.699848;0.406396;-0.104982;-0.317775;1.047677;-0.699842;1.000000;0.699848;
9.136030;0.699838;0.406368;-0.104980;-0.317752;1.047674;-0.699832;1.000000;0.699838;
9.161450;0.699837;0.406340;-0.104980;-0.317726;1.047670;-0.699831;1.000000;0.699837;
9.186870;0.699846;0.406312;-0.104981;-0.317698;1.047666;-0.699840;1.000000;0.699846;
9.237710;0.699879;0.406254;-0.104986;-0.317639;1.047657;-0.699873;1.000000;0.699879;
9.283466;0.699926;0.406201;-0.104993;-0.317582;1.047648;-0.699920;1.000001;0.699926;
9.329223;0.699980;0.406147;-0.105001;-0.317522;1.047639;-0.699974;1.000001;0.699980;
9.357080;0.700011;0.406113;-0.105006;-0.317486;1.047634;-0.700005;1.000001;0.700011;
9.384937;0.700035;0.406079;-0.105010;-0.317450;1.047628;-0.700029;1.000000;0.700035;
9.412794;0.700052;0.406045;-0.105012;-0.317416;1.047623;-0.700046;1.000000;0.700052;
9.468509;0.700067;0.405976;-0.105014;-0.317350;1.047613;-0.700061;1.000000;0.700067;
9.524223;0.700056;0.405906;-0.105013;-0.317287;1.047604;-0.700050;1.000000;0.700056;
9.595540;0.700012;0.405813;-0.105006;-0.317211;1.047593;-0.700006;1.000000;0.700012;
9.653886;0.699980;0.405736;-0.105001;-0.317147;1.047583;-0.699974;1.000000;0.699980;
9.712231;0.699962;0.405658;-0.104999;-0.317079;1.047573;-0.699956;1.000000;0.699962;
9.760110;0.699957;0.405593;-0.104998;-0.317021;1.047564;-0.699951;1.000000;0.699957;
9.807989;0.699961;0.405528;-0.104998;-0.316961;1.047555;-0.699955;1.000000;0.699961;
9.855868;0.699971;0.405463;-0.105000;-0.316899;1.047546;-0.699965;1.000000;0.699971;
9.903747;0.699984;0.405397;-0.105002;-0.316836;1.047536;-0.699978;1.000000;0.699984;
9.999505;0.700002;0.405263;-0.105005;-0.316711;1.047517;-0.699996;1.000000;0.700002;
10.078538;0.700008;0.405151;-0.105006;-0.316608;1.047502;-0.700002;1.000000;0.700008;
10.157572;0.700008;0.405039;-0.105006;-0.316505;1.047487;-0.700002;1.000000;0.700008;
10.236605;0.700005;0.404926;-0.105005;-0.316403;1.047471;-0.699999;1.000000;0.700005;
10.394671;0.700001;0.404699;-0.105005;-0.316196;1.047440;-0.699995;1.000000;0.700001;
10.552738;0.700001;0.404471;-0.105005;-0.315987;1.047409;-0.699995;1.000000;0.700001;
10.710804;0.700003;0.404243;-0.105005;-0.315779;1.047378;-0.699997;1.000000;0.700003;
11.026937;0.700004;0.403797;-0.105005;-0.315371;1.047316;-0.699999;1.000000;0.700004;
11.659203;0.700005;0.402967;-0.105005;-0.314613;1.047203;-0.699999;1.000000;0.700005;
12.291469;0.700006;0.402220;-0.105005;-0.313930;1.047100;-0.700000;1.000000;0.700006;
12.923735;0.700006;0.401563;-0.105005;-0.313330;1.047010;-0.700000;1.000000;0.700006;
14.188267;0.700006;0.400465;-0.105005;-0.312326;1.046860;-0.700000;1.000000;0.700006;
15.452799;0.700006;0.399688;-0.105005;-0.311616;1.046753;-0.700000;1.000000;0.700006;
16.717331;0.700006;0.399200;-0.105005;-0.311169;1.046686;-0.700000;1.000000;0.700006;
19.246395;0.700006;0.398753;-0.105005;-0.310761;1.046625;-0.700000;1.000000;0.700006;
20.000000;0.700006;0.398745;-0.105005;-0.310753;1.046624;-0.700000;1.000000;0.700006;
