time;WT4B_WT_controlMeasurements_PPu;WT4B_WT_controlMeasurements_QPu;WT4B_WT_controlMeasurements_UPu;WT4B_WT_terminal_V_re;WT4B_WT_terminal_V_im;WT4B_WT_terminal_i_re;WT4B_WT_terminal_i_im;WT4B_WT_gridProtection_fOCB;
0.000000;1.000164;-0.210035;1.000164;0.976169;0.217767;-0.930285;-0.422694;-1.000000;
0.000001;1.000164;-0.210035;1.000164;0.976169;0.217767;-0.930285;-0.422694;-1.000000;
0.000002;1.000164;-0.210035;1.000164;0.976169;0.217767;-0.930285;-0.422694;-1.000000;
0.000004;1.000164;-0.210035;1.000164;0.976169;0.217767;-0.930285;-0.422694;-1.000000;
0.000008;1.000164;-0.210035;1.000164;0.976169;0.217767;-0.930285;-0.422694;-1.000000;
0.000016;1.000164;-0.210035;1.000164;0.976169;0.217767;-0.930285;-0.422694;-1.000000;
0.000032;1.000164;-0.210035;1.000164;0.976169;0.217767;-0.930285;-0.422694;-1.000000;
0.000064;1.000164;-0.210035;1.000164;0.976169;0.217767;-0.930285;-0.422694;-1.000000;
0.000128;1.000164;-0.210035;1.000164;0.976169;0.217767;-0.930285;-0.422694;-1.000000;
0.000256;1.000164;-0.210035;1.000164;0.976169;0.217767;-0.930285;-0.422694;-1.000000;
0.000512;1.000164;-0.210035;1.000164;0.976169;0.217767;-0.930285;-0.422694;-1.000000;
0.001000;1.000163;-0.210036;1.000164;0.976169;0.217767;-0.930284;-0.422695;-1.000000;
0.001000;1.000163;-0.210036;1.000164;0.976169;0.217767;-0.930284;-0.422695;-1.000000;
0.001001;1.000163;-0.210036;1.000164;0.976169;0.217767;-0.930284;-0.422695;-1.000000;
0.001002;1.000163;-0.210036;1.000164;0.976169;0.217767;-0.930284;-0.422695;-1.000000;
0.001004;1.000163;-0.210036;1.000164;0.976169;0.217767;-0.930284;-0.422695;-1.000000;
0.001008;1.000163;-0.210036;1.000164;0.976169;0.217767;-0.930284;-0.422695;-1.000000;
0.001016;1.000163;-0.210036;1.000164;0.976169;0.217767;-0.930284;-0.422695;-1.000000;
0.001032;1.000163;-0.210036;1.000164;0.976169;0.217767;-0.930284;-0.422695;-1.000000;
0.001064;1.000163;-0.210036;1.000164;0.976169;0.217767;-0.930284;-0.422695;-1.000000;
0.001128;1.000163;-0.210036;1.000164;0.976169;0.217767;-0.930284;-0.422695;-1.000000;
0.001256;1.000163;-0.210037;1.000164;0.976169;0.217767;-0.930283;-0.422695;-1.000000;
0.001512;1.000162;-0.210037;1.000164;0.976168;0.217767;-0.930283;-0.422696;-1.000000;
0.002024;1.000160;-0.210040;1.000163;0.976168;0.217767;-0.930281;-0.422697;-1.000000;
0.003048;1.000155;-0.210045;1.000162;0.976167;0.217765;-0.930277;-0.422701;-1.000000;
0.005096;1.000143;-0.210058;1.000158;0.976164;0.217763;-0.930266;-0.422711;-1.000000;
0.009192;1.000114;-0.210083;1.000152;0.976159;0.217756;-0.930241;-0.422727;-1.000000;
0.017384;1.000074;-0.210104;1.000148;0.976157;0.217746;-0.930204;-0.422732;-1.000000;
0.025576;1.000048;-0.210109;1.000148;0.976159;0.217740;-0.930180;-0.422724;-1.000000;
0.041960;1.000023;-0.210106;1.000150;0.976162;0.217733;-0.930158;-0.422709;-1.000000;
0.074728;1.000007;-0.210103;1.000152;0.976165;0.217729;-0.930143;-0.422697;-1.000000;
0.140264;1.000001;-0.210098;1.000154;0.976168;0.217727;-0.930138;-0.422688;-1.000000;
0.205800;1.000001;-0.210093;1.000156;0.976169;0.217727;-0.930137;-0.422681;-1.000000;
0.336872;1.000000;-0.210081;1.000160;0.976173;0.217727;-0.930137;-0.422667;-1.000000;
0.599016;1.000000;-0.210060;1.000166;0.976180;0.217726;-0.930136;-0.422642;-1.000000;
1.123304;1.000000;-0.210033;1.000174;0.976189;0.217725;-0.930135;-0.422610;-1.000000;
2.000000;1.000000;-0.210015;1.000180;0.976195;0.217724;-0.930134;-0.422588;-1.000000;
2.000000;1.000000;-0.210015;1.000180;0.976195;0.217724;-0.930134;-0.422588;-1.000000;
2.000001;1.000000;-0.210015;1.000180;0.976195;0.217724;-0.930134;-0.422588;-1.000000;
2.000002;1.000000;-0.210015;1.000180;0.976195;0.217724;-0.930134;-0.422588;-1.000000;
2.000004;1.000000;-0.210015;1.000180;0.976195;0.217724;-0.930134;-0.422588;-1.000000;
2.000008;1.000000;-0.210015;1.000180;0.976195;0.217724;-0.930134;-0.422588;-1.000000;
2.000016;1.000000;-0.210015;1.000180;0.976195;0.217724;-0.930134;-0.422588;-1.000000;
2.000032;1.000000;-0.210015;1.000180;0.976195;0.217724;-0.930134;-0.422588;-1.000000;
2.000064;1.000000;-0.210015;1.000180;0.976195;0.217724;-0.930134;-0.422588;-1.000000;
2.000128;1.000000;-0.210015;1.000180;0.976195;0.217724;-0.930134;-0.422588;-1.000000;
2.000256;0.999999;-0.210015;1.000180;0.976195;0.217724;-0.930134;-0.422588;-1.000000;
2.000512;0.999994;-0.210017;1.000180;0.976195;0.217723;-0.930129;-0.422587;-1.000000;
2.001024;0.999956;-0.210026;1.000179;0.976196;0.217714;-0.930095;-0.422579;-1.000000;
2.001536;0.999863;-0.210048;1.000178;0.976200;0.217690;-0.930010;-0.422558;-1.000000;
2.002048;0.999692;-0.210087;1.000176;0.976207;0.217647;-0.929855;-0.422520;-1.000000;
2.002560;0.999421;-0.210149;1.000172;0.976219;0.217579;-0.929609;-0.422459;-1.000000;
2.003072;0.999028;-0.210236;1.000168;0.976237;0.217481;-0.929253;-0.422368;-1.000000;
2.003584;0.998495;-0.210353;1.000163;0.976261;0.217347;-0.928770;-0.422242;-1.000000;
2.004000;0.997936;-0.210472;1.000159;0.976288;0.217207;-0.928263;-0.422106;-1.000000;
2.004000;0.997936;-0.210472;1.000159;0.976288;0.217207;-0.928263;-0.422106;-1.000000;
2.004001;0.997935;-0.210472;1.000159;0.976288;0.217207;-0.928261;-0.422105;-1.000000;
2.004002;0.997933;-0.210472;1.000159;0.976288;0.217206;-0.928260;-0.422105;-1.000000;
2.004004;0.997930;-0.210473;1.000159;0.976288;0.217205;-0.928257;-0.422104;-1.000000;
2.004008;0.997924;-0.210474;1.000158;0.976289;0.217204;-0.928252;-0.422103;-1.000000;
2.004016;0.997913;-0.210477;1.000158;0.976289;0.217201;-0.928242;-0.422100;-1.000000;
2.004032;0.997889;-0.210482;1.000158;0.976290;0.217195;-0.928220;-0.422095;-1.000000;
2.004064;0.997842;-0.210492;1.000158;0.976292;0.217183;-0.928178;-0.422083;-1.000000;
2.004128;0.997746;-0.210512;1.000157;0.976297;0.217159;-0.928090;-0.422060;-1.000000;
2.004256;0.997545;-0.210555;1.000156;0.976307;0.217109;-0.927908;-0.422010;-1.000000;
2.004384;0.997333;-0.210599;1.000154;0.976317;0.217055;-0.927715;-0.421958;-1.000000;
2.004640;0.996874;-0.210695;1.000151;0.976340;0.216940;-0.927299;-0.421844;-1.000000;
2.004896;0.996369;-0.210798;1.000148;0.976365;0.216813;-0.926841;-0.421717;-1.000000;
2.005152;0.995819;-0.210910;1.000146;0.976393;0.216675;-0.926342;-0.421577;-1.000000;
2.005408;0.995223;-0.211029;1.000143;0.976424;0.216525;-0.925801;-0.421424;-1.000000;
2.005664;0.994582;-0.211155;1.000141;0.976457;0.216364;-0.925219;-0.421257;-1.000000;
2.005920;0.993897;-0.211288;1.000140;0.976494;0.216192;-0.924597;-0.421076;-1.000000;
2.006176;0.993169;-0.211426;1.000139;0.976534;0.216008;-0.923936;-0.420881;-1.000000;
2.006432;0.992398;-0.211570;1.000139;0.976576;0.215814;-0.923237;-0.420672;-1.000000;
2.006688;0.991588;-0.211719;1.000139;0.976622;0.215610;-0.922501;-0.420449;-1.000000;
2.006944;0.990737;-0.211872;1.000141;0.976671;0.215396;-0.921729;-0.420212;-1.000000;
2.007456;0.988925;-0.212188;1.000147;0.976778;0.214939;-0.920082;-0.419695;-1.000000;
2.007968;0.986970;-0.212514;1.000158;0.976898;0.214445;-0.918306;-0.419123;-1.000000;
2.008480;0.984882;-0.212845;1.000174;0.977030;0.213918;-0.916408;-0.418494;-1.000000;
2.008992;0.982671;-0.213179;1.000197;0.977175;0.213359;-0.914399;-0.417810;-1.000000;
2.009504;0.980347;-0.213512;1.000226;0.977333;0.212770;-0.912285;-0.417072;-1.000000;
2.010528;0.975402;-0.214157;1.000305;0.977686;0.211517;-0.907786;-0.415439;-1.000000;
2.011552;0.970103;-0.214764;1.000413;0.978087;0.210171;-0.902962;-0.413604;-1.000000;
2.012576;0.964505;-0.215318;1.000552;0.978534;0.208746;-0.897863;-0.411579;-1.000000;
2.013600;0.958656;-0.215810;1.000722;0.979024;0.207256;-0.892532;-0.409379;-1.000000;
2.014624;0.952600;-0.216232;1.000920;0.979554;0.205710;-0.887008;-0.407020;-1.000000;
2.015648;0.946375;-0.216582;1.001147;0.980118;0.204118;-0.881328;-0.404520;-1.000000;
2.016672;0.940013;-0.216862;1.001399;0.980713;0.202489;-0.875519;-0.401896;-1.000000;
2.017696;0.933542;-0.217074;1.001674;0.981335;0.200831;-0.869609;-0.399169;-1.000000;
2.018720;0.926988;-0.217225;1.001968;0.981977;0.199149;-0.863619;-0.396357;-1.000000;
2.019744;0.920371;-0.217321;1.002278;0.982637;0.197449;-0.857569;-0.393479;-1.000000;
2.021792;0.907040;-0.217386;1.002929;0.983983;0.194023;-0.845374;-0.387616;-1.000000;
2.023840;0.893647;-0.217328;1.003605;0.985344;0.190577;-0.833115;-0.381695;-1.000000;
2.025888;0.880282;-0.217203;1.004282;0.986692;0.187138;-0.820876;-0.375821;-1.000000;
2.027936;0.867019;-0.217056;1.004944;0.988007;0.183726;-0.808726;-0.370078;-1.000000;
2.029984;0.853920;-0.216925;1.005578;0.989271;0.180357;-0.796722;-0.364531;-1.000000;
2.032032;0.841035;-0.216834;1.006174;0.990474;0.177046;-0.784912;-0.359222;-1.000000;
2.034080;0.828404;-0.216796;1.006728;0.991612;0.173803;-0.773334;-0.354175;-1.000000;
2.036128;0.816062;-0.216813;1.007240;0.992680;0.170637;-0.762020;-0.349399;-1.000000;
2.038176;0.804036;-0.216879;1.007710;0.993683;0.167554;-0.750993;-0.344890;-1.000000;
2.040224;0.792347;-0.216987;1.008143;0.994621;0.164560;-0.740274;-0.340639;-1.000000;
2.042272;0.781011;-0.217123;1.008541;0.995501;0.161658;-0.729876;-0.336628;-1.000000;
2.044320;0.770037;-0.217276;1.008910;0.996326;0.158851;-0.719810;-0.332841;-1.000000;
2.046368;0.759432;-0.217434;1.009254;0.997103;0.156139;-0.710080;-0.329259;-1.000000;
2.048416;0.749199;-0.217590;1.009576;0.997835;0.153522;-0.700688;-0.325866;-1.000000;
2.050464;0.739335;-0.217735;1.009879;0.998527;0.151000;-0.691634;-0.322648;-1.000000;
2.054560;0.720685;-0.217984;1.010439;0.999802;0.146234;-0.674509;-0.316682;-1.000000;
2.058656;0.703430;-0.218177;1.010943;1.000945;0.141825;-0.658658;-0.311296;-1.000000;
2.062752;0.687498;-0.218321;1.011396;1.001971;0.137754;-0.644017;-0.306433;-1.000000;
2.066848;0.672809;-0.218430;1.011802;1.002890;0.134002;-0.630512;-0.302047;-1.000000;
2.070944;0.659279;-0.218517;1.012166;1.003712;0.130546;-0.618069;-0.298097;-1.000000;
2.075040;0.646824;-0.218592;1.012489;1.004446;0.127365;-0.606612;-0.294544;-1.000000;
2.079136;0.635365;-0.218661;1.012775;1.005101;0.124440;-0.596068;-0.291350;-1.000000;
2.083232;0.624826;-0.218724;1.013029;1.005687;0.121751;-0.586370;-0.288475;-1.000000;
2.087328;0.615138;-0.218782;1.013255;1.006211;0.119279;-0.577451;-0.285885;-1.000000;
2.091424;0.606232;-0.218834;1.013457;1.006681;0.117007;-0.569252;-0.283546;-1.000000;
2.095520;0.598049;-0.218878;1.013638;1.007103;0.114920;-0.561717;-0.281431;-1.000000;
2.099616;0.590529;-0.218914;1.013801;1.007484;0.113002;-0.554791;-0.279515;-1.000000;
2.103712;0.583620;-0.218944;1.013948;1.007828;0.111240;-0.548427;-0.277776;-1.000000;
2.107808;0.577271;-0.218968;1.014081;1.008139;0.109621;-0.542578;-0.276198;-1.000000;
2.111904;0.571438;-0.218986;1.014201;1.008421;0.108134;-0.537203;-0.274763;-1.000000;
2.120096;0.561103;-0.219017;1.014409;1.008908;0.105499;-0.527679;-0.272261;-1.000000;
2.127468;0.553182;-0.219030;1.014566;1.009275;0.103480;-0.520377;-0.270371;-1.000000;
2.134841;0.546376;-0.219035;1.014698;1.009584;0.101745;-0.514103;-0.268766;-1.000000;
2.142214;0.540525;-0.219033;1.014811;1.009847;0.100254;-0.508708;-0.267400;-1.000000;
2.149587;0.535490;-0.219025;1.014908;1.010070;0.098971;-0.504065;-0.266232;-1.000000;
2.156960;0.531151;-0.219012;1.014991;1.010262;0.097864;-0.500063;-0.265229;-1.000000;
2.164332;0.527404;-0.218996;1.015064;1.010427;0.096909;-0.496607;-0.264365;-1.000000;
2.171705;0.524162;-0.218975;1.015128;1.010570;0.096083;-0.493616;-0.263617;-1.000000;
2.179078;0.521350;-0.218951;1.015184;1.010695;0.095365;-0.491021;-0.262965;-1.000000;
2.186451;0.518902;-0.218925;1.015234;1.010804;0.094741;-0.488762;-0.262396;-1.000000;
2.193824;0.516764;-0.218895;1.015280;1.010901;0.094196;-0.486789;-0.261894;-1.000000;
2.201196;0.514890;-0.218864;1.015321;1.010987;0.093717;-0.485059;-0.261450;-1.000000;
2.208569;0.513240;-0.218830;1.015359;1.011063;0.093296;-0.483535;-0.261054;-1.000000;
2.215942;0.511780;-0.218794;1.015394;1.011133;0.092923;-0.482188;-0.260698;-1.000000;
2.230688;0.509300;-0.218717;1.015457;1.011255;0.092289;-0.479896;-0.260079;-1.000000;
2.245433;0.507309;-0.218634;1.015514;1.011358;0.091779;-0.478056;-0.259561;-1.000000;
2.260179;0.505693;-0.218544;1.015567;1.011448;0.091365;-0.476563;-0.259119;-1.000000;
2.274924;0.504370;-0.218450;1.015615;1.011528;0.091025;-0.475339;-0.258735;-1.000000;
2.289670;0.503281;-0.218350;1.015662;1.011600;0.090745;-0.474330;-0.258396;-1.000000;
2.304416;0.502387;-0.218247;1.015706;1.011665;0.090514;-0.473503;-0.258095;-1.000000;
2.319161;0.501663;-0.218139;1.015749;1.011725;0.090326;-0.472831;-0.257825;-1.000000;
2.333907;0.501089;-0.218028;1.015790;1.011779;0.090177;-0.472298;-0.257584;-1.000000;
2.348652;0.500652;-0.217913;1.015830;1.011830;0.090062;-0.471891;-0.257368;-1.000000;
2.363398;0.500338;-0.217796;1.015869;1.011876;0.089979;-0.471597;-0.257176;-1.000000;
2.392889;0.500013;-0.217556;1.015943;1.011959;0.089889;-0.471289;-0.256848;-1.000000;
2.422380;0.500013;-0.217310;1.016014;1.012031;0.089881;-0.471282;-0.256583;-1.000000;
2.451872;0.500227;-0.217060;1.016083;1.012095;0.089928;-0.471471;-0.256358;-1.000000;
2.481363;0.500542;-0.216810;1.016150;1.012157;0.090001;-0.471754;-0.256154;-1.000000;
2.510854;0.500863;-0.216560;1.016217;1.012217;0.090075;-0.472041;-0.255952;-1.000000;
2.540345;0.501119;-0.216312;1.016284;1.012280;0.090132;-0.472269;-0.255738;-1.000000;
2.569836;0.501269;-0.216067;1.016352;1.012345;0.090163;-0.472400;-0.255506;-1.000000;
2.599328;0.501305;-0.215827;1.016421;1.012414;0.090165;-0.472425;-0.255254;-1.000000;
2.628819;0.501243;-0.215591;1.016490;1.012485;0.090142;-0.472360;-0.254986;-1.000000;
2.658310;0.501116;-0.215359;1.016559;1.012558;0.090102;-0.472235;-0.254710;-1.000000;
2.717292;0.500848;-0.214911;1.016692;1.012699;0.090020;-0.471973;-0.254171;-1.000000;
2.768815;0.500681;-0.214538;1.016802;1.012814;0.089967;-0.471807;-0.253734;-1.000000;
2.820338;0.500636;-0.214183;1.016905;1.012920;0.089944;-0.471754;-0.253341;-1.000000;
2.871861;0.500694;-0.213847;1.017001;1.013016;0.089949;-0.471797;-0.252991;-1.000000;
2.923383;0.500795;-0.213531;1.017090;1.013104;0.089965;-0.471880;-0.252673;-1.000000;
2.974906;0.500881;-0.213236;1.017174;1.013186;0.089978;-0.471950;-0.252373;-1.000000;
3.026429;0.500917;-0.212961;1.017252;1.013265;0.089979;-0.471974;-0.252084;-1.000000;
3.077951;0.500903;-0.212705;1.017326;1.013340;0.089967;-0.471953;-0.251807;-1.000000;
3.129474;0.500860;-0.212469;1.017395;1.013411;0.089949;-0.471905;-0.251543;-1.000000;
3.232520;0.500795;-0.212047;1.017517;1.013536;0.089920;-0.471831;-0.251075;-1.000000;
3.335565;0.500793;-0.211716;1.017612;1.013633;0.089909;-0.471819;-0.250719;-1.000000;
3.438610;0.500802;-0.211435;1.017693;1.013714;0.089903;-0.471818;-0.250419;-1.000000;
3.541656;0.500805;-0.211197;1.017761;1.013783;0.089897;-0.471813;-0.250164;-1.000000;
3.747747;0.500798;-0.210852;1.017860;1.013884;0.089884;-0.471795;-0.249791;-1.000000;
3.933229;0.500790;-0.210622;1.017927;1.013951;0.089875;-0.471780;-0.249542;-1.000000;
4.118710;0.500782;-0.210452;1.017975;1.014001;0.089868;-0.471768;-0.249358;-1.000000;
4.304192;0.500776;-0.210328;1.018011;1.014037;0.089863;-0.471758;-0.249223;-1.000000;
4.675156;0.500763;-0.210151;1.018062;1.014089;0.089854;-0.471740;-0.249030;-1.000000;
5.046119;0.500751;-0.210060;1.018089;1.014116;0.089848;-0.471726;-0.248930;-1.000000;
5.788046;0.500727;-0.209984;1.018111;1.014139;0.089840;-0.471702;-0.248843;-1.000000;
5.999999;0.500721;-0.209977;1.018113;1.014142;0.089838;-0.471696;-0.248834;-1.000000;
5.999999;0.368730;-0.135266;0.736460;0.729875;0.098265;-0.471696;-0.248834;-1.000000;
6.000000;0.368729;-0.135268;0.736459;0.729874;0.098265;-0.471694;-0.248836;-1.000000;
6.000001;0.368728;-0.135270;0.736459;0.729873;0.098264;-0.471693;-0.248838;-1.000000;
6.000003;0.368726;-0.135273;0.736457;0.729872;0.098264;-0.471691;-0.248842;-1.000000;
6.000007;0.368723;-0.135280;0.736455;0.729870;0.098263;-0.471687;-0.248851;-1.000000;
6.000015;0.368715;-0.135292;0.736450;0.729866;0.098261;-0.471678;-0.248868;-1.000000;
6.000031;0.368701;-0.135318;0.736441;0.729857;0.098257;-0.471660;-0.248900;-1.000000;
6.000063;0.368673;-0.135366;0.736424;0.729841;0.098250;-0.471627;-0.248963;-1.000000;
6.000127;0.368622;-0.135453;0.736393;0.729811;0.098237;-0.471566;-0.249075;-1.000000;
6.000191;0.368577;-0.135528;0.736367;0.729786;0.098225;-0.471512;-0.249171;-1.000000;
6.000255;0.368539;-0.135590;0.736344;0.729765;0.098215;-0.471465;-0.249251;-1.000000;
6.000319;0.368506;-0.135641;0.736326;0.729748;0.098206;-0.471425;-0.249316;-1.000000;
6.000383;0.368479;-0.135680;0.736313;0.729735;0.098199;-0.471393;-0.249364;-1.000000;
6.000447;0.368458;-0.135707;0.736303;0.729726;0.098193;-0.471367;-0.249397;-1.000000;
6.000511;0.368443;-0.135722;0.736298;0.729722;0.098189;-0.471349;-0.249414;-1.000000;
6.000575;0.368434;-0.135726;0.736297;0.729721;0.098186;-0.471338;-0.249417;-1.000000;
6.000639;0.368431;-0.135719;0.736300;0.729724;0.098184;-0.471333;-0.249404;-1.000000;
6.000703;0.368433;-0.135700;0.736306;0.729731;0.098184;-0.471336;-0.249377;-1.000000;
6.000776;0.368443;-0.135666;0.736319;0.729743;0.098186;-0.471347;-0.249328;-1.000000;
6.000776;0.368443;-0.135666;0.736319;0.729743;0.098186;-0.471347;-0.249328;-1.000000;
6.000777;0.368443;-0.135665;0.736319;0.729743;0.098186;-0.471347;-0.249328;-1.000000;
6.000778;0.368443;-0.135665;0.736320;0.729744;0.098186;-0.471347;-0.249327;-1.000000;
6.000780;0.368444;-0.135664;0.736320;0.729744;0.098186;-0.471348;-0.249325;-1.000000;
6.000784;0.368444;-0.135661;0.736321;0.729745;0.098187;-0.471349;-0.249322;-1.000000;
6.000792;0.368446;-0.135656;0.736323;0.729747;0.098187;-0.471350;-0.249315;-1.000000;
6.000808;0.368449;-0.135646;0.736326;0.729750;0.098188;-0.471354;-0.249301;-1.000000;
6.000840;0.368455;-0.135624;0.736334;0.729758;0.098189;-0.471361;-0.249270;-1.000000;
6.000904;0.368470;-0.135573;0.736353;0.729777;0.098192;-0.471378;-0.249197;-1.000000;
6.001032;0.368503;-0.135441;0.736402;0.729825;0.098198;-0.471415;-0.249008;-1.000000;
6.001160;0.368543;-0.135270;0.736465;0.729888;0.098204;-0.471460;-0.248764;-1.000000;
6.001288;0.368589;-0.135063;0.736541;0.729964;0.098211;-0.471512;-0.248465;-1.000000;
6.001416;0.368641;-0.134818;0.736632;0.730054;0.098220;-0.471570;-0.248113;-1.000000;
6.001544;0.368700;-0.134539;0.736735;0.730157;0.098228;-0.471635;-0.247709;-1.000000;
6.001672;0.368765;-0.134225;0.736851;0.730273;0.098238;-0.471707;-0.247256;-1.000000;
6.001800;0.368835;-0.133877;0.736979;0.730401;0.098248;-0.471785;-0.246754;-1.000000;
6.002056;0.368995;-0.133086;0.737271;0.730692;0.098271;-0.471961;-0.245611;-1.000000;
6.002156;0.369063;-0.132744;0.737397;0.730819;0.098280;-0.472036;-0.245117;-1.000000;
6.002156;0.369063;-0.132744;0.737397;0.730819;0.098280;-0.472036;-0.245117;-1.000000;
6.002157;0.369064;-0.132741;0.737399;0.730820;0.098280;-0.472037;-0.245112;-1.000000;
6.002158;0.369064;-0.132737;0.737400;0.730821;0.098280;-0.472038;-0.245107;-1.000000;
6.002160;0.369066;-0.132730;0.737402;0.730824;0.098281;-0.472039;-0.245096;-1.000000;
6.002164;0.369069;-0.132716;0.737408;0.730829;0.098281;-0.472042;-0.245076;-1.000000;
6.002172;0.369074;-0.132687;0.737418;0.730839;0.098282;-0.472049;-0.245035;-1.000000;
6.002188;0.369086;-0.132630;0.737439;0.730860;0.098283;-0.472061;-0.244952;-1.000000;
6.002220;0.369109;-0.132515;0.737482;0.730903;0.098287;-0.472087;-0.244785;-1.000000;
6.002284;0.369156;-0.132278;0.737569;0.730990;0.098293;-0.472138;-0.244443;-1.000000;
6.002348;0.369204;-0.132034;0.737659;0.731080;0.098300;-0.472192;-0.244091;-1.000000;
6.002412;0.369254;-0.131782;0.737752;0.731173;0.098307;-0.472247;-0.243728;-1.000000;
6.002476;0.369305;-0.131524;0.737847;0.731268;0.098314;-0.472303;-0.243355;-1.000000;
6.002540;0.369358;-0.131259;0.737945;0.731365;0.098321;-0.472361;-0.242973;-1.000000;
6.002603;0.369411;-0.130990;0.738044;0.731464;0.098329;-0.472419;-0.242585;-1.000000;
6.002603;0.369411;-0.130990;0.738044;0.731464;0.098329;-0.472419;-0.242585;-1.000000;
6.002604;0.369412;-0.130985;0.738045;0.731466;0.098329;-0.472420;-0.242579;-1.000000;
6.002605;0.369413;-0.130981;0.738047;0.731468;0.098329;-0.472421;-0.242572;-1.000000;
6.002607;0.369414;-0.130973;0.738050;0.731471;0.098329;-0.472423;-0.242560;-1.000000;
6.002611;0.369418;-0.130955;0.738056;0.731477;0.098330;-0.472427;-0.242535;-1.000000;
6.002619;0.369425;-0.130921;0.738069;0.731490;0.098331;-0.472434;-0.242485;-1.000000;
6.002635;0.369438;-0.130851;0.738095;0.731515;0.098333;-0.472450;-0.242385;-1.000000;
6.002667;0.369466;-0.130711;0.738146;0.731567;0.098336;-0.472480;-0.242183;-1.000000;
6.002731;0.369523;-0.130425;0.738252;0.731672;0.098344;-0.472542;-0.241771;-1.000000;
6.002859;0.369640;-0.129835;0.738469;0.731889;0.098361;-0.472671;-0.240921;-1.000000;
6.003115;0.369888;-0.128581;0.738930;0.732349;0.098395;-0.472944;-0.239116;-1.000000;
6.003627;0.370441;-0.125805;0.739947;0.733366;0.098473;-0.473552;-0.235131;-1.000000;
6.004139;0.371064;-0.122707;0.741080;0.734496;0.098562;-0.474237;-0.230700;-1.000000;
6.004196;0.371136;-0.122350;0.741210;0.734626;0.098572;-0.474316;-0.230191;-1.000000;
6.004196;0.371136;-0.122350;0.741210;0.734626;0.098572;-0.474316;-0.230191;-1.000000;
6.004196;0.371136;-0.122349;0.741210;0.734627;0.098572;-0.474317;-0.230189;-1.000000;
6.004196;0.371136;-0.122349;0.741210;0.734627;0.098572;-0.474317;-0.230189;-1.000000;
6.004197;0.371137;-0.122342;0.741213;0.734629;0.098572;-0.474318;-0.230180;-1.000000;
6.004198;0.371139;-0.122336;0.741215;0.734631;0.098572;-0.474320;-0.230171;-1.000000;
6.004200;0.371141;-0.122323;0.741220;0.734636;0.098573;-0.474322;-0.230152;-1.000000;
6.004204;0.371146;-0.122297;0.741229;0.734645;0.098573;-0.474328;-0.230116;-1.000000;
6.004212;0.371157;-0.122246;0.741248;0.734664;0.098575;-0.474340;-0.230042;-1.000000;
6.004228;0.371178;-0.122143;0.741285;0.734702;0.098578;-0.474363;-0.229895;-1.000000;
6.004260;0.371219;-0.121935;0.741361;0.734777;0.098584;-0.474409;-0.229599;-1.000000;
6.004324;0.371304;-0.121518;0.741513;0.734929;0.098596;-0.474502;-0.229004;-1.000000;
6.004452;0.371476;-0.120671;0.741822;0.735237;0.098621;-0.474691;-0.227798;-1.000000;
6.004455;0.371480;-0.120648;0.741830;0.735245;0.098622;-0.474696;-0.227766;-1.000000;
6.004455;0.371480;-0.120648;0.741830;0.735245;0.098622;-0.474696;-0.227766;-1.000000;
6.004456;0.371482;-0.120642;0.741832;0.735247;0.098622;-0.474697;-0.227756;-1.000000;
6.004457;0.371483;-0.120635;0.741835;0.735250;0.098622;-0.474699;-0.227747;-1.000000;
6.004459;0.371486;-0.120622;0.741840;0.735255;0.098622;-0.474702;-0.227728;-1.000000;
6.004463;0.371491;-0.120595;0.741849;0.735264;0.098623;-0.474708;-0.227690;-1.000000;
6.004471;0.371502;-0.120541;0.741869;0.735284;0.098625;-0.474720;-0.227613;-1.000000;
6.004487;0.371524;-0.120434;0.741908;0.735323;0.098628;-0.474744;-0.227461;-1.000000;
6.004519;0.371568;-0.120219;0.741986;0.735401;0.098634;-0.474792;-0.227154;-1.000000;
6.004583;0.371656;-0.119785;0.742144;0.735558;0.098647;-0.474889;-0.226538;-1.000000;
6.004711;0.371835;-0.118908;0.742463;0.735877;0.098673;-0.475086;-0.225291;-1.000000;
6.004967;0.372203;-0.117113;0.743114;0.736527;0.098727;-0.475491;-0.222743;-1.000000;
6.005223;0.372583;-0.115268;0.743782;0.737194;0.098783;-0.475910;-0.220131;-1.000000;
6.005479;0.372976;-0.113378;0.744466;0.737875;0.098841;-0.476343;-0.217462;-1.000000;
6.005511;0.373025;-0.113140;0.744551;0.737960;0.098849;-0.476397;-0.217128;-1.000000;
6.005511;0.373025;-0.113140;0.744551;0.737960;0.098849;-0.476397;-0.217128;-1.000000;
6.005511;0.373025;-0.113140;0.744551;0.737960;0.098849;-0.476397;-0.217127;-1.000000;
6.005511;0.373025;-0.113140;0.744551;0.737960;0.098849;-0.476397;-0.217127;-1.000000;
6.005512;0.373027;-0.113130;0.744555;0.737964;0.098849;-0.476399;-0.217113;-1.000000;
6.005513;0.373029;-0.113120;0.744558;0.737968;0.098849;-0.476402;-0.217099;-1.000000;
6.005515;0.373033;-0.113100;0.744566;0.737975;0.098850;-0.476406;-0.217071;-1.000000;
6.005519;0.373041;-0.113061;0.744580;0.737989;0.098851;-0.476414;-0.217015;-1.000000;
6.005527;0.373056;-0.112981;0.744609;0.738018;0.098853;-0.476431;-0.216903;-1.000000;
6.005543;0.373087;-0.112822;0.744666;0.738075;0.098857;-0.476465;-0.216677;-1.000000;
6.005575;0.373149;-0.112502;0.744782;0.738191;0.098866;-0.476532;-0.216224;-1.000000;
6.005639;0.373274;-0.111853;0.745016;0.738425;0.098883;-0.476669;-0.215307;-1.000000;
6.005767;0.373531;-0.110528;0.745494;0.738903;0.098918;-0.476949;-0.213433;-1.000000;
6.005895;0.373795;-0.109164;0.745985;0.739393;0.098954;-0.477236;-0.211509;-1.000000;
6.006151;0.374342;-0.106332;0.747003;0.740410;0.099028;-0.477831;-0.207522;-1.000000;
6.006407;0.374914;-0.103368;0.748066;0.741472;0.099106;-0.478454;-0.203360;-1.000000;
6.006663;0.375510;-0.100283;0.749168;0.742573;0.099187;-0.479101;-0.199042;-1.000000;
6.006919;0.376128;-0.097087;0.750306;0.743709;0.099272;-0.479772;-0.194586;-1.000000;
6.007175;0.376766;-0.093794;0.751475;0.744877;0.099360;-0.480464;-0.190008;-1.000000;
6.007687;0.378092;-0.086969;0.753885;0.747284;0.099543;-0.481901;-0.180573;-1.000000;
6.008199;0.379476;-0.079883;0.756370;0.749765;0.099736;-0.483399;-0.170847;-1.000000;
6.008711;0.380904;-0.072612;0.758902;0.752293;0.099938;-0.484944;-0.160943;-1.000000;
6.009223;0.382365;-0.065230;0.761454;0.754839;0.100146;-0.486523;-0.150964;-1.000000;
6.009735;0.383845;-0.057810;0.764001;0.757380;0.100361;-0.488121;-0.141009;-1.000000;
6.010247;0.385332;-0.050417;0.766520;0.759893;0.100579;-0.489726;-0.131167;-1.000000;
6.010759;0.386816;-0.043112;0.768993;0.762358;0.100799;-0.491328;-0.121515;-1.000000;
6.011271;0.388288;-0.035953;0.771399;0.764756;0.101022;-0.492916;-0.112126;-1.000000;
6.011783;0.389736;-0.028990;0.773725;0.767072;0.101244;-0.494480;-0.103059;-1.000000;
6.012295;0.391155;-0.022269;0.775956;0.769293;0.101466;-0.496013;-0.094369;-1.000000;
6.012807;0.392535;-0.015828;0.778080;0.771407;0.101685;-0.497507;-0.086099;-1.000000;
6.013319;0.393872;-0.009702;0.780089;0.773405;0.101903;-0.498956;-0.078286;-1.000000;
6.013831;0.395161;-0.003919;0.781975;0.775279;0.102116;-0.500355;-0.070960;-1.000000;
6.014042;0.395676;-0.001642;0.782716;0.776014;0.102203;-0.500916;-0.068088;-1.000000;
6.014042;0.395676;-0.001642;0.782716;0.776014;0.102203;-0.500916;-0.068088;-1.000000;
6.014043;0.395679;-0.001631;0.782719;0.776018;0.102204;-0.500918;-0.068074;-1.000000;
6.014044;0.395681;-0.001620;0.782722;0.776021;0.102204;-0.500921;-0.068061;-1.000000;
6.014046;0.395686;-0.001599;0.782729;0.776028;0.102205;-0.500926;-0.068034;-1.000000;
6.014050;0.395696;-0.001557;0.782743;0.776042;0.102207;-0.500937;-0.067980;-1.000000;
6.014058;0.395715;-0.001471;0.782771;0.776069;0.102210;-0.500958;-0.067873;-1.000000;
6.014074;0.395754;-0.001301;0.782826;0.776124;0.102216;-0.501000;-0.067658;-1.000000;
6.014106;0.395832;-0.000959;0.782937;0.776234;0.102230;-0.501085;-0.067228;-1.000000;
6.014170;0.395987;-0.000276;0.783159;0.776454;0.102256;-0.501254;-0.066368;-1.000000;
6.014298;0.396299;0.001094;0.783603;0.776895;0.102309;-0.501593;-0.064646;-1.000000;
6.014554;0.396924;0.003843;0.784492;0.777778;0.102415;-0.502272;-0.061196;-1.000000;
6.014810;0.397551;0.006603;0.785383;0.778662;0.102521;-0.502954;-0.057741;-1.000000;
6.015066;0.398180;0.009368;0.786273;0.779546;0.102628;-0.503638;-0.054287;-1.000000;
6.015578;0.399441;0.014899;0.788048;0.781309;0.102842;-0.505006;-0.047404;-1.000000;
6.016039;0.400575;0.019865;0.789634;0.782883;0.103036;-0.506237;-0.041252;-1.000000;
6.016500;0.401706;0.024800;0.791205;0.784442;0.103230;-0.507464;-0.035165;-1.000000;
6.016960;0.402832;0.029689;0.792754;0.785979;0.103424;-0.508685;-0.029162;-1.000000;
6.017421;0.403948;0.034517;0.794278;0.787490;0.103617;-0.509896;-0.023260;-1.000000;
6.017882;0.405055;0.039268;0.795772;0.788972;0.103810;-0.511096;-0.017477;-1.000000;
6.018343;0.406148;0.043932;0.797233;0.790420;0.104002;-0.512282;-0.011825;-1.000000;
6.019264;0.408287;0.052942;0.800039;0.793200;0.104382;-0.514606;-0.000975;-1.000000;
6.020186;0.410355;0.061485;0.802681;0.795815;0.104756;-0.516856;0.009225;-1.000000;
6.021108;0.412344;0.069508;0.805144;0.798252;0.105122;-0.519024;0.018724;-1.000000;
6.022029;0.414245;0.076969;0.807421;0.800502;0.105481;-0.521104;0.027487;-1.000000;
6.022951;0.416056;0.083845;0.809507;0.802559;0.105830;-0.523093;0.035494;-1.000000;
6.023872;0.417774;0.090120;0.811399;0.804423;0.106170;-0.524987;0.042741;-1.000000;
6.024794;0.419398;0.095793;0.813100;0.806095;0.106501;-0.526789;0.049236;-1.000000;
6.025624;0.420781;0.100388;0.814471;0.807440;0.106792;-0.528331;0.054452;-1.000000;
6.026453;0.422090;0.104512;0.815696;0.808638;0.107074;-0.529801;0.059092;-1.000000;
6.027282;0.423328;0.108181;0.816781;0.809695;0.107350;-0.531201;0.063180;-1.000000;
6.028112;0.424499;0.111413;0.817732;0.810619;0.107618;-0.532534;0.066742;-1.000000;
6.028941;0.425606;0.114231;0.818557;0.811417;0.107880;-0.533803;0.069809;-1.000000;
6.029771;0.426652;0.116659;0.819264;0.812096;0.108136;-0.535013;0.072411;-1.000000;
6.030600;0.427642;0.118723;0.819861;0.812665;0.108386;-0.536168;0.074582;-1.000000;
6.032259;0.429474;0.121904;0.820772;0.813519;0.108871;-0.538334;0.077804;-1.000000;
6.033918;0.431133;0.123960;0.821346;0.814036;0.109338;-0.540329;0.079703;-1.000000;
6.035577;0.432647;0.125091;0.821645;0.814277;0.109790;-0.542183;0.080518;-1.000000;
6.037236;0.434047;0.125486;0.821725;0.814298;0.110231;-0.543926;0.080473;-1.000000;
6.038895;0.435360;0.125320;0.821639;0.814153;0.110662;-0.545582;0.079770;-1.000000;
6.040553;0.436607;0.124746;0.821431;0.813885;0.111086;-0.547175;0.078589;-1.000000;
6.042212;0.437811;0.123894;0.821140;0.813534;0.111505;-0.548725;0.077081;-1.000000;
6.043871;0.438988;0.122871;0.820798;0.813131;0.111922;-0.550247;0.075370;-1.000000;
6.045530;0.440150;0.121762;0.820430;0.812703;0.112337;-0.551756;0.073557;-1.000000;
6.047189;0.441309;0.120634;0.820056;0.812267;0.112751;-0.553260;0.071717;-1.000000;
6.048848;0.442472;0.119536;0.819689;0.811840;0.113166;-0.554768;0.069909;-1.000000;
6.050507;0.443643;0.118501;0.819341;0.811431;0.113581;-0.556285;0.068172;-1.000000;
6.052166;0.444828;0.117550;0.819018;0.811046;0.113998;-0.557814;0.066532;-1.000000;
6.053824;0.446027;0.116696;0.818724;0.810689;0.114416;-0.559357;0.065002;-1.000000;
6.055483;0.447242;0.115942;0.818458;0.810362;0.114836;-0.560915;0.063588;-1.000000;
6.057142;0.448472;0.115287;0.818222;0.810064;0.115257;-0.562487;0.062287;-1.000000;
6.058801;0.449716;0.114724;0.818014;0.809793;0.115680;-0.564074;0.061092;-1.000000;
6.060460;0.450973;0.114246;0.817830;0.809547;0.116104;-0.565673;0.059995;-1.000000;
6.062119;0.452242;0.113842;0.817668;0.809322;0.116530;-0.567284;0.058983;-1.000000;
6.065437;0.454805;0.113200;0.817394;0.808921;0.117383;-0.570529;0.057150;-1.000000;
6.068754;0.457394;0.112731;0.817170;0.808570;0.118239;-0.573800;0.055512;-1.000000;
6.072072;0.459999;0.112369;0.816977;0.808250;0.119096;-0.577086;0.053994;-1.000000;
6.075390;0.462612;0.112064;0.816800;0.807944;0.119954;-0.580378;0.052535;-1.000000;
6.078708;0.465225;0.111780;0.816629;0.807643;0.120812;-0.583671;0.051093;-1.000000;
6.082025;0.467837;0.111493;0.816456;0.807339;0.121670;-0.586961;0.049641;-1.000000;
6.088661;0.473046;0.110871;0.816093;0.806712;0.123381;-0.593525;0.046660;-1.000000;
6.095296;0.478239;0.110194;0.815709;0.806060;0.125090;-0.600067;0.043584;-1.000000;
6.101932;0.483417;0.109478;0.815310;0.805390;0.126795;-0.606593;0.040434;-1.000000;
6.113464;0.492396;0.108229;0.814605;0.804205;0.129754;-0.617906;0.034884;-1.000000;
6.113464;0.492396;0.108229;0.814605;0.804205;0.129754;-0.617906;0.034884;-1.000000;
6.113465;0.492397;0.108229;0.814605;0.804205;0.129754;-0.617907;0.034883;-1.000000;
6.113466;0.492398;0.108229;0.814605;0.804205;0.129755;-0.617908;0.034883;-1.000000;
6.113468;0.492400;0.108229;0.814605;0.804204;0.129755;-0.617910;0.034882;-1.000000;
6.113472;0.492403;0.108228;0.814605;0.804204;0.129756;-0.617914;0.034880;-1.000000;
6.113480;0.492409;0.108228;0.814604;0.804203;0.129758;-0.617921;0.034876;-1.000000;
6.113496;0.492421;0.108226;0.814603;0.804202;0.129762;-0.617937;0.034868;-1.000000;
6.113528;0.492446;0.108222;0.814601;0.804198;0.129770;-0.617968;0.034852;-1.000000;
6.113592;0.492495;0.108215;0.814597;0.804191;0.129787;-0.618030;0.034821;-1.000000;
6.113720;0.492593;0.108201;0.814589;0.804178;0.129819;-0.618153;0.034759;-1.000000;
6.113976;0.492785;0.108171;0.814573;0.804152;0.129882;-0.618395;0.034636;-1.000000;
6.114488;0.493154;0.108109;0.814540;0.804099;0.130004;-0.618860;0.034392;-1.000000;
6.115512;0.493841;0.107976;0.814475;0.803995;0.130232;-0.619727;0.033916;-1.000000;
6.116536;0.494462;0.107834;0.814408;0.803894;0.130439;-0.620512;0.033456;-1.000000;
6.117560;0.495025;0.107684;0.814341;0.803796;0.130626;-0.621224;0.033013;-1.000000;
6.118584;0.495534;0.107528;0.814274;0.803701;0.130797;-0.621869;0.032586;-1.000000;
6.119608;0.495996;0.107369;0.814208;0.803608;0.130953;-0.622454;0.032176;-1.000000;
6.120632;0.496413;0.107206;0.814142;0.803519;0.131094;-0.622984;0.031781;-1.000000;
6.122680;0.497139;0.106878;0.814014;0.803348;0.131341;-0.623908;0.031036;-1.000000;
6.124728;0.497737;0.106549;0.813891;0.803190;0.131546;-0.624671;0.030349;-1.000000;
6.126776;0.498229;0.106224;0.813772;0.803041;0.131717;-0.625301;0.029713;-1.000000;
6.128824;0.498633;0.105904;0.813658;0.802902;0.131860;-0.625821;0.029123;-1.000000;
6.130872;0.498966;0.105591;0.813549;0.802772;0.131979;-0.626252;0.028574;-1.000000;
6.132920;0.499240;0.105284;0.813443;0.802649;0.132078;-0.626608;0.028060;-1.000000;
6.137016;0.499661;0.104685;0.813242;0.802419;0.132236;-0.627160;0.027108;-1.000000;
6.141112;0.499944;0.104100;0.813051;0.802207;0.132348;-0.627540;0.026235;-1.000000;
6.145208;0.500130;0.103522;0.812865;0.802005;0.132428;-0.627797;0.025416;-1.000000;
6.149304;0.500248;0.102945;0.812682;0.801810;0.132487;-0.627969;0.024629;-1.000000;
6.153400;0.500318;0.102366;0.812500;0.801618;0.132529;-0.628080;0.023861;-1.000000;
6.157496;0.500355;0.101784;0.812318;0.801428;0.132562;-0.628151;0.023103;-1.000000;
6.161592;0.500369;0.101199;0.812135;0.801239;0.132586;-0.628193;0.022351;-1.000000;
6.165688;0.500368;0.100611;0.811953;0.801051;0.132606;-0.628215;0.021603;-1.000000;
6.173880;0.500342;0.099433;0.811588;0.800676;0.132639;-0.628231;0.020115;-1.000000;
6.182072;0.500296;0.098258;0.811224;0.800303;0.132664;-0.628222;0.018637;-1.000000;
6.190264;0.500244;0.097090;0.810863;0.799933;0.132688;-0.628205;0.017170;-1.000000;
6.198456;0.500192;0.095930;0.810504;0.799565;0.132711;-0.628189;0.015712;-1.000000;
6.206648;0.500145;0.094780;0.810147;0.799199;0.132736;-0.628177;0.014262;-1.000000;
6.223032;0.500072;0.092505;0.809439;0.798473;0.132791;-0.628179;0.011382;-1.000000;
6.239416;0.500029;0.090264;0.808740;0.797753;0.132855;-0.628217;0.008526;-1.000000;
6.272184;0.500031;0.085877;0.807365;0.796333;0.133008;-0.628398;0.002882;-1.000000;
6.304952;0.500128;0.081615;0.806020;0.794940;0.133187;-0.628693;-0.002665;-1.000000;
6.335511;0.500243;0.077745;0.804793;0.793667;0.133359;-0.628994;-0.007733;-1.000000;
6.335511;0.000000;-0.000000;0.784090;0.783678;-0.025422;0.000000;0.000000;1.000000;
6.335512;0.000000;-0.000000;0.784090;0.783678;-0.025422;0.000000;0.000000;1.000000;
6.335513;0.000000;-0.000000;0.784090;0.783678;-0.025422;0.000000;0.000000;1.000000;
6.335515;0.000000;-0.000000;0.784090;0.783678;-0.025422;0.000000;0.000000;1.000000;
6.335519;0.000000;-0.000000;0.784090;0.783678;-0.025422;0.000000;0.000000;1.000000;
6.335527;0.000000;-0.000000;0.784090;0.783678;-0.025422;0.000000;0.000000;1.000000;
6.335543;0.000000;-0.000000;0.784090;0.783678;-0.025422;0.000000;0.000000;1.000000;
6.335575;0.000000;-0.000000;0.784090;0.783678;-0.025422;0.000000;0.000000;1.000000;
6.335607;0.000000;-0.000000;0.784090;0.783678;-0.025422;0.000000;0.000000;1.000000;
6.335639;0.000000;-0.000000;0.784090;0.783678;-0.025422;0.000000;0.000000;1.000000;
6.335671;0.000000;-0.000000;0.784090;0.783678;-0.025422;0.000000;0.000000;1.000000;
6.335703;0.000000;-0.000000;0.784090;0.783678;-0.025422;0.000000;0.000000;1.000000;
6.335735;0.000000;-0.000000;0.784090;0.783678;-0.025422;0.000000;0.000000;1.000000;
6.335767;0.000000;-0.000000;0.784090;0.783678;-0.025422;0.000000;0.000000;1.000000;
6.335799;0.000000;-0.000000;0.784090;0.783678;-0.025422;0.000000;0.000000;1.000000;
6.335831;0.000000;-0.000000;0.784090;0.783678;-0.025422;0.000000;0.000000;1.000000;
6.335863;0.000000;-0.000000;0.784090;0.783678;-0.025422;0.000000;0.000000;1.000000;
6.335895;0.000000;-0.000000;0.784090;0.783678;-0.025422;0.000000;0.000000;1.000000;
6.335927;0.000000;-0.000000;0.784090;0.783678;-0.025422;0.000000;0.000000;1.000000;
6.335959;0.000000;-0.000000;0.784090;0.783678;-0.025422;0.000000;0.000000;1.000000;
6.335991;0.000000;-0.000000;0.784090;0.783678;-0.025422;0.000000;0.000000;1.000000;
6.336023;0.000000;-0.000000;0.784090;0.783678;-0.025422;0.000000;0.000000;1.000000;
6.336055;0.000000;-0.000000;0.784090;0.783678;-0.025422;0.000000;0.000000;1.000000;
6.336087;0.000000;-0.000000;0.784090;0.783678;-0.025422;0.000000;0.000000;1.000000;
6.336119;0.000000;-0.000000;0.784090;0.783678;-0.025422;0.000000;0.000000;1.000000;
6.336151;0.000000;-0.000000;0.784090;0.783678;-0.025422;0.000000;0.000000;1.000000;
6.336183;0.000000;-0.000000;0.784090;0.783678;-0.025422;0.000000;0.000000;1.000000;
6.336215;0.000000;-0.000000;0.784090;0.783678;-0.025422;0.000000;0.000000;1.000000;
6.336247;0.000000;-0.000000;0.784090;0.783678;-0.025422;0.000000;0.000000;1.000000;
6.336279;0.000000;-0.000000;0.784090;0.783678;-0.025422;0.000000;0.000000;1.000000;
6.336311;0.000000;-0.000000;0.784090;0.783678;-0.025422;0.000000;0.000000;1.000000;
6.336343;0.000000;-0.000000;0.784090;0.783678;-0.025422;0.000000;0.000000;1.000000;
6.336375;0.000000;-0.000000;0.784090;0.783678;-0.025422;0.000000;0.000000;1.000000;
6.336407;0.000000;-0.000000;0.784090;0.783678;-0.025422;0.000000;0.000000;1.000000;
6.336439;0.000000;-0.000000;0.784090;0.783678;-0.025422;0.000000;0.000000;1.000000;
6.336471;0.000000;-0.000000;0.784090;0.783678;-0.025422;0.000000;0.000000;1.000000;
6.336503;0.000000;-0.000000;0.784090;0.783678;-0.025422;0.000000;0.000000;1.000000;
6.336535;0.000000;-0.000000;0.784090;0.783678;-0.025422;0.000000;0.000000;1.000000;
6.336567;0.000000;-0.000000;0.784090;0.783678;-0.025422;0.000000;0.000000;1.000000;
6.336599;0.000000;-0.000000;0.784090;0.783678;-0.025422;0.000000;0.000000;1.000000;
6.336631;0.000000;-0.000000;0.784090;0.783678;-0.025422;0.000000;0.000000;1.000000;
6.336663;0.000000;-0.000000;0.784090;0.783678;-0.025422;0.000000;0.000000;1.000000;
6.336695;0.000000;-0.000000;0.784090;0.783678;-0.025422;0.000000;0.000000;1.000000;
6.336727;0.000000;-0.000000;0.784090;0.783678;-0.025422;0.000000;0.000000;1.000000;
6.336791;0.000000;-0.000000;0.784090;0.783678;-0.025422;0.000000;0.000000;1.000000;
6.336849;0.000000;-0.000000;0.784090;0.783678;-0.025422;0.000000;0.000000;1.000000;
6.336906;0.000000;-0.000000;0.784090;0.783678;-0.025422;0.000000;0.000000;1.000000;
6.336964;0.000000;-0.000000;0.784090;0.783678;-0.025422;0.000000;0.000000;1.000000;
6.337022;0.000000;-0.000000;0.784090;0.783678;-0.025422;0.000000;0.000000;1.000000;
6.337079;0.000000;-0.000000;0.784090;0.783678;-0.025422;0.000000;0.000000;1.000000;
6.337137;0.000000;-0.000000;0.784090;0.783678;-0.025422;0.000000;0.000000;1.000000;
6.337194;0.000000;-0.000000;0.784090;0.783678;-0.025422;0.000000;0.000000;1.000000;
6.337252;0.000000;-0.000000;0.784090;0.783678;-0.025422;0.000000;0.000000;1.000000;
6.337310;0.000000;-0.000000;0.784090;0.783678;-0.025422;0.000000;0.000000;1.000000;
6.337367;0.000000;-0.000000;0.784090;0.783678;-0.025422;0.000000;0.000000;1.000000;
6.337425;0.000000;-0.000000;0.784090;0.783678;-0.025422;0.000000;0.000000;1.000000;
6.337540;0.000000;-0.000000;0.784090;0.783678;-0.025422;0.000000;0.000000;1.000000;
6.337655;0.000000;-0.000000;0.784090;0.783678;-0.025422;0.000000;0.000000;1.000000;
6.337770;0.000000;-0.000000;0.784090;0.783678;-0.025422;0.000000;0.000000;1.000000;
6.337886;0.000000;-0.000000;0.784090;0.783678;-0.025422;0.000000;0.000000;1.000000;
6.338001;0.000000;-0.000000;0.784090;0.783678;-0.025422;0.000000;0.000000;1.000000;
6.338116;0.000000;-0.000000;0.784090;0.783678;-0.025422;0.000000;0.000000;1.000000;
6.338231;0.000000;-0.000000;0.784090;0.783678;-0.025422;0.000000;0.000000;1.000000;
6.338346;0.000000;-0.000000;0.784090;0.783678;-0.025422;0.000000;0.000000;1.000000;
6.338386;0.000000;-0.000000;0.784090;0.783678;-0.025422;0.000000;0.000000;1.000000;
6.338386;0.000000;-0.000000;0.784090;0.783678;-0.025422;0.000000;0.000000;1.000000;
6.338387;0.000000;-0.000000;0.784090;0.783678;-0.025422;0.000000;0.000000;1.000000;
6.338388;0.000000;-0.000000;0.784090;0.783678;-0.025422;0.000000;0.000000;1.000000;
6.338390;0.000000;-0.000000;0.784090;0.783678;-0.025422;0.000000;0.000000;1.000000;
6.338394;0.000000;-0.000000;0.784090;0.783678;-0.025422;0.000000;0.000000;1.000000;
6.338402;0.000000;-0.000000;0.784090;0.783678;-0.025422;0.000000;0.000000;1.000000;
6.338418;0.000000;-0.000000;0.784090;0.783678;-0.025422;0.000000;0.000000;1.000000;
6.338450;0.000000;-0.000000;0.784090;0.783678;-0.025422;0.000000;0.000000;1.000000;
6.338514;0.000000;-0.000000;0.784090;0.783678;-0.025422;0.000000;0.000000;1.000000;
6.338578;0.000000;-0.000000;0.784090;0.783678;-0.025422;0.000000;0.000000;1.000000;
6.338642;0.000000;-0.000000;0.784090;0.783678;-0.025422;0.000000;0.000000;1.000000;
6.338706;0.000000;-0.000000;0.784090;0.783678;-0.025422;0.000000;0.000000;1.000000;
6.338770;0.000000;-0.000000;0.784090;0.783678;-0.025422;0.000000;0.000000;1.000000;
6.338774;0.000000;-0.000000;0.784090;0.783678;-0.025422;0.000000;0.000000;1.000000;
6.338774;0.000000;-0.000000;0.784090;0.783678;-0.025422;0.000000;0.000000;1.000000;
6.338775;0.000000;-0.000000;0.784090;0.783678;-0.025422;0.000000;0.000000;1.000000;
6.338776;0.000000;-0.000000;0.784090;0.783678;-0.025422;0.000000;0.000000;1.000000;
6.338778;0.000000;-0.000000;0.784090;0.783678;-0.025422;0.000000;0.000000;1.000000;
6.338782;0.000000;-0.000000;0.784090;0.783678;-0.025422;0.000000;0.000000;1.000000;
6.338790;0.000000;-0.000000;0.784090;0.783678;-0.025422;0.000000;0.000000;1.000000;
6.338806;0.000000;-0.000000;0.784090;0.783678;-0.025422;0.000000;0.000000;1.000000;
6.338838;0.000000;-0.000000;0.784090;0.783678;-0.025422;0.000000;0.000000;1.000000;
6.338902;0.000000;-0.000000;0.784090;0.783678;-0.025422;0.000000;0.000000;1.000000;
6.339030;0.000000;-0.000000;0.784090;0.783678;-0.025422;0.000000;0.000000;1.000000;
6.339286;0.000000;-0.000000;0.784090;0.783678;-0.025422;0.000000;0.000000;1.000000;
6.339542;0.000000;-0.000000;0.784090;0.783678;-0.025422;0.000000;0.000000;1.000000;
6.339798;0.000000;-0.000000;0.784090;0.783678;-0.025422;0.000000;0.000000;1.000000;
6.340054;0.000000;-0.000000;0.784090;0.783678;-0.025422;0.000000;0.000000;1.000000;
6.340510;0.000000;-0.000000;0.784090;0.783678;-0.025422;0.000000;0.000000;1.000000;
6.340510;0.000000;-0.000000;0.784090;0.783678;-0.025422;0.000000;0.000000;1.000000;
6.340511;0.000000;-0.000000;0.784090;0.783678;-0.025422;0.000000;0.000000;1.000000;
6.340512;0.000000;-0.000000;0.784090;0.783678;-0.025422;0.000000;0.000000;1.000000;
6.340514;0.000000;-0.000000;0.784090;0.783678;-0.025422;0.000000;0.000000;1.000000;
6.340518;0.000000;-0.000000;0.784090;0.783678;-0.025422;0.000000;0.000000;1.000000;
6.340526;0.000000;-0.000000;0.784090;0.783678;-0.025422;0.000000;0.000000;1.000000;
6.340542;0.000000;-0.000000;0.784090;0.783678;-0.025422;0.000000;0.000000;1.000000;
6.340574;0.000000;-0.000000;0.784090;0.783678;-0.025422;0.000000;0.000000;1.000000;
6.340638;0.000000;-0.000000;0.784090;0.783678;-0.025422;0.000000;0.000000;1.000000;
6.340766;0.000000;-0.000000;0.784090;0.783678;-0.025422;0.000000;0.000000;1.000000;
6.341022;0.000000;-0.000000;0.784090;0.783678;-0.025422;0.000000;0.000000;1.000000;
6.341278;0.000000;-0.000000;0.784090;0.783678;-0.025422;0.000000;0.000000;1.000000;
6.341534;0.000000;-0.000000;0.784090;0.783678;-0.025422;0.000000;0.000000;1.000000;
6.341790;0.000000;-0.000000;0.784090;0.783678;-0.025422;0.000000;0.000000;1.000000;
6.342046;0.000000;-0.000000;0.784090;0.783678;-0.025422;0.000000;0.000000;1.000000;
6.342302;0.000000;-0.000000;0.784090;0.783678;-0.025422;0.000000;0.000000;1.000000;
6.342558;0.000000;-0.000000;0.784090;0.783678;-0.025422;0.000000;0.000000;1.000000;
6.342814;0.000000;-0.000000;0.784090;0.783678;-0.025422;0.000000;0.000000;1.000000;
6.343070;0.000000;-0.000000;0.784090;0.783678;-0.025422;0.000000;0.000000;1.000000;
6.343582;0.000000;-0.000000;0.784090;0.783678;-0.025422;0.000000;0.000000;1.000000;
6.344094;0.000000;-0.000000;0.784090;0.783678;-0.025422;0.000000;0.000000;1.000000;
6.344606;0.000000;-0.000000;0.784090;0.783678;-0.025422;0.000000;0.000000;1.000000;
6.345118;0.000000;-0.000000;0.784090;0.783678;-0.025422;0.000000;0.000000;1.000000;
6.345630;0.000000;-0.000000;0.784090;0.783678;-0.025422;0.000000;0.000000;1.000000;
6.346142;0.000000;-0.000000;0.784090;0.783678;-0.025422;0.000000;0.000000;1.000000;
6.346654;0.000000;-0.000000;0.784090;0.783678;-0.025422;0.000000;0.000000;1.000000;
6.347166;0.000000;-0.000000;0.784090;0.783678;-0.025422;0.000000;0.000000;1.000000;
6.347678;0.000000;-0.000000;0.784090;0.783678;-0.025422;0.000000;0.000000;1.000000;
6.348190;0.000000;-0.000000;0.784090;0.783678;-0.025422;0.000000;0.000000;1.000000;
6.348702;0.000000;-0.000000;0.784090;0.783678;-0.025422;0.000000;0.000000;1.000000;
6.349214;0.000000;-0.000000;0.784090;0.783678;-0.025422;0.000000;0.000000;1.000000;
6.349726;0.000000;-0.000000;0.784090;0.783678;-0.025422;0.000000;0.000000;1.000000;
6.350238;0.000000;-0.000000;0.784090;0.783678;-0.025422;0.000000;0.000000;1.000000;
6.350750;0.000000;-0.000000;0.784090;0.783678;-0.025422;0.000000;0.000000;1.000000;
6.351262;0.000000;-0.000000;0.784090;0.783678;-0.025422;0.000000;0.000000;1.000000;
6.351774;0.000000;-0.000000;0.784090;0.783678;-0.025422;0.000000;0.000000;1.000000;
6.352286;0.000000;-0.000000;0.784090;0.783678;-0.025422;0.000000;0.000000;1.000000;
6.352798;0.000000;-0.000000;0.784090;0.783678;-0.025422;0.000000;0.000000;1.000000;
6.353310;0.000000;-0.000000;0.784090;0.783678;-0.025422;0.000000;0.000000;1.000000;
6.353822;0.000000;-0.000000;0.784090;0.783678;-0.025422;0.000000;0.000000;1.000000;
6.354334;0.000000;-0.000000;0.784090;0.783678;-0.025422;0.000000;0.000000;1.000000;
6.354846;0.000000;-0.000000;0.784090;0.783678;-0.025422;0.000000;0.000000;1.000000;
6.355358;0.000000;-0.000000;0.784090;0.783678;-0.025422;0.000000;0.000000;1.000000;
6.355870;0.000000;-0.000000;0.784090;0.783678;-0.025422;0.000000;0.000000;1.000000;
6.356382;0.000000;-0.000000;0.784090;0.783678;-0.025422;0.000000;0.000000;1.000000;
6.356894;0.000000;-0.000000;0.784090;0.783678;-0.025422;0.000000;0.000000;1.000000;
6.357406;0.000000;-0.000000;0.784090;0.783678;-0.025422;0.000000;0.000000;1.000000;
6.358430;0.000000;-0.000000;0.784090;0.783678;-0.025422;0.000000;0.000000;1.000000;
6.359352;0.000000;-0.000000;0.784090;0.783678;-0.025422;0.000000;0.000000;1.000000;
6.360274;0.000000;-0.000000;0.784090;0.783678;-0.025422;0.000000;0.000000;1.000000;
6.361195;0.000000;-0.000000;0.784090;0.783678;-0.025422;0.000000;0.000000;1.000000;
6.362117;0.000000;-0.000000;0.784090;0.783678;-0.025422;0.000000;0.000000;1.000000;
6.363038;0.000000;-0.000000;0.784090;0.783678;-0.025422;0.000000;0.000000;1.000000;
6.363960;0.000000;-0.000000;0.784090;0.783678;-0.025422;0.000000;0.000000;1.000000;
6.364882;0.000000;-0.000000;0.784090;0.783678;-0.025422;0.000000;0.000000;1.000000;
6.365803;0.000000;-0.000000;0.784090;0.783678;-0.025422;0.000000;0.000000;1.000000;
6.366725;0.000000;-0.000000;0.784090;0.783678;-0.025422;0.000000;0.000000;1.000000;
6.367646;0.000000;-0.000000;0.784090;0.783678;-0.025422;0.000000;0.000000;1.000000;
6.368568;0.000000;-0.000000;0.784090;0.783678;-0.025422;0.000000;0.000000;1.000000;
6.369490;0.000000;-0.000000;0.784090;0.783678;-0.025422;0.000000;0.000000;1.000000;
6.370411;0.000000;-0.000000;0.784090;0.783678;-0.025422;0.000000;0.000000;1.000000;
6.371333;0.000000;-0.000000;0.784090;0.783678;-0.025422;0.000000;0.000000;1.000000;
6.372254;0.000000;-0.000000;0.784090;0.783678;-0.025422;0.000000;0.000000;1.000000;
6.373176;0.000000;-0.000000;0.784090;0.783678;-0.025422;0.000000;0.000000;1.000000;
6.374098;0.000000;-0.000000;0.784090;0.783678;-0.025422;0.000000;0.000000;1.000000;
6.375019;0.000000;-0.000000;0.784090;0.783678;-0.025422;0.000000;0.000000;1.000000;
6.375941;0.000000;-0.000000;0.784090;0.783678;-0.025422;0.000000;0.000000;1.000000;
6.376862;0.000000;-0.000000;0.784090;0.783678;-0.025422;0.000000;0.000000;1.000000;
6.377784;0.000000;-0.000000;0.784090;0.783678;-0.025422;0.000000;0.000000;1.000000;
6.378706;0.000000;-0.000000;0.784090;0.783678;-0.025422;0.000000;0.000000;1.000000;
6.379627;0.000000;-0.000000;0.784090;0.783678;-0.025422;0.000000;0.000000;1.000000;
6.380549;0.000000;-0.000000;0.784090;0.783678;-0.025422;0.000000;0.000000;1.000000;
6.381470;0.000000;-0.000000;0.784090;0.783678;-0.025422;0.000000;0.000000;1.000000;
6.382392;0.000000;-0.000000;0.784090;0.783678;-0.025422;0.000000;0.000000;1.000000;
6.383314;0.000000;-0.000000;0.784090;0.783678;-0.025422;0.000000;0.000000;1.000000;
6.384235;0.000000;-0.000000;0.784090;0.783678;-0.025422;0.000000;0.000000;1.000000;
6.385157;0.000000;-0.000000;0.784090;0.783678;-0.025422;0.000000;0.000000;1.000000;
6.386078;0.000000;-0.000000;0.784090;0.783678;-0.025422;0.000000;0.000000;1.000000;
6.387000;0.000000;-0.000000;0.784090;0.783678;-0.025422;0.000000;0.000000;1.000000;
6.387922;0.000000;-0.000000;0.784090;0.783678;-0.025422;0.000000;0.000000;1.000000;
6.388843;0.000000;-0.000000;0.784090;0.783678;-0.025422;0.000000;0.000000;1.000000;
6.389765;0.000000;-0.000000;0.784090;0.783678;-0.025422;0.000000;0.000000;1.000000;
6.390686;0.000000;-0.000000;0.784090;0.783678;-0.025422;0.000000;0.000000;1.000000;
6.391608;0.000000;-0.000000;0.784090;0.783678;-0.025422;0.000000;0.000000;1.000000;
6.392530;0.000000;-0.000000;0.784090;0.783678;-0.025422;0.000000;0.000000;1.000000;
6.394373;0.000000;-0.000000;0.784090;0.783678;-0.025422;0.000000;0.000000;1.000000;
6.396032;0.000000;-0.000000;0.784090;0.783678;-0.025422;0.000000;0.000000;1.000000;
6.397690;0.000000;-0.000000;0.784090;0.783678;-0.025422;0.000000;0.000000;1.000000;
6.399349;0.000000;-0.000000;0.784090;0.783678;-0.025422;0.000000;0.000000;1.000000;
6.399999;0.000000;-0.000000;0.784090;0.783678;-0.025422;0.000000;0.000000;1.000000;
6.399999;0.000000;-0.000000;1.073064;1.072196;-0.043153;0.000000;0.000000;1.000000;
6.400000;0.000000;-0.000000;1.073064;1.072196;-0.043153;0.000000;0.000000;1.000000;
6.400001;0.000000;-0.000000;1.073064;1.072196;-0.043153;0.000000;0.000000;1.000000;
6.400003;0.000000;-0.000000;1.073064;1.072196;-0.043153;0.000000;0.000000;1.000000;
6.400007;0.000000;-0.000000;1.073064;1.072196;-0.043153;0.000000;0.000000;1.000000;
6.400015;0.000000;-0.000000;1.073064;1.072196;-0.043153;0.000000;0.000000;1.000000;
6.400031;0.000000;-0.000000;1.073064;1.072196;-0.043153;0.000000;0.000000;1.000000;
6.400063;0.000000;-0.000000;1.073064;1.072196;-0.043153;0.000000;0.000000;1.000000;
6.400127;0.000000;-0.000000;1.073064;1.072196;-0.043153;0.000000;0.000000;1.000000;
6.400191;0.000000;-0.000000;1.073064;1.072196;-0.043153;0.000000;0.000000;1.000000;
6.400319;0.000000;-0.000000;1.073064;1.072196;-0.043153;0.000000;0.000000;1.000000;
6.400434;0.000000;-0.000000;1.073064;1.072196;-0.043153;0.000000;0.000000;1.000000;
6.400549;0.000000;-0.000000;1.073064;1.072196;-0.043153;0.000000;0.000000;1.000000;
6.400664;0.000000;-0.000000;1.073064;1.072196;-0.043153;0.000000;0.000000;1.000000;
6.400780;0.000000;-0.000000;1.073064;1.072196;-0.043153;0.000000;0.000000;1.000000;
6.400895;0.000000;-0.000000;1.073064;1.072196;-0.043153;0.000000;0.000000;1.000000;
6.401010;0.000000;-0.000000;1.073064;1.072196;-0.043153;0.000000;0.000000;1.000000;
6.401125;0.000000;-0.000000;1.073064;1.072196;-0.043153;0.000000;0.000000;1.000000;
6.401240;0.000000;-0.000000;1.073064;1.072196;-0.043153;0.000000;0.000000;1.000000;
6.401462;0.000000;-0.000000;1.073064;1.072196;-0.043153;0.000000;0.000000;1.000000;
6.401462;0.000000;-0.000000;1.073064;1.072196;-0.043153;0.000000;0.000000;1.000000;
6.401463;0.000000;-0.000000;1.073064;1.072196;-0.043153;0.000000;0.000000;1.000000;
6.401464;0.000000;-0.000000;1.073064;1.072196;-0.043153;0.000000;0.000000;1.000000;
6.401466;0.000000;-0.000000;1.073064;1.072196;-0.043153;0.000000;0.000000;1.000000;
6.401470;0.000000;-0.000000;1.073064;1.072196;-0.043153;0.000000;0.000000;1.000000;
6.401478;0.000000;-0.000000;1.073064;1.072196;-0.043153;0.000000;0.000000;1.000000;
6.401494;0.000000;-0.000000;1.073064;1.072196;-0.043153;0.000000;0.000000;1.000000;
6.401526;0.000000;-0.000000;1.073064;1.072196;-0.043153;0.000000;0.000000;1.000000;
6.401590;0.000000;-0.000000;1.073064;1.072196;-0.043153;0.000000;0.000000;1.000000;
6.401654;0.000000;-0.000000;1.073064;1.072196;-0.043153;0.000000;0.000000;1.000000;
6.401782;0.000000;-0.000000;1.073064;1.072196;-0.043153;0.000000;0.000000;1.000000;
6.401897;0.000000;-0.000000;1.073064;1.072196;-0.043153;0.000000;0.000000;1.000000;
6.402013;0.000000;-0.000000;1.073064;1.072196;-0.043153;0.000000;0.000000;1.000000;
6.402128;0.000000;-0.000000;1.073064;1.072196;-0.043153;0.000000;0.000000;1.000000;
6.402243;0.000000;-0.000000;1.073064;1.072196;-0.043153;0.000000;0.000000;1.000000;
6.402358;0.000000;-0.000000;1.073064;1.072196;-0.043153;0.000000;0.000000;1.000000;
6.402473;0.000000;-0.000000;1.073064;1.072196;-0.043153;0.000000;0.000000;1.000000;
6.402526;0.000000;-0.000000;1.073064;1.072196;-0.043153;0.000000;0.000000;1.000000;
6.402526;0.000000;-0.000000;1.073064;1.072196;-0.043153;0.000000;0.000000;1.000000;
6.402527;0.000000;-0.000000;1.073064;1.072196;-0.043153;0.000000;0.000000;1.000000;
6.402528;0.000000;-0.000000;1.073064;1.072196;-0.043153;0.000000;0.000000;1.000000;
6.402530;0.000000;-0.000000;1.073064;1.072196;-0.043153;0.000000;0.000000;1.000000;
6.402534;0.000000;-0.000000;1.073064;1.072196;-0.043153;0.000000;0.000000;1.000000;
6.402542;0.000000;-0.000000;1.073064;1.072196;-0.043153;0.000000;0.000000;1.000000;
6.402558;0.000000;-0.000000;1.073064;1.072196;-0.043153;0.000000;0.000000;1.000000;
6.402590;0.000000;-0.000000;1.073064;1.072196;-0.043153;0.000000;0.000000;1.000000;
6.402654;0.000000;-0.000000;1.073064;1.072196;-0.043153;0.000000;0.000000;1.000000;
6.402782;0.000000;-0.000000;1.073064;1.072196;-0.043153;0.000000;0.000000;1.000000;
6.403038;0.000000;-0.000000;1.073064;1.072196;-0.043153;0.000000;0.000000;1.000000;
6.403294;0.000000;-0.000000;1.073064;1.072196;-0.043153;0.000000;0.000000;1.000000;
6.403806;0.000000;-0.000000;1.073064;1.072196;-0.043153;0.000000;0.000000;1.000000;
6.404318;0.000000;-0.000000;1.073064;1.072196;-0.043153;0.000000;0.000000;1.000000;
6.404830;0.000000;-0.000000;1.073064;1.072196;-0.043153;0.000000;0.000000;1.000000;
6.405123;0.000000;-0.000000;1.073064;1.072196;-0.043153;0.000000;0.000000;1.000000;
6.405123;0.000000;-0.000000;1.073064;1.072196;-0.043153;0.000000;0.000000;1.000000;
6.405123;0.000000;-0.000000;1.073064;1.072196;-0.043153;0.000000;0.000000;1.000000;
6.405123;0.000000;-0.000000;1.073064;1.072196;-0.043153;0.000000;0.000000;1.000000;
6.405124;0.000000;-0.000000;1.073064;1.072196;-0.043153;0.000000;0.000000;1.000000;
6.405125;0.000000;-0.000000;1.073064;1.072196;-0.043153;0.000000;0.000000;1.000000;
6.405127;0.000000;-0.000000;1.073064;1.072196;-0.043153;0.000000;0.000000;1.000000;
6.405131;0.000000;-0.000000;1.073064;1.072196;-0.043153;0.000000;0.000000;1.000000;
6.405139;0.000000;-0.000000;1.073064;1.072196;-0.043153;0.000000;0.000000;1.000000;
6.405155;0.000000;-0.000000;1.073064;1.072196;-0.043153;0.000000;0.000000;1.000000;
6.405187;0.000000;-0.000000;1.073064;1.072196;-0.043153;0.000000;0.000000;1.000000;
6.405251;0.000000;-0.000000;1.073064;1.072196;-0.043153;0.000000;0.000000;1.000000;
6.405379;0.000000;-0.000000;1.073064;1.072196;-0.043153;0.000000;0.000000;1.000000;
6.405635;0.000000;-0.000000;1.073064;1.072196;-0.043153;0.000000;0.000000;1.000000;
6.406147;0.000000;-0.000000;1.073064;1.072196;-0.043153;0.000000;0.000000;1.000000;
6.406659;0.000000;-0.000000;1.073064;1.072196;-0.043153;0.000000;0.000000;1.000000;
6.407171;0.000000;-0.000000;1.073064;1.072196;-0.043153;0.000000;0.000000;1.000000;
6.407683;0.000000;-0.000000;1.073064;1.072196;-0.043153;0.000000;0.000000;1.000000;
6.408195;0.000000;-0.000000;1.073064;1.072196;-0.043153;0.000000;0.000000;1.000000;
6.408707;0.000000;-0.000000;1.073064;1.072196;-0.043153;0.000000;0.000000;1.000000;
6.409219;0.000000;-0.000000;1.073064;1.072196;-0.043153;0.000000;0.000000;1.000000;
6.409731;0.000000;-0.000000;1.073064;1.072196;-0.043153;0.000000;0.000000;1.000000;
6.410243;0.000000;-0.000000;1.073064;1.072196;-0.043153;0.000000;0.000000;1.000000;
6.411267;0.000000;-0.000000;1.073064;1.072196;-0.043153;0.000000;0.000000;1.000000;
6.412291;0.000000;-0.000000;1.073064;1.072196;-0.043153;0.000000;0.000000;1.000000;
6.413315;0.000000;-0.000000;1.073064;1.072196;-0.043153;0.000000;0.000000;1.000000;
6.414339;0.000000;-0.000000;1.073064;1.072196;-0.043153;0.000000;0.000000;1.000000;
6.415363;0.000000;-0.000000;1.073064;1.072196;-0.043153;0.000000;0.000000;1.000000;
6.416387;0.000000;-0.000000;1.073064;1.072196;-0.043153;0.000000;0.000000;1.000000;
6.418435;0.000000;-0.000000;1.073064;1.072196;-0.043153;0.000000;0.000000;1.000000;
6.420483;0.000000;-0.000000;1.073064;1.072196;-0.043153;0.000000;0.000000;1.000000;
6.421698;0.000000;-0.000000;1.073064;1.072196;-0.043153;0.000000;0.000000;1.000000;
6.421698;0.000000;-0.000000;1.073064;1.072196;-0.043153;0.000000;0.000000;1.000000;
6.421699;0.000000;-0.000000;1.073064;1.072196;-0.043153;0.000000;0.000000;1.000000;
6.421700;0.000000;-0.000000;1.073064;1.072196;-0.043153;0.000000;0.000000;1.000000;
6.421702;0.000000;-0.000000;1.073064;1.072196;-0.043153;0.000000;0.000000;1.000000;
6.421706;0.000000;-0.000000;1.073064;1.072196;-0.043153;0.000000;0.000000;1.000000;
6.421714;0.000000;-0.000000;1.073064;1.072196;-0.043153;0.000000;0.000000;1.000000;
6.421730;0.000000;-0.000000;1.073064;1.072196;-0.043153;0.000000;0.000000;1.000000;
6.421762;0.000000;-0.000000;1.073064;1.072196;-0.043153;0.000000;0.000000;1.000000;
6.421826;0.000000;-0.000000;1.073064;1.072196;-0.043153;0.000000;0.000000;1.000000;
6.421954;0.000000;-0.000000;1.073064;1.072196;-0.043153;0.000000;0.000000;1.000000;
6.422210;0.000000;-0.000000;1.073064;1.072196;-0.043153;0.000000;0.000000;1.000000;
6.422722;0.000000;-0.000000;1.073064;1.072196;-0.043153;0.000000;0.000000;1.000000;
6.423746;0.000000;-0.000000;1.073064;1.072196;-0.043153;0.000000;0.000000;1.000000;
6.424916;0.000000;-0.000000;1.073064;1.072196;-0.043153;0.000000;0.000000;1.000000;
6.424916;0.000000;-0.000000;1.073064;1.072196;-0.043153;0.000000;0.000000;1.000000;
6.424917;0.000000;-0.000000;1.073064;1.072196;-0.043153;0.000000;0.000000;1.000000;
6.424918;0.000000;-0.000000;1.073064;1.072196;-0.043153;0.000000;0.000000;1.000000;
6.424920;0.000000;-0.000000;1.073064;1.072196;-0.043153;0.000000;0.000000;1.000000;
6.424924;0.000000;-0.000000;1.073064;1.072196;-0.043153;0.000000;0.000000;1.000000;
6.424932;0.000000;-0.000000;1.073064;1.072196;-0.043153;0.000000;0.000000;1.000000;
6.424948;0.000000;-0.000000;1.073064;1.072196;-0.043153;0.000000;0.000000;1.000000;
6.424980;0.000000;-0.000000;1.073064;1.072196;-0.043153;0.000000;0.000000;1.000000;
6.425044;0.000000;-0.000000;1.073064;1.072196;-0.043153;0.000000;0.000000;1.000000;
6.425172;0.000000;-0.000000;1.073064;1.072196;-0.043153;0.000000;0.000000;1.000000;
6.425428;0.000000;-0.000000;1.073064;1.072196;-0.043153;0.000000;0.000000;1.000000;
6.425940;0.000000;-0.000000;1.073064;1.072196;-0.043153;0.000000;0.000000;1.000000;
6.426964;0.000000;-0.000000;1.073064;1.072196;-0.043153;0.000000;0.000000;1.000000;
6.429012;0.000000;-0.000000;1.073064;1.072196;-0.043153;0.000000;0.000000;1.000000;
6.431060;0.000000;-0.000000;1.073064;1.072196;-0.043153;0.000000;0.000000;1.000000;
6.433108;0.000000;-0.000000;1.073064;1.072196;-0.043153;0.000000;0.000000;1.000000;
6.435156;0.000000;-0.000000;1.073064;1.072196;-0.043153;0.000000;0.000000;1.000000;
6.437204;0.000000;-0.000000;1.073064;1.072196;-0.043153;0.000000;0.000000;1.000000;
6.439252;0.000000;-0.000000;1.073064;1.072196;-0.043153;0.000000;0.000000;1.000000;
6.441300;0.000000;-0.000000;1.073064;1.072196;-0.043153;0.000000;0.000000;1.000000;
6.443348;0.000000;-0.000000;1.073064;1.072196;-0.043153;0.000000;0.000000;1.000000;
6.445396;0.000000;-0.000000;1.073064;1.072196;-0.043153;0.000000;0.000000;1.000000;
6.447444;0.000000;-0.000000;1.073064;1.072196;-0.043153;0.000000;0.000000;1.000000;
6.451540;0.000000;-0.000000;1.073064;1.072196;-0.043153;0.000000;0.000000;1.000000;
6.455636;0.000000;-0.000000;1.073064;1.072196;-0.043153;0.000000;0.000000;1.000000;
6.459732;0.000000;-0.000000;1.073064;1.072196;-0.043153;0.000000;0.000000;1.000000;
6.463828;0.000000;-0.000000;1.073064;1.072196;-0.043153;0.000000;0.000000;1.000000;
6.467924;0.000000;-0.000000;1.073064;1.072196;-0.043153;0.000000;0.000000;1.000000;
6.472020;0.000000;-0.000000;1.073064;1.072196;-0.043153;0.000000;0.000000;1.000000;
6.476116;0.000000;-0.000000;1.073064;1.072196;-0.043153;0.000000;0.000000;1.000000;
6.484308;0.000000;-0.000000;1.073064;1.072196;-0.043153;0.000000;0.000000;1.000000;
6.492500;0.000000;-0.000000;1.073064;1.072196;-0.043153;0.000000;0.000000;1.000000;
6.500692;0.000000;-0.000000;1.073064;1.072196;-0.043153;0.000000;0.000000;1.000000;
6.508884;0.000000;-0.000000;1.073064;1.072196;-0.043153;0.000000;0.000000;1.000000;
6.525268;0.000000;-0.000000;1.073064;1.072196;-0.043153;0.000000;0.000000;1.000000;
6.541652;0.000000;-0.000000;1.073064;1.072196;-0.043153;0.000000;0.000000;1.000000;
6.558036;0.000000;-0.000000;1.073064;1.072196;-0.043153;0.000000;0.000000;1.000000;
6.574420;0.000000;-0.000000;1.073064;1.072196;-0.043153;0.000000;0.000000;1.000000;
6.590804;0.000000;-0.000000;1.073064;1.072196;-0.043153;0.000000;0.000000;1.000000;
6.607188;0.000000;-0.000000;1.073064;1.072196;-0.043153;0.000000;0.000000;1.000000;
6.623572;0.000000;-0.000000;1.073064;1.072196;-0.043153;0.000000;0.000000;1.000000;
6.638925;0.000000;-0.000000;1.073064;1.072196;-0.043153;0.000000;0.000000;1.000000;
6.638925;0.000000;-0.000000;1.073064;1.072196;-0.043153;0.000000;0.000000;1.000000;
6.638926;0.000000;-0.000000;1.073064;1.072196;-0.043153;0.000000;0.000000;1.000000;
6.638927;0.000000;-0.000000;1.073064;1.072196;-0.043153;0.000000;0.000000;1.000000;
6.638929;0.000000;-0.000000;1.073064;1.072196;-0.043153;0.000000;0.000000;1.000000;
6.638933;0.000000;-0.000000;1.073064;1.072196;-0.043153;0.000000;0.000000;1.000000;
6.638941;0.000000;-0.000000;1.073064;1.072196;-0.043153;0.000000;0.000000;1.000000;
6.638957;0.000000;-0.000000;1.073064;1.072196;-0.043153;0.000000;0.000000;1.000000;
6.638989;0.000000;-0.000000;1.073064;1.072196;-0.043153;0.000000;0.000000;1.000000;
6.639053;0.000000;-0.000000;1.073064;1.072196;-0.043153;0.000000;0.000000;1.000000;
6.639181;0.000000;-0.000000;1.073064;1.072196;-0.043153;0.000000;0.000000;1.000000;
6.639437;0.000000;-0.000000;1.073064;1.072196;-0.043153;0.000000;0.000000;1.000000;
6.639949;0.000000;-0.000000;1.073064;1.072196;-0.043153;0.000000;0.000000;1.000000;
6.640973;0.000000;-0.000000;1.073064;1.072196;-0.043153;0.000000;0.000000;1.000000;
6.643021;0.000000;-0.000000;1.073064;1.072196;-0.043153;0.000000;0.000000;1.000000;
6.647117;0.000000;-0.000000;1.073064;1.072196;-0.043153;0.000000;0.000000;1.000000;
6.654662;0.000000;-0.000000;1.073064;1.072196;-0.043153;0.000000;0.000000;1.000000;
6.654662;0.000000;-0.000000;1.073064;1.072196;-0.043153;0.000000;0.000000;1.000000;
6.654663;0.000000;-0.000000;1.073064;1.072196;-0.043153;0.000000;0.000000;1.000000;
6.654664;0.000000;-0.000000;1.073064;1.072196;-0.043153;0.000000;0.000000;1.000000;
6.654666;0.000000;-0.000000;1.073064;1.072196;-0.043153;0.000000;0.000000;1.000000;
6.654670;0.000000;-0.000000;1.073064;1.072196;-0.043153;0.000000;0.000000;1.000000;
6.654678;0.000000;-0.000000;1.073064;1.072196;-0.043153;0.000000;0.000000;1.000000;
6.654694;0.000000;-0.000000;1.073064;1.072196;-0.043153;0.000000;0.000000;1.000000;
6.654726;0.000000;-0.000000;1.073064;1.072196;-0.043153;0.000000;0.000000;1.000000;
6.654790;0.000000;-0.000000;1.073064;1.072196;-0.043153;0.000000;0.000000;1.000000;
6.654918;0.000000;-0.000000;1.073064;1.072196;-0.043153;0.000000;0.000000;1.000000;
6.655174;0.000000;-0.000000;1.073064;1.072196;-0.043153;0.000000;0.000000;1.000000;
6.655686;0.000000;-0.000000;1.073064;1.072196;-0.043153;0.000000;0.000000;1.000000;
6.656710;0.000000;-0.000000;1.073064;1.072196;-0.043153;0.000000;0.000000;1.000000;
6.658758;0.000000;-0.000000;1.073064;1.072196;-0.043153;0.000000;0.000000;1.000000;
6.662854;0.000000;-0.000000;1.073064;1.072196;-0.043153;0.000000;0.000000;1.000000;
6.671046;0.000000;-0.000000;1.073064;1.072196;-0.043153;0.000000;0.000000;1.000000;
6.687430;0.000000;-0.000000;1.073064;1.072196;-0.043153;0.000000;0.000000;1.000000;
6.704101;0.000000;-0.000000;1.073064;1.072196;-0.043153;0.000000;0.000000;1.000000;
6.704101;0.000000;-0.000000;1.073064;1.072196;-0.043153;0.000000;0.000000;1.000000;
6.704102;0.000000;-0.000000;1.073064;1.072196;-0.043153;0.000000;0.000000;1.000000;
6.704103;0.000000;-0.000000;1.073064;1.072196;-0.043153;0.000000;0.000000;1.000000;
6.704105;0.000000;-0.000000;1.073064;1.072196;-0.043153;0.000000;0.000000;1.000000;
6.704109;0.000000;-0.000000;1.073064;1.072196;-0.043153;0.000000;0.000000;1.000000;
6.704117;0.000000;-0.000000;1.073064;1.072196;-0.043153;0.000000;0.000000;1.000000;
6.704133;0.000000;-0.000000;1.073064;1.072196;-0.043153;0.000000;0.000000;1.000000;
6.704165;0.000000;-0.000000;1.073064;1.072196;-0.043153;0.000000;0.000000;1.000000;
6.704229;0.000000;-0.000000;1.073064;1.072196;-0.043153;0.000000;0.000000;1.000000;
6.704357;0.000000;-0.000000;1.073064;1.072196;-0.043153;0.000000;0.000000;1.000000;
6.704613;0.000000;-0.000000;1.073064;1.072196;-0.043153;0.000000;0.000000;1.000000;
6.705125;0.000000;-0.000000;1.073064;1.072196;-0.043153;0.000000;0.000000;1.000000;
6.706149;0.000000;-0.000000;1.073064;1.072196;-0.043153;0.000000;0.000000;1.000000;
6.708197;0.000000;-0.000000;1.073064;1.072196;-0.043153;0.000000;0.000000;1.000000;
6.712293;0.000000;-0.000000;1.073064;1.072196;-0.043153;0.000000;0.000000;1.000000;
6.720485;0.000000;-0.000000;1.073064;1.072196;-0.043153;0.000000;0.000000;1.000000;
6.736869;0.000000;-0.000000;1.073064;1.072196;-0.043153;0.000000;0.000000;1.000000;
6.769637;0.000000;-0.000000;1.073064;1.072196;-0.043153;0.000000;0.000000;1.000000;
6.802405;0.000000;-0.000000;1.073064;1.072196;-0.043153;0.000000;0.000000;1.000000;
6.835173;0.000000;-0.000000;1.073064;1.072196;-0.043153;0.000000;0.000000;1.000000;
6.865891;0.000000;-0.000000;1.073064;1.072196;-0.043153;0.000000;0.000000;1.000000;
6.865891;0.000000;-0.000000;1.073064;1.072196;-0.043153;0.000000;0.000000;1.000000;
6.865892;0.000000;-0.000000;1.073064;1.072196;-0.043153;0.000000;0.000000;1.000000;
6.865893;0.000000;-0.000000;1.073064;1.072196;-0.043153;0.000000;0.000000;1.000000;
6.865895;0.000000;-0.000000;1.073064;1.072196;-0.043153;0.000000;0.000000;1.000000;
6.865899;0.000000;-0.000000;1.073064;1.072196;-0.043153;0.000000;0.000000;1.000000;
6.865907;0.000000;-0.000000;1.073064;1.072196;-0.043153;0.000000;0.000000;1.000000;
6.865923;0.000000;-0.000000;1.073064;1.072196;-0.043153;0.000000;0.000000;1.000000;
6.865955;0.000000;-0.000000;1.073064;1.072196;-0.043153;0.000000;0.000000;1.000000;
6.866019;0.000000;-0.000000;1.073064;1.072196;-0.043153;0.000000;0.000000;1.000000;
6.866147;0.000000;-0.000000;1.073064;1.072196;-0.043153;0.000000;0.000000;1.000000;
6.866403;0.000000;-0.000000;1.073064;1.072196;-0.043153;0.000000;0.000000;1.000000;
6.866915;0.000000;-0.000000;1.073064;1.072196;-0.043153;0.000000;0.000000;1.000000;
6.867939;0.000000;-0.000000;1.073064;1.072196;-0.043153;0.000000;0.000000;1.000000;
6.869987;0.000000;-0.000000;1.073064;1.072196;-0.043153;0.000000;0.000000;1.000000;
6.874083;0.000000;-0.000000;1.073064;1.072196;-0.043153;0.000000;0.000000;1.000000;
6.878179;0.000000;-0.000000;1.073064;1.072196;-0.043153;0.000000;0.000000;1.000000;
6.882275;0.000000;-0.000000;1.073064;1.072196;-0.043153;0.000000;0.000000;1.000000;
6.890467;0.000000;-0.000000;1.073064;1.072196;-0.043153;0.000000;0.000000;1.000000;
6.898659;0.000000;-0.000000;1.073064;1.072196;-0.043153;0.000000;0.000000;1.000000;
6.904101;0.000000;-0.000000;1.073064;1.072196;-0.043153;0.000000;0.000000;1.000000;
6.904101;0.000000;-0.000000;1.073064;1.072196;-0.043153;0.000000;0.000000;1.000000;
6.904102;0.000000;-0.000000;1.073064;1.072196;-0.043153;0.000000;0.000000;1.000000;
6.904103;0.000000;-0.000000;1.073064;1.072196;-0.043153;0.000000;0.000000;1.000000;
6.904105;0.000000;-0.000000;1.073064;1.072196;-0.043153;0.000000;0.000000;1.000000;
6.904109;0.000000;-0.000000;1.073064;1.072196;-0.043153;0.000000;0.000000;1.000000;
6.904117;0.000000;-0.000000;1.073064;1.072196;-0.043153;0.000000;0.000000;1.000000;
6.904133;0.000000;-0.000000;1.073064;1.072196;-0.043153;0.000000;0.000000;1.000000;
6.904165;0.000000;-0.000000;1.073064;1.072196;-0.043153;0.000000;0.000000;1.000000;
6.904229;0.000000;-0.000000;1.073064;1.072196;-0.043153;0.000000;0.000000;1.000000;
6.904357;0.000000;-0.000000;1.073064;1.072196;-0.043153;0.000000;0.000000;1.000000;
6.904613;0.000000;-0.000000;1.073064;1.072196;-0.043153;0.000000;0.000000;1.000000;
6.905125;0.000000;-0.000000;1.073064;1.072196;-0.043153;0.000000;0.000000;1.000000;
6.906149;0.000000;-0.000000;1.073064;1.072196;-0.043153;0.000000;0.000000;1.000000;
6.908197;0.000000;-0.000000;1.073064;1.072196;-0.043153;0.000000;0.000000;1.000000;
6.912293;0.000000;-0.000000;1.073064;1.072196;-0.043153;0.000000;0.000000;1.000000;
6.920485;0.000000;-0.000000;1.073064;1.072196;-0.043153;0.000000;0.000000;1.000000;
6.936869;0.000000;-0.000000;1.073064;1.072196;-0.043153;0.000000;0.000000;1.000000;
6.969637;0.000000;-0.000000;1.073064;1.072196;-0.043153;0.000000;0.000000;1.000000;
7.002405;0.000000;-0.000000;1.073064;1.072196;-0.043153;0.000000;0.000000;1.000000;
7.035173;0.000000;-0.000000;1.073064;1.072196;-0.043153;0.000000;0.000000;1.000000;
7.073346;0.000000;-0.000000;1.073064;1.072196;-0.043153;0.000000;0.000000;1.000000;
7.111518;0.000000;-0.000000;1.073064;1.072196;-0.043153;0.000000;0.000000;1.000000;
7.149691;0.000000;-0.000000;1.073064;1.072196;-0.043153;0.000000;0.000000;1.000000;
7.187863;0.000000;-0.000000;1.073064;1.072196;-0.043153;0.000000;0.000000;1.000000;
7.264208;0.000000;-0.000000;1.073064;1.072196;-0.043153;0.000000;0.000000;1.000000;
7.340553;0.000000;-0.000000;1.073064;1.072196;-0.043153;0.000000;0.000000;1.000000;
7.416897;0.000000;-0.000000;1.073064;1.072196;-0.043153;0.000000;0.000000;1.000000;
7.569587;0.000000;-0.000000;1.073064;1.072196;-0.043153;0.000000;0.000000;1.000000;
7.722277;0.000000;-0.000000;1.073064;1.072196;-0.043153;0.000000;0.000000;1.000000;
7.874966;0.000000;-0.000000;1.073064;1.072196;-0.043153;0.000000;0.000000;1.000000;
8.027656;0.000000;-0.000000;1.073064;1.072196;-0.043153;0.000000;0.000000;1.000000;
8.333035;0.000000;-0.000000;1.073064;1.072196;-0.043153;0.000000;0.000000;1.000000;
8.638415;0.000000;-0.000000;1.073064;1.072196;-0.043153;0.000000;0.000000;1.000000;
9.249173;0.000000;-0.000000;1.073064;1.072196;-0.043153;0.000000;0.000000;1.000000;
9.798856;0.000000;-0.000000;1.073064;1.072196;-0.043153;0.000000;0.000000;1.000000;
10.348539;0.000000;-0.000000;1.073064;1.072196;-0.043153;0.000000;0.000000;1.000000;
10.898222;0.000000;-0.000000;1.073064;1.072196;-0.043153;0.000000;0.000000;1.000000;
11.447904;0.000000;-0.000000;1.073064;1.072196;-0.043153;0.000000;0.000000;1.000000;
11.997587;0.000000;-0.000000;1.073064;1.072196;-0.043153;0.000000;0.000000;1.000000;
11.999998;0.000000;-0.000000;1.073064;1.072196;-0.043153;0.000000;0.000000;1.000000;
11.999998;0.000000;-0.000000;0.801136;0.800951;-0.017217;0.000000;0.000000;1.000000;
11.999999;0.000000;-0.000000;0.801136;0.800951;-0.017217;0.000000;0.000000;1.000000;
12.000000;0.000000;-0.000000;0.801136;0.800951;-0.017217;0.000000;0.000000;1.000000;
12.000002;0.000000;-0.000000;0.801136;0.800951;-0.017217;0.000000;0.000000;1.000000;
12.000006;0.000000;-0.000000;0.801136;0.800951;-0.017217;0.000000;0.000000;1.000000;
12.000014;0.000000;-0.000000;0.801136;0.800951;-0.017217;0.000000;0.000000;1.000000;
12.000030;0.000000;-0.000000;0.801136;0.800951;-0.017217;0.000000;0.000000;1.000000;
12.000062;0.000000;-0.000000;0.801136;0.800951;-0.017217;0.000000;0.000000;1.000000;
12.000126;0.000000;-0.000000;0.801136;0.800951;-0.017217;0.000000;0.000000;1.000000;
12.000190;0.000000;-0.000000;0.801136;0.800951;-0.017217;0.000000;0.000000;1.000000;
12.000254;0.000000;-0.000000;0.801136;0.800951;-0.017217;0.000000;0.000000;1.000000;
12.000318;0.000000;-0.000000;0.801136;0.800951;-0.017217;0.000000;0.000000;1.000000;
12.000382;0.000000;-0.000000;0.801136;0.800951;-0.017217;0.000000;0.000000;1.000000;
12.000446;0.000000;-0.000000;0.801136;0.800951;-0.017217;0.000000;0.000000;1.000000;
12.000510;0.000000;-0.000000;0.801136;0.800951;-0.017217;0.000000;0.000000;1.000000;
12.000574;0.000000;-0.000000;0.801136;0.800951;-0.017217;0.000000;0.000000;1.000000;
12.000638;0.000000;-0.000000;0.801136;0.800951;-0.017217;0.000000;0.000000;1.000000;
12.000702;0.000000;-0.000000;0.801136;0.800951;-0.017217;0.000000;0.000000;1.000000;
12.000723;0.000000;-0.000000;0.801136;0.800951;-0.017217;0.000000;0.000000;1.000000;
12.000723;0.000000;-0.000000;0.801136;0.800951;-0.017217;0.000000;0.000000;1.000000;
12.000724;0.000000;-0.000000;0.801136;0.800951;-0.017217;0.000000;0.000000;1.000000;
12.000725;0.000000;-0.000000;0.801136;0.800951;-0.017217;0.000000;0.000000;1.000000;
12.000727;0.000000;-0.000000;0.801136;0.800951;-0.017217;0.000000;0.000000;1.000000;
12.000731;0.000000;-0.000000;0.801136;0.800951;-0.017217;0.000000;0.000000;1.000000;
12.000739;0.000000;-0.000000;0.801136;0.800951;-0.017217;0.000000;0.000000;1.000000;
12.000755;0.000000;-0.000000;0.801136;0.800951;-0.017217;0.000000;0.000000;1.000000;
12.000787;0.000000;-0.000000;0.801136;0.800951;-0.017217;0.000000;0.000000;1.000000;
12.000851;0.000000;-0.000000;0.801136;0.800951;-0.017217;0.000000;0.000000;1.000000;
12.000915;0.000000;-0.000000;0.801136;0.800951;-0.017217;0.000000;0.000000;1.000000;
12.001043;0.000000;-0.000000;0.801136;0.800951;-0.017217;0.000000;0.000000;1.000000;
12.001171;0.000000;-0.000000;0.801136;0.800951;-0.017217;0.000000;0.000000;1.000000;
12.001294;0.000000;-0.000000;0.801136;0.800951;-0.017217;0.000000;0.000000;1.000000;
12.001294;0.000000;-0.000000;0.801136;0.800951;-0.017217;0.000000;0.000000;1.000000;
12.001295;0.000000;-0.000000;0.801136;0.800951;-0.017217;0.000000;0.000000;1.000000;
12.001296;0.000000;-0.000000;0.801136;0.800951;-0.017217;0.000000;0.000000;1.000000;
12.001298;0.000000;-0.000000;0.801136;0.800951;-0.017217;0.000000;0.000000;1.000000;
12.001302;0.000000;-0.000000;0.801136;0.800951;-0.017217;0.000000;0.000000;1.000000;
12.001310;0.000000;-0.000000;0.801136;0.800951;-0.017217;0.000000;0.000000;1.000000;
12.001326;0.000000;-0.000000;0.801136;0.800951;-0.017217;0.000000;0.000000;1.000000;
12.001358;0.000000;-0.000000;0.801136;0.800951;-0.017217;0.000000;0.000000;1.000000;
12.001422;0.000000;-0.000000;0.801136;0.800951;-0.017217;0.000000;0.000000;1.000000;
12.001550;0.000000;-0.000000;0.801136;0.800951;-0.017217;0.000000;0.000000;1.000000;
12.001678;0.000000;-0.000000;0.801136;0.800951;-0.017217;0.000000;0.000000;1.000000;
12.001806;0.000000;-0.000000;0.801136;0.800951;-0.017217;0.000000;0.000000;1.000000;
12.001843;0.000000;-0.000000;0.801136;0.800951;-0.017217;0.000000;0.000000;1.000000;
12.001843;0.000000;-0.000000;0.801136;0.800951;-0.017217;0.000000;0.000000;1.000000;
12.001844;0.000000;-0.000000;0.801136;0.800951;-0.017217;0.000000;0.000000;1.000000;
12.001845;0.000000;-0.000000;0.801136;0.800951;-0.017217;0.000000;0.000000;1.000000;
12.001847;0.000000;-0.000000;0.801136;0.800951;-0.017217;0.000000;0.000000;1.000000;
12.001851;0.000000;-0.000000;0.801136;0.800951;-0.017217;0.000000;0.000000;1.000000;
12.001859;0.000000;-0.000000;0.801136;0.800951;-0.017217;0.000000;0.000000;1.000000;
12.001875;0.000000;-0.000000;0.801136;0.800951;-0.017217;0.000000;0.000000;1.000000;
12.001907;0.000000;-0.000000;0.801136;0.800951;-0.017217;0.000000;0.000000;1.000000;
12.001971;0.000000;-0.000000;0.801136;0.800951;-0.017217;0.000000;0.000000;1.000000;
12.002035;0.000000;-0.000000;0.801136;0.800951;-0.017217;0.000000;0.000000;1.000000;
12.002099;0.000000;-0.000000;0.801136;0.800951;-0.017217;0.000000;0.000000;1.000000;
12.002163;0.000000;-0.000000;0.801136;0.800951;-0.017217;0.000000;0.000000;1.000000;
12.002291;0.000000;-0.000000;0.801136;0.800951;-0.017217;0.000000;0.000000;1.000000;
12.002406;0.000000;-0.000000;0.801136;0.800951;-0.017217;0.000000;0.000000;1.000000;
12.002521;0.000000;-0.000000;0.801136;0.800951;-0.017217;0.000000;0.000000;1.000000;
12.002636;0.000000;-0.000000;0.801136;0.800951;-0.017217;0.000000;0.000000;1.000000;
12.002751;0.000000;-0.000000;0.801136;0.800951;-0.017217;0.000000;0.000000;1.000000;
12.002867;0.000000;-0.000000;0.801136;0.800951;-0.017217;0.000000;0.000000;1.000000;
12.002982;0.000000;-0.000000;0.801136;0.800951;-0.017217;0.000000;0.000000;1.000000;
12.003212;0.000000;-0.000000;0.801136;0.800951;-0.017217;0.000000;0.000000;1.000000;
12.003443;0.000000;-0.000000;0.801136;0.800951;-0.017217;0.000000;0.000000;1.000000;
12.003673;0.000000;-0.000000;0.801136;0.800951;-0.017217;0.000000;0.000000;1.000000;
12.004134;0.000000;-0.000000;0.801136;0.800951;-0.017217;0.000000;0.000000;1.000000;
12.004595;0.000000;-0.000000;0.801136;0.800951;-0.017217;0.000000;0.000000;1.000000;
12.004609;0.000000;-0.000000;0.801136;0.800951;-0.017217;0.000000;0.000000;1.000000;
12.004609;0.000000;-0.000000;0.801136;0.800951;-0.017217;0.000000;0.000000;1.000000;
12.004610;0.000000;-0.000000;0.801136;0.800951;-0.017217;0.000000;0.000000;1.000000;
12.004611;0.000000;-0.000000;0.801136;0.800951;-0.017217;0.000000;0.000000;1.000000;
12.004613;0.000000;-0.000000;0.801136;0.800951;-0.017217;0.000000;0.000000;1.000000;
12.004617;0.000000;-0.000000;0.801136;0.800951;-0.017217;0.000000;0.000000;1.000000;
12.004625;0.000000;-0.000000;0.801136;0.800951;-0.017217;0.000000;0.000000;1.000000;
12.004641;0.000000;-0.000000;0.801136;0.800951;-0.017217;0.000000;0.000000;1.000000;
12.004673;0.000000;-0.000000;0.801136;0.800951;-0.017217;0.000000;0.000000;1.000000;
12.004737;0.000000;-0.000000;0.801136;0.800951;-0.017217;0.000000;0.000000;1.000000;
12.004865;0.000000;-0.000000;0.801136;0.800951;-0.017217;0.000000;0.000000;1.000000;
12.005121;0.000000;-0.000000;0.801136;0.800951;-0.017217;0.000000;0.000000;1.000000;
12.005377;0.000000;-0.000000;0.801136;0.800951;-0.017217;0.000000;0.000000;1.000000;
12.005889;0.000000;-0.000000;0.801136;0.800951;-0.017217;0.000000;0.000000;1.000000;
12.006350;0.000000;-0.000000;0.801136;0.800951;-0.017217;0.000000;0.000000;1.000000;
12.006811;0.000000;-0.000000;0.801136;0.800951;-0.017217;0.000000;0.000000;1.000000;
12.006997;0.000000;-0.000000;0.801136;0.800951;-0.017217;0.000000;0.000000;1.000000;
12.006997;0.000000;-0.000000;0.801136;0.800951;-0.017217;0.000000;0.000000;1.000000;
12.006998;0.000000;-0.000000;0.801136;0.800951;-0.017217;0.000000;0.000000;1.000000;
12.006999;0.000000;-0.000000;0.801136;0.800951;-0.017217;0.000000;0.000000;1.000000;
12.007001;0.000000;-0.000000;0.801136;0.800951;-0.017217;0.000000;0.000000;1.000000;
12.007005;0.000000;-0.000000;0.801136;0.800951;-0.017217;0.000000;0.000000;1.000000;
12.007013;0.000000;-0.000000;0.801136;0.800951;-0.017217;0.000000;0.000000;1.000000;
12.007029;0.000000;-0.000000;0.801136;0.800951;-0.017217;0.000000;0.000000;1.000000;
12.007061;0.000000;-0.000000;0.801136;0.800951;-0.017217;0.000000;0.000000;1.000000;
12.007125;0.000000;-0.000000;0.801136;0.800951;-0.017217;0.000000;0.000000;1.000000;
12.007253;0.000000;-0.000000;0.801136;0.800951;-0.017217;0.000000;0.000000;1.000000;
12.007509;0.000000;-0.000000;0.801136;0.800951;-0.017217;0.000000;0.000000;1.000000;
12.008021;0.000000;-0.000000;0.801136;0.800951;-0.017217;0.000000;0.000000;1.000000;
12.009045;0.000000;-0.000000;0.801136;0.800951;-0.017217;0.000000;0.000000;1.000000;
12.009301;0.000000;-0.000000;0.801136;0.800951;-0.017217;0.000000;0.000000;1.000000;
12.009813;0.000000;-0.000000;0.801136;0.800951;-0.017217;0.000000;0.000000;1.000000;
12.010069;0.000000;-0.000000;0.801136;0.800951;-0.017217;0.000000;0.000000;1.000000;
12.010110;0.000000;-0.000000;0.801136;0.800951;-0.017217;0.000000;0.000000;1.000000;
12.010110;0.000000;-0.000000;0.801136;0.800951;-0.017217;0.000000;0.000000;1.000000;
12.010110;0.000000;-0.000000;0.801136;0.800951;-0.017217;0.000000;0.000000;1.000000;
12.010110;0.000000;-0.000000;0.801136;0.800951;-0.017217;0.000000;0.000000;1.000000;
12.010111;0.000000;-0.000000;0.801136;0.800951;-0.017217;0.000000;0.000000;1.000000;
12.010112;0.000000;-0.000000;0.801136;0.800951;-0.017217;0.000000;0.000000;1.000000;
12.010114;0.000000;-0.000000;0.801136;0.800951;-0.017217;0.000000;0.000000;1.000000;
12.010118;0.000000;-0.000000;0.801136;0.800951;-0.017217;0.000000;0.000000;1.000000;
12.010126;0.000000;-0.000000;0.801136;0.800951;-0.017217;0.000000;0.000000;1.000000;
12.010142;0.000000;-0.000000;0.801136;0.800951;-0.017217;0.000000;0.000000;1.000000;
12.010174;0.000000;-0.000000;0.801136;0.800951;-0.017217;0.000000;0.000000;1.000000;
12.010238;0.000000;-0.000000;0.801136;0.800951;-0.017217;0.000000;0.000000;1.000000;
12.010366;0.000000;-0.000000;0.801136;0.800951;-0.017217;0.000000;0.000000;1.000000;
12.010622;0.000000;-0.000000;0.801136;0.800951;-0.017217;0.000000;0.000000;1.000000;
12.011134;0.000000;-0.000000;0.801136;0.800951;-0.017217;0.000000;0.000000;1.000000;
12.012158;0.000000;-0.000000;0.801136;0.800951;-0.017217;0.000000;0.000000;1.000000;
12.013182;0.000000;-0.000000;0.801136;0.800951;-0.017217;0.000000;0.000000;1.000000;
12.015230;0.000000;-0.000000;0.801136;0.800951;-0.017217;0.000000;0.000000;1.000000;
12.017073;0.000000;-0.000000;0.801136;0.800951;-0.017217;0.000000;0.000000;1.000000;
12.017252;0.000000;-0.000000;0.801136;0.800951;-0.017217;0.000000;0.000000;1.000000;
12.017252;0.000000;-0.000000;0.801136;0.800951;-0.017217;0.000000;0.000000;1.000000;
12.017253;0.000000;-0.000000;0.801136;0.800951;-0.017217;0.000000;0.000000;1.000000;
12.017254;0.000000;-0.000000;0.801136;0.800951;-0.017217;0.000000;0.000000;1.000000;
12.017256;0.000000;-0.000000;0.801136;0.800951;-0.017217;0.000000;0.000000;1.000000;
12.017260;0.000000;-0.000000;0.801136;0.800951;-0.017217;0.000000;0.000000;1.000000;
12.017268;0.000000;-0.000000;0.801136;0.800951;-0.017217;0.000000;0.000000;1.000000;
12.017284;0.000000;-0.000000;0.801136;0.800951;-0.017217;0.000000;0.000000;1.000000;
12.017316;0.000000;-0.000000;0.801136;0.800951;-0.017217;0.000000;0.000000;1.000000;
12.017380;0.000000;-0.000000;0.801136;0.800951;-0.017217;0.000000;0.000000;1.000000;
12.017508;0.000000;-0.000000;0.801136;0.800951;-0.017217;0.000000;0.000000;1.000000;
12.017764;0.000000;-0.000000;0.801136;0.800951;-0.017217;0.000000;0.000000;1.000000;
12.018276;0.000000;-0.000000;0.801136;0.800951;-0.017217;0.000000;0.000000;1.000000;
12.019300;0.000000;-0.000000;0.801136;0.800951;-0.017217;0.000000;0.000000;1.000000;
12.021348;0.000000;-0.000000;0.801136;0.800951;-0.017217;0.000000;0.000000;1.000000;
12.023396;0.000000;-0.000000;0.801136;0.800951;-0.017217;0.000000;0.000000;1.000000;
12.025444;0.000000;-0.000000;0.801136;0.800951;-0.017217;0.000000;0.000000;1.000000;
12.027492;0.000000;-0.000000;0.801136;0.800951;-0.017217;0.000000;0.000000;1.000000;
12.029540;0.000000;-0.000000;0.801136;0.800951;-0.017217;0.000000;0.000000;1.000000;
12.031588;0.000000;-0.000000;0.801136;0.800951;-0.017217;0.000000;0.000000;1.000000;
12.033636;0.000000;-0.000000;0.801136;0.800951;-0.017217;0.000000;0.000000;1.000000;
12.035684;0.000000;-0.000000;0.801136;0.800951;-0.017217;0.000000;0.000000;1.000000;
12.037732;0.000000;-0.000000;0.801136;0.800951;-0.017217;0.000000;0.000000;1.000000;
12.039780;0.000000;-0.000000;0.801136;0.800951;-0.017217;0.000000;0.000000;1.000000;
12.041828;0.000000;-0.000000;0.801136;0.800951;-0.017217;0.000000;0.000000;1.000000;
12.043876;0.000000;-0.000000;0.801136;0.800951;-0.017217;0.000000;0.000000;1.000000;
12.045924;0.000000;-0.000000;0.801136;0.800951;-0.017217;0.000000;0.000000;1.000000;
12.047972;0.000000;-0.000000;0.801136;0.800951;-0.017217;0.000000;0.000000;1.000000;
12.050020;0.000000;-0.000000;0.801136;0.800951;-0.017217;0.000000;0.000000;1.000000;
12.052068;0.000000;-0.000000;0.801136;0.800951;-0.017217;0.000000;0.000000;1.000000;
12.054116;0.000000;-0.000000;0.801136;0.800951;-0.017217;0.000000;0.000000;1.000000;
12.058212;0.000000;-0.000000;0.801136;0.800951;-0.017217;0.000000;0.000000;1.000000;
12.062308;0.000000;-0.000000;0.801136;0.800951;-0.017217;0.000000;0.000000;1.000000;
12.066404;0.000000;-0.000000;0.801136;0.800951;-0.017217;0.000000;0.000000;1.000000;
12.070500;0.000000;-0.000000;0.801136;0.800951;-0.017217;0.000000;0.000000;1.000000;
12.074596;0.000000;-0.000000;0.801136;0.800951;-0.017217;0.000000;0.000000;1.000000;
12.078692;0.000000;-0.000000;0.801136;0.800951;-0.017217;0.000000;0.000000;1.000000;
12.082788;0.000000;-0.000000;0.801136;0.800951;-0.017217;0.000000;0.000000;1.000000;
12.086884;0.000000;-0.000000;0.801136;0.800951;-0.017217;0.000000;0.000000;1.000000;
12.095076;0.000000;-0.000000;0.801136;0.800951;-0.017217;0.000000;0.000000;1.000000;
12.103268;0.000000;-0.000000;0.801136;0.800951;-0.017217;0.000000;0.000000;1.000000;
12.111460;0.000000;-0.000000;0.801136;0.800951;-0.017217;0.000000;0.000000;1.000000;
12.119652;0.000000;-0.000000;0.801136;0.800951;-0.017217;0.000000;0.000000;1.000000;
12.136036;0.000000;-0.000000;0.801136;0.800951;-0.017217;0.000000;0.000000;1.000000;
12.149998;0.000000;-0.000000;0.801136;0.800951;-0.017217;0.000000;0.000000;1.000000;
12.149998;0.000000;-0.000000;1.073064;1.072196;-0.043153;0.000000;0.000000;1.000000;
12.149999;0.000000;-0.000000;1.073064;1.072196;-0.043153;0.000000;0.000000;1.000000;
12.150000;0.000000;-0.000000;1.073064;1.072196;-0.043153;0.000000;0.000000;1.000000;
12.150002;0.000000;-0.000000;1.073064;1.072196;-0.043153;0.000000;0.000000;1.000000;
12.150006;0.000000;-0.000000;1.073064;1.072196;-0.043153;0.000000;0.000000;1.000000;
12.150014;0.000000;-0.000000;1.073064;1.072196;-0.043153;0.000000;0.000000;1.000000;
12.150030;0.000000;-0.000000;1.073064;1.072196;-0.043153;0.000000;0.000000;1.000000;
12.150062;0.000000;-0.000000;1.073064;1.072196;-0.043153;0.000000;0.000000;1.000000;
12.150126;0.000000;-0.000000;1.073064;1.072196;-0.043153;0.000000;0.000000;1.000000;
12.150190;0.000000;-0.000000;1.073064;1.072196;-0.043153;0.000000;0.000000;1.000000;
12.150254;0.000000;-0.000000;1.073064;1.072196;-0.043153;0.000000;0.000000;1.000000;
12.150318;0.000000;-0.000000;1.073064;1.072196;-0.043153;0.000000;0.000000;1.000000;
12.150382;0.000000;-0.000000;1.073064;1.072196;-0.043153;0.000000;0.000000;1.000000;
12.150446;0.000000;-0.000000;1.073064;1.072196;-0.043153;0.000000;0.000000;1.000000;
12.150510;0.000000;-0.000000;1.073064;1.072196;-0.043153;0.000000;0.000000;1.000000;
12.150574;0.000000;-0.000000;1.073064;1.072196;-0.043153;0.000000;0.000000;1.000000;
12.150638;0.000000;-0.000000;1.073064;1.072196;-0.043153;0.000000;0.000000;1.000000;
12.150702;0.000000;-0.000000;1.073064;1.072196;-0.043153;0.000000;0.000000;1.000000;
12.150766;0.000000;-0.000000;1.073064;1.072196;-0.043153;0.000000;0.000000;1.000000;
12.150894;0.000000;-0.000000;1.073064;1.072196;-0.043153;0.000000;0.000000;1.000000;
12.151009;0.000000;-0.000000;1.073064;1.072196;-0.043153;0.000000;0.000000;1.000000;
12.151124;0.000000;-0.000000;1.073064;1.072196;-0.043153;0.000000;0.000000;1.000000;
12.151239;0.000000;-0.000000;1.073064;1.072196;-0.043153;0.000000;0.000000;1.000000;
12.151354;0.000000;-0.000000;1.073064;1.072196;-0.043153;0.000000;0.000000;1.000000;
12.151470;0.000000;-0.000000;1.073064;1.072196;-0.043153;0.000000;0.000000;1.000000;
12.151488;0.000000;-0.000000;1.073064;1.072196;-0.043153;0.000000;0.000000;1.000000;
12.151488;0.000000;-0.000000;1.073064;1.072196;-0.043153;0.000000;0.000000;1.000000;
12.151489;0.000000;-0.000000;1.073064;1.072196;-0.043153;0.000000;0.000000;1.000000;
12.151490;0.000000;-0.000000;1.073064;1.072196;-0.043153;0.000000;0.000000;1.000000;
12.151492;0.000000;-0.000000;1.073064;1.072196;-0.043153;0.000000;0.000000;1.000000;
12.151496;0.000000;-0.000000;1.073064;1.072196;-0.043153;0.000000;0.000000;1.000000;
12.151504;0.000000;-0.000000;1.073064;1.072196;-0.043153;0.000000;0.000000;1.000000;
12.151520;0.000000;-0.000000;1.073064;1.072196;-0.043153;0.000000;0.000000;1.000000;
12.151552;0.000000;-0.000000;1.073064;1.072196;-0.043153;0.000000;0.000000;1.000000;
12.151616;0.000000;-0.000000;1.073064;1.072196;-0.043153;0.000000;0.000000;1.000000;
12.151744;0.000000;-0.000000;1.073064;1.072196;-0.043153;0.000000;0.000000;1.000000;
12.151841;0.000000;-0.000000;1.073064;1.072196;-0.043153;0.000000;0.000000;1.000000;
12.151841;0.000000;-0.000000;1.073064;1.072196;-0.043153;0.000000;0.000000;1.000000;
12.151842;0.000000;-0.000000;1.073064;1.072196;-0.043153;0.000000;0.000000;1.000000;
12.151843;0.000000;-0.000000;1.073064;1.072196;-0.043153;0.000000;0.000000;1.000000;
12.151845;0.000000;-0.000000;1.073064;1.072196;-0.043153;0.000000;0.000000;1.000000;
12.151849;0.000000;-0.000000;1.073064;1.072196;-0.043153;0.000000;0.000000;1.000000;
12.151857;0.000000;-0.000000;1.073064;1.072196;-0.043153;0.000000;0.000000;1.000000;
12.151873;0.000000;-0.000000;1.073064;1.072196;-0.043153;0.000000;0.000000;1.000000;
12.151905;0.000000;-0.000000;1.073064;1.072196;-0.043153;0.000000;0.000000;1.000000;
12.151969;0.000000;-0.000000;1.073064;1.072196;-0.043153;0.000000;0.000000;1.000000;
12.152033;0.000000;-0.000000;1.073064;1.072196;-0.043153;0.000000;0.000000;1.000000;
12.152097;0.000000;-0.000000;1.073064;1.072196;-0.043153;0.000000;0.000000;1.000000;
12.152161;0.000000;-0.000000;1.073064;1.072196;-0.043153;0.000000;0.000000;1.000000;
12.152289;0.000000;-0.000000;1.073064;1.072196;-0.043153;0.000000;0.000000;1.000000;
12.152404;0.000000;-0.000000;1.073064;1.072196;-0.043153;0.000000;0.000000;1.000000;
12.152520;0.000000;-0.000000;1.073064;1.072196;-0.043153;0.000000;0.000000;1.000000;
12.152635;0.000000;-0.000000;1.073064;1.072196;-0.043153;0.000000;0.000000;1.000000;
12.152750;0.000000;-0.000000;1.073064;1.072196;-0.043153;0.000000;0.000000;1.000000;
12.152865;0.000000;-0.000000;1.073064;1.072196;-0.043153;0.000000;0.000000;1.000000;
12.152980;0.000000;-0.000000;1.073064;1.072196;-0.043153;0.000000;0.000000;1.000000;
12.153211;0.000000;-0.000000;1.073064;1.072196;-0.043153;0.000000;0.000000;1.000000;
12.153441;0.000000;-0.000000;1.073064;1.072196;-0.043153;0.000000;0.000000;1.000000;
12.153672;0.000000;-0.000000;1.073064;1.072196;-0.043153;0.000000;0.000000;1.000000;
12.154132;0.000000;-0.000000;1.073064;1.072196;-0.043153;0.000000;0.000000;1.000000;
12.154516;0.000000;-0.000000;1.073064;1.072196;-0.043153;0.000000;0.000000;1.000000;
12.154516;0.000000;-0.000000;1.073064;1.072196;-0.043153;0.000000;0.000000;1.000000;
12.154516;0.000000;-0.000000;1.073064;1.072196;-0.043153;0.000000;0.000000;1.000000;
12.154516;0.000000;-0.000000;1.073064;1.072196;-0.043153;0.000000;0.000000;1.000000;
12.154517;0.000000;-0.000000;1.073064;1.072196;-0.043153;0.000000;0.000000;1.000000;
12.154518;0.000000;-0.000000;1.073064;1.072196;-0.043153;0.000000;0.000000;1.000000;
12.154520;0.000000;-0.000000;1.073064;1.072196;-0.043153;0.000000;0.000000;1.000000;
12.154524;0.000000;-0.000000;1.073064;1.072196;-0.043153;0.000000;0.000000;1.000000;
12.154532;0.000000;-0.000000;1.073064;1.072196;-0.043153;0.000000;0.000000;1.000000;
12.154548;0.000000;-0.000000;1.073064;1.072196;-0.043153;0.000000;0.000000;1.000000;
12.154580;0.000000;-0.000000;1.073064;1.072196;-0.043153;0.000000;0.000000;1.000000;
12.154644;0.000000;-0.000000;1.073064;1.072196;-0.043153;0.000000;0.000000;1.000000;
12.154772;0.000000;-0.000000;1.073064;1.072196;-0.043153;0.000000;0.000000;1.000000;
12.155028;0.000000;-0.000000;1.073064;1.072196;-0.043153;0.000000;0.000000;1.000000;
12.155215;0.000000;-0.000000;1.073064;1.072196;-0.043153;0.000000;0.000000;1.000000;
12.155215;0.000000;-0.000000;1.073064;1.072196;-0.043153;0.000000;0.000000;1.000000;
12.155216;0.000000;-0.000000;1.073064;1.072196;-0.043153;0.000000;0.000000;1.000000;
12.155217;0.000000;-0.000000;1.073064;1.072196;-0.043153;0.000000;0.000000;1.000000;
12.155219;0.000000;-0.000000;1.073064;1.072196;-0.043153;0.000000;0.000000;1.000000;
12.155223;0.000000;-0.000000;1.073064;1.072196;-0.043153;0.000000;0.000000;1.000000;
12.155231;0.000000;-0.000000;1.073064;1.072196;-0.043153;0.000000;0.000000;1.000000;
12.155247;0.000000;-0.000000;1.073064;1.072196;-0.043153;0.000000;0.000000;1.000000;
12.155279;0.000000;-0.000000;1.073064;1.072196;-0.043153;0.000000;0.000000;1.000000;
12.155343;0.000000;-0.000000;1.073064;1.072196;-0.043153;0.000000;0.000000;1.000000;
12.155471;0.000000;-0.000000;1.073064;1.072196;-0.043153;0.000000;0.000000;1.000000;
12.155629;0.000000;-0.000000;1.073064;1.072196;-0.043153;0.000000;0.000000;1.000000;
12.155629;0.000000;-0.000000;1.073064;1.072196;-0.043153;0.000000;0.000000;1.000000;
12.155630;0.000000;-0.000000;1.073064;1.072196;-0.043153;0.000000;0.000000;1.000000;
12.155631;0.000000;-0.000000;1.073064;1.072196;-0.043153;0.000000;0.000000;1.000000;
12.155633;0.000000;-0.000000;1.073064;1.072196;-0.043153;0.000000;0.000000;1.000000;
12.155637;0.000000;-0.000000;1.073064;1.072196;-0.043153;0.000000;0.000000;1.000000;
12.155645;0.000000;-0.000000;1.073064;1.072196;-0.043153;0.000000;0.000000;1.000000;
12.155661;0.000000;-0.000000;1.073064;1.072196;-0.043153;0.000000;0.000000;1.000000;
12.155693;0.000000;-0.000000;1.073064;1.072196;-0.043153;0.000000;0.000000;1.000000;
12.155757;0.000000;-0.000000;1.073064;1.072196;-0.043153;0.000000;0.000000;1.000000;
12.155885;0.000000;-0.000000;1.073064;1.072196;-0.043153;0.000000;0.000000;1.000000;
12.156141;0.000000;-0.000000;1.073064;1.072196;-0.043153;0.000000;0.000000;1.000000;
12.156653;0.000000;-0.000000;1.073064;1.072196;-0.043153;0.000000;0.000000;1.000000;
12.156872;0.000000;-0.000000;1.073064;1.072196;-0.043153;0.000000;0.000000;1.000000;
12.156872;0.000000;-0.000000;1.073064;1.072196;-0.043153;0.000000;0.000000;1.000000;
12.156873;0.000000;-0.000000;1.073064;1.072196;-0.043153;0.000000;0.000000;1.000000;
12.156874;0.000000;-0.000000;1.073064;1.072196;-0.043153;0.000000;0.000000;1.000000;
12.156876;0.000000;-0.000000;1.073064;1.072196;-0.043153;0.000000;0.000000;1.000000;
12.156880;0.000000;-0.000000;1.073064;1.072196;-0.043153;0.000000;0.000000;1.000000;
12.156888;0.000000;-0.000000;1.073064;1.072196;-0.043153;0.000000;0.000000;1.000000;
12.156904;0.000000;-0.000000;1.073064;1.072196;-0.043153;0.000000;0.000000;1.000000;
12.156936;0.000000;-0.000000;1.073064;1.072196;-0.043153;0.000000;0.000000;1.000000;
12.157000;0.000000;-0.000000;1.073064;1.072196;-0.043153;0.000000;0.000000;1.000000;
12.157128;0.000000;-0.000000;1.073064;1.072196;-0.043153;0.000000;0.000000;1.000000;
12.157384;0.000000;-0.000000;1.073064;1.072196;-0.043153;0.000000;0.000000;1.000000;
12.157896;0.000000;-0.000000;1.073064;1.072196;-0.043153;0.000000;0.000000;1.000000;
12.158920;0.000000;-0.000000;1.073064;1.072196;-0.043153;0.000000;0.000000;1.000000;
12.159944;0.000000;-0.000000;1.073064;1.072196;-0.043153;0.000000;0.000000;1.000000;
12.160968;0.000000;-0.000000;1.073064;1.072196;-0.043153;0.000000;0.000000;1.000000;
12.161992;0.000000;-0.000000;1.073064;1.072196;-0.043153;0.000000;0.000000;1.000000;
12.163016;0.000000;-0.000000;1.073064;1.072196;-0.043153;0.000000;0.000000;1.000000;
12.165064;0.000000;-0.000000;1.073064;1.072196;-0.043153;0.000000;0.000000;1.000000;
12.167112;0.000000;-0.000000;1.073064;1.072196;-0.043153;0.000000;0.000000;1.000000;
12.169160;0.000000;-0.000000;1.073064;1.072196;-0.043153;0.000000;0.000000;1.000000;
12.170930;0.000000;-0.000000;1.073064;1.072196;-0.043153;0.000000;0.000000;1.000000;
12.170930;0.000000;-0.000000;1.073064;1.072196;-0.043153;0.000000;0.000000;1.000000;
12.170931;0.000000;-0.000000;1.073064;1.072196;-0.043153;0.000000;0.000000;1.000000;
12.170932;0.000000;-0.000000;1.073064;1.072196;-0.043153;0.000000;0.000000;1.000000;
12.170934;0.000000;-0.000000;1.073064;1.072196;-0.043153;0.000000;0.000000;1.000000;
12.170938;0.000000;-0.000000;1.073064;1.072196;-0.043153;0.000000;0.000000;1.000000;
12.170946;0.000000;-0.000000;1.073064;1.072196;-0.043153;0.000000;0.000000;1.000000;
12.170962;0.000000;-0.000000;1.073064;1.072196;-0.043153;0.000000;0.000000;1.000000;
12.170994;0.000000;-0.000000;1.073064;1.072196;-0.043153;0.000000;0.000000;1.000000;
12.171058;0.000000;-0.000000;1.073064;1.072196;-0.043153;0.000000;0.000000;1.000000;
12.171186;0.000000;-0.000000;1.073064;1.072196;-0.043153;0.000000;0.000000;1.000000;
12.171442;0.000000;-0.000000;1.073064;1.072196;-0.043153;0.000000;0.000000;1.000000;
12.171954;0.000000;-0.000000;1.073064;1.072196;-0.043153;0.000000;0.000000;1.000000;
12.172978;0.000000;-0.000000;1.073064;1.072196;-0.043153;0.000000;0.000000;1.000000;
12.175026;0.000000;-0.000000;1.073064;1.072196;-0.043153;0.000000;0.000000;1.000000;
12.177074;0.000000;-0.000000;1.073064;1.072196;-0.043153;0.000000;0.000000;1.000000;
12.179122;0.000000;-0.000000;1.073064;1.072196;-0.043153;0.000000;0.000000;1.000000;
12.181170;0.000000;-0.000000;1.073064;1.072196;-0.043153;0.000000;0.000000;1.000000;
12.183218;0.000000;-0.000000;1.073064;1.072196;-0.043153;0.000000;0.000000;1.000000;
12.185266;0.000000;-0.000000;1.073064;1.072196;-0.043153;0.000000;0.000000;1.000000;
12.187314;0.000000;-0.000000;1.073064;1.072196;-0.043153;0.000000;0.000000;1.000000;
12.189362;0.000000;-0.000000;1.073064;1.072196;-0.043153;0.000000;0.000000;1.000000;
12.193458;0.000000;-0.000000;1.073064;1.072196;-0.043153;0.000000;0.000000;1.000000;
12.197554;0.000000;-0.000000;1.073064;1.072196;-0.043153;0.000000;0.000000;1.000000;
12.201650;0.000000;-0.000000;1.073064;1.072196;-0.043153;0.000000;0.000000;1.000000;
12.205746;0.000000;-0.000000;1.073064;1.072196;-0.043153;0.000000;0.000000;1.000000;
12.209842;0.000000;-0.000000;1.073064;1.072196;-0.043153;0.000000;0.000000;1.000000;
12.213938;0.000000;-0.000000;1.073064;1.072196;-0.043153;0.000000;0.000000;1.000000;
12.218034;0.000000;-0.000000;1.073064;1.072196;-0.043153;0.000000;0.000000;1.000000;
12.226226;0.000000;-0.000000;1.073064;1.072196;-0.043153;0.000000;0.000000;1.000000;
12.234418;0.000000;-0.000000;1.073064;1.072196;-0.043153;0.000000;0.000000;1.000000;
12.242610;0.000000;-0.000000;1.073064;1.072196;-0.043153;0.000000;0.000000;1.000000;
12.250802;0.000000;-0.000000;1.073064;1.072196;-0.043153;0.000000;0.000000;1.000000;
12.267186;0.000000;-0.000000;1.073064;1.072196;-0.043153;0.000000;0.000000;1.000000;
12.299954;0.000000;-0.000000;1.073064;1.072196;-0.043153;0.000000;0.000000;1.000000;
12.365490;0.000000;-0.000000;1.073064;1.072196;-0.043153;0.000000;0.000000;1.000000;
12.496562;0.000000;-0.000000;1.073064;1.072196;-0.043153;0.000000;0.000000;1.000000;
12.627634;0.000000;-0.000000;1.073064;1.072196;-0.043153;0.000000;0.000000;1.000000;
12.889778;0.000000;-0.000000;1.073064;1.072196;-0.043153;0.000000;0.000000;1.000000;
13.151922;0.000000;-0.000000;1.073064;1.072196;-0.043153;0.000000;0.000000;1.000000;
13.414066;0.000000;-0.000000;1.073064;1.072196;-0.043153;0.000000;0.000000;1.000000;
13.938354;0.000000;-0.000000;1.073064;1.072196;-0.043153;0.000000;0.000000;1.000000;
14.462642;0.000000;-0.000000;1.073064;1.072196;-0.043153;0.000000;0.000000;1.000000;
15.000000;0.000000;-0.000000;1.073064;1.072196;-0.043153;0.000000;0.000000;1.000000;
