time;WTG4B_WTG4B_injector_PInjPu;WTG4B_WTG4B_injector_QInjPu;WTG4B_WTG4B_injector_terminal_V_re;WTG4B_WTG4B_injector_terminal_i_re;WTG4B_WTG4B_injector_terminal_V_im;WTG4B_WTG4B_injector_terminal_i_im;WTG4B_WTG4B_pll_omegaPLLPu;
0.000000;0.700006;0.279505;1.030009;-0.700000;0.105006;0.199999;1.000000;
0.000001;0.700006;0.279505;1.030009;-0.700000;0.105006;0.199999;1.000000;
0.000002;0.700006;0.279505;1.030009;-0.700000;0.105006;0.199999;1.000000;
0.000004;0.700006;0.279505;1.030009;-0.700000;0.105006;0.199999;1.000000;
0.000008;0.700006;0.279505;1.030009;-0.700000;0.105006;0.199999;1.000000;
0.000016;0.700006;0.279505;1.030009;-0.700000;0.105006;0.199999;1.000000;
0.000032;0.700006;0.279505;1.030009;-0.700000;0.105006;0.199999;1.000000;
0.000064;0.700006;0.279505;1.030009;-0.700000;0.105006;0.199999;1.000000;
0.000128;0.700006;0.279505;1.030009;-0.700000;0.105006;0.199999;1.000000;
0.000256;0.700006;0.279505;1.030009;-0.700000;0.105006;0.199999;1.000000;
0.000512;0.700006;0.279505;1.030009;-0.700000;0.105006;0.199999;1.000000;
0.001024;0.700006;0.279505;1.030009;-0.700000;0.105006;0.199999;1.000000;
0.002048;0.700006;0.279505;1.030009;-0.700000;0.105006;0.199999;1.000000;
0.004096;0.700006;0.279505;1.030009;-0.700000;0.105006;0.199999;1.000000;
0.006144;0.700006;0.279505;1.030009;-0.700000;0.105006;0.199999;1.000000;
0.010240;0.700006;0.279505;1.030009;-0.700000;0.105006;0.199999;1.000000;
0.013926;0.700006;0.279505;1.030009;-0.700000;0.105006;0.199999;1.000000;
0.017613;0.700005;0.279505;1.030009;-0.700000;0.105006;0.199999;1.000000;
0.021299;0.700005;0.279505;1.030009;-0.700000;0.105006;0.199999;1.000000;
0.024986;0.700005;0.279505;1.030009;-0.700000;0.105006;0.199999;1.000000;
0.028672;0.700005;0.279505;1.030009;-0.700000;0.105006;0.199999;1.000000;
0.032358;0.700005;0.279505;1.030009;-0.700000;0.105006;0.199999;1.000000;
0.039731;0.700005;0.279505;1.030009;-0.700000;0.105006;0.199999;1.000000;
0.047104;0.700005;0.279505;1.030009;-0.700000;0.105006;0.199999;1.000000;
0.054477;0.700005;0.279505;1.030009;-0.700000;0.105006;0.199999;1.000000;
0.061850;0.700005;0.279505;1.030009;-0.700000;0.105006;0.199999;1.000000;
0.076595;0.700005;0.279505;1.030009;-0.700000;0.105006;0.199999;1.000000;
0.106086;0.700005;0.279505;1.030009;-0.700000;0.105006;0.199999;1.000000;
0.165069;0.700005;0.279505;1.030009;-0.700000;0.105006;0.199999;1.000000;
0.283034;0.700005;0.279505;1.030009;-0.700000;0.105006;0.199999;1.000000;
0.518963;0.700005;0.279505;1.030009;-0.700000;0.105006;0.199999;1.000000;
0.990822;0.700005;0.279505;1.030009;-0.700000;0.105006;0.199999;1.000000;
1.000000;0.700005;0.279505;1.030009;-0.700000;0.105006;0.199999;1.000000;
1.000000;0.819005;0.313505;1.200009;-0.700000;0.105006;0.199999;0.948277;
1.000001;0.819001;0.313516;1.200011;-0.699997;0.105006;0.200008;0.948333;
1.000002;0.818997;0.313527;1.200012;-0.699993;0.105005;0.200018;0.948390;
1.000004;0.818989;0.313550;1.200015;-0.699986;0.105004;0.200037;0.948502;
1.000008;0.818973;0.313594;1.200021;-0.699973;0.105002;0.200076;0.948726;
1.000016;0.818942;0.313682;1.200032;-0.699946;0.104998;0.200152;0.949171;
1.000032;0.818879;0.313855;1.200055;-0.699892;0.104990;0.200302;0.950050;
1.000064;0.818755;0.314189;1.200098;-0.699786;0.104974;0.200591;0.951763;
1.000128;0.818517;0.314811;1.200179;-0.699583;0.104944;0.201132;0.955017;
1.000256;0.818073;0.315889;1.200320;-0.699204;0.104887;0.202072;0.960897;
1.000384;0.817668;0.316764;1.200436;-0.698857;0.104835;0.202842;0.966013;
1.000640;0.816946;0.318023;1.200605;-0.698240;0.104742;0.203970;0.974418;
1.000870;0.816379;0.318672;1.200696;-0.697755;0.104670;0.204580;0.980192;
1.001101;0.815869;0.318962;1.200743;-0.697320;0.104604;0.204889;0.984651;
1.001331;0.815398;0.318967;1.200754;-0.696917;0.104544;0.204962;0.988090;
1.001561;0.814951;0.318748;1.200737;-0.696535;0.104487;0.204849;0.990737;
1.001792;0.814517;0.318352;1.200698;-0.696164;0.104431;0.204590;0.992773;
1.002022;0.814089;0.317814;1.200642;-0.695798;0.104376;0.204215;0.994336;
1.002253;0.813661;0.317165;1.200572;-0.695432;0.104321;0.203750;0.995536;
1.002425;0.813337;0.316621;1.200513;-0.695155;0.104280;0.203355;0.996250;
1.002426;0.813335;0.316618;1.200512;-0.695154;0.104279;0.203353;0.996254;
1.002427;0.813333;0.316614;1.200512;-0.695152;0.104279;0.203350;0.996258;
1.002429;0.813329;0.316608;1.200511;-0.695149;0.104279;0.203346;0.996265;
1.002433;0.813322;0.316594;1.200510;-0.695142;0.104278;0.203336;0.996279;
1.002441;0.813307;0.316568;1.200507;-0.695129;0.104276;0.203316;0.996308;
1.002457;0.813276;0.316514;1.200501;-0.695103;0.104272;0.203277;0.996364;
1.002489;0.813216;0.316405;1.200489;-0.695052;0.104264;0.203198;0.996473;
1.002553;0.813094;0.316185;1.200465;-0.694948;0.104248;0.203036;0.996681;
1.002681;0.812848;0.315728;1.200415;-0.694737;0.104217;0.202701;0.997054;
1.002937;0.812345;0.314766;1.200308;-0.694308;0.104152;0.201992;0.997661;
1.003449;0.811291;0.312692;1.200078;-0.693406;0.104017;0.200458;0.998479;
1.003490;0.811202;0.312517;1.200059;-0.693331;0.104006;0.200329;0.998528;
1.003491;0.811200;0.312513;1.200058;-0.693329;0.104006;0.200326;0.998529;
1.003492;0.811198;0.312508;1.200058;-0.693327;0.104005;0.200323;0.998530;
1.003494;0.811194;0.312500;1.200057;-0.693324;0.104005;0.200316;0.998532;
1.003498;0.811185;0.312483;1.200055;-0.693316;0.104004;0.200303;0.998536;
1.003506;0.811168;0.312448;1.200051;-0.693302;0.104002;0.200278;0.998544;
1.003522;0.811134;0.312379;1.200043;-0.693272;0.103997;0.200226;0.998559;
1.003554;0.811065;0.312239;1.200028;-0.693214;0.103988;0.200122;0.998588;
1.003618;0.810926;0.311952;1.199996;-0.693095;0.103971;0.199909;0.998643;
1.003746;0.810644;0.311356;1.199929;-0.692853;0.103934;0.199466;0.998742;
1.004002;0.810060;0.310077;1.199786;-0.692354;0.103859;0.198510;0.998899;
1.004514;0.808819;0.307210;1.199463;-0.691294;0.103700;0.196357;0.999099;
1.005026;0.807488;0.303977;1.199097;-0.690156;0.103530;0.193917;0.999193;
1.006050;0.804596;0.296679;1.198267;-0.687685;0.103159;0.188387;0.999247;
1.007074;0.801445;0.288496;1.197334;-0.684992;0.102755;0.182163;0.999207;
1.008098;0.798097;0.279709;1.196328;-0.682130;0.102326;0.175461;0.999147;
1.009122;0.794610;0.270549;1.195278;-0.679149;0.101879;0.168461;0.999096;
1.010146;0.791033;0.261210;1.194206;-0.676093;0.101420;0.161312;0.999060;
1.011170;0.787411;0.251845;1.193129;-0.672997;0.100956;0.154134;0.999038;
1.012194;0.783780;0.242581;1.192062;-0.669893;0.100491;0.147025;0.999026;
1.013218;0.780168;0.233515;1.191018;-0.666807;0.100028;0.140062;0.999024;
1.014242;0.776601;0.224724;1.190004;-0.663758;0.099570;0.133305;0.999028;
1.015266;0.773098;0.216266;1.189028;-0.660764;0.099121;0.126801;0.999038;
1.015753;0.771454;0.212290;1.188569;-0.659359;0.098911;0.123739;0.999044;
1.015754;0.771451;0.212282;1.188568;-0.659356;0.098910;0.123733;0.999044;
1.015755;0.771447;0.212274;1.188567;-0.659353;0.098910;0.123727;0.999044;
1.015757;0.771441;0.212258;1.188565;-0.659347;0.098909;0.123714;0.999044;
1.015761;0.771427;0.212225;1.188561;-0.659336;0.098907;0.123689;0.999044;
1.015769;0.771400;0.212161;1.188554;-0.659313;0.098904;0.123640;0.999044;
1.015785;0.771347;0.212032;1.188539;-0.659267;0.098897;0.123541;0.999044;
1.015817;0.771239;0.211775;1.188509;-0.659175;0.098883;0.123342;0.999045;
1.015881;0.771024;0.211259;1.188450;-0.658991;0.098855;0.122945;0.999046;
1.016009;0.770595;0.210227;1.188331;-0.658625;0.098800;0.122150;0.999048;
1.016265;0.769740;0.208160;1.188092;-0.657894;0.098691;0.120557;0.999052;
1.016777;0.768041;0.204018;1.187612;-0.656441;0.098473;0.117359;0.999060;
1.017801;0.764693;0.195734;1.186650;-0.653580;0.098044;0.110946;0.999080;
1.018825;0.761422;0.187489;1.185689;-0.650784;0.097624;0.104544;0.999103;
1.020873;0.755151;0.171365;1.183803;-0.645425;0.096821;0.091970;0.999153;
1.021323;0.753827;0.167913;1.183398;-0.644293;0.096651;0.089270;0.999165;
1.021324;0.753824;0.167905;1.183397;-0.644291;0.096650;0.089264;0.999165;
1.021325;0.753821;0.167898;1.183396;-0.644288;0.096650;0.089258;0.999165;
1.021327;0.753815;0.167882;1.183394;-0.644283;0.096649;0.089246;0.999165;
1.021331;0.753804;0.167851;1.183391;-0.644273;0.096648;0.089221;0.999166;
1.021339;0.753780;0.167790;1.183384;-0.644253;0.096645;0.089173;0.999166;
1.021355;0.753733;0.167667;1.183369;-0.644213;0.096639;0.089077;0.999166;
1.021387;0.753640;0.167421;1.183340;-0.644133;0.096627;0.088884;0.999167;
1.021451;0.753452;0.166929;1.183282;-0.643973;0.096603;0.088499;0.999169;
1.021579;0.753079;0.165948;1.183167;-0.643654;0.096555;0.087731;0.999172;
1.021835;0.752338;0.163996;1.182938;-0.643020;0.096460;0.086201;0.999179;
1.022347;0.750875;0.160131;1.182483;-0.641770;0.096272;0.083169;0.999194;
1.023371;0.748030;0.152573;1.181592;-0.639339;0.095908;0.077231;0.999223;
1.025419;0.742672;0.138215;1.179894;-0.634759;0.095221;0.065915;0.999283;
1.027467;0.737757;0.124928;1.178317;-0.630558;0.094591;0.055403;0.999343;
1.029515;0.733282;0.112765;1.176869;-0.626733;0.094017;0.045750;0.999402;
1.031563;0.729233;0.101745;1.175553;-0.623273;0.093498;0.036979;0.999459;
1.033611;0.725593;0.091852;1.174369;-0.620162;0.093032;0.029086;0.999513;
1.035659;0.722340;0.083046;1.173313;-0.617381;0.092614;0.022047;0.999564;
1.037707;0.719446;0.075269;1.172379;-0.614908;0.092243;0.015821;0.999612;
1.039755;0.716884;0.068452;1.171560;-0.612718;0.091915;0.010358;0.999656;
1.041803;0.714626;0.062519;1.170846;-0.610788;0.091626;0.005599;0.999696;
1.043851;0.712643;0.057391;1.170229;-0.609094;0.091371;0.001485;0.999732;
1.045899;0.710910;0.052988;1.169699;-0.607612;0.091149;-0.002047;0.999765;
1.047947;0.709399;0.049234;1.169247;-0.606321;0.090956;-0.005058;0.999794;
1.049995;0.708087;0.046054;1.168865;-0.605200;0.090787;-0.007606;0.999820;
1.052043;0.706951;0.043380;1.168544;-0.604229;0.090642;-0.009746;0.999844;
1.054091;0.705971;0.041147;1.168277;-0.603391;0.090516;-0.011529;0.999864;
1.056139;0.705126;0.039297;1.168055;-0.602669;0.090408;-0.013003;0.999883;
1.058187;0.704400;0.037777;1.167874;-0.602048;0.090315;-0.014211;0.999899;
1.060235;0.703778;0.036539;1.167727;-0.601517;0.090235;-0.015191;0.999913;
1.062283;0.703246;0.035541;1.167609;-0.601062;0.090167;-0.015977;0.999925;
1.064331;0.702792;0.034745;1.167516;-0.600674;0.090109;-0.016600;0.999935;
1.066379;0.702405;0.034119;1.167443;-0.600343;0.090059;-0.017086;0.999944;
1.068427;0.702075;0.033633;1.167387;-0.600061;0.090017;-0.017460;0.999952;
1.070475;0.701794;0.033264;1.167345;-0.599821;0.089981;-0.017739;0.999959;
1.072523;0.701555;0.032990;1.167314;-0.599616;0.089950;-0.017943;0.999965;
1.074571;0.701351;0.032793;1.167293;-0.599443;0.089924;-0.018086;0.999970;
1.076619;0.701178;0.032657;1.167279;-0.599295;0.089902;-0.018180;0.999974;
1.078667;0.701031;0.032570;1.167271;-0.599169;0.089883;-0.018235;0.999978;
1.080715;0.700905;0.032522;1.167267;-0.599061;0.089867;-0.018260;0.999981;
1.082763;0.700798;0.032502;1.167266;-0.598969;0.089853;-0.018262;0.999984;
1.086859;0.700624;0.032516;1.167272;-0.598821;0.089831;-0.018227;0.999988;
1.090545;0.700507;0.032572;1.167281;-0.598721;0.089815;-0.018164;0.999991;
1.094231;0.700416;0.032646;1.167293;-0.598643;0.089804;-0.018088;0.999993;
1.097918;0.700345;0.032726;1.167304;-0.598582;0.089795;-0.018010;0.999995;
1.101604;0.700289;0.032803;1.167315;-0.598534;0.089788;-0.017937;0.999996;
1.105291;0.700244;0.032872;1.167325;-0.598496;0.089782;-0.017872;0.999997;
1.108977;0.700207;0.032931;1.167333;-0.598464;0.089777;-0.017816;0.999998;
1.112663;0.700176;0.032980;1.167340;-0.598438;0.089773;-0.017770;0.999999;
1.116350;0.700150;0.033018;1.167346;-0.598416;0.089770;-0.017734;0.999999;
1.120036;0.700128;0.033048;1.167350;-0.598397;0.089767;-0.017706;0.999999;
1.121323;0.700121;0.033056;1.167351;-0.598391;0.089766;-0.017697;0.999999;
1.121324;0.700121;0.033056;1.167351;-0.598391;0.089766;-0.017697;0.999999;
1.121325;0.700121;0.033056;1.167351;-0.598391;0.089766;-0.017697;0.999999;
1.121327;0.700121;0.033056;1.167351;-0.598391;0.089766;-0.017697;0.999999;
1.121331;0.700121;0.033056;1.167351;-0.598391;0.089766;-0.017697;0.999999;
1.121339;0.700121;0.033056;1.167351;-0.598391;0.089766;-0.017697;0.999999;
1.121355;0.700121;0.033056;1.167351;-0.598391;0.089766;-0.017697;0.999999;
1.121387;0.700121;0.033057;1.167351;-0.598391;0.089766;-0.017697;0.999999;
1.121451;0.700120;0.033057;1.167351;-0.598390;0.089766;-0.017697;1.000000;
1.121579;0.700120;0.033058;1.167351;-0.598390;0.089766;-0.017696;1.000000;
1.121835;0.700118;0.033059;1.167352;-0.598389;0.089766;-0.017694;1.000000;
1.122347;0.700116;0.033062;1.167352;-0.598387;0.089765;-0.017691;1.000000;
1.123371;0.700111;0.033068;1.167353;-0.598382;0.089765;-0.017686;1.000000;
1.125419;0.700102;0.033077;1.167354;-0.598374;0.089764;-0.017677;1.000000;
1.127467;0.700093;0.033085;1.167355;-0.598367;0.089762;-0.017669;1.000000;
1.131563;0.700078;0.033097;1.167357;-0.598354;0.089761;-0.017657;1.000000;
1.135249;0.700066;0.033104;1.167358;-0.598344;0.089759;-0.017649;1.000000;
1.138936;0.700056;0.033108;1.167359;-0.598335;0.089758;-0.017644;1.000000;
1.142622;0.700047;0.033110;1.167360;-0.598328;0.089757;-0.017641;1.000001;
1.146308;0.700040;0.033111;1.167360;-0.598322;0.089756;-0.017639;1.000001;
1.149995;0.700034;0.033111;1.167360;-0.598316;0.089755;-0.017639;1.000001;
1.153681;0.700028;0.033111;1.167360;-0.598312;0.089754;-0.017638;1.000001;
1.157368;0.700024;0.033110;1.167360;-0.598308;0.089754;-0.017639;1.000001;
1.161054;0.700020;0.033108;1.167360;-0.598305;0.089753;-0.017639;1.000001;
1.164740;0.700017;0.033107;1.167360;-0.598302;0.089753;-0.017640;1.000001;
1.168427;0.700014;0.033106;1.167360;-0.598300;0.089752;-0.017641;1.000001;
1.171323;0.700013;0.033105;1.167360;-0.598298;0.089752;-0.017641;1.000001;
1.171323;0.000000;0.000000;1.170000;0.000000;-0.000000;0.000000;0.730946;
1.171324;-0.000000;0.000000;1.170000;0.000000;0.000000;0.000000;0.731240;
1.171325;-0.000000;0.000000;1.170000;0.000000;0.000000;0.000000;0.731533;
1.171327;-0.000000;0.000000;1.170000;0.000000;0.000000;0.000000;0.732119;
1.171331;-0.000000;0.000000;1.170000;0.000000;0.000000;0.000000;0.733287;
1.171339;-0.000000;0.000000;1.170000;0.000000;0.000000;0.000000;0.735609;
1.171355;-0.000000;0.000000;1.170000;0.000000;0.000000;0.000000;0.740192;
1.171387;-0.000000;0.000000;1.170000;0.000000;0.000000;0.000000;0.749126;
1.171451;-0.000000;0.000000;1.170000;0.000000;0.000000;0.000000;0.766099;
1.171515;-0.000000;0.000000;1.170000;0.000000;0.000000;0.000000;0.781935;
1.171643;-0.000000;0.000000;1.170000;0.000000;0.000000;0.000000;0.810566;
1.171755;-0.000000;0.000000;1.170000;0.000000;0.000000;0.000000;0.832614;
1.171868;-0.000000;0.000000;1.170000;0.000000;0.000000;0.000000;0.852124;
1.171980;-0.000000;0.000000;1.170000;0.000000;0.000000;0.000000;0.869369;
1.172093;-0.000000;0.000000;1.170000;0.000000;0.000000;0.000000;0.884608;
1.172205;-0.000000;0.000000;1.170000;0.000000;0.000000;0.000000;0.898072;
1.172318;-0.000000;0.000000;1.170000;0.000000;0.000000;0.000000;0.909967;
1.172430;-0.000000;0.000000;1.170000;0.000000;0.000000;0.000000;0.920475;
1.172542;-0.000000;0.000000;1.170000;0.000000;0.000000;0.000000;0.929757;
1.172655;-0.000000;0.000000;1.170000;0.000000;0.000000;0.000000;0.937957;
1.172767;-0.000000;0.000000;1.170000;0.000000;0.000000;0.000000;0.945199;
1.172880;-0.000000;0.000000;1.170000;0.000000;0.000000;0.000000;0.951597;
1.172992;-0.000000;0.000000;1.170000;0.000000;0.000000;0.000000;0.957248;
1.173105;-0.000000;0.000000;1.170000;0.000000;0.000000;0.000000;0.962240;
1.173217;-0.000000;0.000000;1.170000;0.000000;0.000000;0.000000;0.966649;
1.173330;-0.000000;0.000000;1.170000;0.000000;0.000000;0.000000;0.970543;
1.173442;-0.000000;0.000000;1.170000;0.000000;0.000000;0.000000;0.973983;
1.173554;-0.000000;0.000000;1.170000;0.000000;0.000000;0.000000;0.977021;
1.173667;-0.000000;0.000000;1.170000;0.000000;0.000000;0.000000;0.979705;
1.173779;-0.000000;0.000000;1.170000;0.000000;0.000000;0.000000;0.982075;
1.173892;-0.000000;0.000000;1.170000;0.000000;0.000000;0.000000;0.984169;
1.174004;-0.000000;0.000000;1.170000;0.000000;0.000000;0.000000;0.986018;
1.174117;-0.000000;0.000000;1.170000;0.000000;0.000000;0.000000;0.987651;
1.174229;-0.000000;0.000000;1.170000;0.000000;0.000000;0.000000;0.989094;
1.174342;-0.000000;0.000000;1.170000;0.000000;0.000000;0.000000;0.990368;
1.174454;-0.000000;0.000000;1.170000;0.000000;0.000000;0.000000;0.991494;
1.174566;-0.000000;0.000000;1.170000;0.000000;0.000000;0.000000;0.992488;
1.174679;-0.000000;0.000000;1.170000;0.000000;0.000000;0.000000;0.993366;
1.174791;-0.000000;0.000000;1.170000;0.000000;0.000000;0.000000;0.994142;
1.174904;-0.000000;0.000000;1.170000;0.000000;0.000000;0.000000;0.994827;
1.175016;-0.000000;0.000000;1.170000;0.000000;0.000000;0.000000;0.995432;
1.175129;-0.000000;0.000000;1.170000;0.000000;0.000000;0.000000;0.995967;
1.175353;-0.000000;0.000000;1.170000;0.000000;0.000000;0.000000;0.996864;
1.175556;-0.000000;0.000000;1.170000;0.000000;0.000000;0.000000;0.997501;
1.175758;-0.000000;0.000000;1.170000;0.000000;0.000000;0.000000;0.998010;
1.175961;-0.000000;0.000000;1.170000;0.000000;0.000000;0.000000;0.998417;
1.176163;-0.000000;0.000000;1.170000;0.000000;0.000000;0.000000;0.998741;
1.176365;-0.000000;0.000000;1.170000;0.000000;0.000000;0.000000;0.998999;
1.176568;-0.000000;0.000000;1.170000;0.000000;0.000000;0.000000;0.999205;
1.176770;-0.000000;0.000000;1.170000;0.000000;0.000000;0.000000;0.999369;
1.176973;-0.000000;0.000000;1.170000;0.000000;0.000000;0.000000;0.999500;
1.177377;-0.000000;0.000000;1.170000;0.000000;0.000000;0.000000;0.999692;
1.177782;-0.000000;0.000000;1.170000;0.000000;0.000000;0.000000;0.999814;
1.178187;-0.000000;0.000000;1.170000;0.000000;0.000000;0.000000;0.999891;
1.178592;-0.000000;0.000000;1.170000;0.000000;0.000000;0.000000;0.999938;
1.178997;-0.000000;0.000000;1.170000;0.000000;0.000000;0.000000;0.999966;
1.179401;-0.000000;0.000000;1.170000;0.000000;0.000000;0.000000;0.999984;
1.180211;-0.000000;0.000000;1.170000;0.000000;0.000000;0.000000;1.000003;
1.181021;-0.000000;0.000000;1.170000;0.000000;0.000000;0.000000;1.000010;
1.182640;-0.000000;0.000000;1.170000;0.000000;0.000000;0.000000;1.000014;
1.184259;-0.000000;0.000000;1.170000;0.000000;0.000000;0.000000;1.000013;
1.187497;-0.000000;0.000000;1.170000;0.000000;0.000000;0.000000;1.000011;
1.190736;-0.000000;0.000000;1.170000;0.000000;0.000000;0.000000;1.000010;
1.193974;-0.000000;0.000000;1.170000;0.000000;0.000000;0.000000;1.000010;
1.197212;-0.000000;0.000000;1.170000;0.000000;0.000000;0.000000;1.000009;
1.200451;-0.000000;0.000000;1.170000;0.000000;0.000000;0.000000;1.000009;
1.203689;-0.000000;0.000000;1.170000;0.000000;0.000000;0.000000;1.000009;
1.206927;-0.000000;0.000000;1.170000;0.000000;0.000000;0.000000;1.000009;
1.210166;-0.000000;0.000000;1.170000;0.000000;0.000000;0.000000;1.000009;
1.213404;-0.000000;0.000000;1.170000;0.000000;0.000000;0.000000;1.000008;
1.216642;-0.000000;0.000000;1.170000;0.000000;0.000000;0.000000;1.000008;
1.219880;-0.000000;0.000000;1.170000;0.000000;0.000000;0.000000;1.000008;
1.223119;-0.000000;0.000000;1.170000;0.000000;0.000000;0.000000;1.000008;
1.226357;-0.000000;0.000000;1.170000;0.000000;0.000000;0.000000;1.000008;
1.229595;-0.000000;0.000000;1.170000;0.000000;0.000000;0.000000;1.000008;
1.232834;-0.000000;0.000000;1.170000;0.000000;0.000000;0.000000;1.000007;
1.236072;-0.000000;0.000000;1.170000;0.000000;0.000000;0.000000;1.000007;
1.239310;-0.000000;0.000000;1.170000;0.000000;0.000000;0.000000;1.000007;
1.242549;-0.000000;0.000000;1.170000;0.000000;0.000000;0.000000;1.000007;
1.245787;-0.000000;0.000000;1.170000;0.000000;0.000000;0.000000;1.000007;
1.249025;-0.000000;0.000000;1.170000;0.000000;0.000000;0.000000;1.000007;
1.252264;-0.000000;0.000000;1.170000;0.000000;0.000000;0.000000;1.000007;
1.255502;-0.000000;0.000000;1.170000;0.000000;0.000000;0.000000;1.000006;
1.258740;-0.000000;0.000000;1.170000;0.000000;0.000000;0.000000;1.000006;
1.261979;-0.000000;0.000000;1.170000;0.000000;0.000000;0.000000;1.000006;
1.265217;-0.000000;0.000000;1.170000;0.000000;0.000000;0.000000;1.000006;
1.268455;-0.000000;0.000000;1.170000;0.000000;0.000000;0.000000;1.000006;
1.271694;-0.000000;0.000000;1.170000;0.000000;0.000000;0.000000;1.000006;
1.274932;-0.000000;0.000000;1.170000;0.000000;0.000000;0.000000;1.000006;
1.278170;-0.000000;0.000000;1.170000;0.000000;0.000000;0.000000;1.000005;
1.281409;-0.000000;0.000000;1.170000;0.000000;0.000000;0.000000;1.000005;
1.284647;-0.000000;0.000000;1.170000;0.000000;0.000000;0.000000;1.000005;
1.287885;-0.000000;0.000000;1.170000;0.000000;0.000000;0.000000;1.000005;
1.291124;-0.000000;0.000000;1.170000;0.000000;0.000000;0.000000;1.000005;
1.294362;-0.000000;0.000000;1.170000;0.000000;0.000000;0.000000;1.000005;
1.297600;-0.000000;0.000000;1.170000;0.000000;0.000000;0.000000;1.000005;
1.300839;-0.000000;0.000000;1.170000;0.000000;0.000000;0.000000;1.000005;
1.304077;-0.000000;0.000000;1.170000;0.000000;0.000000;0.000000;1.000005;
1.307315;-0.000000;0.000000;1.170000;0.000000;0.000000;0.000000;1.000004;
1.310554;-0.000000;0.000000;1.170000;0.000000;0.000000;0.000000;1.000004;
1.313792;-0.000000;0.000000;1.170000;0.000000;0.000000;0.000000;1.000004;
1.317030;-0.000000;0.000000;1.170000;0.000000;0.000000;0.000000;1.000004;
1.320269;-0.000000;0.000000;1.170000;0.000000;0.000000;0.000000;1.000004;
1.323507;-0.000000;0.000000;1.170000;0.000000;0.000000;0.000000;1.000004;
1.326745;-0.000000;0.000000;1.170000;0.000000;0.000000;0.000000;1.000004;
1.329984;-0.000000;0.000000;1.170000;0.000000;0.000000;0.000000;1.000004;
1.333222;-0.000000;0.000000;1.170000;0.000000;0.000000;0.000000;1.000004;
1.336460;-0.000000;0.000000;1.170000;0.000000;0.000000;0.000000;1.000004;
1.339699;-0.000000;0.000000;1.170000;0.000000;0.000000;0.000000;1.000004;
1.342937;-0.000000;0.000000;1.170000;0.000000;0.000000;0.000000;1.000004;
1.346175;-0.000000;0.000000;1.170000;0.000000;0.000000;0.000000;1.000003;
1.349414;-0.000000;0.000000;1.170000;0.000000;0.000000;0.000000;1.000003;
1.352652;-0.000000;0.000000;1.170000;0.000000;0.000000;0.000000;1.000003;
1.355890;-0.000000;0.000000;1.170000;0.000000;0.000000;0.000000;1.000003;
1.359129;-0.000000;0.000000;1.170000;0.000000;0.000000;0.000000;1.000003;
1.365605;-0.000000;0.000000;1.170000;0.000000;0.000000;0.000000;1.000003;
1.371434;-0.000000;0.000000;1.170000;0.000000;0.000000;0.000000;1.000003;
1.377263;-0.000000;0.000000;1.170000;0.000000;0.000000;0.000000;1.000003;
1.383092;-0.000000;0.000000;1.170000;0.000000;0.000000;0.000000;1.000003;
1.385228;-0.000000;0.000000;1.170000;0.000000;0.000000;0.000000;1.000003;
1.385229;-0.000000;0.000000;1.170000;0.000000;0.000000;0.000000;1.000003;
1.385230;-0.000000;0.000000;1.170000;0.000000;0.000000;0.000000;1.000003;
1.385232;-0.000000;0.000000;1.170000;0.000000;0.000000;0.000000;1.000003;
1.385236;-0.000000;0.000000;1.170000;0.000000;0.000000;0.000000;1.000003;
1.385244;-0.000000;0.000000;1.170000;0.000000;0.000000;0.000000;1.000003;
1.385260;-0.000000;0.000000;1.170000;0.000000;0.000000;0.000000;1.000003;
1.385292;-0.000000;0.000000;1.170000;0.000000;0.000000;0.000000;1.000003;
1.385356;-0.000000;0.000000;1.170000;0.000000;0.000000;0.000000;1.000003;
1.385484;-0.000000;0.000000;1.170000;0.000000;0.000000;0.000000;1.000003;
1.385740;-0.000000;0.000000;1.170000;0.000000;0.000000;0.000000;1.000003;
1.386252;-0.000000;0.000000;1.170000;0.000000;0.000000;0.000000;1.000003;
1.387276;-0.000000;0.000000;1.170000;0.000000;0.000000;0.000000;1.000003;
1.389324;-0.000000;0.000000;1.170000;0.000000;0.000000;0.000000;1.000003;
1.393420;-0.000000;0.000000;1.170000;0.000000;0.000000;0.000000;1.000003;
1.397516;-0.000000;0.000000;1.170000;0.000000;0.000000;0.000000;1.000002;
1.401612;-0.000000;0.000000;1.170000;0.000000;0.000000;0.000000;1.000002;
1.405708;-0.000000;0.000000;1.170000;0.000000;0.000000;0.000000;1.000002;
1.409804;-0.000000;0.000000;1.170000;0.000000;0.000000;0.000000;1.000002;
1.413900;-0.000000;0.000000;1.170000;0.000000;0.000000;0.000000;1.000002;
1.417996;-0.000000;0.000000;1.170000;0.000000;0.000000;0.000000;1.000002;
1.422092;-0.000000;0.000000;1.170000;0.000000;0.000000;0.000000;1.000002;
1.426188;-0.000000;0.000000;1.170000;0.000000;0.000000;0.000000;1.000002;
1.430284;-0.000000;0.000000;1.170000;0.000000;0.000000;0.000000;1.000002;
1.438476;-0.000000;0.000000;1.170000;0.000000;0.000000;0.000000;1.000002;
1.445849;-0.000000;0.000000;1.170000;0.000000;0.000000;0.000000;1.000002;
1.453222;-0.000000;0.000000;1.170000;0.000000;0.000000;0.000000;1.000002;
1.460595;-0.000000;0.000000;1.170000;0.000000;0.000000;0.000000;1.000002;
1.467967;-0.000000;0.000000;1.170000;0.000000;0.000000;0.000000;1.000002;
1.475340;-0.000000;0.000000;1.170000;0.000000;0.000000;0.000000;1.000001;
1.482713;-0.000000;0.000000;1.170000;0.000000;0.000000;0.000000;1.000001;
1.490086;-0.000000;0.000000;1.170000;0.000000;0.000000;0.000000;1.000001;
1.497459;-0.000000;0.000000;1.170000;0.000000;0.000000;0.000000;1.000001;
1.504831;-0.000000;0.000000;1.170000;0.000000;0.000000;0.000000;1.000001;
1.512204;-0.000000;0.000000;1.170000;0.000000;0.000000;0.000000;1.000001;
1.519577;-0.000000;0.000000;1.170000;0.000000;0.000000;0.000000;1.000001;
1.526950;-0.000000;0.000000;1.170000;0.000000;0.000000;0.000000;1.000001;
1.534323;-0.000000;0.000000;1.170000;0.000000;0.000000;0.000000;1.000001;
1.541695;-0.000000;0.000000;1.170000;0.000000;0.000000;0.000000;1.000001;
1.556441;-0.000000;0.000000;1.170000;0.000000;0.000000;0.000000;1.000001;
1.571187;-0.000000;0.000000;1.170000;0.000000;0.000000;0.000000;1.000001;
1.585932;-0.000000;0.000000;1.170000;0.000000;0.000000;0.000000;1.000001;
1.600678;-0.000000;0.000000;1.170000;0.000000;0.000000;0.000000;1.000001;
1.615423;-0.000000;0.000000;1.170000;0.000000;0.000000;0.000000;1.000001;
1.630169;-0.000000;0.000000;1.170000;0.000000;0.000000;0.000000;1.000001;
1.644915;-0.000000;0.000000;1.170000;0.000000;0.000000;0.000000;1.000000;
1.659660;-0.000000;0.000000;1.170000;0.000000;0.000000;0.000000;1.000000;
1.689151;-0.000000;0.000000;1.170000;0.000000;0.000000;0.000000;1.000000;
1.718643;-0.000000;0.000000;1.170000;0.000000;0.000000;0.000000;1.000000;
1.748134;-0.000000;0.000000;1.170000;0.000000;0.000000;0.000000;1.000000;
1.777625;-0.000000;0.000000;1.170000;0.000000;0.000000;0.000000;1.000000;
1.807116;-0.000000;0.000000;1.170000;0.000000;0.000000;0.000000;1.000000;
1.866099;-0.000000;0.000000;1.170000;0.000000;0.000000;0.000000;1.000000;
1.925081;-0.000000;0.000000;1.170000;0.000000;0.000000;0.000000;1.000000;
1.943207;-0.000000;0.000000;1.170000;0.000000;0.000000;0.000000;1.000000;
1.955837;-0.000000;0.000000;1.170000;0.000000;0.000000;0.000000;1.000000;
1.963697;-0.000000;0.000000;1.170000;0.000000;0.000000;0.000000;1.000000;
1.969481;-0.000000;0.000000;1.170000;0.000000;0.000000;0.000000;1.000000;
1.973710;-0.000000;0.000000;1.170000;0.000000;0.000000;0.000000;1.000000;
1.977940;-0.000000;0.000000;1.170000;0.000000;0.000000;0.000000;1.000000;
1.982169;-0.000000;0.000000;1.170000;0.000000;0.000000;0.000000;1.000000;
1.987977;-0.000000;0.000000;1.170000;0.000000;0.000000;0.000000;1.000000;
1.993785;-0.000000;0.000000;1.170000;0.000000;0.000000;0.000000;1.000000;
1.999593;-0.000000;0.000000;1.170000;0.000000;0.000000;0.000000;1.000000;
2.000000;-0.000000;0.000000;1.170000;0.000000;0.000000;0.000000;1.000000;
2.000000;-0.000000;0.000000;1.000000;0.000000;0.000000;0.000000;0.999999;
2.000001;-0.000000;0.000000;1.000000;0.000000;0.000000;0.000000;0.999999;
2.000002;-0.000000;0.000000;1.000000;0.000000;0.000000;0.000000;0.999999;
2.000004;-0.000000;0.000000;1.000000;0.000000;0.000000;0.000000;0.999999;
2.000008;-0.000000;0.000000;1.000000;0.000000;0.000000;0.000000;0.999999;
2.000016;-0.000000;0.000000;1.000000;0.000000;0.000000;0.000000;0.999999;
2.000032;-0.000000;0.000000;1.000000;0.000000;0.000000;0.000000;0.999999;
2.000064;-0.000000;0.000000;1.000000;0.000000;0.000000;0.000000;0.999999;
2.000128;-0.000000;0.000000;1.000000;0.000000;0.000000;0.000000;0.999999;
2.000256;-0.000000;0.000000;1.000000;0.000000;0.000000;0.000000;0.999999;
2.000512;-0.000000;0.000000;1.000000;0.000000;0.000000;0.000000;0.999999;
2.001024;-0.000000;0.000000;1.000000;0.000000;0.000000;0.000000;1.000000;
2.001251;-0.000000;0.000000;1.000000;0.000000;0.000000;0.000000;1.000000;
2.001536;-0.000000;0.000000;1.000000;0.000000;0.000000;0.000000;1.000000;
2.002560;-0.000000;0.000000;1.000000;0.000000;0.000000;0.000000;1.000000;
2.003481;-0.000000;0.000000;1.000000;0.000000;0.000000;0.000000;1.000000;
2.004403;-0.000000;0.000000;1.000000;0.000000;0.000000;0.000000;1.000000;
2.005324;-0.000000;0.000000;1.000000;0.000000;0.000000;0.000000;1.000000;
2.006246;-0.000000;0.000000;1.000000;0.000000;0.000000;0.000000;1.000000;
2.006873;-0.000000;0.000000;1.000000;0.000000;0.000000;0.000000;1.000000;
2.006874;-0.000000;0.000000;1.000000;0.000000;0.000000;0.000000;1.000000;
2.006875;-0.000000;0.000000;1.000000;0.000000;0.000000;0.000000;1.000000;
2.006877;-0.000000;0.000000;1.000000;0.000000;0.000000;0.000000;1.000000;
2.006881;-0.000000;0.000000;1.000000;0.000000;0.000000;0.000000;1.000000;
2.006889;-0.000000;0.000000;1.000000;0.000000;0.000000;0.000000;1.000000;
2.006905;-0.000000;0.000000;1.000000;0.000000;0.000000;0.000000;1.000000;
2.006937;-0.000000;0.000000;1.000000;0.000000;0.000000;0.000000;1.000000;
2.007001;-0.000000;0.000000;1.000000;0.000000;0.000000;0.000000;1.000000;
2.007129;-0.000000;0.000000;1.000000;0.000000;0.000000;0.000000;1.000000;
2.007385;-0.000000;0.000000;1.000000;0.000000;0.000000;0.000000;1.000000;
2.007897;-0.000000;0.000000;1.000000;0.000000;0.000000;0.000000;1.000000;
2.008921;-0.000000;0.000000;1.000000;0.000000;0.000000;0.000000;1.000000;
2.009945;-0.000000;0.000000;1.000000;0.000000;0.000000;0.000000;1.000000;
2.010969;-0.000000;0.000000;1.000000;0.000000;0.000000;0.000000;1.000000;
2.011993;-0.000000;0.000000;1.000000;0.000000;0.000000;0.000000;1.000000;
2.013017;-0.000000;0.000000;1.000000;0.000000;0.000000;0.000000;1.000000;
2.014041;-0.000000;0.000000;1.000000;0.000000;0.000000;0.000000;1.000000;
2.015065;-0.000000;0.000000;1.000000;0.000000;0.000000;0.000000;1.000000;
2.016089;-0.000000;0.000000;1.000000;0.000000;0.000000;0.000000;1.000000;
2.017113;-0.000000;0.000000;1.000000;0.000000;0.000000;0.000000;1.000000;
2.018137;-0.000000;0.000000;1.000000;0.000000;0.000000;0.000000;1.000000;
2.019161;-0.000000;0.000000;1.000000;0.000000;0.000000;0.000000;1.000000;
2.020185;-0.000000;0.000000;1.000000;0.000000;0.000000;0.000000;1.000000;
2.021209;-0.000000;0.000000;1.000000;0.000000;0.000000;0.000000;1.000000;
2.022233;-0.000000;0.000000;1.000000;0.000000;0.000000;0.000000;1.000000;
2.023257;-0.000000;0.000000;1.000000;0.000000;0.000000;0.000000;1.000000;
2.024281;-0.000000;0.000000;1.000000;0.000000;0.000000;0.000000;1.000000;
2.025305;-0.000000;0.000000;1.000000;0.000000;0.000000;0.000000;1.000000;
2.026329;-0.000000;0.000000;1.000000;0.000000;0.000000;0.000000;1.000000;
2.028377;-0.000000;0.000000;1.000000;0.000000;0.000000;0.000000;1.000000;
2.030220;-0.000000;0.000000;1.000000;0.000000;0.000000;0.000000;1.000000;
2.032064;-0.000000;0.000000;1.000000;0.000000;0.000000;0.000000;1.000000;
2.033907;-0.000000;0.000000;1.000000;0.000000;0.000000;0.000000;1.000000;
2.035750;-0.000000;0.000000;1.000000;0.000000;0.000000;0.000000;1.000000;
2.037593;-0.000000;0.000000;1.000000;0.000000;0.000000;0.000000;1.000000;
2.039436;-0.000000;0.000000;1.000000;0.000000;0.000000;0.000000;1.000000;
2.041280;-0.000000;0.000000;1.000000;0.000000;0.000000;0.000000;1.000000;
2.043123;-0.000000;0.000000;1.000000;0.000000;0.000000;0.000000;1.000000;
2.044966;-0.000000;0.000000;1.000000;0.000000;0.000000;0.000000;1.000000;
2.046809;-0.000000;0.000000;1.000000;0.000000;0.000000;0.000000;1.000000;
2.048652;-0.000000;0.000000;1.000000;0.000000;0.000000;0.000000;1.000000;
2.050000;-0.000000;0.000000;1.000000;0.000000;0.000000;0.000000;1.000000;
2.050001;-0.000000;0.000000;1.000000;0.000000;0.000000;0.000000;1.000000;
2.050002;-0.000000;0.000000;1.000000;0.000000;0.000000;0.000000;1.000000;
2.050004;-0.000000;0.000000;1.000000;0.000000;0.000000;0.000000;1.000000;
2.050008;-0.000000;0.000000;1.000000;0.000000;0.000000;0.000000;1.000000;
2.050016;-0.000000;0.000000;1.000000;0.000000;0.000000;0.000000;1.000000;
2.050032;-0.000000;0.000000;1.000000;0.000000;0.000000;0.000000;1.000000;
2.050064;-0.000000;0.000000;1.000000;0.000000;0.000000;0.000000;1.000000;
2.050128;-0.000000;0.000000;1.000000;0.000000;0.000000;0.000000;1.000000;
2.050256;-0.000000;0.000000;1.000000;0.000000;0.000000;0.000000;1.000000;
2.050512;-0.000000;0.000000;1.000000;0.000000;0.000000;0.000000;1.000000;
2.051024;-0.000000;0.000000;1.000000;0.000000;0.000000;0.000000;1.000000;
2.052048;-0.000000;0.000000;1.000000;0.000000;0.000000;0.000000;1.000000;
2.054096;-0.000000;0.000000;1.000000;0.000000;0.000000;0.000000;1.000000;
2.058192;-0.000000;0.000000;1.000000;0.000000;0.000000;0.000000;1.000000;
2.062288;-0.000000;0.000000;1.000000;0.000000;0.000000;0.000000;1.000000;
2.066384;-0.000000;0.000000;1.000000;0.000000;0.000000;0.000000;1.000000;
2.070480;-0.000000;0.000000;1.000000;0.000000;0.000000;0.000000;1.000000;
2.074576;-0.000000;0.000000;1.000000;0.000000;0.000000;0.000000;1.000000;
2.078672;-0.000000;0.000000;1.000000;0.000000;0.000000;0.000000;1.000000;
2.082768;-0.000000;0.000000;1.000000;0.000000;0.000000;0.000000;1.000000;
2.086864;-0.000000;0.000000;1.000000;0.000000;0.000000;0.000000;1.000000;
2.090960;-0.000000;0.000000;1.000000;0.000000;0.000000;0.000000;1.000000;
2.099152;-0.000000;0.000000;1.000000;0.000000;0.000000;0.000000;1.000000;
2.107344;-0.000000;0.000000;1.000000;0.000000;0.000000;0.000000;1.000000;
2.112844;-0.000000;0.000000;1.000000;0.000000;0.000000;0.000000;1.000000;
2.112845;-0.000000;0.000000;1.000000;0.000000;0.000000;0.000000;1.000000;
2.112846;-0.000000;0.000000;1.000000;0.000000;0.000000;0.000000;1.000000;
2.112848;-0.000000;0.000000;1.000000;0.000000;0.000000;0.000000;1.000000;
2.112852;-0.000000;0.000000;1.000000;0.000000;0.000000;0.000000;1.000000;
2.112860;-0.000000;0.000000;1.000000;0.000000;0.000000;0.000000;1.000000;
2.112876;-0.000000;0.000000;1.000000;0.000000;0.000000;0.000000;1.000000;
2.112908;-0.000000;0.000000;1.000000;0.000000;0.000000;0.000000;1.000000;
2.112972;-0.000000;0.000000;1.000000;0.000000;0.000000;0.000000;1.000000;
2.113100;-0.000000;0.000000;1.000000;0.000000;0.000000;0.000000;1.000000;
2.113356;-0.000000;0.000000;1.000000;0.000000;0.000000;0.000000;1.000000;
2.113868;-0.000000;0.000000;1.000000;0.000000;0.000000;0.000000;1.000000;
2.114892;-0.000000;0.000000;1.000000;0.000000;0.000000;0.000000;1.000000;
2.116940;-0.000000;0.000000;1.000000;0.000000;0.000000;0.000000;1.000000;
2.121036;-0.000000;0.000000;1.000000;0.000000;0.000000;0.000000;1.000000;
2.129228;-0.000000;0.000000;1.000000;0.000000;0.000000;0.000000;1.000000;
2.137420;-0.000000;0.000000;1.000000;0.000000;0.000000;0.000000;1.000000;
2.153804;-0.000000;0.000000;1.000000;0.000000;0.000000;0.000000;1.000000;
2.170188;-0.000000;0.000000;1.000000;0.000000;0.000000;0.000000;1.000000;
2.186572;-0.000000;0.000000;1.000000;0.000000;0.000000;0.000000;1.000000;
2.202956;-0.000000;0.000000;1.000000;0.000000;0.000000;0.000000;1.000000;
2.219340;-0.000000;0.000000;1.000000;0.000000;0.000000;0.000000;1.000000;
2.252108;-0.000000;0.000000;1.000000;0.000000;0.000000;0.000000;1.000000;
2.284876;-0.000000;0.000000;1.000000;0.000000;0.000000;0.000000;1.000000;
2.317644;-0.000000;0.000000;1.000000;0.000000;0.000000;0.000000;1.000000;
2.350412;-0.000000;0.000000;1.000000;0.000000;0.000000;0.000000;1.000000;
2.383180;-0.000000;0.000000;1.000000;0.000000;0.000000;0.000000;1.000000;
2.415948;-0.000000;0.000000;1.000000;0.000000;0.000000;0.000000;1.000000;
2.448716;-0.000000;0.000000;1.000000;0.000000;0.000000;0.000000;1.000000;
2.514252;-0.000000;0.000000;1.000000;0.000000;0.000000;0.000000;1.000000;
2.579788;-0.000000;0.000000;1.000000;0.000000;0.000000;0.000000;1.000000;
2.645324;-0.000000;0.000000;1.000000;0.000000;0.000000;0.000000;1.000000;
2.710860;-0.000000;0.000000;1.000000;0.000000;0.000000;0.000000;1.000000;
2.841932;-0.000000;0.000000;1.000000;0.000000;0.000000;0.000000;1.000000;
2.973004;-0.000000;0.000000;1.000000;0.000000;0.000000;0.000000;1.000000;
3.090231;-0.000000;0.000000;1.000000;0.000000;0.000000;0.000000;1.000000;
3.207457;-0.000000;0.000000;1.000000;0.000000;0.000000;0.000000;1.000000;
3.311531;-0.000000;0.000000;1.000000;0.000000;0.000000;0.000000;1.000000;
3.415604;-0.000000;0.000000;1.000000;0.000000;0.000000;0.000000;1.000000;
3.623751;-0.000000;0.000000;1.000000;0.000000;0.000000;0.000000;1.000000;
3.831898;-0.000000;0.000000;1.000000;0.000000;0.000000;0.000000;1.000000;
4.248192;-0.000000;0.000000;1.000000;0.000000;0.000000;0.000000;1.000000;
4.664485;-0.000000;0.000000;1.000000;0.000000;0.000000;0.000000;1.000000;
5.080779;-0.000000;0.000000;1.000000;0.000000;0.000000;0.000000;1.000000;
5.913367;-0.000000;0.000000;1.000000;0.000000;0.000000;0.000000;1.000000;
5.999999;-0.000000;0.000000;1.000000;0.000000;0.000000;0.000000;1.000000;
5.999999;0.000000;0.000000;1.000000;0.000000;-0.000004;0.000000;0.999989;
6.000000;0.000000;0.000000;1.000000;0.000000;-0.000001;0.000000;0.999998;
6.000001;-0.000000;0.000000;1.000000;0.000000;0.000003;0.000000;1.000008;
6.000003;-0.000000;0.000000;1.000000;0.000000;0.000009;0.000000;1.000026;
6.000007;-0.000000;0.000000;1.000000;0.000000;0.000021;0.000000;1.000064;
6.000015;-0.000000;0.000000;1.000000;0.000000;0.000046;0.000000;1.000139;
6.000031;-0.000000;0.000000;1.000000;0.000000;0.000097;0.000000;1.000286;
6.000063;-0.000000;0.000000;1.000000;0.000000;0.000197;0.000000;1.000575;
6.000127;-0.000000;0.000000;1.000000;0.000000;0.000398;0.000000;1.001127;
6.000255;-0.000000;0.000000;1.000000;0.000000;0.000800;0.000000;1.002140;
6.000383;-0.000000;0.000000;0.999999;0.000000;0.001203;0.000000;1.003039;
6.000511;-0.000000;0.000000;0.999999;0.000000;0.001605;0.000000;1.003837;
6.000539;-0.000000;0.000000;0.999999;0.000000;0.001693;0.000000;1.004000;
6.000540;-0.000000;0.000000;0.999999;0.000000;0.001696;0.000000;1.004006;
6.000541;-0.000000;0.000000;0.999999;0.000000;0.001699;0.000000;1.004012;
6.000543;-0.000000;0.000000;0.999999;0.000000;0.001706;0.000000;1.004023;
6.000547;-0.000000;0.000000;0.999999;0.000000;0.001718;0.000000;1.004045;
6.000555;-0.000000;0.000000;0.999998;0.000000;0.001743;0.000000;1.004090;
6.000571;-0.000000;0.000000;0.999998;0.000000;0.001794;0.000000;1.004179;
6.000575;-0.000000;0.000000;0.999998;0.000000;0.001806;0.000000;1.004200;
6.000576;-0.000000;0.000000;0.999998;0.000000;0.001809;0.000000;1.004205;
6.000577;-0.000000;0.000000;0.999998;0.000000;0.001812;0.000000;1.004211;
6.000579;-0.000000;0.000000;0.999998;0.000000;0.001818;0.000000;1.004222;
6.000583;-0.000000;0.000000;0.999998;0.000000;0.001831;0.000000;1.004244;
6.000591;-0.000000;0.000000;0.999998;0.000000;0.001856;0.000000;1.004287;
6.000607;-0.000000;0.000000;0.999998;0.000000;0.001906;0.000000;1.004373;
6.000639;-0.000000;0.000000;0.999998;0.000000;0.002007;0.000000;1.004541;
6.000703;-0.000000;0.000000;0.999998;0.000000;0.002208;0.000000;1.004863;
6.000831;-0.000000;0.000000;0.999997;0.000000;0.002610;0.000000;1.005453;
6.000959;-0.000000;0.000000;0.999995;0.000000;0.003012;0.000000;1.005976;
6.001215;-0.000000;0.000000;0.999993;0.000000;0.003816;0.000000;1.006860;
6.001445;-0.000000;0.000000;0.999990;0.000000;0.004540;0.000000;1.007493;
6.001676;-0.000000;0.000000;0.999986;0.000000;0.005264;0.000000;1.008001;
6.001906;-0.000000;0.000000;0.999982;0.000000;0.005988;0.000000;1.008410;
6.002136;-0.000000;0.000000;0.999977;0.000000;0.006711;0.000000;1.008739;
6.002367;-0.000000;0.000000;0.999972;0.000000;0.007435;0.000000;1.009003;
6.002597;-0.000000;0.000000;0.999967;0.000000;0.008159;0.000000;1.009214;
6.002828;-0.000000;0.000000;0.999961;0.000000;0.008883;0.000000;1.009384;
6.003288;-0.000000;0.000000;0.999947;0.000000;0.010330;0.000000;1.009636;
6.003749;-0.000000;0.000000;0.999931;0.000000;0.011778;0.000000;1.009798;
6.004210;-0.000000;0.000000;0.999913;0.000000;0.013225;0.000000;1.009901;
6.004671;-0.000000;0.000000;0.999892;0.000000;0.014673;0.000000;1.009965;
6.005132;-0.000000;0.000000;0.999870;0.000000;0.016120;0.000000;1.010005;
6.006053;-0.000000;0.000000;0.999819;0.000000;0.019015;0.000000;1.010050;
6.006975;-0.000000;0.000000;0.999760;0.000000;0.021910;0.000000;1.010067;
6.007896;-0.000000;0.000000;0.999692;0.000000;0.024805;0.000000;1.010071;
6.009740;-0.000000;0.000000;0.999532;0.000000;0.030593;0.000000;1.010072;
6.013426;-0.000000;0.000000;0.999111;0.000000;0.042166;0.000000;1.010067;
6.017112;-0.000000;0.000000;0.998555;0.000000;0.053734;0.000000;1.010064;
6.020799;-0.000000;0.000000;0.997866;0.000000;0.065295;0.000000;1.010062;
6.028172;-0.000000;0.000000;0.996086;0.000000;0.088388;0.000000;1.010061;
6.035544;-0.000000;0.000000;0.993772;0.000000;0.111434;0.000000;1.010057;
6.042917;-0.000000;0.000000;0.990924;0.000000;0.134420;0.000000;1.010054;
6.057663;-0.000000;0.000000;0.983637;0.000000;0.180164;0.000000;1.010049;
6.072408;-0.000000;0.000000;0.974238;0.000000;0.225521;0.000000;1.010044;
6.087154;-0.000000;0.000000;0.962750;0.000000;0.270394;0.000000;1.010040;
6.101900;-0.000000;0.000000;0.949196;0.000000;0.314687;0.000000;1.010037;
6.116645;-0.000000;0.000000;0.933605;0.000000;0.358305;0.000000;1.010033;
6.131391;-0.000000;0.000000;0.916011;0.000000;0.401154;0.000000;1.010030;
6.146136;-0.000000;0.000000;0.896451;0.000000;0.443142;0.000000;1.010027;
6.160882;-0.000000;0.000000;0.874969;0.000000;0.484180;0.000000;1.010025;
6.190373;-0.000000;0.000000;0.826421;0.000000;0.563053;0.000000;1.010020;
6.216915;-0.000000;0.000000;0.776654;0.000000;0.629927;0.000000;1.010017;
6.243457;-0.000000;0.000000;0.721491;0.000000;0.692424;0.000000;1.010014;
6.269999;-0.000000;0.000000;0.661313;0.000000;0.750110;0.000000;1.010012;
6.296541;-0.000000;0.000000;0.596541;0.000000;0.802583;0.000000;1.010009;
6.323084;-0.000000;0.000000;0.527623;0.000000;0.849479;0.000000;1.010008;
6.349626;-0.000000;0.000000;0.455038;0.000000;0.890472;0.000000;1.010008;
6.376168;-0.000000;0.000000;0.379292;0.000000;0.925277;0.000000;1.010007;
6.402710;-0.000000;0.000000;0.300910;0.000000;0.953653;0.000000;1.010006;
6.429252;-0.000000;0.000000;0.220436;0.000000;0.975401;0.000000;1.010006;
6.482336;-0.000000;0.000000;0.055465;0.000000;0.998461;0.000000;1.009999;
6.499999;-0.000000;0.000000;0.000198;0.000000;0.999991;0.000000;1.009999;
6.499999;0.000000;-0.000000;-0.000000;0.000000;1.000000;0.000000;1.009998;
6.500000;0.000000;-0.000000;-0.000000;0.000000;1.000000;0.000000;1.010013;
6.500001;0.000000;-0.000000;-0.000000;0.000000;1.000000;0.000000;1.010004;
6.500003;0.000000;-0.000000;-0.000000;0.000000;1.000000;0.000000;1.009985;
6.500007;0.000000;-0.000000;-0.000000;0.000000;1.000000;0.000000;1.009947;
6.500015;0.000000;-0.000000;-0.000000;0.000000;1.000000;0.000000;1.009873;
6.500031;0.000000;-0.000000;-0.000000;0.000000;1.000000;0.000000;1.009725;
6.500063;0.000000;-0.000000;-0.000000;0.000000;1.000000;0.000000;1.009436;
6.500127;0.000000;-0.000000;-0.000000;0.000000;1.000000;0.000000;1.008883;
6.500255;0.000000;-0.000000;-0.000000;0.000000;1.000000;0.000000;1.007869;
6.500511;0.000000;-0.000000;-0.000000;0.000000;1.000000;0.000000;1.006158;
6.500890;0.000000;-0.000000;-0.000000;0.000000;1.000000;0.000000;1.004200;
6.500891;0.000000;-0.000000;-0.000000;0.000000;1.000000;0.000000;1.004196;
6.500892;0.000000;-0.000000;-0.000000;0.000000;1.000000;0.000000;1.004192;
6.500894;0.000000;-0.000000;-0.000000;0.000000;1.000000;0.000000;1.004184;
6.500898;0.000000;-0.000000;-0.000000;0.000000;1.000000;0.000000;1.004168;
6.500906;0.000000;-0.000000;-0.000000;0.000000;1.000000;0.000000;1.004137;
6.500922;0.000000;-0.000000;-0.000000;0.000000;1.000000;0.000000;1.004074;
6.500941;0.000000;-0.000000;-0.000000;0.000000;1.000000;0.000000;1.004000;
6.500942;0.000000;-0.000000;-0.000000;0.000000;1.000000;0.000000;1.003996;
6.500943;0.000000;-0.000000;-0.000000;0.000000;1.000000;0.000000;1.003993;
6.500945;0.000000;-0.000000;-0.000000;0.000000;1.000000;0.000000;1.003985;
6.500949;0.000000;-0.000000;-0.000000;0.000000;1.000000;0.000000;1.003970;
6.500957;0.000000;-0.000000;-0.000000;0.000000;1.000000;0.000000;1.003940;
6.500973;0.000000;-0.000000;-0.000000;0.000000;1.000000;0.000000;1.003880;
6.501005;0.000000;-0.000000;-0.000000;0.000000;1.000000;0.000000;1.003764;
6.501069;0.000000;-0.000000;-0.000000;0.000000;1.000000;0.000000;1.003541;
6.501197;0.000000;-0.000000;-0.000000;0.000000;1.000000;0.000000;1.003132;
6.501453;0.000000;-0.000000;-0.000000;0.000000;1.000000;0.000000;1.002442;
6.501965;0.000000;-0.000000;-0.000000;0.000000;1.000000;0.000000;1.001443;
6.502989;0.000000;-0.000000;-0.000000;0.000000;1.000000;0.000000;1.000344;
6.504013;0.000000;-0.000000;-0.000000;0.000000;1.000000;0.000000;0.999960;
6.506061;0.000000;-0.000000;-0.000000;0.000000;1.000000;0.000000;0.999728;
6.510157;0.000000;-0.000000;-0.000000;0.000000;1.000000;0.000000;0.999892;
6.518349;0.000000;-0.000000;-0.000000;0.000000;1.000000;0.000000;0.999933;
6.525177;0.000000;-0.000000;-0.000000;0.000000;1.000000;0.000000;0.999940;
6.532004;0.000000;-0.000000;-0.000000;0.000000;1.000000;0.000000;0.999943;
6.538832;0.000000;-0.000000;-0.000000;0.000000;1.000000;0.000000;0.999946;
6.552487;0.000000;-0.000000;-0.000000;0.000000;1.000000;0.000000;0.999951;
6.566142;0.000000;-0.000000;-0.000000;0.000000;1.000000;0.000000;0.999955;
6.579797;0.000000;-0.000000;-0.000000;0.000000;1.000000;0.000000;0.999959;
6.607107;0.000000;-0.000000;-0.000000;0.000000;1.000000;0.000000;0.999966;
6.631686;0.000000;-0.000000;-0.000000;0.000000;1.000000;0.000000;0.999971;
6.656265;0.000000;-0.000000;-0.000000;0.000000;1.000000;0.000000;0.999976;
6.680844;0.000000;-0.000000;-0.000000;0.000000;1.000000;0.000000;0.999979;
6.705423;0.000000;-0.000000;-0.000000;0.000000;1.000000;0.000000;0.999982;
6.730001;0.000000;-0.000000;-0.000000;0.000000;1.000000;0.000000;0.999985;
6.736658;0.000000;-0.000000;-0.000000;0.000000;1.000000;0.000000;0.999986;
6.736659;0.000000;-0.000000;-0.000000;0.000000;1.000000;0.000000;0.999986;
6.736660;0.000000;-0.000000;-0.000000;0.000000;1.000000;0.000000;0.999986;
6.736662;0.000000;-0.000000;-0.000000;0.000000;1.000000;0.000000;0.999986;
6.736666;0.000000;-0.000000;-0.000000;0.000000;1.000000;0.000000;0.999986;
6.736674;0.000000;-0.000000;-0.000000;0.000000;1.000000;0.000000;0.999986;
6.736690;0.000000;-0.000000;-0.000000;0.000000;1.000000;0.000000;0.999986;
6.736722;0.000000;-0.000000;-0.000000;0.000000;1.000000;0.000000;0.999986;
6.736786;0.000000;-0.000000;-0.000000;0.000000;1.000000;0.000000;0.999986;
6.736914;0.000000;-0.000000;-0.000000;0.000000;1.000000;0.000000;0.999986;
6.737170;0.000000;-0.000000;-0.000000;0.000000;1.000000;0.000000;0.999986;
6.737682;0.000000;-0.000000;-0.000000;0.000000;1.000000;0.000000;0.999986;
6.738706;0.000000;-0.000000;-0.000000;0.000000;1.000000;0.000000;0.999986;
6.740754;0.000000;-0.000000;-0.000000;0.000000;1.000000;0.000000;0.999986;
6.744850;0.000000;-0.000000;-0.000000;0.000000;1.000000;0.000000;0.999987;
6.753042;0.000000;-0.000000;-0.000000;0.000000;1.000000;0.000000;0.999987;
6.769426;0.000000;-0.000000;-0.000000;0.000000;1.000000;0.000000;0.999989;
6.802194;0.000000;-0.000000;-0.000000;0.000000;1.000000;0.000000;0.999991;
6.834962;0.000000;-0.000000;-0.000000;0.000000;1.000000;0.000000;0.999993;
6.867730;0.000000;-0.000000;-0.000000;0.000000;1.000000;0.000000;0.999994;
6.900498;0.000000;-0.000000;-0.000000;0.000000;1.000000;0.000000;0.999995;
6.933266;0.000000;-0.000000;-0.000000;0.000000;1.000000;0.000000;0.999996;
6.966034;0.000000;-0.000000;-0.000000;0.000000;1.000000;0.000000;0.999997;
6.998802;0.000000;-0.000000;-0.000000;0.000000;1.000000;0.000000;0.999998;
7.031570;0.000000;-0.000000;-0.000000;0.000000;1.000000;0.000000;0.999998;
7.064338;0.000000;-0.000000;-0.000000;0.000000;1.000000;0.000000;0.999998;
7.097106;0.000000;-0.000000;-0.000000;0.000000;1.000000;0.000000;0.999999;
7.129874;0.000000;-0.000000;-0.000000;0.000000;1.000000;0.000000;0.999999;
7.195410;0.000000;-0.000000;-0.000000;0.000000;1.000000;0.000000;0.999999;
7.260946;0.000000;-0.000000;-0.000000;0.000000;1.000000;0.000000;1.000000;
7.326482;0.000000;-0.000000;-0.000000;0.000000;1.000000;0.000000;1.000000;
7.392018;0.000000;-0.000000;-0.000000;0.000000;1.000000;0.000000;1.000000;
7.457554;0.000000;-0.000000;-0.000000;0.000000;1.000000;0.000000;1.000000;
7.523090;0.000000;-0.000000;-0.000000;0.000000;1.000000;0.000000;1.000000;
7.654162;0.000000;-0.000000;-0.000000;0.000000;1.000000;0.000000;1.000000;
7.785234;0.000000;-0.000000;-0.000000;0.000000;1.000000;0.000000;1.000000;
8.047378;0.000000;-0.000000;-0.000000;0.000000;1.000000;0.000000;1.000000;
8.571666;0.000000;-0.000000;-0.000000;0.000000;1.000000;0.000000;1.000000;
8.702123;0.000000;-0.000000;-0.000000;0.000000;1.000000;0.000000;1.000000;
8.702124;0.000000;-0.000000;-0.000000;0.000000;1.000000;0.000000;1.000000;
8.702125;0.000000;-0.000000;-0.000000;0.000000;1.000000;0.000000;1.000000;
8.702127;0.000000;-0.000000;-0.000000;0.000000;1.000000;0.000000;1.000000;
8.702131;0.000000;-0.000000;-0.000000;0.000000;1.000000;0.000000;1.000000;
8.702139;0.000000;-0.000000;-0.000000;0.000000;1.000000;0.000000;1.000000;
8.702155;0.000000;-0.000000;-0.000000;0.000000;1.000000;0.000000;1.000000;
8.702187;0.000000;-0.000000;-0.000000;0.000000;1.000000;0.000000;1.000000;
8.702251;0.000000;-0.000000;-0.000000;0.000000;1.000000;0.000000;1.000000;
8.702379;0.000000;-0.000000;-0.000000;0.000000;1.000000;0.000000;1.000000;
8.702635;0.000000;-0.000000;-0.000000;0.000000;1.000000;0.000000;1.000000;
8.703147;0.000000;-0.000000;-0.000000;0.000000;1.000000;0.000000;1.000000;
8.704171;0.000000;-0.000000;-0.000000;0.000000;1.000000;0.000000;1.000000;
8.705839;0.000000;-0.000000;-0.000000;0.000000;1.000000;0.000000;1.000000;
8.705840;0.000000;-0.000000;-0.000000;0.000000;1.000000;0.000000;1.000000;
8.705841;0.000000;-0.000000;-0.000000;0.000000;1.000000;0.000000;1.000000;
8.705843;0.000000;-0.000000;-0.000000;0.000000;1.000000;0.000000;1.000000;
8.705847;0.000000;-0.000000;-0.000000;0.000000;1.000000;0.000000;1.000000;
8.705855;0.000000;-0.000000;-0.000000;0.000000;1.000000;0.000000;1.000000;
8.705871;0.000000;-0.000000;-0.000000;0.000000;1.000000;0.000000;1.000000;
8.705903;0.000000;-0.000000;-0.000000;0.000000;1.000000;0.000000;1.000000;
8.705967;0.000000;-0.000000;-0.000000;0.000000;1.000000;0.000000;1.000000;
8.706095;0.000000;-0.000000;-0.000000;0.000000;1.000000;0.000000;1.000000;
8.706351;0.000000;-0.000000;-0.000000;0.000000;1.000000;0.000000;1.000000;
8.706863;0.000000;-0.000000;-0.000000;0.000000;1.000000;0.000000;1.000000;
8.707887;0.000000;-0.000000;-0.000000;0.000000;1.000000;0.000000;1.000000;
8.709935;0.000000;-0.000000;-0.000000;0.000000;1.000000;0.000000;1.000000;
8.714031;0.000000;-0.000000;-0.000000;0.000000;1.000000;0.000000;1.000000;
8.722223;0.000000;-0.000000;-0.000000;0.000000;1.000000;0.000000;1.000000;
8.738607;0.000000;-0.000000;-0.000000;0.000000;1.000000;0.000000;1.000000;
8.754991;0.000000;-0.000000;-0.000000;0.000000;1.000000;0.000000;1.000000;
8.787759;0.000000;-0.000000;-0.000000;0.000000;1.000000;0.000000;1.000000;
8.853295;0.000000;-0.000000;-0.000000;0.000000;1.000000;0.000000;1.000000;
8.918831;0.000000;-0.000000;-0.000000;0.000000;1.000000;0.000000;1.000000;
9.049903;0.000000;-0.000000;-0.000000;0.000000;1.000000;0.000000;1.000000;
9.312047;0.000000;-0.000000;-0.000000;0.000000;1.000000;0.000000;1.000000;
9.574191;0.000000;-0.000000;-0.000000;0.000000;1.000000;0.000000;1.000000;
9.836335;0.000000;-0.000000;-0.000000;0.000000;1.000000;0.000000;1.000000;
10.360623;0.000000;-0.000000;-0.000000;0.000000;1.000000;0.000000;1.000000;
10.884911;0.000000;-0.000000;-0.000000;0.000000;1.000000;0.000000;1.000000;
11.409199;0.000000;-0.000000;-0.000000;0.000000;1.000000;0.000000;1.000000;
11.933487;0.000000;-0.000000;-0.000000;0.000000;1.000000;0.000000;1.000000;
12.457775;0.000000;-0.000000;-0.000000;0.000000;1.000000;0.000000;1.000000;
12.553518;0.000000;-0.000000;-0.000000;0.000000;1.000000;0.000000;1.000000;
12.553519;0.000000;-0.000000;-0.000000;0.000000;1.000000;0.000000;1.000000;
12.553520;0.000000;-0.000000;-0.000000;0.000000;1.000000;0.000000;1.000000;
12.553522;0.000000;-0.000000;-0.000000;0.000000;1.000000;0.000000;1.000000;
12.553526;0.000000;-0.000000;-0.000000;0.000000;1.000000;0.000000;1.000000;
12.553534;0.000000;-0.000000;-0.000000;0.000000;1.000000;0.000000;1.000000;
12.553550;0.000000;-0.000000;-0.000000;0.000000;1.000000;0.000000;1.000000;
12.553582;0.000000;-0.000000;-0.000000;0.000000;1.000000;0.000000;1.000000;
12.553646;0.000000;-0.000000;-0.000000;0.000000;1.000000;0.000000;1.000000;
12.553774;0.000000;-0.000000;-0.000000;0.000000;1.000000;0.000000;1.000000;
12.554030;0.000000;-0.000000;-0.000000;0.000000;1.000000;0.000000;1.000000;
12.554542;0.000000;-0.000000;-0.000000;0.000000;1.000000;0.000000;1.000000;
12.555566;0.000000;-0.000000;-0.000000;0.000000;1.000000;0.000000;1.000000;
12.557614;0.000000;-0.000000;-0.000000;0.000000;1.000000;0.000000;1.000000;
12.561710;0.000000;-0.000000;-0.000000;0.000000;1.000000;0.000000;1.000000;
12.569902;0.000000;-0.000000;-0.000000;0.000000;1.000000;0.000000;1.000000;
12.586286;0.000000;-0.000000;-0.000000;0.000000;1.000000;0.000000;1.000000;
12.602670;0.000000;-0.000000;-0.000000;0.000000;1.000000;0.000000;1.000000;
12.619054;0.000000;-0.000000;-0.000000;0.000000;1.000000;0.000000;1.000000;
12.635438;0.000000;-0.000000;-0.000000;0.000000;1.000000;0.000000;1.000000;
12.668206;0.000000;-0.000000;-0.000000;0.000000;1.000000;0.000000;1.000000;
12.733742;0.000000;-0.000000;-0.000000;0.000000;1.000000;0.000000;1.000000;
12.799278;0.000000;-0.000000;-0.000000;0.000000;1.000000;0.000000;1.000000;
12.930350;0.000000;-0.000000;-0.000000;0.000000;1.000000;0.000000;1.000000;
13.061422;0.000000;-0.000000;-0.000000;0.000000;1.000000;0.000000;1.000000;
13.192494;0.000000;-0.000000;-0.000000;0.000000;1.000000;0.000000;1.000000;
13.454638;0.000000;-0.000000;-0.000000;0.000000;1.000000;0.000000;1.000000;
13.716782;0.000000;-0.000000;-0.000000;0.000000;1.000000;0.000000;1.000000;
14.241070;0.000000;-0.000000;-0.000000;0.000000;1.000000;0.000000;1.000000;
14.712930;0.000000;-0.000000;-0.000000;0.000000;1.000000;0.000000;1.000000;
15.184789;0.000000;-0.000000;-0.000000;0.000000;1.000000;0.000000;1.000000;
15.656648;0.000000;-0.000000;-0.000000;0.000000;1.000000;0.000000;1.000000;
16.128507;0.000000;-0.000000;-0.000000;0.000000;1.000000;0.000000;1.000000;
16.600366;0.000000;-0.000000;-0.000000;0.000000;1.000000;0.000000;1.000000;
17.072226;0.000000;-0.000000;-0.000000;0.000000;1.000000;0.000000;1.000000;
18.015944;0.000000;-0.000000;-0.000000;0.000000;1.000000;0.000000;1.000000;
18.959662;0.000000;-0.000000;-0.000000;0.000000;1.000000;0.000000;1.000000;
19.903381;0.000000;-0.000000;-0.000000;0.000000;1.000000;0.000000;1.000000;
20.000000;0.000000;-0.000000;-0.000000;0.000000;1.000000;0.000000;1.000000;
