time;WT4B_WT4B_injector_PInjPu;WT4B_WT4B_injector_QInjPu;WT4B_WT4B_injector_terminal_V_re;WT4B_WT4B_injector_terminal_i_re;WT4B_WT4B_injector_terminal_V_im;WT4B_WT4B_injector_terminal_i_im;WT4B_WT4B_pll_omegaPLLPu;
0.000000;0.700006;0.279506;1.030009;-0.700000;0.105006;0.199999;1.000001;
0.000001;0.700006;0.279506;1.030009;-0.700000;0.105006;0.199999;1.000001;
0.000002;0.700006;0.279506;1.030009;-0.700000;0.105006;0.199999;1.000001;
0.000004;0.700006;0.279506;1.030009;-0.700000;0.105006;0.199999;1.000001;
0.000008;0.700006;0.279506;1.030009;-0.700000;0.105006;0.199999;1.000001;
0.000016;0.700006;0.279506;1.030009;-0.700000;0.105006;0.199999;1.000001;
0.000032;0.700006;0.279506;1.030009;-0.700000;0.105006;0.199999;1.000001;
0.000064;0.700006;0.279506;1.030009;-0.700000;0.105006;0.199999;1.000001;
0.000128;0.700006;0.279506;1.030009;-0.700000;0.105006;0.199999;1.000001;
0.000256;0.700006;0.279506;1.030009;-0.700000;0.105006;0.199999;1.000001;
0.000512;0.700006;0.279506;1.030009;-0.700000;0.105006;0.199999;1.000001;
0.001024;0.700006;0.279506;1.030009;-0.700000;0.105006;0.199999;1.000001;
0.002048;0.700006;0.279505;1.030009;-0.700000;0.105006;0.199999;1.000000;
0.004096;0.700006;0.279505;1.030009;-0.700000;0.105006;0.199999;1.000000;
0.008192;0.700006;0.279505;1.030009;-0.700000;0.105006;0.199999;1.000000;
0.016384;0.700006;0.279505;1.030009;-0.700000;0.105006;0.199999;1.000000;
0.032768;0.700005;0.279505;1.030009;-0.700000;0.105006;0.199999;1.000000;
0.065536;0.700005;0.279505;1.030009;-0.700000;0.105006;0.199999;1.000000;
0.131072;0.700005;0.279505;1.030009;-0.700000;0.105006;0.199999;1.000000;
0.262144;0.700005;0.279505;1.030009;-0.700000;0.105006;0.199999;1.000000;
0.524288;0.700005;0.279505;1.030009;-0.700000;0.105006;0.199999;1.000000;
1.000000;0.700005;0.279505;1.030009;-0.700000;0.105006;0.199999;1.000000;
1.000000;0.420005;0.199506;0.630009;-0.700000;0.105006;0.199999;1.121701;
1.000001;0.420010;0.199492;0.630006;-0.700008;0.105008;0.199975;1.121633;
1.000002;0.420015;0.199478;0.630002;-0.700016;0.105009;0.199952;1.121566;
1.000004;0.420024;0.199450;0.629995;-0.700032;0.105011;0.199905;1.121431;
1.000008;0.420044;0.199395;0.629981;-0.700064;0.105016;0.199811;1.121161;
1.000016;0.420082;0.199285;0.629953;-0.700127;0.105026;0.199624;1.120624;
1.000032;0.420157;0.199067;0.629897;-0.700253;0.105044;0.199254;1.119556;
1.000064;0.420307;0.198639;0.629788;-0.700503;0.105082;0.198525;1.117449;
1.000128;0.420601;0.197812;0.629577;-0.700993;0.105155;0.197114;1.113348;
1.000256;0.421167;0.196273;0.629181;-0.701937;0.105297;0.194476;1.105573;
1.000384;0.421707;0.194879;0.628820;-0.702837;0.105432;0.192071;1.098342;
1.000640;0.422726;0.192488;0.628192;-0.704535;0.105687;0.187884;1.085327;
1.000870;0.423587;0.190754;0.627726;-0.705970;0.105902;0.184778;1.075131;
1.001101;0.424410;0.189372;0.627343;-0.707342;0.106108;0.182225;1.066189;
1.001331;0.425208;0.188307;0.627034;-0.708671;0.106307;0.180166;1.058354;
1.001341;0.425243;0.188267;0.627022;-0.708729;0.106316;0.180086;1.058031;
1.001342;0.425246;0.188263;0.627021;-0.708735;0.106317;0.180078;1.058000;
1.001343;0.425250;0.188259;0.627020;-0.708740;0.106318;0.180070;1.057969;
1.001345;0.425256;0.188251;0.627017;-0.708752;0.106320;0.180054;1.057906;
1.001349;0.425270;0.188236;0.627013;-0.708774;0.106323;0.180024;1.057781;
1.001357;0.425297;0.188206;0.627004;-0.708820;0.106330;0.179963;1.057532;
1.001373;0.425352;0.188147;0.626986;-0.708911;0.106343;0.179843;1.057037;
1.001405;0.425461;0.188035;0.626951;-0.709092;0.106371;0.179612;1.056060;
1.001469;0.425679;0.187833;0.626887;-0.709456;0.106425;0.179185;1.054159;
1.001597;0.426117;0.187517;0.626779;-0.710186;0.106535;0.178464;1.050556;
1.001853;0.427005;0.187214;0.626637;-0.711666;0.106757;0.177517;1.044079;
1.002109;0.427914;0.187325;0.626588;-0.713182;0.106984;0.177191;1.038485;
1.002365;0.428852;0.187816;0.626624;-0.714744;0.107218;0.177430;1.033663;
1.002621;0.429823;0.188656;0.626737;-0.716362;0.107461;0.178184;1.029511;
1.002877;0.430831;0.189816;0.626920;-0.718043;0.107713;0.179407;1.025940;
1.003133;0.431880;0.191272;0.627168;-0.719791;0.107976;0.181056;1.022873;
1.003389;0.432972;0.193001;0.627474;-0.721611;0.108248;0.183096;1.020241;
1.003645;0.434108;0.194982;0.627833;-0.723504;0.108532;0.185493;1.017986;
1.003901;0.435289;0.197197;0.628242;-0.725472;0.108828;0.188216;1.016057;
1.004413;0.437788;0.202242;0.629186;-0.729638;0.109453;0.194508;1.012962;
1.004834;0.439978;0.206954;0.630076;-0.733288;0.110000;0.200440;1.011056;
1.004834;0.439979;0.206954;0.630076;-0.733288;0.110000;0.200439;1.011056;
1.004835;0.439983;0.206962;0.630077;-0.733295;0.110001;0.200450;1.011054;
1.004836;0.439988;0.206974;0.630080;-0.733304;0.110002;0.200465;1.011050;
1.004837;0.439993;0.206986;0.630082;-0.733313;0.110004;0.200480;1.011046;
1.004839;0.440004;0.207010;0.630086;-0.733331;0.110006;0.200510;1.011039;
1.004843;0.440026;0.207057;0.630095;-0.733366;0.110012;0.200570;1.011024;
1.004851;0.440068;0.207152;0.630113;-0.733438;0.110023;0.200690;1.010994;
1.004867;0.440154;0.207343;0.630149;-0.733581;0.110044;0.200931;1.010934;
1.004899;0.440327;0.207725;0.630222;-0.733868;0.110087;0.201415;1.010817;
1.004963;0.440673;0.208499;0.630369;-0.734446;0.110174;0.202393;1.010591;
1.005091;0.441375;0.210075;0.630668;-0.735615;0.110349;0.204388;1.010165;
1.005347;0.442811;0.213343;0.631289;-0.738009;0.110708;0.208524;1.009412;
1.005859;0.445804;0.220235;0.632596;-0.742997;0.111456;0.217238;1.008235;
1.006371;0.448947;0.227540;0.633976;-0.748235;0.112242;0.226438;1.007419;
1.006883;0.452229;0.235181;0.635412;-0.753704;0.113062;0.236013;1.006877;
1.007395;0.455640;0.243100;0.636891;-0.759389;0.113915;0.245872;1.006538;
1.007907;0.459170;0.251243;0.638402;-0.765272;0.114797;0.255938;1.006346;
1.008419;0.462808;0.259565;0.639933;-0.771335;0.115707;0.266147;1.006259;
1.009443;0.470355;0.276547;0.643019;-0.783913;0.117594;0.286716;1.006259;
1.010467;0.478210;0.293817;0.646102;-0.797004;0.119557;0.307272;1.006406;
1.011285;0.484660;0.307679;0.648538;-0.807754;0.121170;0.323504;1.006563;
1.011286;0.484668;0.307696;0.648540;-0.807767;0.121172;0.323523;1.006563;
1.011287;0.484676;0.307713;0.648543;-0.807780;0.121174;0.323543;1.006564;
1.011289;0.484692;0.307747;0.648549;-0.807807;0.121178;0.323583;1.006564;
1.011293;0.484724;0.307815;0.648561;-0.807860;0.121186;0.323662;1.006565;
1.011301;0.484787;0.307951;0.648585;-0.807966;0.121201;0.323820;1.006567;
1.011317;0.484915;0.308223;0.648632;-0.808179;0.121233;0.324136;1.006570;
1.011349;0.485169;0.308767;0.648727;-0.808602;0.121297;0.324768;1.006576;
1.011413;0.485675;0.309853;0.648917;-0.809446;0.121423;0.326031;1.006587;
1.011541;0.486679;0.312022;0.649295;-0.811119;0.121674;0.328555;1.006600;
1.011797;0.488652;0.316346;0.650051;-0.814408;0.122168;0.333592;1.006599;
1.012309;0.492467;0.324938;0.651555;-0.820766;0.123121;0.343615;1.006514;
1.013333;0.499623;0.341863;0.654522;-0.832690;0.124910;0.363397;1.006146;
1.014357;0.506210;0.358400;0.657425;-0.843668;0.126557;0.382747;1.005634;
1.015381;0.512315;0.374484;0.660246;-0.853844;0.128083;0.401549;1.005100;
1.016405;0.518024;0.390052;0.662967;-0.863358;0.129510;0.419687;1.004616;
1.017429;0.523413;0.405045;0.665573;-0.872340;0.130857;0.437058;1.004215;
1.018447;0.528439;0.419422;0.668062;-0.880715;0.132113;0.453653;1.003855;
1.018447;0.528440;0.419423;0.668062;-0.880717;0.132114;0.453652;1.003855;
1.018448;0.528444;0.419435;0.668064;-0.880724;0.132115;0.453667;1.003855;
1.018449;0.528449;0.419449;0.668067;-0.880732;0.132116;0.453683;1.003855;
1.018450;0.528454;0.419463;0.668069;-0.880740;0.132117;0.453699;1.003854;
1.018452;0.528463;0.419491;0.668074;-0.880756;0.132119;0.453731;1.003854;
1.018456;0.528482;0.419546;0.668084;-0.880788;0.132124;0.453795;1.003852;
1.018464;0.528520;0.419657;0.668103;-0.880851;0.132134;0.453923;1.003850;
1.018480;0.528597;0.419879;0.668141;-0.880978;0.132153;0.454179;1.003844;
1.018512;0.528748;0.420323;0.668218;-0.881231;0.132191;0.454690;1.003833;
1.018576;0.529050;0.421209;0.668371;-0.881734;0.132266;0.455713;1.003810;
1.018704;0.529647;0.422980;0.668678;-0.882729;0.132415;0.457758;1.003762;
1.018960;0.530814;0.426511;0.669291;-0.884674;0.132707;0.461845;1.003658;
1.019472;0.533047;0.433532;0.670514;-0.888394;0.133265;0.469998;1.003429;
1.020496;0.537132;0.447390;0.672943;-0.895202;0.134286;0.486188;1.002929;
1.021520;0.540752;0.460976;0.675341;-0.901235;0.135191;0.502172;1.002419;
1.023568;0.546887;0.487158;0.679989;-0.911460;0.136725;0.533155;1.001531;
1.025411;0.551353;0.509459;0.683967;-0.918902;0.137841;0.559672;1.000922;
1.027254;0.555110;0.530401;0.687701;-0.925163;0.138780;0.584567;1.000512;
1.029097;0.558376;0.549879;0.691161;-0.930606;0.139596;0.607630;1.000282;
1.030941;0.561334;0.567827;0.694325;-0.935536;0.140335;0.628722;1.000197;
1.032784;0.564124;0.584219;0.697184;-0.940185;0.141033;0.647780;1.000219;
1.034627;0.566846;0.599067;0.699738;-0.944722;0.141713;0.664803;1.000313;
1.036470;0.569570;0.612411;0.701994;-0.949260;0.142394;0.679839;1.000451;
1.038313;0.572335;0.624315;0.703964;-0.953868;0.143085;0.692977;1.000612;
1.040157;0.575161;0.634858;0.705668;-0.958578;0.143791;0.704330;1.000779;
1.042000;0.578053;0.644133;0.707123;-0.963398;0.144514;0.714032;1.000941;
1.043843;0.581004;0.652237;0.708352;-0.968315;0.145252;0.722223;1.001089;
1.047529;0.586996;0.665471;0.710243;-0.978302;0.146750;0.734827;1.001326;
1.050847;0.592408;0.674376;0.711383;-0.987322;0.148103;0.742428;1.001466;
1.054165;0.597714;0.681007;0.712112;-0.996165;0.149429;0.747285;1.001539;
1.057483;0.602818;0.685816;0.712522;-1.004671;0.150705;0.750022;1.001553;
1.060800;0.607638;0.689211;0.712698;-1.012703;0.151910;0.751190;1.001518;
1.064118;0.612114;0.691535;0.712707;-1.020163;0.153029;0.751249;1.001445;
1.067436;0.616208;0.693068;0.712605;-1.026986;0.154053;0.750568;1.001347;
1.070754;0.619903;0.694035;0.712434;-1.033145;0.154977;0.749433;1.001232;
1.074071;0.623198;0.694609;0.712228;-1.038636;0.155800;0.748059;1.001109;
1.077389;0.626104;0.694919;0.712009;-1.043479;0.156527;0.746600;1.000984;
1.084025;0.630875;0.695169;0.711600;-1.051430;0.157720;0.743870;1.000750;
1.090660;0.634424;0.695149;0.711255;-1.057345;0.158607;0.741571;1.000548;
1.097296;0.636988;0.695071;0.710993;-1.061619;0.159248;0.739825;1.000385;
1.103931;0.638793;0.695029;0.710810;-1.064627;0.159699;0.738606;1.000261;
1.110567;0.640036;0.695043;0.710692;-1.066699;0.160010;0.737816;1.000171;
1.117202;0.640878;0.695103;0.710621;-1.068103;0.160221;0.737342;1.000109;
1.123838;0.641442;0.695188;0.710581;-1.069042;0.160362;0.737079;1.000067;
1.130473;0.641818;0.695279;0.710561;-1.069668;0.160456;0.736945;1.000040;
1.137109;0.642068;0.695364;0.710552;-1.070085;0.160518;0.736886;1.000022;
1.150380;0.642377;0.695494;0.710546;-1.070599;0.160595;0.736842;1.000002;
1.163651;0.642515;0.695576;0.710547;-1.070831;0.160630;0.736852;0.999994;
1.176922;0.642572;0.695623;0.710551;-1.070925;0.160644;0.736873;0.999992;
1.190193;0.642591;0.695650;0.710553;-1.070956;0.160649;0.736893;0.999992;
1.203464;0.642593;0.695666;0.710556;-1.070960;0.160650;0.736911;0.999992;
1.230006;0.642585;0.695692;0.710562;-1.070946;0.160648;0.736948;0.999993;
1.256548;0.642569;0.695713;0.710567;-1.070920;0.160643;0.736985;0.999994;
1.283090;0.642553;0.695732;0.710572;-1.070894;0.160640;0.737017;0.999995;
1.309632;0.642540;0.695747;0.710576;-1.070872;0.160636;0.737045;0.999996;
1.336174;0.642531;0.695761;0.710580;-1.070856;0.160634;0.737067;0.999997;
1.362717;0.642523;0.695772;0.710582;-1.070843;0.160632;0.737085;0.999997;
1.389259;0.642516;0.695781;0.710585;-1.070833;0.160630;0.737101;0.999998;
1.442343;0.642507;0.695795;0.710588;-1.070816;0.160628;0.737125;0.999998;
1.495427;0.642500;0.695805;0.710591;-1.070805;0.160626;0.737141;0.999999;
1.548511;0.642495;0.695812;0.710593;-1.070797;0.160625;0.737153;0.999999;
1.601595;0.642492;0.695817;0.710594;-1.070791;0.160624;0.737161;0.999999;
1.654679;0.642489;0.695820;0.710595;-1.070788;0.160624;0.737166;1.000000;
1.707764;0.642488;0.695822;0.710595;-1.070785;0.160623;0.737170;1.000000;
1.760848;0.642487;0.695824;0.710595;-1.070783;0.160623;0.737172;1.000000;
1.867016;0.642486;0.695826;0.710596;-1.070781;0.160623;0.737175;1.000000;
1.973184;0.642485;0.695827;0.710596;-1.070780;0.160623;0.737177;1.000000;
2.000000;0.642485;0.695827;0.710596;-1.070780;0.160623;0.737177;1.000000;
2.000000;1.070797;0.990698;1.110596;-1.070780;0.160623;0.737177;0.735426;
2.000001;1.070736;0.990786;1.110610;-1.070719;0.160613;0.737266;0.735667;
2.000002;1.070675;0.990875;1.110623;-1.070658;0.160604;0.737355;0.735908;
2.000004;1.070552;0.991053;1.110649;-1.070535;0.160586;0.737532;0.736390;
2.000008;1.070309;0.991406;1.110703;-1.070292;0.160549;0.737886;0.737350;
2.000016;1.069824;0.992109;1.110808;-1.069807;0.160477;0.738589;0.739261;
2.000032;1.068864;0.993498;1.111016;-1.068847;0.160332;0.739978;0.743044;
2.000064;1.066983;0.996206;1.111423;-1.066967;0.160050;0.742686;0.750451;
2.000128;1.063379;1.001357;1.112195;-1.063362;0.159510;0.747837;0.764660;
2.000256;1.056758;1.010678;1.113594;-1.056741;0.158516;0.757159;0.790824;
2.000384;1.050887;1.018790;1.114811;-1.050871;0.157636;0.765274;0.814190;
2.000469;1.047349;1.023613;1.115535;-1.047332;0.157105;0.770099;0.828415;
2.000470;1.047307;1.023663;1.115542;-1.047290;0.157098;0.770150;0.828575;
2.000471;1.047268;1.023716;1.115550;-1.047251;0.157093;0.770204;0.828734;
2.000473;1.047189;1.023822;1.115566;-1.047172;0.157081;0.770310;0.829051;
2.000477;1.047033;1.024034;1.115598;-1.047016;0.157057;0.770521;0.829683;
2.000485;1.046721;1.024454;1.115661;-1.046704;0.157011;0.770942;0.830940;
2.000501;1.046104;1.025282;1.115786;-1.046087;0.156918;0.771772;0.833427;
2.000533;1.044894;1.026894;1.116028;-1.044877;0.156736;0.773389;0.838293;
2.000597;1.042566;1.029942;1.116488;-1.042549;0.156387;0.776454;0.847614;
2.000725;1.038250;1.035388;1.117314;-1.038233;0.155740;0.781959;0.864724;
2.000853;1.034360;1.040028;1.118024;-1.034343;0.155156;0.786694;0.879943;
2.000981;1.030854;1.043940;1.118630;-1.030837;0.154630;0.790736;0.893462;
2.001109;1.027690;1.047196;1.119143;-1.027674;0.154155;0.794156;0.905464;
2.001237;1.024832;1.049861;1.119573;-1.024815;0.153727;0.797018;0.916115;
2.001365;1.022243;1.051994;1.119927;-1.022227;0.153338;0.799380;0.925564;
2.001493;1.019893;1.053646;1.120214;-1.019876;0.152986;0.801293;0.933943;
2.001621;1.017752;1.054863;1.120440;-1.017735;0.152664;0.802802;0.941371;
2.001749;1.015794;1.055685;1.120612;-1.015777;0.152371;0.803945;0.947956;
2.001877;1.013996;1.056149;1.120734;-1.013979;0.152101;0.804760;0.953790;
2.002005;1.012338;1.056287;1.120811;-1.012321;0.151852;0.805277;0.958958;
2.002261;1.009345;1.055724;1.120853;-1.009329;0.151403;0.805554;0.967665;
2.002462;1.007255;1.054574;1.120790;-1.007239;0.151090;0.805138;0.973163;
2.002463;1.007246;1.054567;1.120790;-1.007229;0.151088;0.805134;0.973187;
2.002464;1.007236;1.054560;1.120789;-1.007219;0.151087;0.805131;0.973211;
2.002466;1.007216;1.054545;1.120788;-1.007200;0.151084;0.805124;0.973260;
2.002470;1.007177;1.054515;1.120786;-1.007160;0.151078;0.805109;0.973356;
2.002478;1.007099;1.054455;1.120782;-1.007082;0.151066;0.805080;0.973548;
2.002494;1.006944;1.054333;1.120773;-1.006927;0.151043;0.805019;0.973928;
2.002526;1.006636;1.054079;1.120753;-1.006620;0.150997;0.804889;0.974671;
2.002590;1.006032;1.053532;1.120709;-1.006016;0.150906;0.804596;0.976091;
2.002718;1.004865;1.052293;1.120602;-1.004848;0.150731;0.803881;0.978688;
2.002974;1.002656;1.049292;1.120320;-1.002640;0.150400;0.801999;0.983052;
2.003230;1.000578;1.045657;1.119955;-1.000561;0.150088;0.799571;0.986465;
2.003486;0.998584;1.041467;1.119521;-0.998568;0.149789;0.796674;0.989117;
2.003742;0.996638;1.036793;1.119025;-0.996622;0.149497;0.793369;0.991167;
2.003998;0.994711;1.031691;1.118476;-0.994694;0.149208;0.789712;0.992745;
2.004254;0.992779;1.026211;1.117881;-0.992763;0.148919;0.785746;0.993953;
2.004510;0.990828;1.020395;1.117245;-0.990812;0.148626;0.781507;0.994872;
2.005022;0.986816;1.007918;1.115872;-0.986800;0.148024;0.772353;0.996142;
2.005534;0.982630;0.994445;1.114380;-0.982615;0.147396;0.762407;0.996842;
2.006046;0.978253;0.980139;1.112789;-0.978237;0.146740;0.751798;0.997188;
2.006558;0.973681;0.965134;1.111114;-0.973666;0.146054;0.740632;0.997325;
2.007070;0.968923;0.949544;1.109368;-0.968909;0.145341;0.728994;0.997346;
2.007582;0.963998;0.933464;1.107561;-0.963983;0.144602;0.716953;0.997305;
2.008606;0.953750;0.900235;1.103811;-0.953736;0.143065;0.691956;0.997176;
2.009630;0.943086;0.865926;1.099914;-0.943073;0.141466;0.665974;0.997029;
2.010654;0.932154;0.830972;1.095914;-0.932141;0.139826;0.639315;0.996908;
2.010682;0.931856;0.830022;1.095805;-0.931843;0.139781;0.638588;0.996905;
2.010682;0.931855;0.830023;1.095805;-0.931843;0.139781;0.638588;0.996905;
2.010683;0.931845;0.829988;1.095801;-0.931832;0.139780;0.638562;0.996905;
2.010684;0.931834;0.829954;1.095797;-0.931821;0.139778;0.638536;0.996905;
2.010686;0.931812;0.829885;1.095789;-0.931799;0.139775;0.638483;0.996905;
2.010690;0.931769;0.829747;1.095774;-0.931756;0.139768;0.638377;0.996904;
2.010698;0.931682;0.829471;1.095742;-0.931670;0.139755;0.638166;0.996904;
2.010714;0.931510;0.828921;1.095679;-0.931497;0.139729;0.637745;0.996902;
2.010746;0.931164;0.827820;1.095552;-0.931151;0.139678;0.636902;0.996899;
2.010810;0.930472;0.825623;1.095300;-0.930460;0.139574;0.635219;0.996892;
2.010938;0.929090;0.821245;1.094797;-0.929077;0.139366;0.631864;0.996880;
2.011194;0.926329;0.812549;1.093796;-0.926316;0.138952;0.625195;0.996858;
2.011706;0.920825;0.795407;1.091820;-0.920813;0.138127;0.612022;0.996823;
2.011833;0.919465;0.791207;1.091335;-0.919453;0.137923;0.608789;0.996816;
2.011833;0.919466;0.791207;1.091335;-0.919453;0.137923;0.608789;0.996816;
2.011834;0.919455;0.791174;1.091331;-0.919443;0.137921;0.608764;0.996816;
2.011835;0.919444;0.791141;1.091327;-0.919432;0.137920;0.608738;0.996816;
2.011837;0.919423;0.791075;1.091320;-0.919411;0.137917;0.608688;0.996816;
2.011841;0.919380;0.790943;1.091304;-0.919368;0.137910;0.608586;0.996816;
2.011849;0.919294;0.790679;1.091274;-0.919282;0.137897;0.608383;0.996815;
2.011865;0.919123;0.790152;1.091213;-0.919111;0.137872;0.607977;0.996815;
2.011897;0.918780;0.789098;1.091091;-0.918768;0.137820;0.607165;0.996813;
2.011961;0.918095;0.786993;1.090848;-0.918083;0.137718;0.605545;0.996810;
2.012089;0.916728;0.782801;1.090364;-0.916716;0.137512;0.602314;0.996804;
2.012345;0.914000;0.774478;1.089400;-0.913988;0.137103;0.595894;0.996794;
2.012857;0.908577;0.758081;1.087499;-0.908565;0.136290;0.583221;0.996781;
2.013881;0.897893;0.726286;1.083798;-0.897882;0.134688;0.558548;0.996778;
2.014905;0.887456;0.695812;1.080231;-0.887445;0.133122;0.534769;0.996799;
2.015929;0.877301;0.666646;1.076797;-0.877291;0.131599;0.511884;0.996842;
2.016953;0.867456;0.638766;1.073498;-0.867446;0.130123;0.489887;0.996901;
2.017977;0.857944;0.612151;1.070330;-0.857935;0.128696;0.468770;0.996974;
2.019001;0.848781;0.586770;1.067292;-0.848771;0.127321;0.448521;0.997057;
2.021049;0.831543;0.539553;1.061595;-0.831534;0.124736;0.410543;0.997242;
2.023097;0.815756;0.496838;1.056386;-0.815748;0.122368;0.375825;0.997446;
2.025145;0.801400;0.458322;1.051643;-0.801392;0.120215;0.344206;0.997658;
2.027193;0.788428;0.423693;1.047338;-0.788421;0.118270;0.315511;0.997870;
2.029241;0.776930;0.394116;1.043642;-0.776923;0.116545;0.290875;0.998077;
2.030933;0.768502;0.373636;1.041080;-0.768495;0.115281;0.273796;0.998242;
2.032625;0.760997;0.356484;1.038937;-0.760990;0.114155;0.259509;0.998399;
2.034317;0.754324;0.342219;1.037160;-0.754318;0.113154;0.247662;0.998546;
2.036009;0.748398;0.330401;1.035694;-0.748392;0.112265;0.237891;0.998683;
2.037701;0.743140;0.320635;1.034490;-0.743134;0.111477;0.229864;0.998811;
2.039393;0.738476;0.312582;1.033504;-0.738470;0.110777;0.223295;0.998928;
2.041086;0.734340;0.305955;1.032701;-0.734334;0.110157;0.217937;0.999035;
2.042778;0.730672;0.300515;1.032048;-0.730667;0.109607;0.213584;0.999133;
2.044470;0.727420;0.296058;1.031519;-0.727414;0.109119;0.210063;0.999222;
2.046162;0.724534;0.292416;1.031094;-0.724529;0.108686;0.207227;0.999302;
2.047854;0.721974;0.289448;1.030753;-0.721968;0.108302;0.204955;0.999374;
2.049546;0.719701;0.287036;1.030481;-0.719695;0.107961;0.203145;0.999439;
2.051238;0.717681;0.285082;1.030267;-0.717676;0.107658;0.201713;0.999498;
2.052930;0.715885;0.283504;1.030098;-0.715880;0.107389;0.200589;0.999551;
2.054622;0.714288;0.282235;1.029967;-0.714282;0.107149;0.199715;0.999598;
2.056314;0.712865;0.281217;1.029866;-0.712859;0.106935;0.199043;0.999640;
2.059699;0.710442;0.279718;1.029727;-0.710437;0.106572;0.198116;0.999712;
2.061833;0.709164;0.279060;1.029672;-0.709159;0.106380;0.197752;0.999750;
2.061834;0.709164;0.279060;1.029672;-0.709158;0.106380;0.197752;0.999750;
2.061835;0.709163;0.279060;1.029672;-0.709158;0.106380;0.197752;0.999750;
2.061837;0.709162;0.279059;1.029672;-0.709157;0.106380;0.197751;0.999750;
2.061841;0.709160;0.279058;1.029672;-0.709155;0.106380;0.197751;0.999750;
2.061849;0.709156;0.279056;1.029672;-0.709150;0.106379;0.197750;0.999750;
2.061865;0.709147;0.279053;1.029672;-0.709142;0.106378;0.197748;0.999750;
2.061897;0.709130;0.279045;1.029671;-0.709124;0.106375;0.197745;0.999751;
2.061961;0.709095;0.279030;1.029670;-0.709090;0.106370;0.197737;0.999752;
2.062089;0.709026;0.279001;1.029668;-0.709021;0.106360;0.197724;0.999754;
2.062345;0.708891;0.278944;1.029664;-0.708885;0.106339;0.197697;0.999758;
2.062857;0.708626;0.278836;1.029657;-0.708621;0.106300;0.197648;0.999766;
2.063881;0.708122;0.278642;1.029644;-0.708116;0.106224;0.197566;0.999781;
2.065929;0.707204;0.278328;1.029628;-0.707199;0.106086;0.197454;0.999808;
2.070025;0.705674;0.277918;1.029615;-0.705668;0.105857;0.197373;0.999853;
2.074121;0.704483;0.277713;1.029622;-0.704477;0.105678;0.197417;0.999887;
2.078217;0.703554;0.277628;1.029638;-0.703549;0.105539;0.197523;0.999914;
2.082313;0.702826;0.277608;1.029657;-0.702821;0.105430;0.197648;0.999934;
2.086409;0.702253;0.277618;1.029675;-0.702248;0.105344;0.197772;0.999950;
2.094601;0.701407;0.277652;1.029705;-0.701402;0.105217;0.197972;0.999972;
2.102793;0.700867;0.277687;1.029726;-0.700862;0.105136;0.198112;0.999986;
2.110985;0.700523;0.277710;1.029740;-0.700518;0.105084;0.198202;0.999994;
2.119177;0.700304;0.277719;1.029748;-0.700299;0.105051;0.198255;0.999999;
2.135561;0.700049;0.277723;1.029756;-0.700044;0.105013;0.198309;1.000005;
2.151945;0.699952;0.277720;1.029758;-0.699946;0.104998;0.198325;1.000006;
2.168329;0.699925;0.277717;1.029758;-0.699920;0.104994;0.198327;1.000006;
2.184713;0.699926;0.277717;1.029758;-0.699921;0.104995;0.198327;1.000006;
2.201097;0.699935;0.277719;1.029759;-0.699930;0.104996;0.198327;1.000005;
2.217481;0.699944;0.277723;1.029759;-0.699939;0.104997;0.198329;1.000005;
2.250249;0.699959;0.277733;1.029760;-0.699954;0.105000;0.198336;1.000004;
2.283017;0.699970;0.277745;1.029761;-0.699964;0.105001;0.198345;1.000003;
2.315785;0.699977;0.277760;1.029763;-0.699972;0.105002;0.198357;1.000002;
2.348553;0.699983;0.277776;1.029765;-0.699978;0.105003;0.198371;1.000002;
2.381321;0.699988;0.277793;1.029767;-0.699983;0.105004;0.198386;1.000001;
2.414089;0.699992;0.277811;1.029770;-0.699987;0.105004;0.198403;1.000001;
2.446857;0.699995;0.277830;1.029772;-0.699990;0.105005;0.198420;1.000001;
2.479625;0.699997;0.277849;1.029775;-0.699992;0.105005;0.198438;1.000001;
2.545161;0.700001;0.277889;1.029781;-0.699996;0.105006;0.198475;1.000000;
2.610697;0.700003;0.277930;1.029786;-0.699998;0.105006;0.198513;1.000000;
2.676233;0.700005;0.277971;1.029792;-0.700000;0.105006;0.198551;1.000000;
2.741769;0.700006;0.278012;1.029798;-0.700000;0.105007;0.198590;1.000000;
2.807305;0.700006;0.278053;1.029804;-0.700001;0.105007;0.198628;1.000000;
2.872841;0.700007;0.278093;1.029809;-0.700001;0.105007;0.198666;1.000000;
3.003913;0.700007;0.278173;1.029821;-0.700002;0.105007;0.198741;1.000000;
3.134985;0.700007;0.278250;1.029832;-0.700002;0.105007;0.198814;1.000000;
3.397129;0.700007;0.278397;1.029852;-0.700002;0.105007;0.198953;1.000000;
3.659273;0.700007;0.278529;1.029871;-0.700001;0.105007;0.199077;1.000000;
4.183561;0.700007;0.278752;1.029903;-0.700001;0.105007;0.199288;1.000000;
5.232137;0.700006;0.279071;1.029948;-0.700001;0.105007;0.199589;1.000000;
5.999999;0.700006;0.279230;1.029970;-0.700001;0.105007;0.199739;1.000000;
6.000000;0.700006;0.279229;1.029970;-0.700001;0.105006;0.199739;0.999998;
6.000001;0.700005;0.279231;1.029970;-0.700001;0.105009;0.199739;1.000007;
6.000003;0.700004;0.279236;1.029970;-0.700001;0.105016;0.199739;1.000027;
6.000007;0.700002;0.279245;1.029970;-0.700001;0.105028;0.199739;1.000064;
6.000015;0.699997;0.279262;1.029970;-0.700001;0.105053;0.199739;1.000138;
6.000031;0.699987;0.279296;1.029970;-0.700001;0.105103;0.199738;1.000285;
6.000063;0.699968;0.279364;1.029970;-0.700002;0.105204;0.199735;1.000572;
6.000127;0.699931;0.279492;1.029968;-0.700005;0.105406;0.199722;1.001122;
6.000255;0.699863;0.279725;1.029960;-0.700018;0.105810;0.199675;1.002130;
6.000511;0.699748;0.280115;1.029933;-0.700064;0.106621;0.199502;1.003834;
6.000767;0.699657;0.280414;1.029892;-0.700133;0.107435;0.199240;1.005180;
6.001023;0.699584;0.280643;1.029840;-0.700222;0.108253;0.198906;1.006237;
6.001279;0.699527;0.280815;1.029779;-0.700325;0.109073;0.198517;1.007067;
6.001791;0.699443;0.281046;1.029637;-0.700561;0.110717;0.197625;1.008269;
6.002303;0.699391;0.281164;1.029476;-0.700826;0.112365;0.196620;1.009008;
6.002815;0.699357;0.281211;1.029302;-0.701109;0.114016;0.195543;1.009451;
6.003327;0.699336;0.281214;1.029118;-0.701401;0.115668;0.194423;1.009712;
6.003839;0.699323;0.281194;1.028928;-0.701699;0.117321;0.193278;1.009864;
6.004351;0.699313;0.281159;1.028734;-0.702000;0.118974;0.192119;1.009952;
6.005375;0.699301;0.281077;1.028334;-0.702600;0.122281;0.189785;1.010046;
6.006399;0.699294;0.280986;1.027924;-0.703199;0.125587;0.187440;1.010057;
6.008447;0.699283;0.280831;1.027072;-0.704375;0.132196;0.182767;1.010063;
6.010495;0.699274;0.280698;1.026182;-0.705524;0.138800;0.178108;1.010064;
6.014591;0.699265;0.280501;1.024283;-0.707739;0.151990;0.168831;1.010064;
6.018687;0.699260;0.280355;1.022223;-0.709841;0.165156;0.159575;1.010061;
6.022783;0.699261;0.280246;1.019997;-0.711829;0.178295;0.150325;1.010060;
6.030975;0.699275;0.280081;1.015048;-0.715459;0.204483;0.131798;1.010061;
6.039167;0.699299;0.279983;1.009435;-0.718626;0.230535;0.113246;1.010052;
6.047359;0.699328;0.279921;1.003158;-0.721321;0.256440;0.094646;1.010053;
6.063743;0.699392;0.279832;0.988619;-0.725279;0.307718;0.057302;1.010048;
6.080127;0.699456;0.279765;0.971465;-0.727310;0.358181;0.019823;1.010043;
6.096511;0.699512;0.279705;0.951738;-0.727400;0.407692;-0.017705;1.010038;
6.112895;0.699559;0.279647;0.929491;-0.725548;0.456122;-0.055182;1.010034;
6.129279;0.699601;0.279593;0.904782;-0.721762;0.503341;-0.092508;1.010031;
6.145663;0.699638;0.279544;0.877678;-0.716056;0.549227;-0.129584;1.010028;
6.162047;0.699670;0.279499;0.848249;-0.708446;0.593656;-0.166311;1.010025;
6.178431;0.699699;0.279460;0.816575;-0.698952;0.636511;-0.202592;1.010022;
6.194815;0.699724;0.279424;0.782739;-0.687602;0.677680;-0.238330;1.010020;
6.211199;0.699747;0.279391;0.746830;-0.674425;0.717053;-0.273433;1.010018;
6.227583;0.699766;0.279362;0.708943;-0.659458;0.754526;-0.307806;1.010016;
6.243967;0.699784;0.279335;0.669180;-0.642742;0.790001;-0.341360;1.010015;
6.276735;0.699832;0.279338;0.584449;-0.604285;0.854588;-0.405643;1.010009;
6.309503;0.699861;0.279291;0.493528;-0.559377;0.910120;-0.465646;1.010008;
6.342271;0.699823;0.279187;0.397388;-0.508467;0.956003;-0.520672;1.010006;
6.375039;0.699754;0.279085;0.297048;-0.452167;0.991762;-0.570135;1.010007;
6.407807;0.699704;0.278985;0.193564;-0.391090;1.017023;-0.613558;1.010006;
6.440575;0.699660;0.278871;0.088031;-0.325864;1.031514;-0.650474;1.010007;
6.473343;0.699585;0.278748;-0.018425;-0.257188;1.035083;-0.680451;1.010007;
6.499999;0.699535;0.278679;-0.104881;-0.199350;1.029909;-0.699521;1.010008;
6.499999;0.699558;0.278691;-0.104939;-0.199319;1.029907;-0.699552;1.009563;
6.500000;0.699558;0.278689;-0.104939;-0.199317;1.029907;-0.699553;1.009554;
6.500001;0.699559;0.278687;-0.104939;-0.199315;1.029907;-0.699553;1.009545;
6.500003;0.699560;0.278682;-0.104940;-0.199311;1.029906;-0.699555;1.009527;
6.500007;0.699562;0.278674;-0.104940;-0.199303;1.029905;-0.699557;1.009492;
6.500015;0.699567;0.278658;-0.104941;-0.199286;1.029902;-0.699562;1.009421;
6.500031;0.699576;0.278625;-0.104942;-0.199254;1.029897;-0.699571;1.009280;
6.500063;0.699595;0.278562;-0.104945;-0.199190;1.029888;-0.699589;1.009006;
6.500127;0.699630;0.278441;-0.104950;-0.199069;1.029870;-0.699625;1.008481;
6.500255;0.699694;0.278220;-0.104960;-0.198848;1.029837;-0.699689;1.007517;
6.500511;0.699803;0.277854;-0.104976;-0.198480;1.029781;-0.699798;1.005889;
6.501023;0.699963;0.277343;-0.105000;-0.197967;1.029704;-0.699958;1.003529;
6.501535;0.700064;0.277056;-0.105015;-0.197675;1.029661;-0.700059;1.002064;
6.502559;0.700182;0.276804;-0.105033;-0.197415;1.029622;-0.700177;1.000457;
6.503583;0.700231;0.276813;-0.105040;-0.197414;1.029621;-0.700225;0.999927;
6.504607;0.700253;0.276920;-0.105044;-0.197510;1.029636;-0.700247;0.999822;
6.505631;0.700267;0.277049;-0.105046;-0.197629;1.029654;-0.700262;0.999846;
6.507679;0.700297;0.277271;-0.105050;-0.197833;1.029684;-0.700292;0.999907;
6.511775;0.700359;0.277595;-0.105060;-0.198126;1.029728;-0.700354;0.999935;
6.515871;0.700415;0.277838;-0.105068;-0.198345;1.029761;-0.700409;0.999942;
6.519967;0.700461;0.278023;-0.105075;-0.198510;1.029786;-0.700456;0.999944;
6.528159;0.700532;0.278298;-0.105086;-0.198755;1.029823;-0.700527;0.999947;
6.536351;0.700574;0.278460;-0.105092;-0.198900;1.029844;-0.700568;0.999948;
6.552735;0.700595;0.278642;-0.105095;-0.199067;1.029869;-0.700590;0.999952;
6.569119;0.700567;0.278724;-0.105091;-0.199150;1.029882;-0.700562;0.999956;
6.585503;0.700519;0.278781;-0.105083;-0.199214;1.029892;-0.700513;0.999960;
6.601887;0.700467;0.278836;-0.105076;-0.199276;1.029901;-0.700461;0.999964;
6.618271;0.700418;0.278890;-0.105068;-0.199337;1.029910;-0.700413;0.999968;
6.634655;0.700374;0.278942;-0.105062;-0.199394;1.029919;-0.700369;0.999971;
6.651039;0.700335;0.278989;-0.105056;-0.199446;1.029926;-0.700330;0.999974;
6.667423;0.700300;0.279031;-0.105051;-0.199493;1.029933;-0.700295;0.999977;
6.683807;0.700269;0.279070;-0.105046;-0.199536;1.029940;-0.700264;0.999979;
6.700191;0.700242;0.279104;-0.105042;-0.199574;1.029945;-0.700237;0.999982;
6.716575;0.700217;0.279135;-0.105038;-0.199608;1.029951;-0.700212;0.999984;
6.732959;0.700195;0.279164;-0.105035;-0.199639;1.029955;-0.700190;0.999985;
6.749343;0.700175;0.279189;-0.105032;-0.199667;1.029959;-0.700170;0.999987;
6.765727;0.700157;0.279212;-0.105029;-0.199692;1.029963;-0.700152;0.999988;
6.782111;0.700142;0.279233;-0.105027;-0.199715;1.029967;-0.700136;0.999989;
6.798495;0.700127;0.279252;-0.105025;-0.199736;1.029970;-0.700122;0.999991;
6.831263;0.700103;0.279286;-0.105021;-0.199772;1.029975;-0.700098;0.999992;
6.860754;0.700085;0.279311;-0.105018;-0.199800;1.029979;-0.700080;0.999994;
6.890245;0.700071;0.279332;-0.105016;-0.199823;1.029983;-0.700066;0.999995;
6.919736;0.700059;0.279351;-0.105014;-0.199842;1.029986;-0.700054;0.999996;
6.949228;0.700049;0.279366;-0.105013;-0.199859;1.029988;-0.700044;0.999997;
6.978719;0.700041;0.279380;-0.105012;-0.199874;1.029990;-0.700036;0.999997;
7.008210;0.700035;0.279392;-0.105011;-0.199886;1.029992;-0.700029;0.999998;
7.037701;0.700029;0.279402;-0.105010;-0.199897;1.029994;-0.700024;0.999998;
7.067192;0.700025;0.279412;-0.105009;-0.199907;1.029995;-0.700020;0.999998;
7.096684;0.700022;0.279420;-0.105009;-0.199915;1.029997;-0.700016;0.999999;
7.155666;0.700016;0.279435;-0.105008;-0.199930;1.029999;-0.700011;0.999999;
7.214648;0.700013;0.279447;-0.105008;-0.199942;1.030001;-0.700007;0.999999;
7.273631;0.700010;0.279457;-0.105007;-0.199953;1.030002;-0.700005;1.000000;
7.332613;0.700009;0.279467;-0.105007;-0.199962;1.030004;-0.700003;1.000000;
7.391596;0.700008;0.279475;-0.105007;-0.199970;1.030005;-0.700002;1.000000;
7.450578;0.700007;0.279483;-0.105007;-0.199978;1.030006;-0.700002;1.000000;
7.509560;0.700006;0.279490;-0.105007;-0.199985;1.030007;-0.700001;1.000000;
7.627525;0.700006;0.279504;-0.105007;-0.199997;1.030009;-0.700001;1.000000;
7.745490;0.700006;0.279516;-0.105006;-0.200009;1.030011;-0.700000;1.000000;
7.863455;0.700006;0.279527;-0.105006;-0.200020;1.030012;-0.700000;1.000000;
8.099384;0.700005;0.279547;-0.105006;-0.200038;1.030015;-0.700000;1.000000;
8.571244;0.700005;0.279573;-0.105006;-0.200063;1.030019;-0.700000;1.000000;
9.514962;0.700005;0.279597;-0.105006;-0.200085;1.030022;-0.700000;1.000000;
10.458680;0.700005;0.279603;-0.105006;-0.200091;1.030023;-0.700000;1.000000;
12.346117;0.700005;0.279586;-0.105006;-0.200075;1.030021;-0.700000;1.000000;
14.233554;0.700005;0.279562;-0.105006;-0.200053;1.030017;-0.700000;1.000000;
18.008428;0.700005;0.279530;-0.105006;-0.200023;1.030013;-0.700000;1.000000;
20.000000;0.700005;0.279519;-0.105006;-0.200012;1.030011;-0.700000;1.000000;
