time;WT4A_WT4A_LvMeasurements_PPu;WT4A_WT4A_LvMeasurements_QPu;WT4A_WT4A_LvMeasurements_UPu;WT4A_WT4A_injector_PInjPu;WT4A_WT4A_injector_PInjPuSn;WT4A_WT4A_injector_QInjPu;WT4A_WT4A_injector_QInjPuSn;WT4A_WT4A_injector_terminal_V_re;WT4A_WT4A_injector_terminal_i_re;WT4A_WT4A_injector_terminal_V_im;WT4A_WT4A_injector_terminal_i_im;WT4A_WT4A_injector_UPu;WT4A_WT4A_injector_idPu;WT4A_WT4A_injector_iqPu;WT4A_WT4A_pll_omegaPLLPu;WT4A_WT4A_wecc_reec_idCmdPu;WT4A_WT4A_wecc_reec_iqCmdPu;WT4A_WT4A_LvTfo_RPu;WT4A_WT4A_LvTfo_XPu;
0.000000;0.350000;0.100001;1.000000;0.700002;0.350001;0.200005;0.100002;0.999380;-0.706629;0.035334;0.175145;1.000005;0.350000;-0.100000;1.000094;0.350000;0.100000;0.000010;0.000010;
0.000001;0.350000;0.100001;1.000000;0.700002;0.350001;0.200005;0.100002;0.999380;-0.706629;0.035334;0.175145;1.000005;0.350000;-0.100000;1.000094;0.350000;0.100000;0.000010;0.000010;
0.000002;0.350000;0.100001;1.000000;0.700002;0.350001;0.200005;0.100002;0.999380;-0.706629;0.035334;0.175145;1.000005;0.350000;-0.100000;1.000093;0.350000;0.100000;0.000010;0.000010;
0.000004;0.350000;0.100001;1.000000;0.700002;0.350001;0.200005;0.100002;0.999380;-0.706629;0.035334;0.175145;1.000005;0.350000;-0.100000;1.000091;0.350000;0.100000;0.000010;0.000010;
0.000008;0.350000;0.100001;1.000000;0.700002;0.350001;0.200005;0.100002;0.999380;-0.706629;0.035334;0.175145;1.000005;0.350000;-0.100000;1.000088;0.350000;0.100000;0.000010;0.000010;
0.000016;0.350000;0.100001;1.000000;0.700002;0.350001;0.200005;0.100002;0.999380;-0.706629;0.035334;0.175145;1.000005;0.350000;-0.100000;1.000081;0.350000;0.100000;0.000010;0.000010;
0.000032;0.350000;0.100001;1.000000;0.700002;0.350001;0.200004;0.100002;0.999380;-0.706629;0.035334;0.175145;1.000005;0.350000;-0.100000;1.000070;0.350000;0.100000;0.000010;0.000010;
0.000064;0.350000;0.100001;1.000000;0.700002;0.350001;0.200004;0.100002;0.999380;-0.706629;0.035334;0.175144;1.000005;0.350000;-0.100000;1.000052;0.350000;0.100000;0.000010;0.000010;
0.000128;0.350000;0.100000;1.000000;0.700002;0.350001;0.200003;0.100002;0.999380;-0.706629;0.035334;0.175144;1.000004;0.350000;-0.100000;1.000027;0.350000;0.100000;0.000010;0.000010;
0.000256;0.350000;0.100000;1.000000;0.700003;0.350001;0.200003;0.100001;0.999380;-0.706629;0.035334;0.175143;1.000004;0.350000;-0.100000;1.000003;0.350000;0.100000;0.000010;0.000010;
0.000512;0.350000;0.100000;1.000000;0.700003;0.350001;0.200002;0.100001;0.999380;-0.706629;0.035334;0.175143;1.000004;0.350000;-0.100000;0.999990;0.350000;0.100000;0.000010;0.000010;
0.001024;0.350000;0.100000;1.000000;0.700003;0.350001;0.200003;0.100001;0.999380;-0.706629;0.035334;0.175143;1.000004;0.350000;-0.100000;0.999998;0.350000;0.100000;0.000010;0.000010;
0.002048;0.350000;0.100000;1.000000;0.700003;0.350001;0.200003;0.100001;0.999380;-0.706629;0.035334;0.175143;1.000004;0.350000;-0.100000;1.000000;0.350000;0.100000;0.000010;0.000010;
0.004096;0.350000;0.100000;1.000000;0.700003;0.350001;0.200003;0.100001;0.999380;-0.706629;0.035334;0.175143;1.000004;0.350000;-0.100000;1.000000;0.350000;0.100000;0.000010;0.000010;
0.008192;0.350000;0.100000;1.000000;0.700003;0.350001;0.200003;0.100001;0.999380;-0.706629;0.035334;0.175143;1.000004;0.350000;-0.100000;1.000000;0.350000;0.100000;0.000010;0.000010;
0.016384;0.350000;0.100000;1.000000;0.700003;0.350001;0.200003;0.100001;0.999380;-0.706629;0.035334;0.175143;1.000004;0.350000;-0.100000;1.000000;0.350000;0.100000;0.000010;0.000010;
0.032768;0.350000;0.100000;1.000000;0.700003;0.350001;0.200003;0.100001;0.999380;-0.706629;0.035334;0.175143;1.000004;0.350000;-0.100000;1.000000;0.350000;0.100000;0.000010;0.000010;
0.065536;0.350000;0.100000;1.000000;0.700003;0.350001;0.200003;0.100001;0.999380;-0.706629;0.035334;0.175143;1.000004;0.350000;-0.100000;1.000000;0.350000;0.100000;0.000010;0.000010;
0.131072;0.350000;0.100000;1.000000;0.700003;0.350001;0.200003;0.100001;0.999380;-0.706629;0.035334;0.175143;1.000004;0.350000;-0.100000;1.000000;0.350000;0.100000;0.000010;0.000010;
0.262144;0.350000;0.100000;1.000000;0.700003;0.350001;0.200003;0.100001;0.999380;-0.706629;0.035334;0.175143;1.000004;0.350000;-0.100000;1.000000;0.350000;0.100000;0.000010;0.000010;
0.524288;0.350000;0.100000;1.000000;0.700003;0.350001;0.200003;0.100001;0.999380;-0.706629;0.035334;0.175143;1.000004;0.350000;-0.100000;1.000000;0.350000;0.100000;0.000010;0.000010;
1.000000;0.350000;0.100000;1.000000;0.700003;0.350001;0.200003;0.100001;0.999380;-0.706629;0.035334;0.175143;1.000004;0.350000;-0.100000;1.000000;0.350000;0.100000;0.000010;0.000010;
1.000001;0.350000;0.100000;1.000000;0.700003;0.350001;0.200003;0.100001;0.999380;-0.706629;0.035334;0.175143;1.000004;0.350000;-0.100000;1.000000;0.350000;0.100000;0.000010;0.000010;
1.000002;0.350000;0.100000;1.000000;0.700003;0.350001;0.200003;0.100001;0.999380;-0.706629;0.035334;0.175143;1.000004;0.350000;-0.100000;1.000000;0.350000;0.100000;0.000010;0.000010;
1.000004;0.350000;0.100000;1.000000;0.700003;0.350001;0.200003;0.100001;0.999380;-0.706629;0.035334;0.175143;1.000004;0.350000;-0.100000;1.000000;0.350000;0.100000;0.000010;0.000010;
1.000008;0.350000;0.100000;1.000000;0.700003;0.350001;0.200003;0.100001;0.999380;-0.706629;0.035334;0.175143;1.000004;0.350000;-0.100000;1.000000;0.350000;0.100000;0.000010;0.000010;
1.000016;0.350000;0.100000;1.000000;0.700003;0.350001;0.200003;0.100001;0.999380;-0.706629;0.035334;0.175143;1.000004;0.350000;-0.100000;1.000000;0.350000;0.100000;0.000010;0.000010;
1.000032;0.350000;0.100000;1.000000;0.700003;0.350001;0.200003;0.100001;0.999380;-0.706629;0.035334;0.175143;1.000004;0.350000;-0.100000;1.000000;0.350000;0.100000;0.000010;0.000010;
1.000064;0.350000;0.100000;1.000000;0.700003;0.350001;0.200003;0.100001;0.999380;-0.706629;0.035334;0.175143;1.000004;0.350000;-0.100000;1.000000;0.350000;0.100000;0.000010;0.000010;
1.000128;0.350000;0.100000;1.000000;0.700003;0.350001;0.200003;0.100001;0.999380;-0.706629;0.035334;0.175143;1.000004;0.350000;-0.100000;1.000000;0.350001;0.100000;0.000010;0.000010;
1.000256;0.350000;0.100000;1.000000;0.700003;0.350001;0.200003;0.100001;0.999380;-0.706629;0.035334;0.175143;1.000004;0.350000;-0.100000;1.000000;0.350003;0.100000;0.000010;0.000010;
1.000512;0.350000;0.100000;1.000000;0.700003;0.350001;0.200003;0.100001;0.999380;-0.706630;0.035334;0.175143;1.000004;0.350000;-0.100000;1.000000;0.350013;0.100000;0.000010;0.000010;
1.001024;0.350001;0.100000;1.000000;0.700005;0.350002;0.200003;0.100001;0.999380;-0.706631;0.035334;0.175143;1.000004;0.350001;-0.100000;1.000001;0.350050;0.100000;0.000010;0.000010;
1.002048;0.350008;0.100000;1.000000;0.700018;0.350009;0.200003;0.100001;0.999380;-0.706645;0.035335;0.175142;1.000004;0.350008;-0.100000;1.000003;0.350194;0.100000;0.000010;0.000010;
1.004096;0.350055;0.100000;1.000000;0.700113;0.350057;0.200003;0.100001;0.999380;-0.706741;0.035340;0.175135;1.000004;0.350055;-0.100000;1.000010;0.350720;0.100000;0.000010;0.000010;
1.008192;0.350365;0.100000;0.999999;0.700732;0.350366;0.200003;0.100002;0.999377;-0.707366;0.035371;0.175092;1.000003;0.350365;-0.100000;1.000034;0.352515;0.100000;0.000010;0.000010;
1.012288;0.351021;0.100000;0.999996;0.702046;0.351023;0.200003;0.100002;0.999373;-0.708692;0.035437;0.174999;1.000001;0.351023;-0.100000;1.000064;0.355082;0.100000;0.000010;0.000010;
1.020480;0.353511;0.100000;0.999988;0.707025;0.353513;0.200003;0.100002;0.999355;-0.713718;0.035689;0.174644;0.999992;0.353516;-0.100000;1.000127;0.361465;0.100001;0.000010;0.000010;
1.028672;0.357464;0.100000;0.999973;0.714931;0.357465;0.200002;0.100001;0.999327;-0.721699;0.036088;0.174075;0.999978;0.357474;-0.100000;1.000184;0.368925;0.100001;0.000010;0.000010;
1.036864;0.362656;0.099999;0.999955;0.725314;0.362657;0.200000;0.100000;0.999289;-0.732180;0.036612;0.173317;0.999959;0.362673;-0.100001;1.000228;0.376880;0.100003;0.000010;0.000010;
1.045056;0.368803;0.099998;0.999932;0.737610;0.368805;0.199997;0.099998;0.999243;-0.744592;0.037232;0.172404;0.999937;0.368829;-0.100002;1.000260;0.385028;0.100004;0.000010;0.000010;
1.053248;0.375641;0.099997;0.999906;0.751285;0.375642;0.199994;0.099997;0.999192;-0.758397;0.037923;0.171372;0.999911;0.375677;-0.100003;1.000282;0.393239;0.100007;0.000010;0.000010;
1.061440;0.382953;0.099996;0.999878;0.765909;0.382955;0.199992;0.099996;0.999136;-0.773159;0.038661;0.170248;0.999883;0.383000;-0.100005;1.000297;0.401461;0.100009;0.000010;0.000010;
1.077824;0.398306;0.099994;0.999818;0.796616;0.398308;0.199991;0.099995;0.999014;-0.804157;0.040211;0.167820;0.999823;0.398380;-0.100009;1.000314;0.417891;0.100015;0.000010;0.000010;
1.094208;0.414285;0.099992;0.999753;0.828574;0.414287;0.199986;0.099993;0.998883;-0.836417;0.041824;0.165188;0.999758;0.414388;-0.100014;1.000321;0.434314;0.100021;0.000010;0.000010;
1.110592;0.430541;0.099991;0.999684;0.861086;0.430543;0.199981;0.099991;0.998744;-0.869237;0.043465;0.162403;0.999689;0.430678;-0.100020;1.000323;0.450735;0.100027;0.000010;0.000010;
1.126976;0.446901;0.099990;0.999612;0.893807;0.446904;0.199981;0.099990;0.998599;-0.902268;0.045117;0.159496;0.999617;0.447076;-0.100026;1.000323;0.467158;0.100034;0.000010;0.000010;
1.143360;0.463291;0.099989;0.999537;0.926587;0.463294;0.199981;0.099990;0.998448;-0.935358;0.046772;0.156475;0.999543;0.463507;-0.100033;1.000323;0.483584;0.100042;0.000010;0.000010;
1.149000;0.468934;0.099989;0.999511;0.937873;0.468936;0.199981;0.099990;0.998394;-0.946750;0.047341;0.155410;0.999516;0.469164;-0.100036;1.000323;0.489240;0.100044;0.000010;0.000010;
1.149001;0.468935;0.099989;0.999511;0.937875;0.468938;0.199982;0.099991;0.998395;-0.946752;0.047342;0.155411;0.999516;0.469165;-0.100036;1.000323;0.489241;0.100044;0.000010;0.000010;
1.149002;0.468936;0.099989;0.999511;0.937877;0.468939;0.199982;0.099991;0.998394;-0.946754;0.047342;0.155411;0.999516;0.469166;-0.100036;1.000323;0.489242;0.100044;0.000010;0.000010;
1.149004;0.468938;0.099989;0.999511;0.937881;0.468941;0.199982;0.099991;0.998394;-0.946759;0.047342;0.155410;0.999516;0.469168;-0.100036;1.000323;0.489244;0.100044;0.000010;0.000010;
1.149008;0.468942;0.099989;0.999511;0.937889;0.468945;0.199982;0.099991;0.998394;-0.946767;0.047342;0.155410;0.999516;0.469172;-0.100036;1.000323;0.489248;0.100044;0.000010;0.000010;
1.149016;0.468950;0.099989;0.999511;0.937905;0.468953;0.199982;0.099991;0.998394;-0.946783;0.047343;0.155408;0.999516;0.469180;-0.100036;1.000323;0.489256;0.100044;0.000010;0.000010;
1.149032;0.468966;0.099989;0.999510;0.937937;0.468969;0.199982;0.099991;0.998394;-0.946815;0.047345;0.155405;0.999516;0.469196;-0.100036;1.000323;0.489272;0.100044;0.000010;0.000010;
1.149064;0.468998;0.099989;0.999510;0.938001;0.469001;0.199982;0.099991;0.998394;-0.946880;0.047348;0.155399;0.999516;0.469229;-0.100036;1.000323;0.489304;0.100044;0.000010;0.000010;
1.149128;0.469062;0.099989;0.999510;0.938129;0.469065;0.199982;0.099991;0.998393;-0.947009;0.047354;0.155387;0.999516;0.469293;-0.100036;1.000323;0.489368;0.100044;0.000010;0.000010;
1.149256;0.469190;0.099989;0.999509;0.938386;0.469193;0.199982;0.099991;0.998392;-0.947268;0.047367;0.155363;0.999515;0.469421;-0.100036;1.000323;0.489496;0.100044;0.000010;0.000010;
1.149512;0.469447;0.099989;0.999508;0.938898;0.469449;0.199982;0.099991;0.998390;-0.947785;0.047393;0.155314;0.999514;0.469678;-0.100036;1.000323;0.489751;0.100045;0.000010;0.000010;
1.150024;0.469959;0.099989;0.999506;0.939923;0.469961;0.199982;0.099991;0.998385;-0.948819;0.047445;0.155216;0.999511;0.470192;-0.100036;1.000323;0.490252;0.100045;0.000010;0.000010;
1.151048;0.470981;0.099989;0.999501;0.941967;0.470983;0.199982;0.099991;0.998375;-0.950883;0.047548;0.155021;0.999507;0.471217;-0.100036;1.000322;0.491203;0.100045;0.000010;0.000010;
1.152072;0.471997;0.099989;0.999496;0.943999;0.471999;0.199982;0.099991;0.998365;-0.952934;0.047651;0.154827;0.999502;0.472236;-0.100037;1.000320;0.492080;0.100046;0.000010;0.000010;
1.154120;0.473995;0.099989;0.999487;0.947995;0.473997;0.199982;0.099991;0.998346;-0.956968;0.047852;0.154444;0.999492;0.474239;-0.100038;1.000312;0.493608;0.100047;0.000010;0.000010;
1.158216;0.477608;0.099988;0.999469;0.955221;0.477610;0.199981;0.099991;0.998311;-0.964262;0.048217;0.153747;0.999475;0.477862;-0.100040;1.000285;0.495551;0.100049;0.000010;0.000010;
1.162312;0.480840;0.099988;0.999454;0.961685;0.480842;0.199980;0.099990;0.998280;-0.970788;0.048543;0.153118;0.999460;0.481103;-0.100041;1.000255;0.496930;0.100050;0.000010;0.000010;
1.166408;0.483689;0.099988;0.999440;0.967382;0.483691;0.199980;0.099990;0.998252;-0.976539;0.048831;0.152561;0.999446;0.483960;-0.100043;1.000225;0.497908;0.100052;0.000010;0.000010;
1.174600;0.488547;0.099988;0.999416;0.977100;0.488550;0.199981;0.099990;0.998204;-0.986348;0.049322;0.151605;0.999422;0.488833;-0.100047;1.000168;0.499261;0.100055;0.000010;0.000010;
1.182792;0.492197;0.099989;0.999398;0.984398;0.492199;0.199982;0.099991;0.998168;-0.993716;0.049690;0.150881;0.999404;0.492493;-0.100050;1.000120;0.499916;0.100057;0.000010;0.000010;
1.199176;0.496831;0.099991;0.999376;0.993668;0.496834;0.199987;0.099993;0.998122;-1.003073;0.050158;0.149956;0.999381;0.497141;-0.100055;1.000053;0.500445;0.100061;0.000010;0.000010;
1.213921;0.498816;0.099993;0.999366;0.997637;0.498819;0.199991;0.099996;0.998102;-1.007080;0.050358;0.149560;0.999372;0.499132;-0.100059;1.000021;0.500455;0.100063;0.000010;0.000010;
1.228667;0.499694;0.099995;0.999362;0.999393;0.499696;0.199996;0.099998;0.998094;-1.008852;0.050447;0.149387;0.999368;0.500012;-0.100061;1.000006;0.500389;0.100064;0.000010;0.000010;
1.243413;0.500009;0.099996;0.999360;1.000023;0.500011;0.199999;0.099999;0.998091;-1.009488;0.050479;0.149326;0.999366;0.500328;-0.100063;1.000000;0.500343;0.100064;0.000010;0.000010;
1.258158;0.500083;0.099997;0.999360;1.000171;0.500085;0.200000;0.100000;0.998090;-1.009637;0.050486;0.149313;0.999366;0.500403;-0.100063;0.999999;0.500324;0.100064;0.000010;0.000010;
1.272904;0.500074;0.099998;0.999360;1.000153;0.500077;0.200001;0.100001;0.998090;-1.009620;0.050485;0.149316;0.999366;0.500394;-0.100064;0.999999;0.500319;0.100064;0.000010;0.000010;
1.302395;0.500047;0.099999;0.999360;1.000099;0.500050;0.200002;0.100001;0.998090;-1.009565;0.050483;0.149322;0.999366;0.500367;-0.100064;0.999999;0.500317;0.100064;0.000010;0.000010;
1.331886;0.500019;0.099999;0.999360;1.000042;0.500021;0.200003;0.100001;0.998091;-1.009508;0.050480;0.149328;0.999366;0.500338;-0.100064;1.000000;0.500319;0.100064;0.000010;0.000010;
1.361377;0.500005;0.099999;0.999360;1.000014;0.500007;0.200003;0.100002;0.998091;-1.009480;0.050478;0.149332;0.999366;0.500324;-0.100064;1.000000;0.500320;0.100064;0.000010;0.000010;
1.390869;0.500000;0.099999;0.999360;1.000005;0.500003;0.200004;0.100002;0.998091;-1.009471;0.050478;0.149333;0.999366;0.500320;-0.100064;1.000000;0.500320;0.100064;0.000010;0.000010;
1.420360;0.499999;0.099999;0.999361;1.000004;0.500002;0.200004;0.100002;0.998091;-1.009469;0.050478;0.149333;0.999367;0.500319;-0.100064;1.000000;0.500320;0.100064;0.000010;0.000010;
1.449851;0.500000;0.099999;0.999361;1.000004;0.500002;0.200004;0.100002;0.998091;-1.009470;0.050478;0.149333;0.999367;0.500319;-0.100064;1.000000;0.500320;0.100064;0.000010;0.000010;
1.508833;0.500000;0.100000;0.999361;1.000005;0.500002;0.200004;0.100002;0.998091;-1.009470;0.050478;0.149334;0.999367;0.500320;-0.100064;1.000000;0.500320;0.100064;0.000010;0.000010;
1.567816;0.500000;0.100000;0.999361;1.000005;0.500003;0.200005;0.100002;0.998091;-1.009470;0.050478;0.149334;0.999367;0.500320;-0.100064;1.000000;0.500320;0.100064;0.000010;0.000010;
1.626798;0.500000;0.100000;0.999361;1.000005;0.500003;0.200005;0.100002;0.998091;-1.009470;0.050478;0.149334;0.999367;0.500320;-0.100064;1.000000;0.500320;0.100064;0.000010;0.000010;
1.696772;0.500000;0.100000;0.999361;1.000005;0.500003;0.200005;0.100002;0.998091;-1.009470;0.050478;0.149334;0.999367;0.500320;-0.100064;1.000000;0.500320;0.100064;0.000010;0.000010;
1.755351;0.500000;0.100000;0.999361;1.000005;0.500003;0.200005;0.100003;0.998091;-1.009470;0.050478;0.149334;0.999367;0.500320;-0.100064;1.000000;0.500320;0.100064;0.000010;0.000010;
1.813931;0.500000;0.100000;0.999361;1.000005;0.500003;0.200005;0.100003;0.998091;-1.009470;0.050478;0.149334;0.999367;0.500320;-0.100064;1.000000;0.500320;0.100064;0.000010;0.000010;
1.872511;0.500000;0.100000;0.999361;1.000005;0.500003;0.200005;0.100003;0.998091;-1.009470;0.050478;0.149334;0.999367;0.500320;-0.100064;1.000000;0.500320;0.100064;0.000010;0.000010;
1.989670;0.500000;0.100000;0.999361;1.000005;0.500003;0.200005;0.100003;0.998091;-1.009470;0.050478;0.149334;0.999367;0.500320;-0.100064;1.000000;0.500320;0.100064;0.000010;0.000010;
2.092971;0.500000;0.100000;0.999361;1.000005;0.500003;0.200005;0.100003;0.998091;-1.009470;0.050478;0.149334;0.999367;0.500320;-0.100064;1.000000;0.500320;0.100064;0.000010;0.000010;
2.196272;0.500000;0.100000;0.999361;1.000005;0.500003;0.200005;0.100003;0.998091;-1.009470;0.050478;0.149334;0.999367;0.500320;-0.100064;1.000000;0.500320;0.100064;0.000010;0.000010;
2.299572;0.500000;0.100000;0.999361;1.000005;0.500003;0.200005;0.100003;0.998091;-1.009470;0.050478;0.149334;0.999367;0.500320;-0.100064;1.000000;0.500320;0.100064;0.000010;0.000010;
2.402873;0.500000;0.100000;0.999361;1.000005;0.500003;0.200005;0.100003;0.998091;-1.009470;0.050478;0.149334;0.999367;0.500320;-0.100064;1.000000;0.500320;0.100064;0.000010;0.000010;
2.506174;0.500000;0.100000;0.999361;1.000005;0.500003;0.200005;0.100003;0.998091;-1.009470;0.050478;0.149334;0.999367;0.500320;-0.100064;1.000000;0.500320;0.100064;0.000010;0.000010;
2.609475;0.500000;0.100000;0.999361;1.000005;0.500003;0.200005;0.100003;0.998091;-1.009470;0.050478;0.149334;0.999367;0.500320;-0.100064;1.000000;0.500320;0.100064;0.000010;0.000010;
2.712776;0.500000;0.100000;0.999361;1.000005;0.500003;0.200005;0.100003;0.998091;-1.009470;0.050478;0.149334;0.999367;0.500320;-0.100064;1.000000;0.500320;0.100064;0.000010;0.000010;
2.898717;0.500000;0.100000;0.999361;1.000005;0.500003;0.200005;0.100003;0.998091;-1.009470;0.050478;0.149334;0.999367;0.500320;-0.100064;1.000000;0.500320;0.100064;0.000010;0.000010;
3.084658;0.500000;0.100000;0.999361;1.000005;0.500003;0.200005;0.100003;0.998091;-1.009470;0.050478;0.149334;0.999367;0.500320;-0.100064;1.000000;0.500320;0.100064;0.000010;0.000010;
3.270600;0.500000;0.100000;0.999361;1.000005;0.500003;0.200005;0.100003;0.998091;-1.009470;0.050478;0.149334;0.999367;0.500320;-0.100064;1.000000;0.500320;0.100064;0.000010;0.000010;
3.642483;0.500000;0.100000;0.999361;1.000005;0.500003;0.200005;0.100003;0.998091;-1.009470;0.050478;0.149334;0.999367;0.500320;-0.100064;1.000000;0.500320;0.100064;0.000010;0.000010;
4.014366;0.500000;0.100000;0.999361;1.000005;0.500003;0.200005;0.100003;0.998091;-1.009470;0.050478;0.149334;0.999367;0.500320;-0.100064;1.000000;0.500320;0.100064;0.000010;0.000010;
4.386248;0.500000;0.100000;0.999361;1.000005;0.500003;0.200005;0.100003;0.998091;-1.009470;0.050478;0.149334;0.999367;0.500320;-0.100064;1.000000;0.500320;0.100064;0.000010;0.000010;
5.130014;0.500000;0.100000;0.999361;1.000005;0.500003;0.200005;0.100003;0.998091;-1.009470;0.050478;0.149334;0.999367;0.500320;-0.100064;1.000000;0.500320;0.100064;0.000010;0.000010;
5.873780;0.500000;0.100000;0.999361;1.000005;0.500003;0.200005;0.100003;0.998091;-1.009470;0.050478;0.149334;0.999367;0.500320;-0.100064;1.000000;0.500320;0.100064;0.000010;0.000010;
7.361311;0.500000;0.100000;0.999361;1.000005;0.500003;0.200005;0.100003;0.998091;-1.009470;0.050478;0.149334;0.999367;0.500320;-0.100064;1.000000;0.500320;0.100064;0.000010;0.000010;
7.999998;0.500000;0.100000;0.999361;1.000005;0.500003;0.200005;0.100003;0.998091;-1.009470;0.050478;0.149334;0.999367;0.500320;-0.100064;1.000000;0.500320;0.100064;0.000010;0.000010;
7.999999;0.500000;0.100000;0.999361;1.000005;0.500003;0.200005;0.100003;0.998091;-1.009470;0.050478;0.149334;0.999367;0.500320;-0.100064;1.000000;0.500320;0.100054;0.000010;0.000010;
8.000000;0.500000;0.100000;0.999361;1.000005;0.500003;0.200005;0.100003;0.998091;-1.009470;0.050478;0.149334;0.999367;0.500320;-0.100064;1.000000;0.500320;0.100044;0.000010;0.000010;
8.000002;0.500000;0.100000;0.999361;1.000005;0.500003;0.200005;0.100003;0.998091;-1.009470;0.050478;0.149334;0.999367;0.500320;-0.100064;1.000000;0.500320;0.100024;0.000010;0.000010;
8.000006;0.500000;0.100000;0.999361;1.000005;0.500003;0.200005;0.100003;0.998091;-1.009470;0.050478;0.149334;0.999367;0.500320;-0.100064;1.000000;0.500320;0.099984;0.000010;0.000010;
8.000014;0.500000;0.100000;0.999361;1.000005;0.500003;0.200005;0.100003;0.998091;-1.009470;0.050478;0.149334;0.999367;0.500320;-0.100064;1.000000;0.500320;0.099904;0.000010;0.000010;
8.000030;0.500000;0.100000;0.999361;1.000005;0.500003;0.200005;0.100002;0.998091;-1.009470;0.050478;0.149334;0.999367;0.500320;-0.100064;1.000000;0.500320;0.099744;0.000010;0.000010;
8.000062;0.500000;0.099999;0.999360;1.000005;0.500003;0.200003;0.100002;0.998091;-1.009470;0.050478;0.149332;0.999366;0.500320;-0.100063;1.000000;0.500320;0.099426;0.000010;0.000010;
8.000126;0.500000;0.099996;0.999360;1.000005;0.500002;0.199997;0.099998;0.998091;-1.009470;0.050478;0.149326;0.999366;0.500320;-0.100060;1.000000;0.500320;0.098791;0.000010;0.000010;
8.000254;0.499999;0.099984;0.999359;1.000004;0.500002;0.199973;0.099986;0.998089;-1.009469;0.050478;0.149302;0.999365;0.500320;-0.100048;1.000000;0.500321;0.097535;0.000010;0.000010;
8.000510;0.499997;0.099936;0.999354;0.999999;0.499999;0.199877;0.099938;0.998085;-1.009464;0.050478;0.149207;0.999360;0.500320;-0.100000;1.000000;0.500323;0.095069;0.000010;0.000010;
8.001022;0.499988;0.099751;0.999336;0.999981;0.499990;0.199507;0.099753;0.998066;-1.009446;0.050477;0.148841;0.999342;0.500320;-0.099817;1.000000;0.500332;0.090321;0.000010;0.000010;
8.002046;0.499955;0.099060;0.999267;0.999916;0.499958;0.198125;0.099063;0.997998;-1.009380;0.050473;0.147474;0.999273;0.500322;-0.099133;1.000001;0.500366;0.081510;0.000010;0.000010;
8.004094;0.499846;0.096644;0.999028;0.999698;0.499849;0.193294;0.096647;0.997759;-1.009160;0.050462;0.142689;0.999034;0.500333;-0.096738;1.000002;0.500486;0.066282;0.000010;0.000010;
8.006142;0.499696;0.093128;0.998679;0.999397;0.499699;0.186261;0.093130;0.997410;-1.008857;0.050447;0.135718;0.998685;0.500357;-0.093251;1.000005;0.500660;0.053854;0.000010;0.000010;
8.008190;0.499524;0.088844;0.998254;0.999053;0.499526;0.177692;0.088846;0.996985;-1.008509;0.050430;0.127216;0.998260;0.500398;-0.088999;1.000008;0.500874;0.043739;0.000010;0.000010;
8.010238;0.499344;0.084068;0.997779;0.998694;0.499347;0.168139;0.084070;0.996510;-1.008147;0.050412;0.117728;0.997785;0.500456;-0.084254;1.000010;0.501112;0.035518;0.000010;0.000010;
8.012286;0.499169;0.079018;0.997276;0.998343;0.499172;0.158039;0.079019;0.996008;-1.007793;0.050394;0.107682;0.997282;0.500532;-0.079232;1.000013;0.501364;0.028840;0.000010;0.000010;
8.014334;0.499005;0.073860;0.996763;0.998015;0.499007;0.147723;0.073862;0.995494;-1.007461;0.050378;0.097409;0.996768;0.500626;-0.074099;1.000016;0.501623;0.023417;0.000010;0.000010;
8.016382;0.498857;0.068719;0.996250;0.997719;0.498860;0.137441;0.068721;0.994982;-1.007163;0.050363;0.087155;0.996255;0.500735;-0.068977;1.000018;0.501881;0.019013;0.000010;0.000010;
8.018430;0.498729;0.063686;0.995747;0.997462;0.498731;0.127376;0.063688;0.994479;-1.006903;0.050350;0.077104;0.995753;0.500859;-0.063957;1.000020;0.502134;0.015438;0.000010;0.000010;
8.022526;0.498532;0.054222;0.994801;0.997069;0.498534;0.108449;0.054225;0.993532;-1.006507;0.050330;0.058168;0.994806;0.501138;-0.054505;1.000024;0.502612;0.010037;0.000010;0.000010;
8.026622;0.498412;0.045685;0.993945;0.996829;0.498415;0.091374;0.045687;0.992676;-1.006265;0.050318;0.041041;0.993950;0.501449;-0.045962;1.000026;0.503045;0.006470;0.000010;0.000010;
8.030718;0.498360;0.038173;0.993190;0.996726;0.498363;0.076350;0.038175;0.991920;-1.006160;0.050313;0.025937;0.993196;0.501778;-0.038434;1.000027;0.503427;0.004148;0.000010;0.000010;
8.034814;0.498365;0.031689;0.992538;0.996735;0.498368;0.063383;0.031692;0.991267;-1.006170;0.050313;0.012872;0.992543;0.502112;-0.031927;1.000027;0.503758;0.002651;0.000010;0.000010;
8.038910;0.498413;0.026175;0.991982;0.996831;0.498416;0.052355;0.026178;0.990710;-1.006267;0.050318;0.001737;0.991987;0.502442;-0.026386;1.000026;0.504041;0.001690;0.000010;0.000010;
8.043006;0.498493;0.021536;0.991514;0.996990;0.498495;0.043078;0.021539;0.990241;-1.006427;0.050326;-0.007646;0.991519;0.502759;-0.021721;1.000025;0.504279;0.001076;0.000010;0.000010;
8.051198;0.498696;0.014333;0.990785;0.997397;0.498699;0.028670;0.014335;0.989511;-1.006838;0.050347;-0.022254;0.990791;0.503334;-0.014466;1.000021;0.504650;0.000356;0.000010;0.000010;
8.059390;0.498927;0.009387;0.990284;0.997859;0.498929;0.018780;0.009390;0.989008;-1.007304;0.050370;-0.032313;0.990289;0.503822;-0.009479;1.000017;0.504905;0.000075;0.000010;0.000010;
8.067582;0.499150;0.006075;0.989948;0.998306;0.499153;0.012158;0.006079;0.988670;-1.007755;0.050393;-0.039068;0.989953;0.504219;-0.006138;1.000014;0.505077;-0.000012;0.000010;0.000010;
8.075774;0.499348;0.003899;0.989727;0.998701;0.499350;0.007806;0.003903;0.988447;-1.008153;0.050413;-0.043521;0.989732;0.504531;-0.003941;1.000011;0.505190;-0.000026;0.000010;0.000010;
8.083966;0.499512;0.002489;0.989583;0.999028;0.499514;0.004985;0.002492;0.988302;-1.008484;0.050429;-0.046416;0.989588;0.504770;-0.002516;1.000008;0.505263;-0.000020;0.000010;0.000010;
8.092158;0.499642;0.001583;0.989491;0.999288;0.499644;0.003173;0.001586;0.988209;-1.008747;0.050443;-0.048280;0.989496;0.504948;-0.001601;1.000006;0.505310;-0.000012;0.000010;0.000010;
8.100350;0.499741;0.001005;0.989432;0.999488;0.499744;0.002016;0.001008;0.988150;-1.008948;0.050453;-0.049474;0.989437;0.505079;-0.001016;1.000004;0.505341;-0.000006;0.000010;0.000010;
8.116734;0.499876;0.000330;0.989363;0.999757;0.499879;0.000666;0.000333;0.988080;-1.009220;0.050466;-0.050872;0.989368;0.505251;-0.000334;1.000002;0.505376;-0.000000;0.000010;0.000010;
8.133118;0.499948;0.000068;0.989336;0.999900;0.499950;0.000142;0.000071;0.988052;-1.009365;0.050474;-0.051419;0.989341;0.505337;-0.000069;1.000001;0.505390;0.000001;0.000010;0.000010;
8.149502;0.499982;-0.000012;0.989327;0.999969;0.499984;-0.000019;-0.000010;0.988044;-1.009434;0.050477;-0.051589;0.989332;0.505376;0.000012;1.000000;0.505394;0.000000;0.000010;0.000010;
8.165886;0.499996;-0.000025;0.989326;0.999997;0.499999;-0.000045;-0.000023;0.988042;-1.009462;0.050478;-0.051619;0.989331;0.505391;0.000025;1.000000;0.505395;0.000000;0.000010;0.000010;
8.198654;0.500007;-0.000027;0.989326;1.000018;0.500009;-0.000049;-0.000024;0.988042;-1.009484;0.050479;-0.051624;0.989331;0.505401;0.000027;1.000000;0.505395;0.000000;0.000010;0.000010;
8.264190;0.500002;-0.000006;0.989328;1.000009;0.500004;-0.000008;-0.000004;0.988044;-1.009474;0.050479;-0.051582;0.989333;0.505395;0.000006;1.000000;0.505394;0.000000;0.000010;0.000010;
8.395262;0.500000;-0.000001;0.989328;1.000006;0.500003;0.000003;0.000002;0.988045;-1.009471;0.050479;-0.051570;0.989333;0.505394;0.000001;1.000000;0.505393;0.000000;0.000010;0.000010;
8.657406;0.500000;-0.000000;0.989328;1.000005;0.500003;0.000005;0.000002;0.988045;-1.009470;0.050479;-0.051568;0.989333;0.505393;0.000000;1.000000;0.505393;0.000000;0.000010;0.000010;
9.181694;0.500000;-0.000000;0.989328;1.000005;0.500003;0.000005;0.000003;0.988045;-1.009470;0.050479;-0.051568;0.989333;0.505393;0.000000;1.000000;0.505393;0.000000;0.000010;0.000010;
10.230270;0.500000;-0.000000;0.989328;1.000005;0.500003;0.000005;0.000003;0.988045;-1.009470;0.050479;-0.051568;0.989333;0.505393;0.000000;1.000000;0.505393;0.000000;0.000010;0.000010;
11.999998;0.500000;-0.000000;0.989328;1.000005;0.500003;0.000005;0.000003;0.988045;-1.009470;0.050479;-0.051568;0.989333;0.505393;0.000000;1.000000;0.505393;0.000000;0.000010;0.000010;
11.999998;0.252368;0.012650;0.499976;0.504740;0.252370;0.025305;0.012653;0.497426;-1.009470;0.050479;-0.051568;0.499981;0.505393;0.000000;1.750911;0.505393;0.000000;0.000010;0.000010;
11.999998;0.252366;0.012618;0.499969;0.504737;0.252369;0.025242;0.012621;0.497420;-1.009465;0.050479;-0.051696;0.499975;0.505394;0.000000;1.749024;0.518445;0.000000;0.000010;0.000010;
11.999999;0.252365;0.012587;0.499963;0.504735;0.252367;0.025178;0.012589;0.497414;-1.009459;0.050478;-0.051823;0.499968;0.505394;0.000000;1.747143;0.531541;0.000000;0.000010;0.000010;
11.999999;0.252364;0.012555;0.499957;0.504733;0.252366;0.025115;0.012558;0.497407;-1.009455;0.050478;-0.051950;0.499962;0.505395;0.000000;1.745268;0.544556;0.000000;0.000010;0.000010;
12.000000;0.252363;0.012528;0.499951;0.504731;0.252365;0.025062;0.012531;0.497402;-1.009452;0.050478;-0.052057;0.499957;0.505397;0.000000;1.743681;0.555631;0.000000;0.000010;0.000010;
12.000000;0.252363;0.012528;0.499951;0.504731;0.252365;0.025062;0.012531;0.497402;-1.009452;0.050478;-0.052057;0.499957;0.505397;0.000000;1.743681;0.555555;0.000000;0.000010;0.000010;
12.000000;0.252363;0.012528;0.499951;0.504731;0.252365;0.025062;0.012531;0.497402;-1.009452;0.050478;-0.052057;0.499957;0.505397;0.000000;1.743681;0.555556;0.000000;0.000010;0.000010;
12.000000;0.252362;0.012495;0.499945;0.504729;0.252365;0.024995;0.012498;0.497395;-1.009449;0.050478;-0.052191;0.499950;0.505398;-0.000001;1.741666;0.569423;0.043836;0.000010;0.000010;
12.000001;0.252362;0.012462;0.499938;0.504728;0.252364;0.024930;0.012465;0.497389;-1.009446;0.050478;-0.052322;0.499943;0.505401;-0.000004;1.739658;0.583259;0.085271;0.000010;0.000010;
12.000001;0.252361;0.012430;0.499932;0.504728;0.252364;0.024866;0.012433;0.497382;-1.009445;0.050478;-0.052451;0.499937;0.505403;-0.000007;1.737657;0.596923;0.124436;0.000010;0.000010;
12.000003;0.252361;0.012368;0.499919;0.504727;0.252363;0.024741;0.012371;0.497370;-1.009443;0.050477;-0.052703;0.499925;0.505409;-0.000017;1.733668;0.624158;0.197820;0.000010;0.000010;
12.000004;0.252360;0.012308;0.499907;0.504726;0.252363;0.024621;0.012311;0.497358;-1.009442;0.050477;-0.052945;0.499912;0.505415;-0.000030;1.729699;0.651070;0.263851;0.000010;0.000010;
12.000005;0.252360;0.012250;0.499895;0.504726;0.252363;0.024505;0.012253;0.497346;-1.009441;0.050477;-0.053180;0.499901;0.505420;-0.000047;1.725752;0.676776;0.322730;0.000010;0.000010;
12.000007;0.252360;0.012140;0.499873;0.504725;0.252363;0.024284;0.012142;0.497323;-1.009440;0.050477;-0.053626;0.499879;0.505432;-0.000090;1.717922;0.726069;0.422721;0.000010;0.000010;
12.000009;0.252360;0.012053;0.499856;0.504726;0.252363;0.024112;0.012056;0.497306;-1.009441;0.050477;-0.053975;0.499861;0.505442;-0.000133;1.711526;0.762975;0.489302;0.000010;0.000010;
12.000011;0.252361;0.011971;0.499839;0.504726;0.252363;0.023948;0.011974;0.497289;-1.009442;0.050477;-0.054307;0.499845;0.505451;-0.000182;1.705187;0.796284;0.544151;0.000010;0.000010;
12.000013;0.252361;0.011892;0.499824;0.504727;0.252364;0.023790;0.011895;0.497273;-1.009444;0.050478;-0.054627;0.499829;0.505461;-0.000236;1.698905;0.825885;0.589490;0.000010;0.000010;
12.000015;0.252362;0.011816;0.499808;0.504729;0.252364;0.023638;0.011819;0.497258;-1.009447;0.050478;-0.054934;0.499814;0.505470;-0.000294;1.692680;0.852143;0.626848;0.000010;0.000010;
12.000017;0.252363;0.011743;0.499793;0.504730;0.252365;0.023491;0.011746;0.497243;-1.009450;0.050478;-0.055232;0.499799;0.505480;-0.000355;1.686510;0.875099;0.657614;0.000010;0.000010;
12.000017;0.252363;0.011727;0.499790;0.504731;0.252365;0.023459;0.011729;0.497240;-1.009451;0.050478;-0.055298;0.499795;0.505482;-0.000370;1.685122;0.879860;0.663821;0.000010;0.000010;
12.000017;0.252363;0.011727;0.499790;0.504731;0.252365;0.023459;0.011729;0.497240;-1.009451;0.050478;-0.055298;0.499795;0.505482;-0.000370;1.685122;0.880143;0.663821;0.000010;0.000010;
12.000018;0.252363;0.011690;0.499783;0.504731;0.252366;0.023385;0.011693;0.497232;-1.009453;0.050478;-0.055447;0.499788;0.505487;-0.000403;1.681933;0.889870;0.676241;0.000010;0.000010;
12.000019;0.252364;0.011654;0.499775;0.504732;0.252366;0.023312;0.011656;0.497225;-1.009455;0.050478;-0.055594;0.499781;0.505492;-0.000438;1.678759;0.898941;0.687532;0.000010;0.000010;
12.000021;0.252365;0.011582;0.499761;0.504735;0.252367;0.023170;0.011585;0.497211;-1.009459;0.050478;-0.055884;0.499766;0.505502;-0.000508;1.672446;0.915576;0.707779;0.000010;0.000010;
12.000023;0.252366;0.011513;0.499747;0.504737;0.252368;0.023030;0.011515;0.497196;-1.009463;0.050479;-0.056167;0.499752;0.505512;-0.000579;1.666187;0.929966;0.724675;0.000010;0.000010;
12.000026;0.252367;0.011434;0.499731;0.504740;0.252370;0.022874;0.011437;0.497181;-1.009469;0.050479;-0.056484;0.499737;0.505524;-0.000663;1.659046;0.944078;0.740822;0.000010;0.000010;
12.000026;0.252367;0.011434;0.499731;0.504740;0.252370;0.022874;0.011437;0.497181;-1.009469;0.050479;-0.056484;0.499737;0.505524;-0.000663;1.659046;0.944025;0.740822;0.000010;0.000010;
12.000027;0.252368;0.011401;0.499725;0.504741;0.252370;0.022808;0.011404;0.497174;-1.009472;0.050479;-0.056619;0.499730;0.505529;-0.000700;1.655980;0.939739;0.746252;0.000010;0.000010;
12.000028;0.252369;0.011369;0.499718;0.504742;0.252371;0.022742;0.011371;0.497167;-1.009474;0.050479;-0.056751;0.499723;0.505534;-0.000738;1.652927;0.935787;0.751189;0.000010;0.000010;
12.000030;0.252370;0.011304;0.499705;0.504745;0.252373;0.022613;0.011307;0.497154;-1.009480;0.050479;-0.057014;0.499710;0.505544;-0.000814;1.646856;0.928617;0.760044;0.000010;0.000010;
12.000032;0.252371;0.011241;0.499692;0.504748;0.252374;0.022487;0.011243;0.497141;-1.009486;0.050480;-0.057271;0.499697;0.505554;-0.000890;1.640837;0.922517;0.767435;0.000010;0.000010;
12.000036;0.252374;0.011118;0.499667;0.504754;0.252377;0.022241;0.011121;0.497116;-1.009498;0.050480;-0.057770;0.499673;0.505574;-0.001044;1.628968;0.913026;0.778706;0.000010;0.000010;
12.000040;0.252378;0.011000;0.499644;0.504761;0.252380;0.022005;0.011002;0.497092;-1.009511;0.050481;-0.058252;0.499649;0.505594;-0.001200;1.617320;0.906505;0.786305;0.000010;0.000010;
12.000044;0.252381;0.010886;0.499621;0.504768;0.252384;0.021777;0.010888;0.497069;-1.009525;0.050482;-0.058716;0.499626;0.505614;-0.001358;1.605888;0.902119;0.791348;0.000010;0.000010;
12.000048;0.252385;0.010776;0.499598;0.504775;0.252388;0.021557;0.010778;0.497047;-1.009540;0.050482;-0.059164;0.499604;0.505634;-0.001516;1.594669;0.899196;0.794665;0.000010;0.000010;
12.000052;0.252389;0.010670;0.499577;0.504783;0.252392;0.021344;0.010672;0.497025;-1.009556;0.050483;-0.059597;0.499582;0.505654;-0.001675;1.583660;0.897265;0.796840;0.000010;0.000010;
12.000056;0.252393;0.010567;0.499556;0.504791;0.252396;0.021139;0.010570;0.497004;-1.009572;0.050484;-0.060016;0.499561;0.505674;-0.001834;1.572856;0.895992;0.798264;0.000010;0.000010;
12.000064;0.252402;0.010372;0.499517;0.504809;0.252404;0.020749;0.010375;0.496964;-1.009607;0.050486;-0.060812;0.499522;0.505714;-0.002152;1.551844;0.894439;0.799986;0.000010;0.000010;
12.000064;0.252402;0.010370;0.499516;0.504809;0.252405;0.020745;0.010373;0.496964;-1.009608;0.050486;-0.060821;0.499522;0.505714;-0.002156;1.551610;0.894427;0.800000;0.000010;0.000010;
12.000065;0.252403;0.010347;0.499512;0.504811;0.252406;0.020699;0.010349;0.496959;-1.009612;0.050486;-0.060916;0.499517;0.505719;-0.002196;1.549047;0.894347;0.800089;0.000010;0.000010;
12.000066;0.252404;0.010324;0.499507;0.504814;0.252407;0.020652;0.010326;0.496954;-1.009617;0.050486;-0.061010;0.499512;0.505724;-0.002236;1.546495;0.894274;0.800171;0.000010;0.000010;
12.000068;0.252407;0.010278;0.499498;0.504818;0.252409;0.020561;0.010281;0.496945;-1.009627;0.050487;-0.061197;0.499503;0.505735;-0.002316;1.541421;0.894142;0.800319;0.000010;0.000010;
12.000072;0.252412;0.010189;0.499480;0.504828;0.252414;0.020383;0.010192;0.496927;-1.009646;0.050488;-0.061561;0.499485;0.505755;-0.002475;1.531412;0.893931;0.800554;0.000010;0.000010;
12.000080;0.252422;0.010020;0.499445;0.504849;0.252424;0.020046;0.010023;0.496892;-1.009687;0.050490;-0.062253;0.499451;0.505795;-0.002794;1.511938;0.893651;0.800867;0.000010;0.000010;
12.000096;0.252445;0.009718;0.499384;0.504894;0.252447;0.019441;0.009720;0.496830;-1.009778;0.050494;-0.063497;0.499389;0.505875;-0.003433;1.475085;0.893361;0.801190;0.000010;0.000010;
12.000112;0.252470;0.009460;0.499331;0.504946;0.252473;0.018925;0.009462;0.496777;-1.009881;0.050499;-0.064563;0.499337;0.505955;-0.004071;1.440888;0.893247;0.801318;0.000010;0.000010;
12.000144;0.252530;0.009062;0.499250;0.505064;0.252532;0.018129;0.009064;0.496693;-1.010118;0.050511;-0.066225;0.499255;0.506115;-0.005345;1.379536;0.893092;0.801490;0.000010;0.000010;
12.000176;0.252599;0.008806;0.499197;0.505204;0.252602;0.017618;0.008809;0.496639;-1.010398;0.050525;-0.067318;0.499202;0.506276;-0.006618;1.326713;0.893005;0.801587;0.000010;0.000010;
12.000240;0.252766;0.008629;0.499158;0.505536;0.252768;0.017264;0.008632;0.496596;-1.011062;0.050559;-0.068172;0.499163;0.506596;-0.009158;1.241078;0.892919;0.801683;0.000010;0.000010;
12.000304;0.252963;0.008823;0.499193;0.505931;0.252965;0.017651;0.008826;0.496627;-1.011851;0.050598;-0.067548;0.499198;0.506917;-0.011690;1.177653;0.892964;0.801633;0.000010;0.000010;
12.000368;0.253184;0.009296;0.499284;0.506373;0.253187;0.018597;0.009298;0.496714;-1.012736;0.050642;-0.065813;0.499289;0.507238;-0.014213;1.130972;0.893112;0.801467;0.000010;0.000010;
12.000432;0.253424;0.009975;0.499416;0.506852;0.253426;0.019955;0.009977;0.496842;-1.013694;0.050690;-0.063258;0.499421;0.507558;-0.016728;1.096723;0.893339;0.801215;0.000010;0.000010;
12.000496;0.253676;0.010805;0.499578;0.507358;0.253679;0.021615;0.010808;0.497000;-1.014705;0.050741;-0.060104;0.499583;0.507879;-0.019234;1.071635;0.893622;0.800899;0.000010;0.000010;
12.000624;0.254207;0.012734;0.499955;0.508418;0.254209;0.025474;0.012737;0.497368;-1.016826;0.050847;-0.052735;0.499960;0.508520;-0.024218;1.037973;0.894289;0.800155;0.000010;0.000010;
12.000648;0.254310;0.013133;0.500033;0.508626;0.254313;0.026270;0.013135;0.497444;-1.017241;0.050867;-0.051210;0.500038;0.508643;-0.025169;1.033318;0.894427;0.800000;0.000010;0.000010;
12.000649;0.254315;0.013150;0.500036;0.508635;0.254317;0.026304;0.013152;0.497448;-1.017259;0.050868;-0.051145;0.500042;0.508648;-0.025207;1.033178;0.894433;0.799994;0.000010;0.000010;
12.000650;0.254319;0.013167;0.500040;0.508643;0.254322;0.026339;0.013169;0.497451;-1.017277;0.050869;-0.051079;0.500045;0.508653;-0.025246;1.033038;0.894439;0.799987;0.000010;0.000010;
12.000652;0.254328;0.013201;0.500046;0.508661;0.254330;0.026407;0.013204;0.497457;-1.017311;0.050871;-0.050948;0.500052;0.508663;-0.025324;1.032760;0.894451;0.799974;0.000010;0.000010;
12.000656;0.254345;0.013269;0.500060;0.508695;0.254347;0.026544;0.013272;0.497471;-1.017380;0.050874;-0.050685;0.500065;0.508683;-0.025479;1.032212;0.894474;0.799947;0.000010;0.000010;
12.000664;0.254379;0.013407;0.500087;0.508764;0.254382;0.026819;0.013410;0.497497;-1.017517;0.050881;-0.050158;0.500092;0.508723;-0.025788;1.031146;0.894522;0.799894;0.000010;0.000010;
12.000680;0.254448;0.013684;0.500141;0.508902;0.254451;0.027373;0.013686;0.497550;-1.017793;0.050895;-0.049096;0.500146;0.508803;-0.026407;1.029127;0.894619;0.799786;0.000010;0.000010;
12.000712;0.254586;0.014244;0.500251;0.509178;0.254589;0.028492;0.014246;0.497657;-1.018346;0.050923;-0.046949;0.500256;0.508964;-0.027643;1.025504;0.894814;0.799568;0.000010;0.000010;
12.000776;0.254865;0.015384;0.500474;0.509734;0.254867;0.030773;0.015387;0.497876;-1.019458;0.050978;-0.042575;0.500479;0.509284;-0.030109;1.019625;0.895211;0.799123;0.000010;0.000010;
12.000904;0.255425;0.017719;0.500931;0.510855;0.255427;0.035444;0.017722;0.498324;-1.021699;0.051090;-0.033622;0.500936;0.509925;-0.035012;1.011705;0.896024;0.798211;0.000010;0.000010;
12.001032;0.255987;0.020102;0.501396;0.511980;0.255990;0.040210;0.020105;0.498780;-1.023950;0.051203;-0.024498;0.501401;0.510567;-0.039878;1.007393;0.896851;0.797282;0.000010;0.000010;
12.001288;0.257114;0.024902;0.502331;0.514233;0.257117;0.049810;0.024905;0.499697;-1.028456;0.051428;-0.006166;0.502336;0.511849;-0.049499;1.003269;0.898509;0.795412;0.000010;0.000010;
12.001544;0.258236;0.029704;0.503262;0.516478;0.258239;0.059413;0.029706;0.500610;-1.032946;0.051652;0.012103;0.503268;0.513132;-0.058975;1.002478;0.900156;0.793548;0.000010;0.000010;
12.002056;0.260469;0.039164;0.505088;0.520943;0.260472;0.078334;0.039167;0.502399;-1.041876;0.052099;0.047878;0.505093;0.515697;-0.077499;1.002297;0.903363;0.789896;0.000010;0.000010;
12.002568;0.262680;0.048417;0.506859;0.525365;0.262683;0.096840;0.048420;0.504135;-1.050719;0.052541;0.082585;0.506865;0.518262;-0.095465;1.002835;0.906451;0.786350;0.000010;0.000010;
12.003592;0.267047;0.066268;0.510241;0.534101;0.267050;0.132542;0.066271;0.507444;-1.068190;0.053414;0.148757;0.510247;0.523392;-0.129807;1.003149;0.912278;0.779582;0.000010;0.000010;
12.004616;0.271342;0.083268;0.513418;0.542691;0.271345;0.166544;0.083272;0.510548;-1.085369;0.054273;0.210827;0.513424;0.528523;-0.162113;1.003221;0.917673;0.773225;0.000010;0.000010;
12.006664;0.279731;0.114899;0.519218;0.559468;0.279734;0.229805;0.114902;0.516203;-1.118923;0.055950;0.323906;0.519226;0.538783;-0.221221;1.003230;0.927330;0.761617;0.000010;0.000010;
12.008503;0.287046;0.140672;0.523842;0.574099;0.287050;0.281350;0.140675;0.520695;-1.148184;0.057413;0.413735;0.523850;0.547997;-0.268467;1.003214;0.934853;0.752363;0.000010;0.000010;
12.010342;0.294172;0.164133;0.527974;0.588353;0.294176;0.328279;0.164139;0.524694;-1.176689;0.058838;0.493707;0.527982;0.557212;-0.310808;1.003210;0.941448;0.744095;0.000010;0.000010;
12.011145;0.297228;0.173697;0.529638;0.594464;0.297232;0.347423;0.173711;0.526300;-1.188911;0.059449;0.525828;0.529647;0.561233;-0.327903;1.003211;0.944073;0.740764;0.000010;0.000010;
12.011146;0.297233;0.173719;0.529640;0.594474;0.297237;0.347446;0.173723;0.526302;-1.188930;0.059450;0.525866;0.529649;0.561238;-0.327924;1.003211;0.944073;0.740760;0.000010;0.000010;
12.011147;0.297236;0.173730;0.529642;0.594481;0.297241;0.347469;0.173735;0.526304;-1.188945;0.059451;0.525905;0.529651;0.561243;-0.327944;1.003211;0.944070;0.740756;0.000010;0.000010;
12.011149;0.297244;0.173753;0.529646;0.594496;0.297248;0.347516;0.173758;0.526308;-1.188975;0.059452;0.525982;0.529655;0.561253;-0.327986;1.003211;0.944062;0.740748;0.000010;0.000010;
12.011153;0.297259;0.173800;0.529654;0.594526;0.297263;0.347608;0.173804;0.526315;-1.189036;0.059455;0.526137;0.529663;0.561274;-0.328068;1.003211;0.944048;0.740732;0.000010;0.000010;
12.011161;0.297289;0.173893;0.529670;0.594587;0.297293;0.347794;0.173897;0.526331;-1.189157;0.059461;0.526446;0.529679;0.561314;-0.328233;1.003211;0.944020;0.740700;0.000010;0.000010;
12.011177;0.297350;0.174078;0.529702;0.594708;0.297354;0.348164;0.174082;0.526362;-1.189399;0.059473;0.527065;0.529711;0.561394;-0.328563;1.003211;0.943962;0.740636;0.000010;0.000010;
12.011209;0.297471;0.174448;0.529766;0.594950;0.297475;0.348904;0.174452;0.526424;-1.189882;0.059497;0.528299;0.529775;0.561554;-0.329222;1.003211;0.943848;0.740508;0.000010;0.000010;
12.011273;0.297712;0.175186;0.529894;0.595433;0.297716;0.350380;0.175190;0.526547;-1.190848;0.059546;0.530761;0.529903;0.561875;-0.330535;1.003211;0.943620;0.740252;0.000010;0.000010;
12.011401;0.298195;0.176655;0.530148;0.596398;0.298199;0.353318;0.176659;0.526791;-1.192778;0.059642;0.535655;0.530157;0.562516;-0.333148;1.003212;0.943168;0.739744;0.000010;0.000010;
12.011657;0.299157;0.179563;0.530650;0.598323;0.299162;0.359135;0.179567;0.527275;-1.196629;0.059835;0.545322;0.530659;0.563799;-0.338313;1.003213;0.942275;0.738739;0.000010;0.000010;
12.012169;0.301073;0.185263;0.531631;0.602155;0.301078;0.370535;0.185268;0.528218;-1.204293;0.060218;0.564189;0.531640;0.566364;-0.348411;1.003213;0.940536;0.736777;0.000010;0.000010;
12.013193;0.304869;0.196214;0.533502;0.609748;0.304874;0.392438;0.196219;0.530016;-1.219477;0.060977;0.600130;0.533512;0.571494;-0.367715;1.003213;0.937234;0.733031;0.000010;0.000010;
12.015241;0.312327;0.216437;0.536916;0.624664;0.312332;0.432885;0.216442;0.533279;-1.249308;0.062468;0.665397;0.536926;0.581754;-0.403042;1.003214;0.931272;0.726199;0.000010;0.000010;
12.017289;0.319615;0.234542;0.539924;0.639240;0.319620;0.469098;0.234549;0.536136;-1.278459;0.063926;0.722524;0.539934;0.592015;-0.434331;1.003215;0.926080;0.720180;0.000010;0.000010;
12.019337;0.326746;0.250713;0.542569;0.653504;0.326752;0.501447;0.250723;0.538630;-1.306985;0.065352;0.772391;0.542580;0.602275;-0.462023;1.003215;0.921560;0.714885;0.000010;0.000010;
12.021385;0.333736;0.265137;0.544894;0.667483;0.333742;0.530298;0.265149;0.540801;-1.334942;0.066750;0.815810;0.544905;0.612536;-0.486526;1.003216;0.917625;0.710233;0.000010;0.000010;
12.023433;0.340596;0.277986;0.546934;0.681205;0.340602;0.556000;0.278000;0.542687;-1.362384;0.068122;0.853516;0.546946;0.622796;-0.508206;1.003217;0.914200;0.706150;0.000010;0.000010;
12.025481;0.347339;0.289423;0.548723;0.694692;0.347346;0.578874;0.289437;0.544319;-1.389357;0.069470;0.886161;0.548735;0.633057;-0.527392;1.003218;0.911217;0.702570;0.000010;0.000010;
12.027529;0.353976;0.299593;0.550289;0.707967;0.353983;0.599215;0.299608;0.545728;-1.415905;0.070798;0.914325;0.550301;0.643317;-0.544373;1.003219;0.908622;0.699436;0.000010;0.000010;
12.029577;0.360517;0.308631;0.551658;0.721048;0.360524;0.617292;0.308646;0.546938;-1.442067;0.072106;0.938518;0.551670;0.653578;-0.559405;1.003219;0.906366;0.696696;0.000010;0.000010;
12.031625;0.366970;0.316659;0.552853;0.733955;0.366977;0.633348;0.316674;0.547972;-1.467879;0.073396;0.959194;0.552865;0.663838;-0.572717;1.003220;0.904406;0.694305;0.000010;0.000010;
12.033673;0.373344;0.323787;0.553894;0.746703;0.373351;0.647602;0.323801;0.548850;-1.493374;0.074671;0.976752;0.553906;0.674099;-0.584507;1.003221;0.902706;0.692222;0.000010;0.000010;
12.037769;0.385896;0.335843;0.555599;0.771810;0.385905;0.671702;0.335851;0.550225;-1.543585;0.077182;1.004252;0.555612;0.694620;-0.604399;1.003223;0.899935;0.688808;0.000010;0.000010;
12.041865;0.398208;0.345336;0.556874;0.796434;0.398217;0.690694;0.345347;0.551163;-1.592832;0.079644;1.022989;0.556887;0.715141;-0.620067;1.003225;0.897873;0.686257;0.000010;0.000010;
12.045961;0.410319;0.352785;0.557805;0.820656;0.410328;0.705596;0.352798;0.551749;-1.641275;0.082067;1.034714;0.557819;0.735662;-0.632390;1.003227;0.896372;0.684393;0.000010;0.000010;
12.050057;0.422265;0.358621;0.558466;0.844549;0.422274;0.717270;0.358635;0.552057;-1.689058;0.084456;1.040868;0.558480;0.756183;-0.642092;1.003229;0.895311;0.683071;0.000010;0.000010;
12.054153;0.434073;0.363191;0.558914;0.868166;0.434083;0.726409;0.363204;0.552144;-1.736291;0.086818;1.042604;0.558928;0.776704;-0.649753;1.003231;0.894593;0.682174;0.000010;0.000010;
12.058249;0.445529;0.366771;0.559200;0.891079;0.445540;0.733546;0.366773;0.552068;-1.782115;0.089109;1.041073;0.559213;0.796787;-0.655826;1.003137;0.894135;0.681602;0.000010;0.000010;
12.062345;0.455365;0.369584;0.559393;0.910751;0.455376;0.739055;0.369527;0.551937;-1.821459;0.091077;1.038455;0.559401;0.814063;-0.660657;1.002548;0.893825;0.681215;0.000010;0.000010;
12.066441;0.463687;0.371818;0.559537;0.927396;0.463698;0.743676;0.371838;0.551813;-1.854748;0.092741;1.035974;0.559552;0.828715;-0.664509;1.002120;0.893595;0.680927;0.000010;0.000010;
12.070537;0.470539;0.373605;0.559638;0.941101;0.470550;0.747238;0.373619;0.551684;-1.882155;0.094112;1.033390;0.559654;0.840794;-0.667587;1.001718;0.893434;0.680724;0.000010;0.000010;
12.078729;0.480884;0.376240;0.559777;0.961792;0.480896;0.752505;0.376252;0.551468;-1.923537;0.096181;1.029065;0.559793;0.859037;-0.672159;1.001118;0.893212;0.680446;0.000010;0.000010;
12.086004;0.487048;0.377763;0.559849;0.974121;0.487060;0.755549;0.377775;0.551325;-1.948193;0.097414;1.026196;0.559865;0.869923;-0.674809;1.000756;0.893098;0.680302;0.000010;0.000010;
12.093278;0.491280;0.378783;0.559894;0.982584;0.491292;0.757602;0.378801;0.551220;-1.965118;0.098261;1.024106;0.559910;0.877405;-0.676589;1.000508;0.893027;0.680213;0.000010;0.000010;
12.100553;0.494150;0.379460;0.559921;0.988325;0.494163;0.758958;0.379479;0.551145;-1.976601;0.098835;1.022600;0.559937;0.882485;-0.677772;1.000341;0.892984;0.680159;0.000010;0.000010;
12.107827;0.496087;0.379908;0.559937;0.992199;0.496100;0.759852;0.379926;0.551092;-1.984349;0.099222;1.021536;0.559953;0.885916;-0.678555;1.000228;0.892958;0.680126;0.000010;0.000010;
12.115102;0.497389;0.380204;0.559947;0.994803;0.497402;0.760441;0.380221;0.551055;-1.989557;0.099483;1.020796;0.559963;0.888225;-0.679072;1.000152;0.892942;0.680107;0.000010;0.000010;
12.122376;0.498262;0.380400;0.559953;0.996550;0.498275;0.760830;0.380415;0.551029;-1.993049;0.099657;1.020288;0.559969;0.889775;-0.679413;1.000101;0.892932;0.680094;0.000010;0.000010;
12.136925;0.499328;0.380636;0.559960;0.998680;0.499340;0.761297;0.380649;0.550998;-1.997310;0.099870;1.019650;0.559975;0.891669;-0.679824;1.000039;0.892921;0.680081;0.000010;0.000010;
12.151475;0.499794;0.380738;0.559963;0.999614;0.499807;0.761502;0.380751;0.550984;-1.999177;0.099964;1.019371;0.559978;0.892502;-0.679998;1.000012;0.892917;0.680075;0.000010;0.000010;
12.166024;0.499973;0.380777;0.559964;0.999972;0.499986;0.761580;0.380790;0.550978;-1.999893;0.100000;1.019263;0.559979;0.892823;-0.680061;1.000001;0.892915;0.680073;0.000010;0.000010;
12.180573;0.500029;0.380790;0.559964;1.000083;0.500041;0.761606;0.380803;0.550977;-2.000115;0.100011;1.019233;0.559980;0.892925;-0.680079;0.999998;0.892914;0.680072;0.000010;0.000010;
12.195122;0.500038;0.380794;0.559964;1.000100;0.500050;0.761614;0.380807;0.550977;-2.000150;0.100012;1.019233;0.559980;0.892944;-0.680080;0.999998;0.892914;0.680071;0.000010;0.000010;
12.224220;0.500037;0.380798;0.559965;1.000100;0.500050;0.761621;0.380811;0.550977;-2.000149;0.100012;1.019247;0.559981;0.892949;-0.680078;0.999998;0.892913;0.680070;0.000010;0.000010;
12.253318;0.500025;0.380800;0.559966;1.000075;0.500037;0.761624;0.380812;0.550978;-2.000100;0.100010;1.019268;0.559981;0.892932;-0.680073;0.999998;0.892912;0.680068;0.000010;0.000010;
12.282416;0.500016;0.380801;0.559966;1.000056;0.500028;0.761627;0.380814;0.550979;-2.000062;0.100008;1.019285;0.559982;0.892918;-0.680069;0.999999;0.892911;0.680067;0.000010;0.000010;
12.311514;0.500010;0.380803;0.559967;1.000046;0.500023;0.761631;0.380816;0.550980;-2.000041;0.100007;1.019298;0.559982;0.892912;-0.680067;0.999999;0.892910;0.680067;0.000010;0.000010;
12.340612;0.500008;0.380805;0.559967;1.000041;0.500020;0.761635;0.380817;0.550980;-2.000031;0.100006;1.019308;0.559983;0.892910;-0.680066;1.000000;0.892910;0.680066;0.000010;0.000010;
12.398809;0.500005;0.380808;0.559968;1.000035;0.500017;0.761641;0.380820;0.550981;-2.000019;0.100006;1.019321;0.559983;0.892908;-0.680065;1.000000;0.892909;0.680065;0.000010;0.000010;
12.457005;0.500003;0.380810;0.559968;1.000032;0.500016;0.761645;0.380822;0.550982;-2.000013;0.100006;1.019330;0.559984;0.892908;-0.680064;1.000000;0.892908;0.680064;0.000010;0.000010;
12.499998;0.500002;0.380811;0.559968;1.000030;0.500015;0.761647;0.380823;0.550982;-2.000010;0.100005;1.019335;0.559984;0.892908;-0.680064;1.000000;0.892908;0.680063;0.000010;0.000010;
12.499998;0.990623;0.630863;1.046375;1.981272;0.990636;1.261751;0.630876;1.041600;-2.000010;0.100005;1.019335;1.046390;0.892908;-0.680064;-1.628568;0.892908;0.000000;0.000010;0.000010;
12.499998;0.990422;0.631233;1.046410;1.980869;0.990434;1.262492;0.631246;1.041638;-1.999603;0.099985;1.020087;1.046426;0.892907;-0.680047;-1.617120;0.858963;0.000000;0.000010;0.000010;
12.499998;0.990220;0.631602;1.046445;1.980466;0.990233;1.263228;0.631614;1.041675;-1.999196;0.099965;1.020836;1.046461;0.892905;-0.680031;-1.605724;0.829107;0.000000;0.000010;0.000010;
12.499999;0.990019;0.631968;1.046481;1.980063;0.990031;1.263962;0.631981;1.041713;-1.998789;0.099944;1.021581;1.046496;0.892903;-0.680015;-1.594378;0.802368;0.000000;0.000010;0.000010;
12.500000;0.989616;0.632697;1.046550;1.979258;0.989629;1.265420;0.632710;1.041787;-1.997977;0.099904;1.023064;1.046566;0.892898;-0.679983;-1.571803;0.755783;0.000000;0.000010;0.000010;
12.500001;0.989215;0.633420;1.046620;1.978454;0.989227;1.266865;0.633432;1.041860;-1.997166;0.099863;1.024534;1.046635;0.892890;-0.679950;-1.549411;0.717794;0.000000;0.000010;0.000010;
12.500002;0.988814;0.634136;1.046688;1.977653;0.988827;1.268296;0.634148;1.041933;-1.996357;0.099823;1.025992;1.046704;0.892881;-0.679918;-1.527214;0.686005;0.000000;0.000010;0.000010;
12.500004;0.988018;0.635547;1.046824;1.976061;0.988031;1.271119;0.635559;1.042077;-1.994750;0.099742;1.028866;1.046839;0.892859;-0.679853;-1.483401;0.637585;0.000000;0.000010;0.000010;
12.500005;0.987308;0.636794;1.046944;1.974641;0.987320;1.273612;0.636806;1.042204;-1.993316;0.099671;1.031408;1.046959;0.892836;-0.679795;-1.444620;0.605325;0.000000;0.000010;0.000010;
12.500007;0.986604;0.638019;1.047061;1.973234;0.986617;1.276063;0.638032;1.042329;-1.991896;0.099600;1.033907;1.047077;0.892811;-0.679736;-1.406444;0.580482;0.000000;0.000010;0.000010;
12.500009;0.985908;0.639223;1.047177;1.971840;0.985920;1.278472;0.639236;1.042452;-1.990489;0.099529;1.036364;1.047192;0.892783;-0.679678;-1.368862;0.561093;0.000000;0.000010;0.000010;
12.500009;0.985671;0.639631;1.047216;1.971367;0.985684;1.279286;0.639643;1.042493;-1.990011;0.099505;1.037196;1.047231;0.892774;-0.679658;-1.356138;0.555391;0.000000;0.000010;0.000010;
12.500009;0.985671;0.639631;1.047216;1.971367;0.985684;1.279286;0.639643;1.042493;-1.990011;0.099505;1.037196;1.047231;0.892774;-0.679658;-1.356138;0.555556;0.000000;0.000010;0.000010;
12.500009;0.985671;0.639631;1.047216;1.971367;0.985684;1.279286;0.639643;1.042493;-1.990011;0.099505;1.037196;1.047231;0.892774;-0.679658;-1.356137;0.555555;0.000000;0.000010;0.000010;
12.500010;0.985271;0.640315;1.047282;1.970568;0.985284;1.280656;0.640328;1.042563;-1.989205;0.099465;1.038594;1.047297;0.892756;-0.679624;-1.334720;0.547412;0.000000;0.000010;0.000010;
12.500011;0.984874;0.640993;1.047347;1.969774;0.984887;1.282012;0.641006;1.042632;-1.988403;0.099425;1.039978;1.047362;0.892739;-0.679590;-1.313497;0.540251;0.000000;0.000010;0.000010;
12.500013;0.984086;0.642333;1.047475;1.968198;0.984099;1.284691;0.642346;1.042769;-1.986812;0.099345;1.042715;1.047491;0.892703;-0.679522;-1.271498;0.527764;0.000000;0.000010;0.000010;
12.500015;0.983308;0.643648;1.047602;1.966640;0.983320;1.287321;0.643661;1.042904;-1.985240;0.099267;1.045401;1.047617;0.892666;-0.679454;-1.230195;0.517790;0.000000;0.000010;0.000010;
12.500017;0.982540;0.644937;1.047726;1.965104;0.982552;1.289899;0.644949;1.043035;-1.983689;0.099189;1.048036;1.047741;0.892628;-0.679386;-1.189627;0.509800;0.000000;0.000010;0.000010;
12.500019;0.981782;0.646200;1.047847;1.963590;0.981795;1.292425;0.646212;1.043165;-1.982160;0.099113;1.050618;1.047862;0.892589;-0.679318;-1.149795;0.503537;0.000000;0.000010;0.000010;
12.500021;0.981036;0.647437;1.047966;1.962097;0.981048;1.294899;0.647450;1.043291;-1.980653;0.099037;1.053149;1.047981;0.892550;-0.679250;-1.110686;0.498470;0.000000;0.000010;0.000010;
12.500023;0.980300;0.648649;1.048082;1.960625;0.980312;1.297324;0.648662;1.043415;-1.979167;0.098963;1.055629;1.048098;0.892511;-0.679182;-1.072285;0.494475;0.000000;0.000010;0.000010;
12.500025;0.979575;0.649837;1.048196;1.959175;0.979587;1.299700;0.649850;1.043537;-1.977703;0.098890;1.058061;1.048212;0.892471;-0.679115;-1.034578;0.491174;0.000000;0.000010;0.000010;
12.500027;0.978860;0.651001;1.048308;1.957745;0.978873;1.302027;0.651014;1.043656;-1.976261;0.098818;1.060443;1.048324;0.892430;-0.679047;-0.997553;0.488569;0.000000;0.000010;0.000010;
12.500031;0.977462;0.653259;1.048525;1.954949;0.977475;1.306544;0.653272;1.043887;-1.973438;0.098676;1.065069;1.048541;0.892349;-0.678911;-0.925478;0.484549;0.000000;0.000010;0.000010;
12.500035;0.976105;0.655427;1.048733;1.952235;0.976117;1.310880;0.655440;1.044109;-1.970698;0.098539;1.069513;1.048749;0.892268;-0.678775;-0.855982;0.481842;0.000000;0.000010;0.000010;
12.500039;0.974788;0.657508;1.048933;1.949601;0.974801;1.315042;0.657521;1.044323;-1.968039;0.098406;1.073781;1.048949;0.892185;-0.678639;-0.788978;0.480037;0.000000;0.000010;0.000010;
12.500043;0.973510;0.659506;1.049125;1.947046;0.973523;1.319036;0.659518;1.044528;-1.965460;0.098277;1.077881;1.049141;0.892103;-0.678504;-0.724380;0.478835;0.000000;0.000010;0.000010;
12.500047;0.972271;0.661422;1.049310;1.944567;0.972284;1.322870;0.661435;1.044725;-1.962958;0.098152;1.081817;1.049325;0.892020;-0.678368;-0.662104;0.478027;0.000000;0.000010;0.000010;
12.500051;0.971069;0.663262;1.049486;1.942164;0.971082;1.326549;0.663274;1.044914;-1.960531;0.098031;1.085598;1.049502;0.891937;-0.678232;-0.602068;0.477477;0.000000;0.000010;0.000010;
12.500059;0.968771;0.666723;1.049819;1.937568;0.968784;1.333471;0.666735;1.045270;-1.955892;0.097799;1.092720;1.049835;0.891772;-0.677961;-0.488300;0.476766;0.000000;0.000010;0.000010;
12.500067;0.966611;0.669909;1.050126;1.933246;0.966623;1.339843;0.669921;1.045598;-1.951530;0.097581;1.099286;1.050141;0.891606;-0.677690;-0.382558;0.476390;0.000000;0.000010;0.000010;
12.500075;0.964579;0.672839;1.050408;1.929183;0.964592;1.345703;0.672852;1.045900;-1.947428;0.097376;1.105336;1.050424;0.891439;-0.677419;-0.284305;0.476174;0.000000;0.000010;0.000010;
12.500083;0.962670;0.675533;1.050668;1.925364;0.962682;1.351090;0.675545;1.046179;-1.943573;0.097183;1.110908;1.050683;0.891273;-0.677148;-0.193025;0.476028;0.000000;0.000010;0.000010;
12.500099;0.959177;0.680296;1.051127;1.918378;0.959189;1.360618;0.680309;1.046673;-1.936521;0.096830;1.120793;1.051143;0.890941;-0.676606;-0.028902;0.475790;0.000000;0.000010;0.000010;
12.500115;0.956087;0.684309;1.051515;1.912199;0.956100;1.368643;0.684322;1.047092;-1.930283;0.096518;1.129162;1.051531;0.890609;-0.676065;0.112806;0.475604;0.000000;0.000010;0.000010;
12.500147;0.950875;0.690574;1.052123;1.901775;0.950888;1.381173;0.690586;1.047751;-1.919761;0.095992;1.142343;1.052139;0.889945;-0.674985;0.343353;0.475304;0.000000;0.000010;0.000010;
12.500179;0.946768;0.694899;1.052547;1.893560;0.946780;1.389824;0.694912;1.048214;-1.911468;0.095577;1.151608;1.052563;0.889282;-0.673905;0.514904;0.475091;0.000000;0.000010;0.000010;
12.500211;0.943512;0.697766;1.052832;1.887049;0.943524;1.395560;0.697780;1.048530;-1.904895;0.095248;1.157927;1.052847;0.888620;-0.672828;0.641715;0.474945;0.000000;0.000010;0.000010;
12.500243;0.940898;0.699552;1.053014;1.881822;0.940911;1.399131;0.699566;1.048737;-1.899618;0.094985;1.162062;1.053029;0.887959;-0.671752;0.735135;0.474849;0.000000;0.000010;0.000010;
12.500275;0.938765;0.700542;1.053120;1.877556;0.938778;1.401112;0.700556;1.048863;-1.895312;0.094769;1.164589;1.053136;0.887298;-0.670678;0.803826;0.474792;0.000000;0.000010;0.000010;
12.500307;0.936990;0.700949;1.053171;1.874004;0.937002;1.401925;0.700963;1.048931;-1.891727;0.094590;1.165937;1.053187;0.886639;-0.669606;0.854282;0.474762;0.000000;0.000010;0.000010;
12.500371;0.934088;0.700713;1.053173;1.868200;0.934100;1.401450;0.700725;1.048959;-1.885868;0.094297;1.166507;1.053189;0.885323;-0.667467;0.922221;0.474751;0.000000;0.000010;0.000010;
12.500435;0.931813;0.699485;1.053081;1.863650;0.931825;1.398996;0.699498;1.048887;-1.881275;0.094067;1.165072;1.053097;0.884011;-0.665334;0.958642;0.474788;0.000000;0.000010;0.000010;
12.500499;0.929894;0.697700;1.052936;1.859813;0.929906;1.395426;0.697713;1.048759;-1.877401;0.093874;1.162505;1.052952;0.882704;-0.663209;0.977208;0.474851;0.000000;0.000010;0.000010;
12.500563;0.928169;0.695622;1.052763;1.856362;0.928181;1.391267;0.695634;1.048600;-1.873918;0.093699;1.159338;1.052779;0.881401;-0.661090;0.986250;0.474928;0.000000;0.000010;0.000010;
12.500627;0.926544;0.693398;1.052576;1.853112;0.926556;1.386821;0.693410;1.048427;-1.870638;0.093535;1.155874;1.052591;0.880103;-0.658978;0.990456;0.475011;0.000000;0.000010;0.000010;
12.500755;0.923402;0.688832;1.052190;1.846828;0.923414;1.377687;0.688844;1.048068;-1.864294;0.093218;1.148686;1.052205;0.877519;-0.654774;0.994269;0.475185;0.000000;0.000010;0.000010;
12.501011;0.917382;0.679605;1.051406;1.834787;0.917394;1.359233;0.679617;1.047335;-1.852139;0.092611;1.134027;1.051421;0.872439;-0.646499;0.993794;0.475540;0.000000;0.000010;0.000010;
12.501267;0.911442;0.670520;1.050633;1.822908;0.911454;1.341062;0.670531;1.046611;-1.840148;0.092011;1.119564;1.050648;0.867427;-0.638328;0.993715;0.475890;0.000000;0.000010;0.000010;
12.501779;0.899894;0.652846;1.049126;1.799811;0.899905;1.305715;0.652857;1.045200;-1.816833;0.090845;1.091336;1.049140;0.857671;-0.622395;0.993827;0.476574;0.000000;0.000010;0.000010;
12.502291;0.888679;0.635662;1.047655;1.777380;0.888690;1.271343;0.635671;1.043821;-1.794191;0.089713;1.063765;1.047669;0.848175;-0.606859;0.993983;0.477243;0.000000;0.000010;0.000010;
12.502803;0.877788;0.618950;1.046219;1.755596;0.877798;1.237916;0.618958;1.042474;-1.772201;0.088614;1.036835;1.046234;0.838932;-0.591711;0.994142;0.477898;0.000000;0.000010;0.000010;
12.503827;0.856747;0.586617;1.043430;1.713514;0.856757;1.173252;0.586626;1.039853;-1.729722;0.086490;0.984417;1.043444;0.821022;-0.562296;0.994454;0.479177;0.000000;0.000010;0.000010;
12.504851;0.836822;0.555917;1.040764;1.673664;0.836832;1.111849;0.555924;1.037343;-1.689495;0.084479;0.934235;1.040777;0.803988;-0.534228;0.994751;0.480405;0.000000;0.000010;0.000010;
12.505875;0.818019;0.526861;1.038227;1.636056;0.818028;1.053748;0.526874;1.034950;-1.651532;0.082580;0.886384;1.038240;0.787853;-0.507542;0.995033;0.481579;0.000000;0.000010;0.000010;
12.507923;0.783512;0.473308;1.033510;1.567040;0.783520;0.946632;0.473316;1.030491;-1.581864;0.079097;0.797204;1.033522;0.758072;-0.458023;0.995553;0.483778;0.000000;0.000010;0.000010;
12.509767;0.755719;0.429920;1.029650;1.511452;0.755726;0.859854;0.429927;1.026831;-1.525751;0.076292;0.724026;1.029661;0.733930;-0.417588;0.995974;0.485593;0.000000;0.000010;0.000010;
12.511610;0.730680;0.390608;1.026122;1.461373;0.730686;0.781231;0.390616;1.023479;-1.475199;0.073764;0.656989;1.026133;0.712059;-0.380702;0.996357;0.487263;0.000000;0.000010;0.000010;
12.513453;0.708125;0.354986;1.022901;1.416262;0.708131;0.709992;0.354996;1.020410;-1.429663;0.071487;0.595632;1.022911;0.692259;-0.347069;0.996703;0.488798;0.000000;0.000010;0.000010;
12.515296;0.687803;0.322695;1.019959;1.375617;0.687809;0.645414;0.322707;1.017603;-1.388634;0.069436;0.539497;1.019969;0.674337;-0.316405;0.997017;0.490208;0.000000;0.000010;0.000010;
12.517139;0.669488;0.293412;1.017274;1.338987;0.669494;0.586852;0.293426;1.015035;-1.351658;0.067587;0.488157;1.017283;0.658118;-0.288449;0.997301;0.491503;0.000000;0.000010;0.000010;
12.518983;0.652978;0.266846;1.014822;1.305966;0.652983;0.533721;0.266861;1.012688;-1.318325;0.065921;0.441218;1.014831;0.643442;-0.262963;0.997558;0.492691;0.000000;0.000010;0.000010;
12.520826;0.638091;0.242735;1.012585;1.276191;0.638095;0.485501;0.242751;1.010543;-1.288268;0.064418;0.398314;1.012594;0.630164;-0.239729;0.997791;0.493780;0.000000;0.000010;0.000010;
12.522669;0.624663;0.220845;1.010543;1.249335;0.624668;0.441721;0.220860;1.008582;-1.261159;0.063062;0.359107;1.010551;0.618152;-0.218547;0.998002;0.494778;0.000000;0.000010;0.000010;
12.524512;0.612550;0.200964;1.008680;1.225108;0.612554;0.401958;0.200979;1.006791;-1.236702;0.061840;0.323286;1.008688;0.607286;-0.199237;0.998193;0.495692;0.000000;0.000010;0.000010;
12.526355;0.601620;0.182901;1.006979;1.203248;0.601624;0.365833;0.182917;1.005154;-1.214636;0.060736;0.290563;1.006987;0.597458;-0.181633;0.998366;0.496530;0.000000;0.000010;0.000010;
12.528199;0.591756;0.166487;1.005428;1.183520;0.591760;0.333003;0.166502;1.003660;-1.194721;0.059741;0.260676;1.005436;0.588570;-0.165585;0.998523;0.497296;0.000000;0.000010;0.000010;
12.531885;0.574721;0.137863;1.002708;1.149449;0.574725;0.275732;0.137866;1.001035;-1.160328;0.058021;0.208193;1.002715;0.573173;-0.137474;0.998794;0.498646;0.000000;0.000010;0.000010;
12.535571;0.560812;0.114152;1.000442;1.121631;0.560816;0.228319;0.114159;0.998845;-1.132247;0.056617;0.164404;1.000448;0.560570;-0.114085;0.999017;0.499776;0.000000;0.000010;0.000010;
12.539258;0.549478;0.094537;0.998557;1.098962;0.549481;0.189096;0.094548;0.997021;-1.109364;0.055473;0.127937;0.998564;0.550280;-0.094657;0.999199;0.500720;0.000000;0.000010;0.000010;
12.542944;0.540249;0.078311;0.996991;1.080504;0.540252;0.156649;0.078324;0.995504;-1.090731;0.054541;0.097598;0.996997;0.541887;-0.078532;0.999347;0.501507;0.000000;0.000010;0.000010;
12.546631;0.532735;0.064887;0.995690;1.065476;0.532738;0.129800;0.064900;0.994243;-1.075561;0.053783;0.072370;0.995696;0.535049;-0.065151;0.999469;0.502162;0.000000;0.000010;0.000010;
12.550317;0.526619;0.053776;0.994610;1.053243;0.526622;0.107577;0.053788;0.993194;-1.063212;0.053166;0.051400;0.994616;0.529480;-0.054049;0.999568;0.502708;0.000000;0.000010;0.000010;
12.554003;0.521640;0.044576;0.993713;1.043285;0.521643;0.089176;0.044588;0.992323;-1.053160;0.052663;0.033974;0.993719;0.524946;-0.044838;0.999649;0.503162;0.000000;0.000010;0.000010;
12.557690;0.517587;0.036956;0.992969;1.035180;0.517590;0.073934;0.036967;0.991598;-1.044978;0.052254;0.019494;0.992974;0.521258;-0.037197;0.999714;0.503539;0.000000;0.000010;0.000010;
12.561376;0.514289;0.030644;0.992350;1.028584;0.514292;0.061307;0.030654;0.990997;-1.038320;0.051921;0.007464;0.992356;0.518258;-0.030859;0.999768;0.503853;0.000000;0.000010;0.000010;
12.565063;0.511606;0.025413;0.991837;1.023217;0.511608;0.050844;0.025422;0.990497;-1.032902;0.051650;-0.002530;0.991843;0.515820;-0.025600;0.999812;0.504114;0.000000;0.000010;0.000010;
12.568749;0.509422;0.021077;0.991411;1.018850;0.509425;0.042171;0.021085;0.990082;-1.028494;0.051430;-0.010832;0.991417;0.513839;-0.021237;0.999847;0.504331;0.000000;0.000010;0.000010;
12.576122;0.506121;0.014366;0.990750;1.012248;0.506124;0.028736;0.014368;0.989437;-1.021829;0.051097;-0.023726;0.990756;0.510847;-0.014473;0.999901;0.504668;0.000000;0.000010;0.000010;
12.583495;0.503934;0.009738;0.990294;1.007872;0.503936;0.019482;0.009741;0.988991;-1.017412;0.050876;-0.032639;0.990299;0.508873;-0.009808;0.999937;0.504900;0.000000;0.000010;0.000010;
12.590867;0.502507;0.006582;0.989982;1.005019;0.502510;0.013172;0.006586;0.988687;-1.014532;0.050732;-0.038736;0.989987;0.507593;-0.006625;0.999960;0.505059;0.000000;0.000010;0.000010;
12.598240;0.501587;0.004443;0.989770;1.003179;0.501590;0.008894;0.004447;0.988479;-1.012675;0.050639;-0.042881;0.989775;0.506772;-0.004466;0.999975;0.505168;-0.000000;0.000010;0.000010;
12.600000;0.501416;0.004035;0.989730;1.002838;0.501419;0.008078;0.004039;0.988440;-1.012330;0.050622;-0.043673;0.989735;0.506620;-0.004055;0.999978;0.505188;-0.000000;0.000010;0.000010;
12.600000;0.501417;0.004036;0.989730;1.002839;0.501419;0.008077;0.004039;0.988440;-1.012331;0.050622;-0.043673;0.989735;0.506620;-0.004055;0.999978;0.505188;-0.000000;0.000010;0.000010;
12.600001;0.501417;0.004036;0.989730;1.002839;0.501419;0.008077;0.004039;0.988440;-1.012331;0.050622;-0.043674;0.989735;0.506620;-0.004054;0.999978;0.505188;-0.000000;0.000010;0.000010;
12.600002;0.501417;0.004036;0.989730;1.002839;0.501419;0.008077;0.004038;0.988440;-1.012331;0.050622;-0.043674;0.989735;0.506620;-0.004054;0.999978;0.505188;-0.000000;0.000010;0.000010;
12.600004;0.501417;0.004035;0.989730;1.002838;0.501419;0.008076;0.004038;0.988440;-1.012330;0.050622;-0.043675;0.989735;0.506620;-0.004054;0.999978;0.505188;-0.000000;0.000010;0.000010;
12.600008;0.501416;0.004035;0.989730;1.002838;0.501419;0.008074;0.004037;0.988439;-1.012330;0.050622;-0.043677;0.989735;0.506619;-0.004053;0.999978;0.505188;-0.000000;0.000010;0.000010;
12.600016;0.501416;0.004033;0.989730;1.002836;0.501418;0.008071;0.004036;0.988439;-1.012328;0.050622;-0.043680;0.989735;0.506619;-0.004051;0.999978;0.505188;-0.000000;0.000010;0.000010;
12.600032;0.501414;0.004030;0.989729;1.002834;0.501417;0.008065;0.004032;0.988439;-1.012326;0.050622;-0.043686;0.989734;0.506618;-0.004048;0.999978;0.505189;-0.000000;0.000010;0.000010;
12.600064;0.501412;0.004023;0.989729;1.002829;0.501414;0.008052;0.004026;0.988438;-1.012321;0.050621;-0.043698;0.989734;0.506615;-0.004042;0.999978;0.505189;-0.000000;0.000010;0.000010;
12.600128;0.501407;0.004011;0.989727;1.002818;0.501409;0.008026;0.004013;0.988437;-1.012310;0.050621;-0.043723;0.989732;0.506611;-0.004029;0.999978;0.505190;-0.000000;0.000010;0.000010;
12.600256;0.501396;0.003985;0.989725;1.002798;0.501399;0.007975;0.003988;0.988435;-1.012289;0.050620;-0.043773;0.989730;0.506602;-0.004003;0.999978;0.505191;-0.000000;0.000010;0.000010;
12.600512;0.501376;0.003935;0.989720;1.002757;0.501379;0.007874;0.003937;0.988430;-1.012248;0.050618;-0.043871;0.989725;0.506584;-0.003952;0.999978;0.505193;-0.000000;0.000010;0.000010;
12.601024;0.501336;0.003836;0.989710;1.002678;0.501339;0.007676;0.003838;0.988420;-1.012168;0.050614;-0.044063;0.989715;0.506549;-0.003852;0.999979;0.505198;-0.000000;0.000010;0.000010;
12.602048;0.501260;0.003645;0.989691;1.002526;0.501263;0.007295;0.003648;0.988402;-1.012015;0.050606;-0.044434;0.989696;0.506482;-0.003660;0.999980;0.505208;-0.000000;0.000010;0.000010;
12.604096;0.501120;0.003291;0.989656;1.002246;0.501123;0.006588;0.003294;0.988367;-1.011732;0.050592;-0.045123;0.989661;0.506358;-0.003303;0.999983;0.505226;-0.000000;0.000010;0.000010;
12.608192;0.500883;0.002680;0.989595;1.001771;0.500885;0.005365;0.002683;0.988308;-1.011253;0.050568;-0.046313;0.989600;0.506149;-0.002686;0.999986;0.505257;-0.000000;0.000010;0.000010;
12.616384;0.500536;0.001755;0.989503;1.001076;0.500538;0.003516;0.001758;0.988217;-1.010552;0.050533;-0.048117;0.989509;0.505845;-0.001753;0.999992;0.505304;-0.000000;0.000010;0.000010;
12.624576;0.500318;0.001140;0.989442;1.000640;0.500320;0.002286;0.001143;0.988157;-1.010112;0.050511;-0.049320;0.989447;0.505656;-0.001132;0.999996;0.505335;-0.000000;0.000010;0.000010;
12.640960;0.500077;0.000411;0.989370;1.000158;0.500079;0.000828;0.000414;0.988086;-1.009625;0.050487;-0.050749;0.989375;0.505450;-0.000398;1.000000;0.505372;0.000000;0.000010;0.000010;
12.657344;0.499996;0.000114;0.989340;0.999997;0.499998;0.000233;0.000116;0.988056;-1.009462;0.050478;-0.051336;0.989345;0.505383;-0.000099;1.000001;0.505387;0.000000;0.000010;0.000010;
12.673728;0.499980;0.000014;0.989330;0.999965;0.499982;0.000033;0.000016;0.988046;-1.009430;0.050477;-0.051536;0.989335;0.505372;0.000001;1.000001;0.505393;0.000000;0.000010;0.000010;
12.690112;0.499984;-0.000009;0.989328;0.999973;0.499986;-0.000012;-0.000006;0.988044;-1.009438;0.050477;-0.051582;0.989333;0.505377;0.000022;1.000001;0.505394;0.000000;0.000010;0.000010;
12.706496;0.499991;-0.000007;0.989328;0.999987;0.499993;-0.000009;-0.000004;0.988044;-1.009452;0.050478;-0.051580;0.989333;0.505384;0.000019;1.000001;0.505394;0.000000;0.000010;0.000010;
12.739264;0.499998;-0.000002;0.989328;1.000000;0.500000;0.000000;0.000000;0.988045;-1.009466;0.050479;-0.051573;0.989333;0.505391;0.000012;1.000000;0.505393;-0.000000;0.000010;0.000010;
12.772032;0.500000;0.000003;0.989329;1.000005;0.500003;0.000011;0.000006;0.988045;-1.009470;0.050479;-0.051562;0.989334;0.505393;0.000005;1.000000;0.505393;-0.000000;0.000010;0.000010;
12.804800;0.500000;0.000005;0.989329;1.000006;0.500003;0.000015;0.000008;0.988045;-1.009471;0.050479;-0.051558;0.989334;0.505394;0.000001;1.000000;0.505393;-0.000000;0.000010;0.000010;
12.837568;0.500000;0.000005;0.989329;1.000006;0.500003;0.000015;0.000007;0.988045;-1.009471;0.050479;-0.051558;0.989334;0.505393;-0.000000;1.000000;0.505393;0.000000;0.000010;0.000010;
12.903104;0.500000;0.000004;0.989329;1.000005;0.500003;0.000012;0.000006;0.988045;-1.009471;0.050479;-0.051561;0.989334;0.505393;-0.000001;1.000000;0.505393;0.000000;0.000010;0.000010;
12.962781;0.500000;0.000002;0.989329;1.000005;0.500003;0.000010;0.000005;0.988045;-1.009470;0.050479;-0.051564;0.989334;0.505393;-0.000000;1.000000;0.505393;0.000000;0.000010;0.000010;
13.022459;0.500000;0.000002;0.989329;1.000005;0.500003;0.000008;0.000004;0.988045;-1.009470;0.050479;-0.051565;0.989334;0.505393;-0.000000;1.000000;0.505393;0.000000;0.000010;0.000010;
13.082136;0.500000;0.000001;0.989329;1.000005;0.500003;0.000007;0.000004;0.988045;-1.009470;0.050479;-0.051566;0.989334;0.505393;-0.000000;1.000000;0.505393;0.000000;0.000010;0.000010;
13.141814;0.500000;0.000001;0.989328;1.000005;0.500003;0.000007;0.000003;0.988045;-1.009470;0.050479;-0.051567;0.989334;0.505393;-0.000000;1.000000;0.505393;-0.000000;0.000010;0.000010;
13.201491;0.500000;0.000001;0.989328;1.000005;0.500003;0.000006;0.000003;0.988045;-1.009470;0.050479;-0.051567;0.989333;0.505393;0.000000;1.000000;0.505393;-0.000000;0.000010;0.000010;
13.320846;0.500000;0.000000;0.989328;1.000005;0.500003;0.000006;0.000003;0.988045;-1.009470;0.050479;-0.051568;0.989333;0.505393;0.000000;1.000000;0.505393;-0.000000;0.000010;0.000010;
13.440200;0.500000;0.000000;0.989328;1.000005;0.500003;0.000005;0.000003;0.988045;-1.009470;0.050479;-0.051568;0.989333;0.505393;0.000000;1.000000;0.505393;-0.000000;0.000010;0.000010;
13.539783;0.500000;0.000000;0.989328;1.000005;0.500003;0.000005;0.000003;0.988045;-1.009470;0.050479;-0.051568;0.989333;0.505393;0.000000;1.000000;0.505393;-0.000000;0.000010;0.000010;
13.738950;0.500000;0.000000;0.989328;1.000005;0.500003;0.000005;0.000003;0.988045;-1.009470;0.050479;-0.051568;0.989333;0.505393;0.000000;1.000000;0.505393;-0.000000;0.000010;0.000010;
13.938116;0.500000;0.000000;0.989328;1.000005;0.500003;0.000005;0.000003;0.988045;-1.009470;0.050479;-0.051568;0.989333;0.505393;0.000000;1.000000;0.505393;-0.000000;0.000010;0.000010;
14.137282;0.500000;0.000000;0.989328;1.000005;0.500003;0.000005;0.000003;0.988045;-1.009470;0.050479;-0.051568;0.989333;0.505393;0.000000;1.000000;0.505393;-0.000000;0.000010;0.000010;
14.535614;0.500000;0.000000;0.989328;1.000005;0.500003;0.000005;0.000003;0.988045;-1.009470;0.050479;-0.051568;0.989333;0.505393;0.000000;1.000000;0.505393;-0.000000;0.000010;0.000010;
15.332278;0.500000;0.000000;0.989328;1.000005;0.500003;0.000005;0.000003;0.988045;-1.009470;0.050479;-0.051568;0.989333;0.505393;0.000000;1.000000;0.505393;-0.000000;0.000010;0.000010;
16.925606;0.500000;0.000000;0.989328;1.000005;0.500003;0.000005;0.000003;0.988045;-1.009470;0.050479;-0.051568;0.989333;0.505393;0.000000;1.000000;0.505393;-0.000000;0.000010;0.000010;
16.999997;0.500000;0.000000;0.989328;1.000005;0.500003;0.000005;0.000003;0.988045;-1.009470;0.050479;-0.051568;0.989333;0.505393;0.000000;1.000000;0.505393;-0.000000;0.000010;0.000010;
16.999998;0.500000;0.000000;0.989328;1.000005;0.500003;0.000005;0.000003;0.988045;-1.009470;0.050479;-0.051568;0.989333;0.505393;0.000000;1.000000;0.505393;-0.000000;0.000010;0.000010;
16.999999;0.500000;0.000000;0.989328;1.000005;0.500003;0.000005;0.000003;0.988045;-1.009470;0.050479;-0.051568;0.989333;0.505393;0.000000;1.000000;0.505393;-0.000000;0.000010;0.000010;
17.000001;0.500000;0.000000;0.989328;1.000005;0.500003;0.000005;0.000003;0.988045;-1.009470;0.050479;-0.051568;0.989333;0.505393;0.000000;1.000000;0.505393;-0.000000;0.000010;0.000010;
17.000005;0.500000;0.000000;0.989328;1.000005;0.500003;0.000005;0.000003;0.988045;-1.009470;0.050479;-0.051568;0.989333;0.505393;0.000000;1.000000;0.505393;-0.000000;0.000010;0.000010;
17.000013;0.500000;0.000000;0.989328;1.000005;0.500003;0.000005;0.000003;0.988045;-1.009470;0.050479;-0.051568;0.989333;0.505393;0.000000;1.000000;0.505393;-0.000000;0.000010;0.000010;
17.000029;0.500000;0.000000;0.989328;1.000005;0.500003;0.000005;0.000003;0.988045;-1.009470;0.050479;-0.051568;0.989333;0.505393;0.000000;1.000000;0.505393;-0.000000;0.000010;0.000010;
17.000061;0.500000;0.000000;0.989328;1.000005;0.500003;0.000005;0.000003;0.988045;-1.009470;0.050479;-0.051568;0.989333;0.505393;0.000000;1.000000;0.505393;-0.000000;0.000010;0.000010;
17.000125;0.500000;0.000000;0.989328;1.000005;0.500003;0.000005;0.000003;0.988045;-1.009470;0.050479;-0.051568;0.989333;0.505393;0.000000;1.000000;0.505393;-0.000000;0.000010;0.000010;
17.000253;0.500000;0.000000;0.989328;1.000005;0.500003;0.000005;0.000003;0.988045;-1.009470;0.050479;-0.051568;0.989333;0.505393;0.000000;1.000000;0.505393;-0.000000;0.000010;0.000010;
17.000509;0.500000;0.000000;0.989328;1.000005;0.500003;0.000005;0.000003;0.988045;-1.009470;0.050479;-0.051568;0.989333;0.505393;0.000000;1.000000;0.505393;-0.000000;0.000010;0.000010;
17.001021;0.500000;0.000000;0.989328;1.000005;0.500003;0.000005;0.000003;0.988045;-1.009470;0.050479;-0.051568;0.989333;0.505393;0.000000;1.000000;0.505393;-0.000000;0.000010;0.000010;
17.002045;0.500000;0.000000;0.989328;1.000005;0.500003;0.000005;0.000003;0.988045;-1.009470;0.050479;-0.051568;0.989333;0.505393;0.000000;1.000000;0.505393;-0.000000;0.000010;0.000010;
17.004093;0.500000;0.000000;0.989328;1.000005;0.500003;0.000005;0.000003;0.988045;-1.009470;0.050479;-0.051568;0.989333;0.505393;0.000000;1.000000;0.505393;-0.000000;0.000010;0.000010;
17.008189;0.500000;0.000000;0.989328;1.000005;0.500003;0.000005;0.000003;0.988045;-1.009470;0.050479;-0.051568;0.989333;0.505393;0.000000;1.000000;0.505393;-0.000000;0.000010;0.000010;
17.016381;0.500000;0.000000;0.989328;1.000005;0.500003;0.000005;0.000003;0.988045;-1.009470;0.050479;-0.051568;0.989333;0.505393;0.000000;1.000000;0.505393;-0.000000;0.000010;0.000010;
17.032765;0.500000;0.000000;0.989328;1.000005;0.500003;0.000005;0.000003;0.988045;-1.009470;0.050479;-0.051568;0.989333;0.505393;0.000000;1.000000;0.505393;0.000000;0.000010;0.000010;
17.065533;0.500000;0.000000;0.989328;1.000005;0.500003;0.000005;0.000003;0.988045;-1.009470;0.050479;-0.051568;0.989333;0.505393;-0.000000;1.000000;0.505393;0.000000;0.000010;0.000010;
17.131069;0.500000;0.000000;0.989328;1.000005;0.500003;0.000005;0.000003;0.988045;-1.009470;0.050479;-0.051568;0.989333;0.505393;-0.000000;1.000000;0.505393;0.000000;0.000010;0.000010;
17.262141;0.500000;0.000000;0.989328;1.000005;0.500003;0.000005;0.000003;0.988045;-1.009470;0.050479;-0.051568;0.989333;0.505393;-0.000000;1.000000;0.505393;0.000000;0.000010;0.000010;
17.499997;0.500000;-0.000000;0.989328;1.000005;0.500003;0.000005;0.000003;0.988045;-1.009470;0.050479;-0.051568;0.989333;0.505393;-0.000000;1.000000;0.505393;-0.000000;0.000010;0.000010;
17.499998;0.500000;-0.000000;0.989328;1.000005;0.500003;0.000005;0.000003;0.988045;-1.009470;0.050479;-0.051568;0.989333;0.505393;-0.000000;1.000000;0.505393;-0.000000;0.000010;0.000010;
17.499999;0.500000;-0.000000;0.989328;1.000005;0.500003;0.000005;0.000003;0.988045;-1.009470;0.050479;-0.051568;0.989333;0.505393;-0.000000;1.000000;0.505393;-0.000000;0.000010;0.000010;
17.500001;0.500000;-0.000000;0.989328;1.000005;0.500003;0.000005;0.000003;0.988045;-1.009470;0.050479;-0.051568;0.989333;0.505393;-0.000000;1.000000;0.505393;-0.000000;0.000010;0.000010;
17.500005;0.500000;-0.000000;0.989328;1.000005;0.500003;0.000005;0.000003;0.988045;-1.009470;0.050479;-0.051568;0.989333;0.505393;-0.000000;1.000000;0.505393;-0.000000;0.000010;0.000010;
17.500013;0.500000;-0.000000;0.989328;1.000005;0.500003;0.000005;0.000003;0.988045;-1.009470;0.050479;-0.051568;0.989333;0.505393;-0.000000;1.000000;0.505393;-0.000000;0.000010;0.000010;
17.500029;0.500000;-0.000000;0.989328;1.000005;0.500003;0.000005;0.000003;0.988045;-1.009470;0.050479;-0.051568;0.989333;0.505393;-0.000000;1.000000;0.505393;-0.000000;0.000010;0.000010;
17.500061;0.500000;-0.000000;0.989328;1.000005;0.500003;0.000005;0.000003;0.988045;-1.009470;0.050479;-0.051568;0.989333;0.505393;-0.000000;1.000000;0.505393;-0.000000;0.000010;0.000010;
17.500125;0.500000;-0.000000;0.989328;1.000005;0.500003;0.000005;0.000003;0.988045;-1.009470;0.050479;-0.051568;0.989333;0.505393;-0.000000;1.000000;0.505393;-0.000000;0.000010;0.000010;
17.500253;0.500000;-0.000000;0.989328;1.000005;0.500003;0.000005;0.000003;0.988045;-1.009470;0.050479;-0.051568;0.989333;0.505393;-0.000000;1.000000;0.505393;-0.000000;0.000010;0.000010;
17.500509;0.500000;-0.000000;0.989328;1.000005;0.500003;0.000005;0.000003;0.988045;-1.009470;0.050479;-0.051568;0.989333;0.505393;-0.000000;1.000000;0.505393;-0.000000;0.000010;0.000010;
17.501021;0.500000;-0.000000;0.989328;1.000005;0.500003;0.000005;0.000003;0.988045;-1.009470;0.050479;-0.051568;0.989333;0.505393;-0.000000;1.000000;0.505393;-0.000000;0.000010;0.000010;
17.502045;0.500000;-0.000000;0.989328;1.000005;0.500003;0.000005;0.000003;0.988045;-1.009470;0.050479;-0.051568;0.989333;0.505393;-0.000000;1.000000;0.505393;-0.000000;0.000010;0.000010;
17.504093;0.500000;-0.000000;0.989328;1.000005;0.500003;0.000005;0.000003;0.988045;-1.009470;0.050479;-0.051568;0.989333;0.505393;-0.000000;1.000000;0.505393;-0.000000;0.000010;0.000010;
17.508189;0.500000;-0.000000;0.989328;1.000005;0.500003;0.000005;0.000003;0.988045;-1.009470;0.050479;-0.051568;0.989333;0.505393;-0.000000;1.000000;0.505393;-0.000000;0.000010;0.000010;
17.516381;0.500000;-0.000000;0.989328;1.000005;0.500003;0.000005;0.000003;0.988045;-1.009470;0.050479;-0.051568;0.989333;0.505393;-0.000000;1.000000;0.505393;-0.000000;0.000010;0.000010;
17.532765;0.500000;-0.000000;0.989328;1.000005;0.500003;0.000005;0.000003;0.988045;-1.009470;0.050479;-0.051568;0.989333;0.505393;-0.000000;1.000000;0.505393;0.000000;0.000010;0.000010;
17.565533;0.500000;-0.000000;0.989328;1.000005;0.500003;0.000005;0.000003;0.988045;-1.009470;0.050479;-0.051568;0.989333;0.505393;0.000000;1.000000;0.505393;0.000000;0.000010;0.000010;
17.631069;0.500000;-0.000000;0.989328;1.000005;0.500003;0.000005;0.000003;0.988045;-1.009470;0.050479;-0.051568;0.989333;0.505393;0.000000;1.000000;0.505393;0.000000;0.000010;0.000010;
17.762141;0.500000;-0.000000;0.989328;1.000005;0.500003;0.000005;0.000003;0.988045;-1.009470;0.050479;-0.051568;0.989333;0.505393;0.000000;1.000000;0.505393;0.000000;0.000010;0.000010;
18.024285;0.500000;0.000000;0.989328;1.000005;0.500003;0.000005;0.000003;0.988045;-1.009470;0.050479;-0.051568;0.989333;0.505393;0.000000;1.000000;0.505393;-0.000000;0.000010;0.000010;
18.548573;0.500000;0.000000;0.989328;1.000005;0.500003;0.000005;0.000003;0.988045;-1.009470;0.050479;-0.051568;0.989333;0.505393;-0.000000;1.000000;0.505393;-0.000000;0.000010;0.000010;
19.597149;0.500000;0.000000;0.989328;1.000005;0.500003;0.000005;0.000003;0.988045;-1.009470;0.050479;-0.051568;0.989333;0.505393;-0.000000;1.000000;0.505393;-0.000000;0.000010;0.000010;
20.000000;0.500000;0.000000;0.989328;1.000005;0.500003;0.000005;0.000003;0.988045;-1.009470;0.050479;-0.051568;0.989333;0.505393;-0.000000;1.000000;0.505393;-0.000000;0.000010;0.000010;
